id_geometrie,id_gpu,id_occurrence,message_synthese_llm,synthese_corrigee,message_synthese_corrige,titre_propose_llm,titre_corrigee,titre_propose_corrige,validation_message_commentaire
1,,,Aucun document d'urbanisme n'est référencé dans le Géoportail de l'urbanisme pour cette commune. diagBruit ne peut pas déterminer si cette absence provient du Géoportail ou de la commune elle-même. Visitez le site de celle-ci pour plus de détails.,False,,Absence de document d'urbanisme référencé,False,,
2,,,Aucun document d'urbanisme n'est référencé dans le Géoportail de l'urbanisme pour cette commune. diagBruit ne peut pas déterminer si cette absence provient du Géoportail ou de la commune elle-même. Visitez le site de celle-ci pour plus de détails.,False,,Absence de document d'urbanisme référencé,False,,
3,,,Aucun document d'urbanisme n'est référencé dans le Géoportail de l'urbanisme pour cette commune. diagBruit ne peut pas déterminer si cette absence provient du Géoportail ou de la commune elle-même. Visitez le site de celle-ci pour plus de détails.,False,,Absence de document d'urbanisme référencé,False,,
4,,,"La commune ne dispose pas de document d'urbanisme propre à son territoire. Le Règlement National de l'Urbanisme s'applique, notamment son article R.111-2, qui stipule qu'un « projet peut être refusé ou n'être accepté que sous réserve (…) s'il est de nature à porter atteinte à la salubrité ou à la sécurité publique (…) ». Si votre projet présente un risque sonore fort ou extrême, rapprochez-vous de l'autorité compétente.",False,,Règlement National de l'Urbanisme applicable,False,,
5,,,Aucun document d'urbanisme n'est référencé dans le Géoportail de l'urbanisme pour cette commune. diagBruit ne peut pas déterminer si cette absence provient du Géoportail ou de la commune elle-même. Visitez le site de celle-ci pour plus de détails.,False,,Absence de document d'urbanisme référencé,False,,
6,,,"La commune ne dispose pas de document d'urbanisme propre à son territoire. Le Règlement National de l'Urbanisme s'applique, notamment son article R.111-2, qui stipule qu'un « projet peut être refusé ou n'être accepté que sous réserve (…) s'il est de nature à porter atteinte à la salubrité ou à la sécurité publique (…) ». Si votre projet présente un risque sonore fort ou extrême, rapprochez-vous de l'autorité compétente.",False,,Règlement National de l'Urbanisme applicable,False,,
7,,,"La commune ne dispose pas de document d'urbanisme propre à son territoire. Le Règlement National de l'Urbanisme s'applique, notamment son article R.111-2, qui stipule qu'un « projet peut être refusé ou n'être accepté que sous réserve (…) s'il est de nature à porter atteinte à la salubrité ou à la sécurité publique (…) ». Si votre projet présente un risque sonore fort ou extrême, rapprochez-vous de l'autorité compétente.",False,,Règlement National de l'Urbanisme applicable,False,,
8,,,Aucun document d'urbanisme n'est référencé dans le Géoportail de l'urbanisme pour cette commune. diagBruit ne peut pas déterminer si cette absence provient du Géoportail ou de la commune elle-même. Visitez le site de celle-ci pour plus de détails.,False,,Absence de document d'urbanisme référencé,False,,
9,,,Aucun document d'urbanisme n'est référencé dans le Géoportail de l'urbanisme pour cette commune. diagBruit ne peut pas déterminer si cette absence provient du Géoportail ou de la commune elle-même. Visitez le site de celle-ci pour plus de détails.,False,,Absence de document d'urbanisme référencé,False,,
10,,,Aucun document d'urbanisme n'est référencé dans le Géoportail de l'urbanisme pour cette commune. diagBruit ne peut pas déterminer si cette absence provient du Géoportail ou de la commune elle-même. Visitez le site de celle-ci pour plus de détails.,False,,Absence de document d'urbanisme référencé,False,,
11,,,Aucun document d'urbanisme n'est référencé dans le Géoportail de l'urbanisme pour cette commune. diagBruit ne peut pas déterminer si cette absence provient du Géoportail ou de la commune elle-même. Visitez le site de celle-ci pour plus de détails.,False,,Absence de document d'urbanisme référencé,False,,
12,,,"La commune ne dispose pas de document d'urbanisme propre à son territoire. Le Règlement National de l'Urbanisme s'applique, notamment son article R.111-2, qui stipule qu'un « projet peut être refusé ou n'être accepté que sous réserve (…) s'il est de nature à porter atteinte à la salubrité ou à la sécurité publique (…) ». Si votre projet présente un risque sonore fort ou extrême, rapprochez-vous de l'autorité compétente.",False,,Règlement National de l'Urbanisme applicable,False,,
13,,,Aucun document d'urbanisme n'est référencé dans le Géoportail de l'urbanisme pour cette commune. diagBruit ne peut pas déterminer si cette absence provient du Géoportail ou de la commune elle-même. Visitez le site de celle-ci pour plus de détails.,False,,Absence de document d'urbanisme référencé,False,,
14,,,Aucun document d'urbanisme n'est référencé dans le Géoportail de l'urbanisme pour cette commune. diagBruit ne peut pas déterminer si cette absence provient du Géoportail ou de la commune elle-même. Visitez le site de celle-ci pour plus de détails.,False,,Absence de document d'urbanisme référencé,False,,
15,,,Aucun document d'urbanisme n'est référencé dans le Géoportail de l'urbanisme pour cette commune. diagBruit ne peut pas déterminer si cette absence provient du Géoportail ou de la commune elle-même. Visitez le site de celle-ci pour plus de détails.,False,,Absence de document d'urbanisme référencé,False,,
16,,,Aucun document d'urbanisme n'est référencé dans le Géoportail de l'urbanisme pour cette commune. diagBruit ne peut pas déterminer si cette absence provient du Géoportail ou de la commune elle-même. Visitez le site de celle-ci pour plus de détails.,False,,Absence de document d'urbanisme référencé,False,,
17,,,Aucun document d'urbanisme n'est référencé dans le Géoportail de l'urbanisme pour cette commune. diagBruit ne peut pas déterminer si cette absence provient du Géoportail ou de la commune elle-même. Visitez le site de celle-ci pour plus de détails.,False,,Absence de document d'urbanisme référencé,False,,
18,,,Aucun document d'urbanisme n'est référencé dans le Géoportail de l'urbanisme pour cette commune. diagBruit ne peut pas déterminer si cette absence provient du Géoportail ou de la commune elle-même. Visitez le site de celle-ci pour plus de détails.,False,,Absence de document d'urbanisme référencé,False,,
19,,,Aucun document d'urbanisme n'est référencé dans le Géoportail de l'urbanisme pour cette commune. diagBruit ne peut pas déterminer si cette absence provient du Géoportail ou de la commune elle-même. Visitez le site de celle-ci pour plus de détails.,False,,Absence de document d'urbanisme référencé,False,,
20,,,Aucun document d'urbanisme n'est référencé dans le Géoportail de l'urbanisme pour cette commune. diagBruit ne peut pas déterminer si cette absence provient du Géoportail ou de la commune elle-même. Visitez le site de celle-ci pour plus de détails.,False,,Absence de document d'urbanisme référencé,False,,
21,,,Aucun document d'urbanisme n'est référencé dans le Géoportail de l'urbanisme pour cette commune. diagBruit ne peut pas déterminer si cette absence provient du Géoportail ou de la commune elle-même. Visitez le site de celle-ci pour plus de détails.,False,,Absence de document d'urbanisme référencé,False,,
22,,,Aucun document d'urbanisme n'est référencé dans le Géoportail de l'urbanisme pour cette commune. diagBruit ne peut pas déterminer si cette absence provient du Géoportail ou de la commune elle-même. Visitez le site de celle-ci pour plus de détails.,False,,Absence de document d'urbanisme référencé,False,,
23,,,Aucun document d'urbanisme n'est référencé dans le Géoportail de l'urbanisme pour cette commune. diagBruit ne peut pas déterminer si cette absence provient du Géoportail ou de la commune elle-même. Visitez le site de celle-ci pour plus de détails.,False,,Absence de document d'urbanisme référencé,False,,
24,,,Aucun document d'urbanisme n'est référencé dans le Géoportail de l'urbanisme pour cette commune. diagBruit ne peut pas déterminer si cette absence provient du Géoportail ou de la commune elle-même. Visitez le site de celle-ci pour plus de détails.,False,,Absence de document d'urbanisme référencé,False,,
25,,,Aucun document d'urbanisme n'est référencé dans le Géoportail de l'urbanisme pour cette commune. diagBruit ne peut pas déterminer si cette absence provient du Géoportail ou de la commune elle-même. Visitez le site de celle-ci pour plus de détails.,False,,Absence de document d'urbanisme référencé,False,,
26,,,"La commune ne dispose pas de document d'urbanisme propre à son territoire. Le Règlement National de l'Urbanisme s'applique, notamment son article R.111-2, qui stipule qu'un « projet peut être refusé ou n'être accepté que sous réserve (…) s'il est de nature à porter atteinte à la salubrité ou à la sécurité publique (…) ». Si votre projet présente un risque sonore fort ou extrême, rapprochez-vous de l'autorité compétente.",False,,Règlement National de l'Urbanisme applicable,False,,
27,,,"La commune ne dispose pas de document d'urbanisme propre à son territoire. Le Règlement National de l'Urbanisme s'applique, notamment son article R.111-2, qui stipule qu'un « projet peut être refusé ou n'être accepté que sous réserve (…) s'il est de nature à porter atteinte à la salubrité ou à la sécurité publique (…) ». Si votre projet présente un risque sonore fort ou extrême, rapprochez-vous de l'autorité compétente.",False,,Règlement National de l'Urbanisme applicable,False,,
28,,,Aucun document d'urbanisme n'est référencé dans le Géoportail de l'urbanisme pour cette commune. diagBruit ne peut pas déterminer si cette absence provient du Géoportail ou de la commune elle-même. Visitez le site de celle-ci pour plus de détails.,False,,Absence de document d'urbanisme référencé,False,,
29,,,Aucun document d'urbanisme n'est référencé dans le Géoportail de l'urbanisme pour cette commune. diagBruit ne peut pas déterminer si cette absence provient du Géoportail ou de la commune elle-même. Visitez le site de celle-ci pour plus de détails.,False,,Absence de document d'urbanisme référencé,False,,
30,,,Aucun document d'urbanisme n'est référencé dans le Géoportail de l'urbanisme pour cette commune. diagBruit ne peut pas déterminer si cette absence provient du Géoportail ou de la commune elle-même. Visitez le site de celle-ci pour plus de détails.,False,,Absence de document d'urbanisme référencé,False,,
31,,,Aucun document d'urbanisme n'est référencé dans le Géoportail de l'urbanisme pour cette commune. diagBruit ne peut pas déterminer si cette absence provient du Géoportail ou de la commune elle-même. Visitez le site de celle-ci pour plus de détails.,False,,Absence de document d'urbanisme référencé,False,,
32,,,Aucun document d'urbanisme n'est référencé dans le Géoportail de l'urbanisme pour cette commune. diagBruit ne peut pas déterminer si cette absence provient du Géoportail ou de la commune elle-même. Visitez le site de celle-ci pour plus de détails.,False,,Absence de document d'urbanisme référencé,False,,
33,,,Aucun document d'urbanisme n'est référencé dans le Géoportail de l'urbanisme pour cette commune. diagBruit ne peut pas déterminer si cette absence provient du Géoportail ou de la commune elle-même. Visitez le site de celle-ci pour plus de détails.,False,,Absence de document d'urbanisme référencé,False,,
34,,,Aucun document d'urbanisme n'est référencé dans le Géoportail de l'urbanisme pour cette commune. diagBruit ne peut pas déterminer si cette absence provient du Géoportail ou de la commune elle-même. Visitez le site de celle-ci pour plus de détails.,False,,Absence de document d'urbanisme référencé,False,,
35,,,"La commune ne dispose pas de document d'urbanisme propre à son territoire. Le Règlement National de l'Urbanisme s'applique, notamment son article R.111-2, qui stipule qu'un « projet peut être refusé ou n'être accepté que sous réserve (…) s'il est de nature à porter atteinte à la salubrité ou à la sécurité publique (…) ». Si votre projet présente un risque sonore fort ou extrême, rapprochez-vous de l'autorité compétente.",False,,Règlement National de l'Urbanisme applicable,False,,
36,,,Aucun document d'urbanisme n'est référencé dans le Géoportail de l'urbanisme pour cette commune. diagBruit ne peut pas déterminer si cette absence provient du Géoportail ou de la commune elle-même. Visitez le site de celle-ci pour plus de détails.,False,,Absence de document d'urbanisme référencé,False,,
37,,,Aucun document d'urbanisme n'est référencé dans le Géoportail de l'urbanisme pour cette commune. diagBruit ne peut pas déterminer si cette absence provient du Géoportail ou de la commune elle-même. Visitez le site de celle-ci pour plus de détails.,False,,Absence de document d'urbanisme référencé,False,,
38,,,Aucun document d'urbanisme n'est référencé dans le Géoportail de l'urbanisme pour cette commune. diagBruit ne peut pas déterminer si cette absence provient du Géoportail ou de la commune elle-même. Visitez le site de celle-ci pour plus de détails.,False,,Absence de document d'urbanisme référencé,False,,
39,,,"La commune ne dispose pas de document d'urbanisme propre à son territoire. Le Règlement National de l'Urbanisme s'applique, notamment son article R.111-2, qui stipule qu'un « projet peut être refusé ou n'être accepté que sous réserve (…) s'il est de nature à porter atteinte à la salubrité ou à la sécurité publique (…) ». Si votre projet présente un risque sonore fort ou extrême, rapprochez-vous de l'autorité compétente.",False,,Règlement National de l'Urbanisme applicable,False,,
40,,,Aucun document d'urbanisme n'est référencé dans le Géoportail de l'urbanisme pour cette commune. diagBruit ne peut pas déterminer si cette absence provient du Géoportail ou de la commune elle-même. Visitez le site de celle-ci pour plus de détails.,False,,Absence de document d'urbanisme référencé,False,,
41,,,Aucun document d'urbanisme n'est référencé dans le Géoportail de l'urbanisme pour cette commune. diagBruit ne peut pas déterminer si cette absence provient du Géoportail ou de la commune elle-même. Visitez le site de celle-ci pour plus de détails.,False,,Absence de document d'urbanisme référencé,False,,
42,,,Aucun document d'urbanisme n'est référencé dans le Géoportail de l'urbanisme pour cette commune. diagBruit ne peut pas déterminer si cette absence provient du Géoportail ou de la commune elle-même. Visitez le site de celle-ci pour plus de détails.,False,,Absence de document d'urbanisme référencé,False,,
43,,,Aucun document d'urbanisme n'est référencé dans le Géoportail de l'urbanisme pour cette commune. diagBruit ne peut pas déterminer si cette absence provient du Géoportail ou de la commune elle-même. Visitez le site de celle-ci pour plus de détails.,False,,Absence de document d'urbanisme référencé,False,,
44,,,Aucun document d'urbanisme n'est référencé dans le Géoportail de l'urbanisme pour cette commune. diagBruit ne peut pas déterminer si cette absence provient du Géoportail ou de la commune elle-même. Visitez le site de celle-ci pour plus de détails.,False,,Absence de document d'urbanisme référencé,False,,
45,,,Aucun document d'urbanisme n'est référencé dans le Géoportail de l'urbanisme pour cette commune. diagBruit ne peut pas déterminer si cette absence provient du Géoportail ou de la commune elle-même. Visitez le site de celle-ci pour plus de détails.,False,,Absence de document d'urbanisme référencé,False,,
46,,,Aucun document d'urbanisme n'est référencé dans le Géoportail de l'urbanisme pour cette commune. diagBruit ne peut pas déterminer si cette absence provient du Géoportail ou de la commune elle-même. Visitez le site de celle-ci pour plus de détails.,False,,Absence de document d'urbanisme référencé,False,,
47,,,Aucun document d'urbanisme n'est référencé dans le Géoportail de l'urbanisme pour cette commune. diagBruit ne peut pas déterminer si cette absence provient du Géoportail ou de la commune elle-même. Visitez le site de celle-ci pour plus de détails.,False,,Absence de document d'urbanisme référencé,False,,
48,,,Aucun document d'urbanisme n'est référencé dans le Géoportail de l'urbanisme pour cette commune. diagBruit ne peut pas déterminer si cette absence provient du Géoportail ou de la commune elle-même. Visitez le site de celle-ci pour plus de détails.,False,,Absence de document d'urbanisme référencé,False,,
49,,,Aucun document d'urbanisme n'est référencé dans le Géoportail de l'urbanisme pour cette commune. diagBruit ne peut pas déterminer si cette absence provient du Géoportail ou de la commune elle-même. Visitez le site de celle-ci pour plus de détails.,False,,Absence de document d'urbanisme référencé,False,,
50,,,Aucun document d'urbanisme n'est référencé dans le Géoportail de l'urbanisme pour cette commune. diagBruit ne peut pas déterminer si cette absence provient du Géoportail ou de la commune elle-même. Visitez le site de celle-ci pour plus de détails.,False,,Absence de document d'urbanisme référencé,False,,
51,,,Aucun document d'urbanisme n'est référencé dans le Géoportail de l'urbanisme pour cette commune. diagBruit ne peut pas déterminer si cette absence provient du Géoportail ou de la commune elle-même. Visitez le site de celle-ci pour plus de détails.,False,,Absence de document d'urbanisme référencé,False,,
52,,,Aucun document d'urbanisme n'est référencé dans le Géoportail de l'urbanisme pour cette commune. diagBruit ne peut pas déterminer si cette absence provient du Géoportail ou de la commune elle-même. Visitez le site de celle-ci pour plus de détails.,False,,Absence de document d'urbanisme référencé,False,,
53,,,Aucun document d'urbanisme n'est référencé dans le Géoportail de l'urbanisme pour cette commune. diagBruit ne peut pas déterminer si cette absence provient du Géoportail ou de la commune elle-même. Visitez le site de celle-ci pour plus de détails.,False,,Absence de document d'urbanisme référencé,False,,
54,,,Aucun document d'urbanisme n'est référencé dans le Géoportail de l'urbanisme pour cette commune. diagBruit ne peut pas déterminer si cette absence provient du Géoportail ou de la commune elle-même. Visitez le site de celle-ci pour plus de détails.,False,,Absence de document d'urbanisme référencé,False,,
55,,,Aucun document d'urbanisme n'est référencé dans le Géoportail de l'urbanisme pour cette commune. diagBruit ne peut pas déterminer si cette absence provient du Géoportail ou de la commune elle-même. Visitez le site de celle-ci pour plus de détails.,False,,Absence de document d'urbanisme référencé,False,,
56,,,Aucun document d'urbanisme n'est référencé dans le Géoportail de l'urbanisme pour cette commune. diagBruit ne peut pas déterminer si cette absence provient du Géoportail ou de la commune elle-même. Visitez le site de celle-ci pour plus de détails.,False,,Absence de document d'urbanisme référencé,False,,
57,,,Aucun document d'urbanisme n'est référencé dans le Géoportail de l'urbanisme pour cette commune. diagBruit ne peut pas déterminer si cette absence provient du Géoportail ou de la commune elle-même. Visitez le site de celle-ci pour plus de détails.,False,,Absence de document d'urbanisme référencé,False,,
58,,,Aucun document d'urbanisme n'est référencé dans le Géoportail de l'urbanisme pour cette commune. diagBruit ne peut pas déterminer si cette absence provient du Géoportail ou de la commune elle-même. Visitez le site de celle-ci pour plus de détails.,False,,Absence de document d'urbanisme référencé,False,,
59,,,Aucun document d'urbanisme n'est référencé dans le Géoportail de l'urbanisme pour cette commune. diagBruit ne peut pas déterminer si cette absence provient du Géoportail ou de la commune elle-même. Visitez le site de celle-ci pour plus de détails.,False,,Absence de document d'urbanisme référencé,False,,
60,,,Aucun document d'urbanisme n'est référencé dans le Géoportail de l'urbanisme pour cette commune. diagBruit ne peut pas déterminer si cette absence provient du Géoportail ou de la commune elle-même. Visitez le site de celle-ci pour plus de détails.,False,,Absence de document d'urbanisme référencé,False,,
61,,,Aucun document d'urbanisme n'est référencé dans le Géoportail de l'urbanisme pour cette commune. diagBruit ne peut pas déterminer si cette absence provient du Géoportail ou de la commune elle-même. Visitez le site de celle-ci pour plus de détails.,False,,Absence de document d'urbanisme référencé,False,,
62,,,Aucun document d'urbanisme n'est référencé dans le Géoportail de l'urbanisme pour cette commune. diagBruit ne peut pas déterminer si cette absence provient du Géoportail ou de la commune elle-même. Visitez le site de celle-ci pour plus de détails.,False,,Absence de document d'urbanisme référencé,False,,
63,,,Aucun document d'urbanisme n'est référencé dans le Géoportail de l'urbanisme pour cette commune. diagBruit ne peut pas déterminer si cette absence provient du Géoportail ou de la commune elle-même. Visitez le site de celle-ci pour plus de détails.,False,,Absence de document d'urbanisme référencé,False,,
64,,,Aucun document d'urbanisme n'est référencé dans le Géoportail de l'urbanisme pour cette commune. diagBruit ne peut pas déterminer si cette absence provient du Géoportail ou de la commune elle-même. Visitez le site de celle-ci pour plus de détails.,False,,Absence de document d'urbanisme référencé,False,,
65,,,Aucun document d'urbanisme n'est référencé dans le Géoportail de l'urbanisme pour cette commune. diagBruit ne peut pas déterminer si cette absence provient du Géoportail ou de la commune elle-même. Visitez le site de celle-ci pour plus de détails.,False,,Absence de document d'urbanisme référencé,False,,
66,,,Aucun document d'urbanisme n'est référencé dans le Géoportail de l'urbanisme pour cette commune. diagBruit ne peut pas déterminer si cette absence provient du Géoportail ou de la commune elle-même. Visitez le site de celle-ci pour plus de détails.,False,,Absence de document d'urbanisme référencé,False,,
67,,,Aucun document d'urbanisme n'est référencé dans le Géoportail de l'urbanisme pour cette commune. diagBruit ne peut pas déterminer si cette absence provient du Géoportail ou de la commune elle-même. Visitez le site de celle-ci pour plus de détails.,False,,Absence de document d'urbanisme référencé,False,,
68,,,Aucun document d'urbanisme n'est référencé dans le Géoportail de l'urbanisme pour cette commune. diagBruit ne peut pas déterminer si cette absence provient du Géoportail ou de la commune elle-même. Visitez le site de celle-ci pour plus de détails.,False,,Absence de document d'urbanisme référencé,False,,
69,,,Aucun document d'urbanisme n'est référencé dans le Géoportail de l'urbanisme pour cette commune. diagBruit ne peut pas déterminer si cette absence provient du Géoportail ou de la commune elle-même. Visitez le site de celle-ci pour plus de détails.,False,,Absence de document d'urbanisme référencé,False,,
70,,,Aucun document d'urbanisme n'est référencé dans le Géoportail de l'urbanisme pour cette commune. diagBruit ne peut pas déterminer si cette absence provient du Géoportail ou de la commune elle-même. Visitez le site de celle-ci pour plus de détails.,False,,Absence de document d'urbanisme référencé,False,,
71,,,Aucun document d'urbanisme n'est référencé dans le Géoportail de l'urbanisme pour cette commune. diagBruit ne peut pas déterminer si cette absence provient du Géoportail ou de la commune elle-même. Visitez le site de celle-ci pour plus de détails.,False,,Absence de document d'urbanisme référencé,False,,
72,,,Aucun document d'urbanisme n'est référencé dans le Géoportail de l'urbanisme pour cette commune. diagBruit ne peut pas déterminer si cette absence provient du Géoportail ou de la commune elle-même. Visitez le site de celle-ci pour plus de détails.,False,,Absence de document d'urbanisme référencé,False,,
73,,,Aucun document d'urbanisme n'est référencé dans le Géoportail de l'urbanisme pour cette commune. diagBruit ne peut pas déterminer si cette absence provient du Géoportail ou de la commune elle-même. Visitez le site de celle-ci pour plus de détails.,False,,Absence de document d'urbanisme référencé,False,,
74,,,Aucun document d'urbanisme n'est référencé dans le Géoportail de l'urbanisme pour cette commune. diagBruit ne peut pas déterminer si cette absence provient du Géoportail ou de la commune elle-même. Visitez le site de celle-ci pour plus de détails.,False,,Absence de document d'urbanisme référencé,False,,
75,,,Aucun document d'urbanisme n'est référencé dans le Géoportail de l'urbanisme pour cette commune. diagBruit ne peut pas déterminer si cette absence provient du Géoportail ou de la commune elle-même. Visitez le site de celle-ci pour plus de détails.,False,,Absence de document d'urbanisme référencé,False,,
76,,,Aucun document d'urbanisme n'est référencé dans le Géoportail de l'urbanisme pour cette commune. diagBruit ne peut pas déterminer si cette absence provient du Géoportail ou de la commune elle-même. Visitez le site de celle-ci pour plus de détails.,False,,Absence de document d'urbanisme référencé,False,,
77,,,"La commune ne dispose pas de document d'urbanisme propre à son territoire. Le Règlement National de l'Urbanisme s'applique, notamment son article R.111-2, qui stipule qu'un « projet peut être refusé ou n'être accepté que sous réserve (…) s'il est de nature à porter atteinte à la salubrité ou à la sécurité publique (…) ». Si votre projet présente un risque sonore fort ou extrême, rapprochez-vous de l'autorité compétente.",False,,Règlement National de l'Urbanisme applicable,False,,
78,,,Aucun document d'urbanisme n'est référencé dans le Géoportail de l'urbanisme pour cette commune. diagBruit ne peut pas déterminer si cette absence provient du Géoportail ou de la commune elle-même. Visitez le site de celle-ci pour plus de détails.,False,,Absence de document d'urbanisme référencé,False,,
79,,,"La commune ne dispose pas de document d'urbanisme propre à son territoire. Le Règlement National de l'Urbanisme s'applique, notamment son article R.111-2, qui stipule qu'un « projet peut être refusé ou n'être accepté que sous réserve (…) s'il est de nature à porter atteinte à la salubrité ou à la sécurité publique (…) ». Si votre projet présente un risque sonore fort ou extrême, rapprochez-vous de l'autorité compétente.",False,,Règlement National de l'Urbanisme applicable,False,,
80,,,Aucun document d'urbanisme n'est référencé dans le Géoportail de l'urbanisme pour cette commune. diagBruit ne peut pas déterminer si cette absence provient du Géoportail ou de la commune elle-même. Visitez le site de celle-ci pour plus de détails.,False,,Absence de document d'urbanisme référencé,False,,
81,,,Aucun document d'urbanisme n'est référencé dans le Géoportail de l'urbanisme pour cette commune. diagBruit ne peut pas déterminer si cette absence provient du Géoportail ou de la commune elle-même. Visitez le site de celle-ci pour plus de détails.,False,,Absence de document d'urbanisme référencé,False,,
82,,,Aucun document d'urbanisme n'est référencé dans le Géoportail de l'urbanisme pour cette commune. diagBruit ne peut pas déterminer si cette absence provient du Géoportail ou de la commune elle-même. Visitez le site de celle-ci pour plus de détails.,False,,Absence de document d'urbanisme référencé,False,,
83,,,Aucun document d'urbanisme n'est référencé dans le Géoportail de l'urbanisme pour cette commune. diagBruit ne peut pas déterminer si cette absence provient du Géoportail ou de la commune elle-même. Visitez le site de celle-ci pour plus de détails.,False,,Absence de document d'urbanisme référencé,False,,
84,,,Aucun document d'urbanisme n'est référencé dans le Géoportail de l'urbanisme pour cette commune. diagBruit ne peut pas déterminer si cette absence provient du Géoportail ou de la commune elle-même. Visitez le site de celle-ci pour plus de détails.,False,,Absence de document d'urbanisme référencé,False,,
85,,,Aucun document d'urbanisme n'est référencé dans le Géoportail de l'urbanisme pour cette commune. diagBruit ne peut pas déterminer si cette absence provient du Géoportail ou de la commune elle-même. Visitez le site de celle-ci pour plus de détails.,False,,Absence de document d'urbanisme référencé,False,,
86,,,Aucun document d'urbanisme n'est référencé dans le Géoportail de l'urbanisme pour cette commune. diagBruit ne peut pas déterminer si cette absence provient du Géoportail ou de la commune elle-même. Visitez le site de celle-ci pour plus de détails.,False,,Absence de document d'urbanisme référencé,False,,
87,,,"La commune ne dispose pas de document d'urbanisme propre à son territoire. Le Règlement National de l'Urbanisme s'applique, notamment son article R.111-2, qui stipule qu'un « projet peut être refusé ou n'être accepté que sous réserve (…) s'il est de nature à porter atteinte à la salubrité ou à la sécurité publique (…) ». Si votre projet présente un risque sonore fort ou extrême, rapprochez-vous de l'autorité compétente.",False,,Règlement National de l'Urbanisme applicable,False,,
88,,,Aucun document d'urbanisme n'est référencé dans le Géoportail de l'urbanisme pour cette commune. diagBruit ne peut pas déterminer si cette absence provient du Géoportail ou de la commune elle-même. Visitez le site de celle-ci pour plus de détails.,False,,Absence de document d'urbanisme référencé,False,,
89,,,Aucun document d'urbanisme n'est référencé dans le Géoportail de l'urbanisme pour cette commune. diagBruit ne peut pas déterminer si cette absence provient du Géoportail ou de la commune elle-même. Visitez le site de celle-ci pour plus de détails.,False,,Absence de document d'urbanisme référencé,False,,
90,,,Aucun document d'urbanisme n'est référencé dans le Géoportail de l'urbanisme pour cette commune. diagBruit ne peut pas déterminer si cette absence provient du Géoportail ou de la commune elle-même. Visitez le site de celle-ci pour plus de détails.,False,,Absence de document d'urbanisme référencé,False,,
91,,,Aucun document d'urbanisme n'est référencé dans le Géoportail de l'urbanisme pour cette commune. diagBruit ne peut pas déterminer si cette absence provient du Géoportail ou de la commune elle-même. Visitez le site de celle-ci pour plus de détails.,False,,Absence de document d'urbanisme référencé,False,,
92,,,Aucun document d'urbanisme n'est référencé dans le Géoportail de l'urbanisme pour cette commune. diagBruit ne peut pas déterminer si cette absence provient du Géoportail ou de la commune elle-même. Visitez le site de celle-ci pour plus de détails.,False,,Absence de document d'urbanisme référencé,False,,
93,,,Aucun document d'urbanisme n'est référencé dans le Géoportail de l'urbanisme pour cette commune. diagBruit ne peut pas déterminer si cette absence provient du Géoportail ou de la commune elle-même. Visitez le site de celle-ci pour plus de détails.,False,,Absence de document d'urbanisme référencé,False,,
94,,,Aucun document d'urbanisme n'est référencé dans le Géoportail de l'urbanisme pour cette commune. diagBruit ne peut pas déterminer si cette absence provient du Géoportail ou de la commune elle-même. Visitez le site de celle-ci pour plus de détails.,False,,Absence de document d'urbanisme référencé,False,,
95,,,Aucun document d'urbanisme n'est référencé dans le Géoportail de l'urbanisme pour cette commune. diagBruit ne peut pas déterminer si cette absence provient du Géoportail ou de la commune elle-même. Visitez le site de celle-ci pour plus de détails.,False,,Absence de document d'urbanisme référencé,False,,
96,,,Aucun document d'urbanisme n'est référencé dans le Géoportail de l'urbanisme pour cette commune. diagBruit ne peut pas déterminer si cette absence provient du Géoportail ou de la commune elle-même. Visitez le site de celle-ci pour plus de détails.,False,,Absence de document d'urbanisme référencé,False,,
97,,,Aucun document d'urbanisme n'est référencé dans le Géoportail de l'urbanisme pour cette commune. diagBruit ne peut pas déterminer si cette absence provient du Géoportail ou de la commune elle-même. Visitez le site de celle-ci pour plus de détails.,False,,Absence de document d'urbanisme référencé,False,,
98,,,Aucun document d'urbanisme n'est référencé dans le Géoportail de l'urbanisme pour cette commune. diagBruit ne peut pas déterminer si cette absence provient du Géoportail ou de la commune elle-même. Visitez le site de celle-ci pour plus de détails.,False,,Absence de document d'urbanisme référencé,False,,
99,,,Aucun document d'urbanisme n'est référencé dans le Géoportail de l'urbanisme pour cette commune. diagBruit ne peut pas déterminer si cette absence provient du Géoportail ou de la commune elle-même. Visitez le site de celle-ci pour plus de détails.,False,,Absence de document d'urbanisme référencé,False,,
100,,,Aucun document d'urbanisme n'est référencé dans le Géoportail de l'urbanisme pour cette commune. diagBruit ne peut pas déterminer si cette absence provient du Géoportail ou de la commune elle-même. Visitez le site de celle-ci pour plus de détails.,False,,Absence de document d'urbanisme référencé,False,,
101,,,"La commune ne dispose pas de document d'urbanisme propre à son territoire. Le Règlement National de l'Urbanisme s'applique, notamment son article R.111-2, qui stipule qu'un « projet peut être refusé ou n'être accepté que sous réserve (…) s'il est de nature à porter atteinte à la salubrité ou à la sécurité publique (…) ». Si votre projet présente un risque sonore fort ou extrême, rapprochez-vous de l'autorité compétente.",False,,Règlement National de l'Urbanisme applicable,False,,
102,,,Aucun document d'urbanisme n'est référencé dans le Géoportail de l'urbanisme pour cette commune. diagBruit ne peut pas déterminer si cette absence provient du Géoportail ou de la commune elle-même. Visitez le site de celle-ci pour plus de détails.,False,,Absence de document d'urbanisme référencé,False,,
103,,,Aucun document d'urbanisme n'est référencé dans le Géoportail de l'urbanisme pour cette commune. diagBruit ne peut pas déterminer si cette absence provient du Géoportail ou de la commune elle-même. Visitez le site de celle-ci pour plus de détails.,False,,Absence de document d'urbanisme référencé,False,,
104,,,Aucun document d'urbanisme n'est référencé dans le Géoportail de l'urbanisme pour cette commune. diagBruit ne peut pas déterminer si cette absence provient du Géoportail ou de la commune elle-même. Visitez le site de celle-ci pour plus de détails.,False,,Absence de document d'urbanisme référencé,False,,
105,,,Aucun document d'urbanisme n'est référencé dans le Géoportail de l'urbanisme pour cette commune. diagBruit ne peut pas déterminer si cette absence provient du Géoportail ou de la commune elle-même. Visitez le site de celle-ci pour plus de détails.,False,,Absence de document d'urbanisme référencé,False,,
106,,,Aucun document d'urbanisme n'est référencé dans le Géoportail de l'urbanisme pour cette commune. diagBruit ne peut pas déterminer si cette absence provient du Géoportail ou de la commune elle-même. Visitez le site de celle-ci pour plus de détails.,False,,Absence de document d'urbanisme référencé,False,,
107,,,"La commune ne dispose pas de document d'urbanisme propre à son territoire. Le Règlement National de l'Urbanisme s'applique, notamment son article R.111-2, qui stipule qu'un « projet peut être refusé ou n'être accepté que sous réserve (…) s'il est de nature à porter atteinte à la salubrité ou à la sécurité publique (…) ». Si votre projet présente un risque sonore fort ou extrême, rapprochez-vous de l'autorité compétente.",False,,Règlement National de l'Urbanisme applicable,False,,
108,,,Aucun document d'urbanisme n'est référencé dans le Géoportail de l'urbanisme pour cette commune. diagBruit ne peut pas déterminer si cette absence provient du Géoportail ou de la commune elle-même. Visitez le site de celle-ci pour plus de détails.,False,,Absence de document d'urbanisme référencé,False,,
109,,,Aucun document d'urbanisme n'est référencé dans le Géoportail de l'urbanisme pour cette commune. diagBruit ne peut pas déterminer si cette absence provient du Géoportail ou de la commune elle-même. Visitez le site de celle-ci pour plus de détails.,False,,Absence de document d'urbanisme référencé,False,,
110,,,Aucun document d'urbanisme n'est référencé dans le Géoportail de l'urbanisme pour cette commune. diagBruit ne peut pas déterminer si cette absence provient du Géoportail ou de la commune elle-même. Visitez le site de celle-ci pour plus de détails.,False,,Absence de document d'urbanisme référencé,False,,
111,,,Aucun document d'urbanisme n'est référencé dans le Géoportail de l'urbanisme pour cette commune. diagBruit ne peut pas déterminer si cette absence provient du Géoportail ou de la commune elle-même. Visitez le site de celle-ci pour plus de détails.,False,,Absence de document d'urbanisme référencé,False,,
112,,,"La commune ne dispose pas de document d'urbanisme propre à son territoire. Le Règlement National de l'Urbanisme s'applique, notamment son article R.111-2, qui stipule qu'un « projet peut être refusé ou n'être accepté que sous réserve (…) s'il est de nature à porter atteinte à la salubrité ou à la sécurité publique (…) ». Si votre projet présente un risque sonore fort ou extrême, rapprochez-vous de l'autorité compétente.",False,,Règlement National de l'Urbanisme applicable,False,,
113,,,Aucun document d'urbanisme n'est référencé dans le Géoportail de l'urbanisme pour cette commune. diagBruit ne peut pas déterminer si cette absence provient du Géoportail ou de la commune elle-même. Visitez le site de celle-ci pour plus de détails.,False,,Absence de document d'urbanisme référencé,False,,
114,,,Aucun document d'urbanisme n'est référencé dans le Géoportail de l'urbanisme pour cette commune. diagBruit ne peut pas déterminer si cette absence provient du Géoportail ou de la commune elle-même. Visitez le site de celle-ci pour plus de détails.,False,,Absence de document d'urbanisme référencé,False,,
115,,,Aucun document d'urbanisme n'est référencé dans le Géoportail de l'urbanisme pour cette commune. diagBruit ne peut pas déterminer si cette absence provient du Géoportail ou de la commune elle-même. Visitez le site de celle-ci pour plus de détails.,False,,Absence de document d'urbanisme référencé,False,,
116,,,Aucun document d'urbanisme n'est référencé dans le Géoportail de l'urbanisme pour cette commune. diagBruit ne peut pas déterminer si cette absence provient du Géoportail ou de la commune elle-même. Visitez le site de celle-ci pour plus de détails.,False,,Absence de document d'urbanisme référencé,False,,
117,,,"La commune ne dispose pas de document d'urbanisme propre à son territoire. Le Règlement National de l'Urbanisme s'applique, notamment son article R.111-2, qui stipule qu'un « projet peut être refusé ou n'être accepté que sous réserve (…) s'il est de nature à porter atteinte à la salubrité ou à la sécurité publique (…) ». Si votre projet présente un risque sonore fort ou extrême, rapprochez-vous de l'autorité compétente.",False,,Règlement National de l'Urbanisme applicable,False,,
118,,,Aucun document d'urbanisme n'est référencé dans le Géoportail de l'urbanisme pour cette commune. diagBruit ne peut pas déterminer si cette absence provient du Géoportail ou de la commune elle-même. Visitez le site de celle-ci pour plus de détails.,False,,Absence de document d'urbanisme référencé,False,,
119,,,Aucun document d'urbanisme n'est référencé dans le Géoportail de l'urbanisme pour cette commune. diagBruit ne peut pas déterminer si cette absence provient du Géoportail ou de la commune elle-même. Visitez le site de celle-ci pour plus de détails.,False,,Absence de document d'urbanisme référencé,False,,
120,,,Aucun document d'urbanisme n'est référencé dans le Géoportail de l'urbanisme pour cette commune. diagBruit ne peut pas déterminer si cette absence provient du Géoportail ou de la commune elle-même. Visitez le site de celle-ci pour plus de détails.,False,,Absence de document d'urbanisme référencé,False,,
121,,,Aucun document d'urbanisme n'est référencé dans le Géoportail de l'urbanisme pour cette commune. diagBruit ne peut pas déterminer si cette absence provient du Géoportail ou de la commune elle-même. Visitez le site de celle-ci pour plus de détails.,False,,Absence de document d'urbanisme référencé,False,,
122,,,Aucun document d'urbanisme n'est référencé dans le Géoportail de l'urbanisme pour cette commune. diagBruit ne peut pas déterminer si cette absence provient du Géoportail ou de la commune elle-même. Visitez le site de celle-ci pour plus de détails.,False,,Absence de document d'urbanisme référencé,False,,
123,,,Aucun document d'urbanisme n'est référencé dans le Géoportail de l'urbanisme pour cette commune. diagBruit ne peut pas déterminer si cette absence provient du Géoportail ou de la commune elle-même. Visitez le site de celle-ci pour plus de détails.,False,,Absence de document d'urbanisme référencé,False,,
124,,,Aucun document d'urbanisme n'est référencé dans le Géoportail de l'urbanisme pour cette commune. diagBruit ne peut pas déterminer si cette absence provient du Géoportail ou de la commune elle-même. Visitez le site de celle-ci pour plus de détails.,False,,Absence de document d'urbanisme référencé,False,,
125,,,Aucun document d'urbanisme n'est référencé dans le Géoportail de l'urbanisme pour cette commune. diagBruit ne peut pas déterminer si cette absence provient du Géoportail ou de la commune elle-même. Visitez le site de celle-ci pour plus de détails.,False,,Absence de document d'urbanisme référencé,False,,
126,,,Aucun document d'urbanisme n'est référencé dans le Géoportail de l'urbanisme pour cette commune. diagBruit ne peut pas déterminer si cette absence provient du Géoportail ou de la commune elle-même. Visitez le site de celle-ci pour plus de détails.,False,,Absence de document d'urbanisme référencé,False,,
127,,,Aucun document d'urbanisme n'est référencé dans le Géoportail de l'urbanisme pour cette commune. diagBruit ne peut pas déterminer si cette absence provient du Géoportail ou de la commune elle-même. Visitez le site de celle-ci pour plus de détails.,False,,Absence de document d'urbanisme référencé,False,,
128,,,Aucun document d'urbanisme n'est référencé dans le Géoportail de l'urbanisme pour cette commune. diagBruit ne peut pas déterminer si cette absence provient du Géoportail ou de la commune elle-même. Visitez le site de celle-ci pour plus de détails.,False,,Absence de document d'urbanisme référencé,False,,
129,,,"La commune ne dispose pas de document d'urbanisme propre à son territoire. Le Règlement National de l'Urbanisme s'applique, notamment son article R.111-2, qui stipule qu'un « projet peut être refusé ou n'être accepté que sous réserve (…) s'il est de nature à porter atteinte à la salubrité ou à la sécurité publique (…) ». Si votre projet présente un risque sonore fort ou extrême, rapprochez-vous de l'autorité compétente.",False,,Règlement National de l'Urbanisme applicable,False,,
130,,,Aucun document d'urbanisme n'est référencé dans le Géoportail de l'urbanisme pour cette commune. diagBruit ne peut pas déterminer si cette absence provient du Géoportail ou de la commune elle-même. Visitez le site de celle-ci pour plus de détails.,False,,Absence de document d'urbanisme référencé,False,,
131,,,Aucun document d'urbanisme n'est référencé dans le Géoportail de l'urbanisme pour cette commune. diagBruit ne peut pas déterminer si cette absence provient du Géoportail ou de la commune elle-même. Visitez le site de celle-ci pour plus de détails.,False,,Absence de document d'urbanisme référencé,False,,
132,,,"La commune ne dispose pas de document d'urbanisme propre à son territoire. Le Règlement National de l'Urbanisme s'applique, notamment son article R.111-2, qui stipule qu'un « projet peut être refusé ou n'être accepté que sous réserve (…) s'il est de nature à porter atteinte à la salubrité ou à la sécurité publique (…) ». Si votre projet présente un risque sonore fort ou extrême, rapprochez-vous de l'autorité compétente.",False,,Règlement National de l'Urbanisme applicable,False,,
133,,,Aucun document d'urbanisme n'est référencé dans le Géoportail de l'urbanisme pour cette commune. diagBruit ne peut pas déterminer si cette absence provient du Géoportail ou de la commune elle-même. Visitez le site de celle-ci pour plus de détails.,False,,Absence de document d'urbanisme référencé,False,,
134,,,Aucun document d'urbanisme n'est référencé dans le Géoportail de l'urbanisme pour cette commune. diagBruit ne peut pas déterminer si cette absence provient du Géoportail ou de la commune elle-même. Visitez le site de celle-ci pour plus de détails.,False,,Absence de document d'urbanisme référencé,False,,
135,,,Aucun document d'urbanisme n'est référencé dans le Géoportail de l'urbanisme pour cette commune. diagBruit ne peut pas déterminer si cette absence provient du Géoportail ou de la commune elle-même. Visitez le site de celle-ci pour plus de détails.,False,,Absence de document d'urbanisme référencé,False,,
136,,,Aucun document d'urbanisme n'est référencé dans le Géoportail de l'urbanisme pour cette commune. diagBruit ne peut pas déterminer si cette absence provient du Géoportail ou de la commune elle-même. Visitez le site de celle-ci pour plus de détails.,False,,Absence de document d'urbanisme référencé,False,,
137,,,"La commune ne dispose pas de document d'urbanisme propre à son territoire. Le Règlement National de l'Urbanisme s'applique, notamment son article R.111-2, qui stipule qu'un « projet peut être refusé ou n'être accepté que sous réserve (…) s'il est de nature à porter atteinte à la salubrité ou à la sécurité publique (…) ». Si votre projet présente un risque sonore fort ou extrême, rapprochez-vous de l'autorité compétente.",False,,Règlement National de l'Urbanisme applicable,False,,
138,,,Aucun document d'urbanisme n'est référencé dans le Géoportail de l'urbanisme pour cette commune. diagBruit ne peut pas déterminer si cette absence provient du Géoportail ou de la commune elle-même. Visitez le site de celle-ci pour plus de détails.,False,,Absence de document d'urbanisme référencé,False,,
139,,,Aucun document d'urbanisme n'est référencé dans le Géoportail de l'urbanisme pour cette commune. diagBruit ne peut pas déterminer si cette absence provient du Géoportail ou de la commune elle-même. Visitez le site de celle-ci pour plus de détails.,False,,Absence de document d'urbanisme référencé,False,,
140,,,"La commune ne dispose pas de document d'urbanisme propre à son territoire. Le Règlement National de l'Urbanisme s'applique, notamment son article R.111-2, qui stipule qu'un « projet peut être refusé ou n'être accepté que sous réserve (…) s'il est de nature à porter atteinte à la salubrité ou à la sécurité publique (…) ». Si votre projet présente un risque sonore fort ou extrême, rapprochez-vous de l'autorité compétente.",False,,Règlement National de l'Urbanisme applicable,False,,
141,,,"La commune ne dispose pas de document d'urbanisme propre à son territoire. Le Règlement National de l'Urbanisme s'applique, notamment son article R.111-2, qui stipule qu'un « projet peut être refusé ou n'être accepté que sous réserve (…) s'il est de nature à porter atteinte à la salubrité ou à la sécurité publique (…) ». Si votre projet présente un risque sonore fort ou extrême, rapprochez-vous de l'autorité compétente.",False,,Règlement National de l'Urbanisme applicable,False,,
142,,,Aucun document d'urbanisme n'est référencé dans le Géoportail de l'urbanisme pour cette commune. diagBruit ne peut pas déterminer si cette absence provient du Géoportail ou de la commune elle-même. Visitez le site de celle-ci pour plus de détails.,False,,Absence de document d'urbanisme référencé,False,,
143,,,"La commune ne dispose pas de document d'urbanisme propre à son territoire. Le Règlement National de l'Urbanisme s'applique, notamment son article R.111-2, qui stipule qu'un « projet peut être refusé ou n'être accepté que sous réserve (…) s'il est de nature à porter atteinte à la salubrité ou à la sécurité publique (…) ». Si votre projet présente un risque sonore fort ou extrême, rapprochez-vous de l'autorité compétente.",False,,Règlement National de l'Urbanisme applicable,False,,
144,,,Aucun document d'urbanisme n'est référencé dans le Géoportail de l'urbanisme pour cette commune. diagBruit ne peut pas déterminer si cette absence provient du Géoportail ou de la commune elle-même. Visitez le site de celle-ci pour plus de détails.,False,,Absence de document d'urbanisme référencé,False,,
145,61b754234cdd428427297015327ce5cb,,Le document disponible sur le Géoportail de l'Urbanisme (GPU) n'a pu être analysé automatiquement. Il peut s'agir de document graphique uniquement par exemple. Rendez-vous sur le GPU pour le consulter.,False,,Document non analysable automatiquement,False,,
146,401cd895db72aac988fd5d9b6d4fb738,,Le document disponible sur le Géoportail de l'Urbanisme (GPU) n'a pu être analysé automatiquement. Il peut s'agir de document graphique uniquement par exemple. Rendez-vous sur le GPU pour le consulter.,False,,Document non analysable automatiquement,False,,
147,221cba9a6ad9381896e533ada715003c,,Le document disponible sur le Géoportail de l'Urbanisme (GPU) n'a pu être analysé automatiquement. Il peut s'agir de document graphique uniquement par exemple. Rendez-vous sur le GPU pour le consulter.,False,,Document non analysable automatiquement,False,,
148,4f77e2c665e683319c464009ad9fdf14,,Le document disponible sur le Géoportail de l'Urbanisme (GPU) n'a pu être analysé automatiquement. Il peut s'agir de document graphique uniquement par exemple. Rendez-vous sur le GPU pour le consulter.,False,,Document non analysable automatiquement,False,,
149,2c702c9d50e1908f0e1aa3714d674b63,,Le document disponible sur le Géoportail de l'Urbanisme (GPU) n'a pu être analysé automatiquement. Il peut s'agir de document graphique uniquement par exemple. Rendez-vous sur le GPU pour le consulter.,False,,Document non analysable automatiquement,False,,
150,d89a33f82b23aed6451596e727c2e131,,Le document disponible sur le Géoportail de l'Urbanisme (GPU) n'a pu être analysé automatiquement. Il peut s'agir de document graphique uniquement par exemple. Rendez-vous sur le GPU pour le consulter.,False,,Document non analysable automatiquement,False,,
151,6b126e438fda64c4b2f9bc21565333a5,,Le document disponible sur le Géoportail de l'Urbanisme (GPU) n'a pu être analysé automatiquement. Il peut s'agir de document graphique uniquement par exemple. Rendez-vous sur le GPU pour le consulter.,False,,Document non analysable automatiquement,False,,
152,cb53ff1e1468d99042d1ce805369d7d2,,Le document disponible sur le Géoportail de l'Urbanisme (GPU) n'a pu être analysé automatiquement. Il peut s'agir de document graphique uniquement par exemple. Rendez-vous sur le GPU pour le consulter.,False,,Document non analysable automatiquement,False,,
153,62c5953428f2362691f4f2828ad6dbbb,,Le document disponible sur le Géoportail de l'Urbanisme (GPU) n'a pu être analysé automatiquement. Il peut s'agir de document graphique uniquement par exemple. Rendez-vous sur le GPU pour le consulter.,False,,Document non analysable automatiquement,False,,
154,265aebae7cf8d999b5cba7f4e02a24b6,,Le document disponible sur le Géoportail de l'Urbanisme (GPU) n'a pu être analysé automatiquement. Il peut s'agir de document graphique uniquement par exemple. Rendez-vous sur le GPU pour le consulter.,False,,Document non analysable automatiquement,False,,
155,e41a15352aa0b96dd48529c3e94e677f,,Le document disponible sur le Géoportail de l'Urbanisme (GPU) n'a pu être analysé automatiquement. Il peut s'agir de document graphique uniquement par exemple. Rendez-vous sur le GPU pour le consulter.,False,,Document non analysable automatiquement,False,,
156,61fa0c9c9c7b30bee404763de372a3b8,,Le document disponible sur le Géoportail de l'Urbanisme (GPU) n'a pu être analysé automatiquement. Il peut s'agir de document graphique uniquement par exemple. Rendez-vous sur le GPU pour le consulter.,False,,Document non analysable automatiquement,False,,
157,20a61be30f5ddb32c595001f8ac12cc9,,"Les documents d'urbanisme présents sur le territoire ne mentionnent pas de recommandations ou de prescriptions particulières relatives au bruit. Seul le plan d'exposition au bruit limite la constructibilité, et seul le classement sonore protège les habitants. Toutefois, l'autorité compétente en matière de permis de construire peut toujours s'appuyer sur l'article R.111-2 du code de l'urbanisme, qui stipule qu'un « projet peut être refusé ou n'être accepté que sous réserve (…) s'il est de nature à porter atteinte à la salubrité ou à la sécurité publique (…) ». Si votre projet présente un risque sonore fort ou extrême, rapprochez-vous de l'autorité compétente.",False,,Aucune prescription bruit spécifique,False,,
158,813f994f377516c2348dce42f32bca39,,"Les documents d'urbanisme présents sur le territoire ne mentionnent pas de recommandations ou de prescriptions particulières relatives au bruit. Seul le plan d'exposition au bruit limite la constructibilité, et seul le classement sonore protège les habitants. Toutefois, l'autorité compétente en matière de permis de construire peut toujours s'appuyer sur l'article R.111-2 du code de l'urbanisme, qui stipule qu'un « projet peut être refusé ou n'être accepté que sous réserve (…) s'il est de nature à porter atteinte à la salubrité ou à la sécurité publique (…) ». Si votre projet présente un risque sonore fort ou extrême, rapprochez-vous de l'autorité compétente.",False,,Aucune prescription bruit spécifique,False,,
159,f99c666b1a03a166c7d8e745bb895fe9,,"Les documents d'urbanisme présents sur le territoire ne mentionnent pas de recommandations ou de prescriptions particulières relatives au bruit. Seul le plan d'exposition au bruit limite la constructibilité, et seul le classement sonore protège les habitants. Toutefois, l'autorité compétente en matière de permis de construire peut toujours s'appuyer sur l'article R.111-2 du code de l'urbanisme, qui stipule qu'un « projet peut être refusé ou n'être accepté que sous réserve (…) s'il est de nature à porter atteinte à la salubrité ou à la sécurité publique (…) ». Si votre projet présente un risque sonore fort ou extrême, rapprochez-vous de l'autorité compétente.",False,,Aucune prescription bruit spécifique,False,,
160,fdc72623e276646f5d15a0627ebe2bee,,"Les documents d'urbanisme présents sur le territoire ne mentionnent pas de recommandations ou de prescriptions particulières relatives au bruit. Seul le plan d'exposition au bruit limite la constructibilité, et seul le classement sonore protège les habitants. Toutefois, l'autorité compétente en matière de permis de construire peut toujours s'appuyer sur l'article R.111-2 du code de l'urbanisme, qui stipule qu'un « projet peut être refusé ou n'être accepté que sous réserve (…) s'il est de nature à porter atteinte à la salubrité ou à la sécurité publique (…) ». Si votre projet présente un risque sonore fort ou extrême, rapprochez-vous de l'autorité compétente.",False,,Aucune prescription bruit spécifique,False,,
161,97f82206998e6053cdd813a283e12fa7,,"Les documents d'urbanisme présents sur le territoire ne mentionnent pas de recommandations ou de prescriptions particulières relatives au bruit. Seul le plan d'exposition au bruit limite la constructibilité, et seul le classement sonore protège les habitants. Toutefois, l'autorité compétente en matière de permis de construire peut toujours s'appuyer sur l'article R.111-2 du code de l'urbanisme, qui stipule qu'un « projet peut être refusé ou n'être accepté que sous réserve (…) s'il est de nature à porter atteinte à la salubrité ou à la sécurité publique (…) ». Si votre projet présente un risque sonore fort ou extrême, rapprochez-vous de l'autorité compétente.",False,,Aucune prescription bruit spécifique,False,,
162,916b975c09a5ae9e3b9a2efb5859303d,,"Les documents d'urbanisme présents sur le territoire ne mentionnent pas de recommandations ou de prescriptions particulières relatives au bruit. Seul le plan d'exposition au bruit limite la constructibilité, et seul le classement sonore protège les habitants. Toutefois, l'autorité compétente en matière de permis de construire peut toujours s'appuyer sur l'article R.111-2 du code de l'urbanisme, qui stipule qu'un « projet peut être refusé ou n'être accepté que sous réserve (…) s'il est de nature à porter atteinte à la salubrité ou à la sécurité publique (…) ». Si votre projet présente un risque sonore fort ou extrême, rapprochez-vous de l'autorité compétente.",False,,Aucune prescription bruit spécifique,False,,
163,d75c4bfff8833530a5df735561dca24c,,"Les documents d'urbanisme présents sur le territoire ne mentionnent pas de recommandations ou de prescriptions particulières relatives au bruit. Seul le plan d'exposition au bruit limite la constructibilité, et seul le classement sonore protège les habitants. Toutefois, l'autorité compétente en matière de permis de construire peut toujours s'appuyer sur l'article R.111-2 du code de l'urbanisme, qui stipule qu'un « projet peut être refusé ou n'être accepté que sous réserve (…) s'il est de nature à porter atteinte à la salubrité ou à la sécurité publique (…) ». Si votre projet présente un risque sonore fort ou extrême, rapprochez-vous de l'autorité compétente.",False,,Aucune prescription bruit spécifique,False,,
165,a13c1673dd3e753fb6e0466a75a29539,,"Les documents d'urbanisme présents sur le territoire ne mentionnent pas de recommandations ou de prescriptions particulières relatives au bruit. Seul le plan d'exposition au bruit limite la constructibilité, et seul le classement sonore protège les habitants. Toutefois, l'autorité compétente en matière de permis de construire peut toujours s'appuyer sur l'article R.111-2 du code de l'urbanisme, qui stipule qu'un « projet peut être refusé ou n'être accepté que sous réserve (…) s'il est de nature à porter atteinte à la salubrité ou à la sécurité publique (…) ». Si votre projet présente un risque sonore fort ou extrême, rapprochez-vous de l'autorité compétente.",False,,Aucune prescription bruit spécifique,False,,
166,43a432f0e5b50ad621c6d01bd8d9e8e2,,"Les documents d'urbanisme présents sur le territoire ne mentionnent pas de recommandations ou de prescriptions particulières relatives au bruit. Seul le plan d'exposition au bruit limite la constructibilité, et seul le classement sonore protège les habitants. Toutefois, l'autorité compétente en matière de permis de construire peut toujours s'appuyer sur l'article R.111-2 du code de l'urbanisme, qui stipule qu'un « projet peut être refusé ou n'être accepté que sous réserve (…) s'il est de nature à porter atteinte à la salubrité ou à la sécurité publique (…) ». Si votre projet présente un risque sonore fort ou extrême, rapprochez-vous de l'autorité compétente.",False,,Aucune prescription bruit spécifique,False,,
170,5f6131ac79d14ac08617c0cb7e1f9e89,,"Les documents d'urbanisme présents sur le territoire ne mentionnent pas de recommandations ou de prescriptions particulières relatives au bruit. Seul le plan d'exposition au bruit limite la constructibilité, et seul le classement sonore protège les habitants. Toutefois, l'autorité compétente en matière de permis de construire peut toujours s'appuyer sur l'article R.111-2 du code de l'urbanisme, qui stipule qu'un « projet peut être refusé ou n'être accepté que sous réserve (…) s'il est de nature à porter atteinte à la salubrité ou à la sécurité publique (…) ». Si votre projet présente un risque sonore fort ou extrême, rapprochez-vous de l'autorité compétente.",False,,Aucune prescription bruit spécifique,False,,
171,0f531a175b4d150cfcabcdfd7a7cb304,,"Les documents d'urbanisme présents sur le territoire ne mentionnent pas de recommandations ou de prescriptions particulières relatives au bruit. Seul le plan d'exposition au bruit limite la constructibilité, et seul le classement sonore protège les habitants. Toutefois, l'autorité compétente en matière de permis de construire peut toujours s'appuyer sur l'article R.111-2 du code de l'urbanisme, qui stipule qu'un « projet peut être refusé ou n'être accepté que sous réserve (…) s'il est de nature à porter atteinte à la salubrité ou à la sécurité publique (…) ». Si votre projet présente un risque sonore fort ou extrême, rapprochez-vous de l'autorité compétente.",False,,Aucune prescription bruit spécifique,False,,
172,52a7c80119aa99de78921616630187fa,,"Les documents d'urbanisme présents sur le territoire ne mentionnent pas de recommandations ou de prescriptions particulières relatives au bruit. Seul le plan d'exposition au bruit limite la constructibilité, et seul le classement sonore protège les habitants. Toutefois, l'autorité compétente en matière de permis de construire peut toujours s'appuyer sur l'article R.111-2 du code de l'urbanisme, qui stipule qu'un « projet peut être refusé ou n'être accepté que sous réserve (…) s'il est de nature à porter atteinte à la salubrité ou à la sécurité publique (…) ». Si votre projet présente un risque sonore fort ou extrême, rapprochez-vous de l'autorité compétente.",False,,Aucune prescription bruit spécifique,False,,
173,ec624f62847bd6a78218e46c026efad8,,"Les documents d'urbanisme présents sur le territoire ne mentionnent pas de recommandations ou de prescriptions particulières relatives au bruit. Seul le plan d'exposition au bruit limite la constructibilité, et seul le classement sonore protège les habitants. Toutefois, l'autorité compétente en matière de permis de construire peut toujours s'appuyer sur l'article R.111-2 du code de l'urbanisme, qui stipule qu'un « projet peut être refusé ou n'être accepté que sous réserve (…) s'il est de nature à porter atteinte à la salubrité ou à la sécurité publique (…) ». Si votre projet présente un risque sonore fort ou extrême, rapprochez-vous de l'autorité compétente.",False,,Aucune prescription bruit spécifique,False,,
174,d71b3839404100b88dafa21060814bcd,,"Les documents d'urbanisme présents sur le territoire ne mentionnent pas de recommandations ou de prescriptions particulières relatives au bruit. Seul le plan d'exposition au bruit limite la constructibilité, et seul le classement sonore protège les habitants. Toutefois, l'autorité compétente en matière de permis de construire peut toujours s'appuyer sur l'article R.111-2 du code de l'urbanisme, qui stipule qu'un « projet peut être refusé ou n'être accepté que sous réserve (…) s'il est de nature à porter atteinte à la salubrité ou à la sécurité publique (…) ». Si votre projet présente un risque sonore fort ou extrême, rapprochez-vous de l'autorité compétente.",False,,Aucune prescription bruit spécifique,False,,
179,a914aaf88eb6760a8930bfce72a0b0c7,,"Les documents d'urbanisme présents sur le territoire ne mentionnent pas de recommandations ou de prescriptions particulières relatives au bruit. Seul le plan d'exposition au bruit limite la constructibilité, et seul le classement sonore protège les habitants. Toutefois, l'autorité compétente en matière de permis de construire peut toujours s'appuyer sur l'article R.111-2 du code de l'urbanisme, qui stipule qu'un « projet peut être refusé ou n'être accepté que sous réserve (…) s'il est de nature à porter atteinte à la salubrité ou à la sécurité publique (…) ». Si votre projet présente un risque sonore fort ou extrême, rapprochez-vous de l'autorité compétente.",False,,Aucune prescription bruit spécifique,False,,
180,4d645e5c1f646b15acfb7bfa668fb181,,"Les documents d'urbanisme présents sur le territoire ne mentionnent pas de recommandations ou de prescriptions particulières relatives au bruit. Seul le plan d'exposition au bruit limite la constructibilité, et seul le classement sonore protège les habitants. Toutefois, l'autorité compétente en matière de permis de construire peut toujours s'appuyer sur l'article R.111-2 du code de l'urbanisme, qui stipule qu'un « projet peut être refusé ou n'être accepté que sous réserve (…) s'il est de nature à porter atteinte à la salubrité ou à la sécurité publique (…) ». Si votre projet présente un risque sonore fort ou extrême, rapprochez-vous de l'autorité compétente.",False,,Aucune prescription bruit spécifique,False,,
181,c36b24e8099cdd81f6a3f59d4c7a05ae,,"Les documents d'urbanisme présents sur le territoire ne mentionnent pas de recommandations ou de prescriptions particulières relatives au bruit. Seul le plan d'exposition au bruit limite la constructibilité, et seul le classement sonore protège les habitants. Toutefois, l'autorité compétente en matière de permis de construire peut toujours s'appuyer sur l'article R.111-2 du code de l'urbanisme, qui stipule qu'un « projet peut être refusé ou n'être accepté que sous réserve (…) s'il est de nature à porter atteinte à la salubrité ou à la sécurité publique (…) ». Si votre projet présente un risque sonore fort ou extrême, rapprochez-vous de l'autorité compétente.",False,,Aucune prescription bruit spécifique,False,,
183,11f9934632fec3c03325e420a0237cd7,,"Les documents d'urbanisme présents sur le territoire ne mentionnent pas de recommandations ou de prescriptions particulières relatives au bruit. Seul le plan d'exposition au bruit limite la constructibilité, et seul le classement sonore protège les habitants. Toutefois, l'autorité compétente en matière de permis de construire peut toujours s'appuyer sur l'article R.111-2 du code de l'urbanisme, qui stipule qu'un « projet peut être refusé ou n'être accepté que sous réserve (…) s'il est de nature à porter atteinte à la salubrité ou à la sécurité publique (…) ». Si votre projet présente un risque sonore fort ou extrême, rapprochez-vous de l'autorité compétente.",False,,Aucune prescription bruit spécifique,False,,
184,0fa5521e8d6c848b26e31a13cae992c1,,"Les documents d'urbanisme présents sur le territoire ne mentionnent pas de recommandations ou de prescriptions particulières relatives au bruit. Seul le plan d'exposition au bruit limite la constructibilité, et seul le classement sonore protège les habitants. Toutefois, l'autorité compétente en matière de permis de construire peut toujours s'appuyer sur l'article R.111-2 du code de l'urbanisme, qui stipule qu'un « projet peut être refusé ou n'être accepté que sous réserve (…) s'il est de nature à porter atteinte à la salubrité ou à la sécurité publique (…) ». Si votre projet présente un risque sonore fort ou extrême, rapprochez-vous de l'autorité compétente.",False,,Aucune prescription bruit spécifique,False,,
185,a9bbdf43bf011015765405b8abff2a14,,"Les documents d'urbanisme présents sur le territoire ne mentionnent pas de recommandations ou de prescriptions particulières relatives au bruit. Seul le plan d'exposition au bruit limite la constructibilité, et seul le classement sonore protège les habitants. Toutefois, l'autorité compétente en matière de permis de construire peut toujours s'appuyer sur l'article R.111-2 du code de l'urbanisme, qui stipule qu'un « projet peut être refusé ou n'être accepté que sous réserve (…) s'il est de nature à porter atteinte à la salubrité ou à la sécurité publique (…) ». Si votre projet présente un risque sonore fort ou extrême, rapprochez-vous de l'autorité compétente.",False,,Aucune prescription bruit spécifique,False,,
186,f34ac9ef79e7251a3a8526b438fe60c1,,"Les documents d'urbanisme présents sur le territoire ne mentionnent pas de recommandations ou de prescriptions particulières relatives au bruit. Seul le plan d'exposition au bruit limite la constructibilité, et seul le classement sonore protège les habitants. Toutefois, l'autorité compétente en matière de permis de construire peut toujours s'appuyer sur l'article R.111-2 du code de l'urbanisme, qui stipule qu'un « projet peut être refusé ou n'être accepté que sous réserve (…) s'il est de nature à porter atteinte à la salubrité ou à la sécurité publique (…) ». Si votre projet présente un risque sonore fort ou extrême, rapprochez-vous de l'autorité compétente.",False,,Aucune prescription bruit spécifique,False,,
187,9659c684b42ce239c179221fe217486e,,"Les documents d'urbanisme présents sur le territoire ne mentionnent pas de recommandations ou de prescriptions particulières relatives au bruit. Seul le plan d'exposition au bruit limite la constructibilité, et seul le classement sonore protège les habitants. Toutefois, l'autorité compétente en matière de permis de construire peut toujours s'appuyer sur l'article R.111-2 du code de l'urbanisme, qui stipule qu'un « projet peut être refusé ou n'être accepté que sous réserve (…) s'il est de nature à porter atteinte à la salubrité ou à la sécurité publique (…) ». Si votre projet présente un risque sonore fort ou extrême, rapprochez-vous de l'autorité compétente.",False,,Aucune prescription bruit spécifique,False,,
188,dd7f71c81d64c5a110fd0eeaf2680f78,,"Les documents d'urbanisme présents sur le territoire ne mentionnent pas de recommandations ou de prescriptions particulières relatives au bruit. Seul le plan d'exposition au bruit limite la constructibilité, et seul le classement sonore protège les habitants. Toutefois, l'autorité compétente en matière de permis de construire peut toujours s'appuyer sur l'article R.111-2 du code de l'urbanisme, qui stipule qu'un « projet peut être refusé ou n'être accepté que sous réserve (…) s'il est de nature à porter atteinte à la salubrité ou à la sécurité publique (…) ». Si votre projet présente un risque sonore fort ou extrême, rapprochez-vous de l'autorité compétente.",False,,Aucune prescription bruit spécifique,False,,
189,b2ff4834e7566ea92ff6ba64783a38b9,,"Les documents d'urbanisme présents sur le territoire ne mentionnent pas de recommandations ou de prescriptions particulières relatives au bruit. Seul le plan d'exposition au bruit limite la constructibilité, et seul le classement sonore protège les habitants. Toutefois, l'autorité compétente en matière de permis de construire peut toujours s'appuyer sur l'article R.111-2 du code de l'urbanisme, qui stipule qu'un « projet peut être refusé ou n'être accepté que sous réserve (…) s'il est de nature à porter atteinte à la salubrité ou à la sécurité publique (…) ». Si votre projet présente un risque sonore fort ou extrême, rapprochez-vous de l'autorité compétente.",False,,Aucune prescription bruit spécifique,False,,
190,fc6221b63e5f08278b404450a8d9ee72,,"Les documents d'urbanisme présents sur le territoire ne mentionnent pas de recommandations ou de prescriptions particulières relatives au bruit. Seul le plan d'exposition au bruit limite la constructibilité, et seul le classement sonore protège les habitants. Toutefois, l'autorité compétente en matière de permis de construire peut toujours s'appuyer sur l'article R.111-2 du code de l'urbanisme, qui stipule qu'un « projet peut être refusé ou n'être accepté que sous réserve (…) s'il est de nature à porter atteinte à la salubrité ou à la sécurité publique (…) ». Si votre projet présente un risque sonore fort ou extrême, rapprochez-vous de l'autorité compétente.",False,,Aucune prescription bruit spécifique,False,,
191,a39d43a19acccad27036f3a09c82b354,,"Les documents d'urbanisme présents sur le territoire ne mentionnent pas de recommandations ou de prescriptions particulières relatives au bruit. Seul le plan d'exposition au bruit limite la constructibilité, et seul le classement sonore protège les habitants. Toutefois, l'autorité compétente en matière de permis de construire peut toujours s'appuyer sur l'article R.111-2 du code de l'urbanisme, qui stipule qu'un « projet peut être refusé ou n'être accepté que sous réserve (…) s'il est de nature à porter atteinte à la salubrité ou à la sécurité publique (…) ». Si votre projet présente un risque sonore fort ou extrême, rapprochez-vous de l'autorité compétente.",False,,Aucune prescription bruit spécifique,False,,
192,12698d5bb8b9e934adf7daff50eef625,,"Les documents d'urbanisme présents sur le territoire ne mentionnent pas de recommandations ou de prescriptions particulières relatives au bruit. Seul le plan d'exposition au bruit limite la constructibilité, et seul le classement sonore protège les habitants. Toutefois, l'autorité compétente en matière de permis de construire peut toujours s'appuyer sur l'article R.111-2 du code de l'urbanisme, qui stipule qu'un « projet peut être refusé ou n'être accepté que sous réserve (…) s'il est de nature à porter atteinte à la salubrité ou à la sécurité publique (…) ». Si votre projet présente un risque sonore fort ou extrême, rapprochez-vous de l'autorité compétente.",False,,Aucune prescription bruit spécifique,False,,
202,3d7cbfa12357702dc77481a7e26719f4,,"Les documents d'urbanisme présents sur le territoire ne mentionnent pas de recommandations ou de prescriptions particulières relatives au bruit. Seul le plan d'exposition au bruit limite la constructibilité, et seul le classement sonore protège les habitants. Toutefois, l'autorité compétente en matière de permis de construire peut toujours s'appuyer sur l'article R.111-2 du code de l'urbanisme, qui stipule qu'un « projet peut être refusé ou n'être accepté que sous réserve (…) s'il est de nature à porter atteinte à la salubrité ou à la sécurité publique (…) ». Si votre projet présente un risque sonore fort ou extrême, rapprochez-vous de l'autorité compétente.",False,,Aucune prescription bruit spécifique,False,,
203,f1062fdc3db934aa3440508de0c5f133,,"Les documents d'urbanisme présents sur le territoire ne mentionnent pas de recommandations ou de prescriptions particulières relatives au bruit. Seul le plan d'exposition au bruit limite la constructibilité, et seul le classement sonore protège les habitants. Toutefois, l'autorité compétente en matière de permis de construire peut toujours s'appuyer sur l'article R.111-2 du code de l'urbanisme, qui stipule qu'un « projet peut être refusé ou n'être accepté que sous réserve (…) s'il est de nature à porter atteinte à la salubrité ou à la sécurité publique (…) ». Si votre projet présente un risque sonore fort ou extrême, rapprochez-vous de l'autorité compétente.",False,,Aucune prescription bruit spécifique,False,,
204,1575c6d1cade47b0d2c362eea629042e,,"Les documents d'urbanisme présents sur le territoire ne mentionnent pas de recommandations ou de prescriptions particulières relatives au bruit. Seul le plan d'exposition au bruit limite la constructibilité, et seul le classement sonore protège les habitants. Toutefois, l'autorité compétente en matière de permis de construire peut toujours s'appuyer sur l'article R.111-2 du code de l'urbanisme, qui stipule qu'un « projet peut être refusé ou n'être accepté que sous réserve (…) s'il est de nature à porter atteinte à la salubrité ou à la sécurité publique (…) ». Si votre projet présente un risque sonore fort ou extrême, rapprochez-vous de l'autorité compétente.",False,,Aucune prescription bruit spécifique,False,,
206,bac30244fee876d81b11b1103b86dddc,,"Les documents d'urbanisme présents sur le territoire ne mentionnent pas de recommandations ou de prescriptions particulières relatives au bruit. Seul le plan d'exposition au bruit limite la constructibilité, et seul le classement sonore protège les habitants. Toutefois, l'autorité compétente en matière de permis de construire peut toujours s'appuyer sur l'article R.111-2 du code de l'urbanisme, qui stipule qu'un « projet peut être refusé ou n'être accepté que sous réserve (…) s'il est de nature à porter atteinte à la salubrité ou à la sécurité publique (…) ». Si votre projet présente un risque sonore fort ou extrême, rapprochez-vous de l'autorité compétente.",False,,Aucune prescription bruit spécifique,False,,
207,c061be10895aa90b36a60d7127fa24f0,,"Les documents d'urbanisme présents sur le territoire ne mentionnent pas de recommandations ou de prescriptions particulières relatives au bruit. Seul le plan d'exposition au bruit limite la constructibilité, et seul le classement sonore protège les habitants. Toutefois, l'autorité compétente en matière de permis de construire peut toujours s'appuyer sur l'article R.111-2 du code de l'urbanisme, qui stipule qu'un « projet peut être refusé ou n'être accepté que sous réserve (…) s'il est de nature à porter atteinte à la salubrité ou à la sécurité publique (…) ». Si votre projet présente un risque sonore fort ou extrême, rapprochez-vous de l'autorité compétente.",False,,Aucune prescription bruit spécifique,False,,
208,1dc2c1cd430a77da5b529fa65edf5a1f,,"Les documents d'urbanisme présents sur le territoire ne mentionnent pas de recommandations ou de prescriptions particulières relatives au bruit. Seul le plan d'exposition au bruit limite la constructibilité, et seul le classement sonore protège les habitants. Toutefois, l'autorité compétente en matière de permis de construire peut toujours s'appuyer sur l'article R.111-2 du code de l'urbanisme, qui stipule qu'un « projet peut être refusé ou n'être accepté que sous réserve (…) s'il est de nature à porter atteinte à la salubrité ou à la sécurité publique (…) ». Si votre projet présente un risque sonore fort ou extrême, rapprochez-vous de l'autorité compétente.",False,,Aucune prescription bruit spécifique,False,,
209,04a34ffb72087d96326c513ae52dc0d2,,"Les documents d'urbanisme présents sur le territoire ne mentionnent pas de recommandations ou de prescriptions particulières relatives au bruit. Seul le plan d'exposition au bruit limite la constructibilité, et seul le classement sonore protège les habitants. Toutefois, l'autorité compétente en matière de permis de construire peut toujours s'appuyer sur l'article R.111-2 du code de l'urbanisme, qui stipule qu'un « projet peut être refusé ou n'être accepté que sous réserve (…) s'il est de nature à porter atteinte à la salubrité ou à la sécurité publique (…) ». Si votre projet présente un risque sonore fort ou extrême, rapprochez-vous de l'autorité compétente.",False,,Aucune prescription bruit spécifique,False,,
212,17cd7286dfcae35b7438498a09358adf,,"Les documents d'urbanisme présents sur le territoire ne mentionnent pas de recommandations ou de prescriptions particulières relatives au bruit. Seul le plan d'exposition au bruit limite la constructibilité, et seul le classement sonore protège les habitants. Toutefois, l'autorité compétente en matière de permis de construire peut toujours s'appuyer sur l'article R.111-2 du code de l'urbanisme, qui stipule qu'un « projet peut être refusé ou n'être accepté que sous réserve (…) s'il est de nature à porter atteinte à la salubrité ou à la sécurité publique (…) ». Si votre projet présente un risque sonore fort ou extrême, rapprochez-vous de l'autorité compétente.",False,,Aucune prescription bruit spécifique,False,,
218,d3aa9b769f860d2eb137337e980def1d,,"Les documents d'urbanisme présents sur le territoire ne mentionnent pas de recommandations ou de prescriptions particulières relatives au bruit. Seul le plan d'exposition au bruit limite la constructibilité, et seul le classement sonore protège les habitants. Toutefois, l'autorité compétente en matière de permis de construire peut toujours s'appuyer sur l'article R.111-2 du code de l'urbanisme, qui stipule qu'un « projet peut être refusé ou n'être accepté que sous réserve (…) s'il est de nature à porter atteinte à la salubrité ou à la sécurité publique (…) ». Si votre projet présente un risque sonore fort ou extrême, rapprochez-vous de l'autorité compétente.",False,,Aucune prescription bruit spécifique,False,,
222,d161b780c866c1c390f3d420efb8e48f,,"Les documents d'urbanisme présents sur le territoire ne mentionnent pas de recommandations ou de prescriptions particulières relatives au bruit. Seul le plan d'exposition au bruit limite la constructibilité, et seul le classement sonore protège les habitants. Toutefois, l'autorité compétente en matière de permis de construire peut toujours s'appuyer sur l'article R.111-2 du code de l'urbanisme, qui stipule qu'un « projet peut être refusé ou n'être accepté que sous réserve (…) s'il est de nature à porter atteinte à la salubrité ou à la sécurité publique (…) ». Si votre projet présente un risque sonore fort ou extrême, rapprochez-vous de l'autorité compétente.",False,,Aucune prescription bruit spécifique,False,,
225,3a36cdc19d5e9f5776a864d1cfc09e54,,"Les documents d'urbanisme présents sur le territoire ne mentionnent pas de recommandations ou de prescriptions particulières relatives au bruit. Seul le plan d'exposition au bruit limite la constructibilité, et seul le classement sonore protège les habitants. Toutefois, l'autorité compétente en matière de permis de construire peut toujours s'appuyer sur l'article R.111-2 du code de l'urbanisme, qui stipule qu'un « projet peut être refusé ou n'être accepté que sous réserve (…) s'il est de nature à porter atteinte à la salubrité ou à la sécurité publique (…) ». Si votre projet présente un risque sonore fort ou extrême, rapprochez-vous de l'autorité compétente.",False,,Aucune prescription bruit spécifique,False,,
226,17ea7c671fae36cad3dfe829cabe8989,,"Les documents d'urbanisme présents sur le territoire ne mentionnent pas de recommandations ou de prescriptions particulières relatives au bruit. Seul le plan d'exposition au bruit limite la constructibilité, et seul le classement sonore protège les habitants. Toutefois, l'autorité compétente en matière de permis de construire peut toujours s'appuyer sur l'article R.111-2 du code de l'urbanisme, qui stipule qu'un « projet peut être refusé ou n'être accepté que sous réserve (…) s'il est de nature à porter atteinte à la salubrité ou à la sécurité publique (…) ». Si votre projet présente un risque sonore fort ou extrême, rapprochez-vous de l'autorité compétente.",False,,Aucune prescription bruit spécifique,False,,
227,e8505c9b21a7672bf4fe62e4baae6541,,"Les documents d'urbanisme présents sur le territoire ne mentionnent pas de recommandations ou de prescriptions particulières relatives au bruit. Seul le plan d'exposition au bruit limite la constructibilité, et seul le classement sonore protège les habitants. Toutefois, l'autorité compétente en matière de permis de construire peut toujours s'appuyer sur l'article R.111-2 du code de l'urbanisme, qui stipule qu'un « projet peut être refusé ou n'être accepté que sous réserve (…) s'il est de nature à porter atteinte à la salubrité ou à la sécurité publique (…) ». Si votre projet présente un risque sonore fort ou extrême, rapprochez-vous de l'autorité compétente.",False,,Aucune prescription bruit spécifique,False,,
228,2c99b98333df5e6daa4fab9472eb8f0a,,"Les documents d'urbanisme présents sur le territoire ne mentionnent pas de recommandations ou de prescriptions particulières relatives au bruit. Seul le plan d'exposition au bruit limite la constructibilité, et seul le classement sonore protège les habitants. Toutefois, l'autorité compétente en matière de permis de construire peut toujours s'appuyer sur l'article R.111-2 du code de l'urbanisme, qui stipule qu'un « projet peut être refusé ou n'être accepté que sous réserve (…) s'il est de nature à porter atteinte à la salubrité ou à la sécurité publique (…) ». Si votre projet présente un risque sonore fort ou extrême, rapprochez-vous de l'autorité compétente.",False,,Aucune prescription bruit spécifique,False,,
229,db53fa8a615ab6ceab2b51a8653c545c,,"Les documents d'urbanisme présents sur le territoire ne mentionnent pas de recommandations ou de prescriptions particulières relatives au bruit. Seul le plan d'exposition au bruit limite la constructibilité, et seul le classement sonore protège les habitants. Toutefois, l'autorité compétente en matière de permis de construire peut toujours s'appuyer sur l'article R.111-2 du code de l'urbanisme, qui stipule qu'un « projet peut être refusé ou n'être accepté que sous réserve (…) s'il est de nature à porter atteinte à la salubrité ou à la sécurité publique (…) ». Si votre projet présente un risque sonore fort ou extrême, rapprochez-vous de l'autorité compétente.",False,,Aucune prescription bruit spécifique,False,,
230,402e585250d20814137c2c9db5f5529a,,"Les documents d'urbanisme présents sur le territoire ne mentionnent pas de recommandations ou de prescriptions particulières relatives au bruit. Seul le plan d'exposition au bruit limite la constructibilité, et seul le classement sonore protège les habitants. Toutefois, l'autorité compétente en matière de permis de construire peut toujours s'appuyer sur l'article R.111-2 du code de l'urbanisme, qui stipule qu'un « projet peut être refusé ou n'être accepté que sous réserve (…) s'il est de nature à porter atteinte à la salubrité ou à la sécurité publique (…) ». Si votre projet présente un risque sonore fort ou extrême, rapprochez-vous de l'autorité compétente.",False,,Aucune prescription bruit spécifique,False,,
231,64d0b4127ea42b9de62a1e7ea87e5b22,,"Les documents d'urbanisme présents sur le territoire ne mentionnent pas de recommandations ou de prescriptions particulières relatives au bruit. Seul le plan d'exposition au bruit limite la constructibilité, et seul le classement sonore protège les habitants. Toutefois, l'autorité compétente en matière de permis de construire peut toujours s'appuyer sur l'article R.111-2 du code de l'urbanisme, qui stipule qu'un « projet peut être refusé ou n'être accepté que sous réserve (…) s'il est de nature à porter atteinte à la salubrité ou à la sécurité publique (…) ». Si votre projet présente un risque sonore fort ou extrême, rapprochez-vous de l'autorité compétente.",False,,Aucune prescription bruit spécifique,False,,
232,58f0265aacb541d67e1eb088d94c3b33,,"Les documents d'urbanisme présents sur le territoire ne mentionnent pas de recommandations ou de prescriptions particulières relatives au bruit. Seul le plan d'exposition au bruit limite la constructibilité, et seul le classement sonore protège les habitants. Toutefois, l'autorité compétente en matière de permis de construire peut toujours s'appuyer sur l'article R.111-2 du code de l'urbanisme, qui stipule qu'un « projet peut être refusé ou n'être accepté que sous réserve (…) s'il est de nature à porter atteinte à la salubrité ou à la sécurité publique (…) ». Si votre projet présente un risque sonore fort ou extrême, rapprochez-vous de l'autorité compétente.",False,,Aucune prescription bruit spécifique,False,,
233,3b6464195e71f5bd0a3be8afedaf43be,,"Les documents d'urbanisme présents sur le territoire ne mentionnent pas de recommandations ou de prescriptions particulières relatives au bruit. Seul le plan d'exposition au bruit limite la constructibilité, et seul le classement sonore protège les habitants. Toutefois, l'autorité compétente en matière de permis de construire peut toujours s'appuyer sur l'article R.111-2 du code de l'urbanisme, qui stipule qu'un « projet peut être refusé ou n'être accepté que sous réserve (…) s'il est de nature à porter atteinte à la salubrité ou à la sécurité publique (…) ». Si votre projet présente un risque sonore fort ou extrême, rapprochez-vous de l'autorité compétente.",False,,Aucune prescription bruit spécifique,False,,
234,31f78291a0bb24644dca69484d482c4f,,"Les documents d'urbanisme présents sur le territoire ne mentionnent pas de recommandations ou de prescriptions particulières relatives au bruit. Seul le plan d'exposition au bruit limite la constructibilité, et seul le classement sonore protège les habitants. Toutefois, l'autorité compétente en matière de permis de construire peut toujours s'appuyer sur l'article R.111-2 du code de l'urbanisme, qui stipule qu'un « projet peut être refusé ou n'être accepté que sous réserve (…) s'il est de nature à porter atteinte à la salubrité ou à la sécurité publique (…) ». Si votre projet présente un risque sonore fort ou extrême, rapprochez-vous de l'autorité compétente.",False,,Aucune prescription bruit spécifique,False,,
235,e24d5b7bfc109965942a09a4f9e01760,,"Les documents d'urbanisme présents sur le territoire ne mentionnent pas de recommandations ou de prescriptions particulières relatives au bruit. Seul le plan d'exposition au bruit limite la constructibilité, et seul le classement sonore protège les habitants. Toutefois, l'autorité compétente en matière de permis de construire peut toujours s'appuyer sur l'article R.111-2 du code de l'urbanisme, qui stipule qu'un « projet peut être refusé ou n'être accepté que sous réserve (…) s'il est de nature à porter atteinte à la salubrité ou à la sécurité publique (…) ». Si votre projet présente un risque sonore fort ou extrême, rapprochez-vous de l'autorité compétente.",False,,Aucune prescription bruit spécifique,False,,
239,16e0b404bc7bf3ab4a801444cb15281f,,"Les documents d'urbanisme présents sur le territoire ne mentionnent pas de recommandations ou de prescriptions particulières relatives au bruit. Seul le plan d'exposition au bruit limite la constructibilité, et seul le classement sonore protège les habitants. Toutefois, l'autorité compétente en matière de permis de construire peut toujours s'appuyer sur l'article R.111-2 du code de l'urbanisme, qui stipule qu'un « projet peut être refusé ou n'être accepté que sous réserve (…) s'il est de nature à porter atteinte à la salubrité ou à la sécurité publique (…) ». Si votre projet présente un risque sonore fort ou extrême, rapprochez-vous de l'autorité compétente.",False,,Aucune prescription bruit spécifique,False,,
240,82f72a525a374f3b60f983d690608854,,"Les documents d'urbanisme présents sur le territoire ne mentionnent pas de recommandations ou de prescriptions particulières relatives au bruit. Seul le plan d'exposition au bruit limite la constructibilité, et seul le classement sonore protège les habitants. Toutefois, l'autorité compétente en matière de permis de construire peut toujours s'appuyer sur l'article R.111-2 du code de l'urbanisme, qui stipule qu'un « projet peut être refusé ou n'être accepté que sous réserve (…) s'il est de nature à porter atteinte à la salubrité ou à la sécurité publique (…) ». Si votre projet présente un risque sonore fort ou extrême, rapprochez-vous de l'autorité compétente.",False,,Aucune prescription bruit spécifique,False,,
241,5608d7490898dd51cae4466a03a53dc4,,"Les documents d'urbanisme présents sur le territoire ne mentionnent pas de recommandations ou de prescriptions particulières relatives au bruit. Seul le plan d'exposition au bruit limite la constructibilité, et seul le classement sonore protège les habitants. Toutefois, l'autorité compétente en matière de permis de construire peut toujours s'appuyer sur l'article R.111-2 du code de l'urbanisme, qui stipule qu'un « projet peut être refusé ou n'être accepté que sous réserve (…) s'il est de nature à porter atteinte à la salubrité ou à la sécurité publique (…) ». Si votre projet présente un risque sonore fort ou extrême, rapprochez-vous de l'autorité compétente.",False,,Aucune prescription bruit spécifique,False,,
242,ebd7767a1bbed1e10afd1cfc704d1784,,"Les documents d'urbanisme présents sur le territoire ne mentionnent pas de recommandations ou de prescriptions particulières relatives au bruit. Seul le plan d'exposition au bruit limite la constructibilité, et seul le classement sonore protège les habitants. Toutefois, l'autorité compétente en matière de permis de construire peut toujours s'appuyer sur l'article R.111-2 du code de l'urbanisme, qui stipule qu'un « projet peut être refusé ou n'être accepté que sous réserve (…) s'il est de nature à porter atteinte à la salubrité ou à la sécurité publique (…) ». Si votre projet présente un risque sonore fort ou extrême, rapprochez-vous de l'autorité compétente.",False,,Aucune prescription bruit spécifique,False,,
243,bce6875707d6b004c7458a6eb6e9eb51,,"Les documents d'urbanisme présents sur le territoire ne mentionnent pas de recommandations ou de prescriptions particulières relatives au bruit. Seul le plan d'exposition au bruit limite la constructibilité, et seul le classement sonore protège les habitants. Toutefois, l'autorité compétente en matière de permis de construire peut toujours s'appuyer sur l'article R.111-2 du code de l'urbanisme, qui stipule qu'un « projet peut être refusé ou n'être accepté que sous réserve (…) s'il est de nature à porter atteinte à la salubrité ou à la sécurité publique (…) ». Si votre projet présente un risque sonore fort ou extrême, rapprochez-vous de l'autorité compétente.",False,,Aucune prescription bruit spécifique,False,,
244,548c5cb943267914422c568633fdab33,,"Les documents d'urbanisme présents sur le territoire ne mentionnent pas de recommandations ou de prescriptions particulières relatives au bruit. Seul le plan d'exposition au bruit limite la constructibilité, et seul le classement sonore protège les habitants. Toutefois, l'autorité compétente en matière de permis de construire peut toujours s'appuyer sur l'article R.111-2 du code de l'urbanisme, qui stipule qu'un « projet peut être refusé ou n'être accepté que sous réserve (…) s'il est de nature à porter atteinte à la salubrité ou à la sécurité publique (…) ». Si votre projet présente un risque sonore fort ou extrême, rapprochez-vous de l'autorité compétente.",False,,Aucune prescription bruit spécifique,False,,
245,fd419c1717ad13a6650f74fad3883435,,"Les documents d'urbanisme présents sur le territoire ne mentionnent pas de recommandations ou de prescriptions particulières relatives au bruit. Seul le plan d'exposition au bruit limite la constructibilité, et seul le classement sonore protège les habitants. Toutefois, l'autorité compétente en matière de permis de construire peut toujours s'appuyer sur l'article R.111-2 du code de l'urbanisme, qui stipule qu'un « projet peut être refusé ou n'être accepté que sous réserve (…) s'il est de nature à porter atteinte à la salubrité ou à la sécurité publique (…) ». Si votre projet présente un risque sonore fort ou extrême, rapprochez-vous de l'autorité compétente.",False,,Aucune prescription bruit spécifique,False,,
246,07018dc02428aa20b32aad3b37241eb6,,"Les documents d'urbanisme présents sur le territoire ne mentionnent pas de recommandations ou de prescriptions particulières relatives au bruit. Seul le plan d'exposition au bruit limite la constructibilité, et seul le classement sonore protège les habitants. Toutefois, l'autorité compétente en matière de permis de construire peut toujours s'appuyer sur l'article R.111-2 du code de l'urbanisme, qui stipule qu'un « projet peut être refusé ou n'être accepté que sous réserve (…) s'il est de nature à porter atteinte à la salubrité ou à la sécurité publique (…) ». Si votre projet présente un risque sonore fort ou extrême, rapprochez-vous de l'autorité compétente.",False,,Aucune prescription bruit spécifique,False,,
247,ec055b21f1e1c44724b7e03c7123129b,,"Les documents d'urbanisme présents sur le territoire ne mentionnent pas de recommandations ou de prescriptions particulières relatives au bruit. Seul le plan d'exposition au bruit limite la constructibilité, et seul le classement sonore protège les habitants. Toutefois, l'autorité compétente en matière de permis de construire peut toujours s'appuyer sur l'article R.111-2 du code de l'urbanisme, qui stipule qu'un « projet peut être refusé ou n'être accepté que sous réserve (…) s'il est de nature à porter atteinte à la salubrité ou à la sécurité publique (…) ». Si votre projet présente un risque sonore fort ou extrême, rapprochez-vous de l'autorité compétente.",False,,Aucune prescription bruit spécifique,False,,
248,dea866c46a22716ab9d17f611eb7a7d4,,"Les documents d'urbanisme présents sur le territoire ne mentionnent pas de recommandations ou de prescriptions particulières relatives au bruit. Seul le plan d'exposition au bruit limite la constructibilité, et seul le classement sonore protège les habitants. Toutefois, l'autorité compétente en matière de permis de construire peut toujours s'appuyer sur l'article R.111-2 du code de l'urbanisme, qui stipule qu'un « projet peut être refusé ou n'être accepté que sous réserve (…) s'il est de nature à porter atteinte à la salubrité ou à la sécurité publique (…) ». Si votre projet présente un risque sonore fort ou extrême, rapprochez-vous de l'autorité compétente.",False,,Aucune prescription bruit spécifique,False,,
250,52c5d95532a99b5b37fbb562bcd48674,,"Les documents d'urbanisme présents sur le territoire ne mentionnent pas de recommandations ou de prescriptions particulières relatives au bruit. Seul le plan d'exposition au bruit limite la constructibilité, et seul le classement sonore protège les habitants. Toutefois, l'autorité compétente en matière de permis de construire peut toujours s'appuyer sur l'article R.111-2 du code de l'urbanisme, qui stipule qu'un « projet peut être refusé ou n'être accepté que sous réserve (…) s'il est de nature à porter atteinte à la salubrité ou à la sécurité publique (…) ». Si votre projet présente un risque sonore fort ou extrême, rapprochez-vous de l'autorité compétente.",False,,Aucune prescription bruit spécifique,False,,
251,9a0a52b71cbf951553a3f2b986718b7d,,"Les documents d'urbanisme présents sur le territoire ne mentionnent pas de recommandations ou de prescriptions particulières relatives au bruit. Seul le plan d'exposition au bruit limite la constructibilité, et seul le classement sonore protège les habitants. Toutefois, l'autorité compétente en matière de permis de construire peut toujours s'appuyer sur l'article R.111-2 du code de l'urbanisme, qui stipule qu'un « projet peut être refusé ou n'être accepté que sous réserve (…) s'il est de nature à porter atteinte à la salubrité ou à la sécurité publique (…) ». Si votre projet présente un risque sonore fort ou extrême, rapprochez-vous de l'autorité compétente.",False,,Aucune prescription bruit spécifique,False,,
252,e3fe0bfab4510a97f9895311d39df774,,"Les documents d'urbanisme présents sur le territoire ne mentionnent pas de recommandations ou de prescriptions particulières relatives au bruit. Seul le plan d'exposition au bruit limite la constructibilité, et seul le classement sonore protège les habitants. Toutefois, l'autorité compétente en matière de permis de construire peut toujours s'appuyer sur l'article R.111-2 du code de l'urbanisme, qui stipule qu'un « projet peut être refusé ou n'être accepté que sous réserve (…) s'il est de nature à porter atteinte à la salubrité ou à la sécurité publique (…) ». Si votre projet présente un risque sonore fort ou extrême, rapprochez-vous de l'autorité compétente.",False,,Aucune prescription bruit spécifique,False,,
253,367b738386dd46d1c0dc10f9e1dd1d8f,,"Les documents d'urbanisme présents sur le territoire ne mentionnent pas de recommandations ou de prescriptions particulières relatives au bruit. Seul le plan d'exposition au bruit limite la constructibilité, et seul le classement sonore protège les habitants. Toutefois, l'autorité compétente en matière de permis de construire peut toujours s'appuyer sur l'article R.111-2 du code de l'urbanisme, qui stipule qu'un « projet peut être refusé ou n'être accepté que sous réserve (…) s'il est de nature à porter atteinte à la salubrité ou à la sécurité publique (…) ». Si votre projet présente un risque sonore fort ou extrême, rapprochez-vous de l'autorité compétente.",False,,Aucune prescription bruit spécifique,False,,
254,c1efdd663a79def1d7d8023cc670d1d6,,"Les documents d'urbanisme présents sur le territoire ne mentionnent pas de recommandations ou de prescriptions particulières relatives au bruit. Seul le plan d'exposition au bruit limite la constructibilité, et seul le classement sonore protège les habitants. Toutefois, l'autorité compétente en matière de permis de construire peut toujours s'appuyer sur l'article R.111-2 du code de l'urbanisme, qui stipule qu'un « projet peut être refusé ou n'être accepté que sous réserve (…) s'il est de nature à porter atteinte à la salubrité ou à la sécurité publique (…) ». Si votre projet présente un risque sonore fort ou extrême, rapprochez-vous de l'autorité compétente.",False,,Aucune prescription bruit spécifique,False,,
255,f522633aaf74c2660da5a1e1c77fd9a8,,"Les documents d'urbanisme présents sur le territoire ne mentionnent pas de recommandations ou de prescriptions particulières relatives au bruit. Seul le plan d'exposition au bruit limite la constructibilité, et seul le classement sonore protège les habitants. Toutefois, l'autorité compétente en matière de permis de construire peut toujours s'appuyer sur l'article R.111-2 du code de l'urbanisme, qui stipule qu'un « projet peut être refusé ou n'être accepté que sous réserve (…) s'il est de nature à porter atteinte à la salubrité ou à la sécurité publique (…) ». Si votre projet présente un risque sonore fort ou extrême, rapprochez-vous de l'autorité compétente.",False,,Aucune prescription bruit spécifique,False,,
256,38f819380a62ec6f648908ec00bae9b5,,"Les documents d'urbanisme présents sur le territoire ne mentionnent pas de recommandations ou de prescriptions particulières relatives au bruit. Seul le plan d'exposition au bruit limite la constructibilité, et seul le classement sonore protège les habitants. Toutefois, l'autorité compétente en matière de permis de construire peut toujours s'appuyer sur l'article R.111-2 du code de l'urbanisme, qui stipule qu'un « projet peut être refusé ou n'être accepté que sous réserve (…) s'il est de nature à porter atteinte à la salubrité ou à la sécurité publique (…) ». Si votre projet présente un risque sonore fort ou extrême, rapprochez-vous de l'autorité compétente.",False,,Aucune prescription bruit spécifique,False,,
257,bd0a83691a574e653484e7c0565196c1,,"Les documents d'urbanisme présents sur le territoire ne mentionnent pas de recommandations ou de prescriptions particulières relatives au bruit. Seul le plan d'exposition au bruit limite la constructibilité, et seul le classement sonore protège les habitants. Toutefois, l'autorité compétente en matière de permis de construire peut toujours s'appuyer sur l'article R.111-2 du code de l'urbanisme, qui stipule qu'un « projet peut être refusé ou n'être accepté que sous réserve (…) s'il est de nature à porter atteinte à la salubrité ou à la sécurité publique (…) ». Si votre projet présente un risque sonore fort ou extrême, rapprochez-vous de l'autorité compétente.",False,,Aucune prescription bruit spécifique,False,,
258,c94af61fe2f76964237ffd045a7410ee,,"Les documents d'urbanisme présents sur le territoire ne mentionnent pas de recommandations ou de prescriptions particulières relatives au bruit. Seul le plan d'exposition au bruit limite la constructibilité, et seul le classement sonore protège les habitants. Toutefois, l'autorité compétente en matière de permis de construire peut toujours s'appuyer sur l'article R.111-2 du code de l'urbanisme, qui stipule qu'un « projet peut être refusé ou n'être accepté que sous réserve (…) s'il est de nature à porter atteinte à la salubrité ou à la sécurité publique (…) ». Si votre projet présente un risque sonore fort ou extrême, rapprochez-vous de l'autorité compétente.",False,,Aucune prescription bruit spécifique,False,,
259,96654dc58f57514e35f16c4f83bc592d,,"Les documents d'urbanisme présents sur le territoire ne mentionnent pas de recommandations ou de prescriptions particulières relatives au bruit. Seul le plan d'exposition au bruit limite la constructibilité, et seul le classement sonore protège les habitants. Toutefois, l'autorité compétente en matière de permis de construire peut toujours s'appuyer sur l'article R.111-2 du code de l'urbanisme, qui stipule qu'un « projet peut être refusé ou n'être accepté que sous réserve (…) s'il est de nature à porter atteinte à la salubrité ou à la sécurité publique (…) ». Si votre projet présente un risque sonore fort ou extrême, rapprochez-vous de l'autorité compétente.",False,,Aucune prescription bruit spécifique,False,,
264,4a9aae89f672f8ee2745b3e1fbf32e22,,"Les documents d'urbanisme présents sur le territoire ne mentionnent pas de recommandations ou de prescriptions particulières relatives au bruit. Seul le plan d'exposition au bruit limite la constructibilité, et seul le classement sonore protège les habitants. Toutefois, l'autorité compétente en matière de permis de construire peut toujours s'appuyer sur l'article R.111-2 du code de l'urbanisme, qui stipule qu'un « projet peut être refusé ou n'être accepté que sous réserve (…) s'il est de nature à porter atteinte à la salubrité ou à la sécurité publique (…) ». Si votre projet présente un risque sonore fort ou extrême, rapprochez-vous de l'autorité compétente.",False,,Aucune prescription bruit spécifique,False,,
265,55aa85974c768b0532e5800423bc3f19,,"Les documents d'urbanisme présents sur le territoire ne mentionnent pas de recommandations ou de prescriptions particulières relatives au bruit. Seul le plan d'exposition au bruit limite la constructibilité, et seul le classement sonore protège les habitants. Toutefois, l'autorité compétente en matière de permis de construire peut toujours s'appuyer sur l'article R.111-2 du code de l'urbanisme, qui stipule qu'un « projet peut être refusé ou n'être accepté que sous réserve (…) s'il est de nature à porter atteinte à la salubrité ou à la sécurité publique (…) ». Si votre projet présente un risque sonore fort ou extrême, rapprochez-vous de l'autorité compétente.",False,,Aucune prescription bruit spécifique,False,,
266,6be25972559a76cd8a0914542c4a57e1,,"Les documents d'urbanisme présents sur le territoire ne mentionnent pas de recommandations ou de prescriptions particulières relatives au bruit. Seul le plan d'exposition au bruit limite la constructibilité, et seul le classement sonore protège les habitants. Toutefois, l'autorité compétente en matière de permis de construire peut toujours s'appuyer sur l'article R.111-2 du code de l'urbanisme, qui stipule qu'un « projet peut être refusé ou n'être accepté que sous réserve (…) s'il est de nature à porter atteinte à la salubrité ou à la sécurité publique (…) ». Si votre projet présente un risque sonore fort ou extrême, rapprochez-vous de l'autorité compétente.",False,,Aucune prescription bruit spécifique,False,,
267,fb895f6d9da393ab005775b75a905c35,,"Les documents d'urbanisme présents sur le territoire ne mentionnent pas de recommandations ou de prescriptions particulières relatives au bruit. Seul le plan d'exposition au bruit limite la constructibilité, et seul le classement sonore protège les habitants. Toutefois, l'autorité compétente en matière de permis de construire peut toujours s'appuyer sur l'article R.111-2 du code de l'urbanisme, qui stipule qu'un « projet peut être refusé ou n'être accepté que sous réserve (…) s'il est de nature à porter atteinte à la salubrité ou à la sécurité publique (…) ». Si votre projet présente un risque sonore fort ou extrême, rapprochez-vous de l'autorité compétente.",False,,Aucune prescription bruit spécifique,False,,
268,412b38543365d415503144f60d56898b,,"Les documents d'urbanisme présents sur le territoire ne mentionnent pas de recommandations ou de prescriptions particulières relatives au bruit. Seul le plan d'exposition au bruit limite la constructibilité, et seul le classement sonore protège les habitants. Toutefois, l'autorité compétente en matière de permis de construire peut toujours s'appuyer sur l'article R.111-2 du code de l'urbanisme, qui stipule qu'un « projet peut être refusé ou n'être accepté que sous réserve (…) s'il est de nature à porter atteinte à la salubrité ou à la sécurité publique (…) ». Si votre projet présente un risque sonore fort ou extrême, rapprochez-vous de l'autorité compétente.",False,,Aucune prescription bruit spécifique,False,,
269,f7d95126a3f30f4c0fafa5c8bd05ca86,,"Les documents d'urbanisme présents sur le territoire ne mentionnent pas de recommandations ou de prescriptions particulières relatives au bruit. Seul le plan d'exposition au bruit limite la constructibilité, et seul le classement sonore protège les habitants. Toutefois, l'autorité compétente en matière de permis de construire peut toujours s'appuyer sur l'article R.111-2 du code de l'urbanisme, qui stipule qu'un « projet peut être refusé ou n'être accepté que sous réserve (…) s'il est de nature à porter atteinte à la salubrité ou à la sécurité publique (…) ». Si votre projet présente un risque sonore fort ou extrême, rapprochez-vous de l'autorité compétente.",False,,Aucune prescription bruit spécifique,False,,
270,d3357caf08fc5236fcb66a3c6a40712c,,"Les documents d'urbanisme présents sur le territoire ne mentionnent pas de recommandations ou de prescriptions particulières relatives au bruit. Seul le plan d'exposition au bruit limite la constructibilité, et seul le classement sonore protège les habitants. Toutefois, l'autorité compétente en matière de permis de construire peut toujours s'appuyer sur l'article R.111-2 du code de l'urbanisme, qui stipule qu'un « projet peut être refusé ou n'être accepté que sous réserve (…) s'il est de nature à porter atteinte à la salubrité ou à la sécurité publique (…) ». Si votre projet présente un risque sonore fort ou extrême, rapprochez-vous de l'autorité compétente.",False,,Aucune prescription bruit spécifique,False,,
271,ac4c30039ed8446e051bfb4b7194476e,,"Les documents d'urbanisme présents sur le territoire ne mentionnent pas de recommandations ou de prescriptions particulières relatives au bruit. Seul le plan d'exposition au bruit limite la constructibilité, et seul le classement sonore protège les habitants. Toutefois, l'autorité compétente en matière de permis de construire peut toujours s'appuyer sur l'article R.111-2 du code de l'urbanisme, qui stipule qu'un « projet peut être refusé ou n'être accepté que sous réserve (…) s'il est de nature à porter atteinte à la salubrité ou à la sécurité publique (…) ». Si votre projet présente un risque sonore fort ou extrême, rapprochez-vous de l'autorité compétente.",False,,Aucune prescription bruit spécifique,False,,
272,1b036c646cffcd288762c28781cd4e38,,"Les documents d'urbanisme présents sur le territoire ne mentionnent pas de recommandations ou de prescriptions particulières relatives au bruit. Seul le plan d'exposition au bruit limite la constructibilité, et seul le classement sonore protège les habitants. Toutefois, l'autorité compétente en matière de permis de construire peut toujours s'appuyer sur l'article R.111-2 du code de l'urbanisme, qui stipule qu'un « projet peut être refusé ou n'être accepté que sous réserve (…) s'il est de nature à porter atteinte à la salubrité ou à la sécurité publique (…) ». Si votre projet présente un risque sonore fort ou extrême, rapprochez-vous de l'autorité compétente.",False,,Aucune prescription bruit spécifique,False,,
276,aea4a984a46ce4089732ca80804c0f4c,,"Les documents d'urbanisme présents sur le territoire ne mentionnent pas de recommandations ou de prescriptions particulières relatives au bruit. Seul le plan d'exposition au bruit limite la constructibilité, et seul le classement sonore protège les habitants. Toutefois, l'autorité compétente en matière de permis de construire peut toujours s'appuyer sur l'article R.111-2 du code de l'urbanisme, qui stipule qu'un « projet peut être refusé ou n'être accepté que sous réserve (…) s'il est de nature à porter atteinte à la salubrité ou à la sécurité publique (…) ». Si votre projet présente un risque sonore fort ou extrême, rapprochez-vous de l'autorité compétente.",False,,Aucune prescription bruit spécifique,False,,
277,9ff601fbd5299c96ea3ba526bf4717cf,,"Les documents d'urbanisme présents sur le territoire ne mentionnent pas de recommandations ou de prescriptions particulières relatives au bruit. Seul le plan d'exposition au bruit limite la constructibilité, et seul le classement sonore protège les habitants. Toutefois, l'autorité compétente en matière de permis de construire peut toujours s'appuyer sur l'article R.111-2 du code de l'urbanisme, qui stipule qu'un « projet peut être refusé ou n'être accepté que sous réserve (…) s'il est de nature à porter atteinte à la salubrité ou à la sécurité publique (…) ». Si votre projet présente un risque sonore fort ou extrême, rapprochez-vous de l'autorité compétente.",False,,Aucune prescription bruit spécifique,False,,
278,69e9499a5872dc5f501e806714dcbe0f,,"Les documents d'urbanisme présents sur le territoire ne mentionnent pas de recommandations ou de prescriptions particulières relatives au bruit. Seul le plan d'exposition au bruit limite la constructibilité, et seul le classement sonore protège les habitants. Toutefois, l'autorité compétente en matière de permis de construire peut toujours s'appuyer sur l'article R.111-2 du code de l'urbanisme, qui stipule qu'un « projet peut être refusé ou n'être accepté que sous réserve (…) s'il est de nature à porter atteinte à la salubrité ou à la sécurité publique (…) ». Si votre projet présente un risque sonore fort ou extrême, rapprochez-vous de l'autorité compétente.",False,,Aucune prescription bruit spécifique,False,,
279,586b0dc5bac8a1ad1911c19a05ba2d37,,"Les documents d'urbanisme présents sur le territoire ne mentionnent pas de recommandations ou de prescriptions particulières relatives au bruit. Seul le plan d'exposition au bruit limite la constructibilité, et seul le classement sonore protège les habitants. Toutefois, l'autorité compétente en matière de permis de construire peut toujours s'appuyer sur l'article R.111-2 du code de l'urbanisme, qui stipule qu'un « projet peut être refusé ou n'être accepté que sous réserve (…) s'il est de nature à porter atteinte à la salubrité ou à la sécurité publique (…) ». Si votre projet présente un risque sonore fort ou extrême, rapprochez-vous de l'autorité compétente.",False,,Aucune prescription bruit spécifique,False,,
280,a60b03871e0f1df81f60b7bf62c5134b,,"Les documents d'urbanisme présents sur le territoire ne mentionnent pas de recommandations ou de prescriptions particulières relatives au bruit. Seul le plan d'exposition au bruit limite la constructibilité, et seul le classement sonore protège les habitants. Toutefois, l'autorité compétente en matière de permis de construire peut toujours s'appuyer sur l'article R.111-2 du code de l'urbanisme, qui stipule qu'un « projet peut être refusé ou n'être accepté que sous réserve (…) s'il est de nature à porter atteinte à la salubrité ou à la sécurité publique (…) ». Si votre projet présente un risque sonore fort ou extrême, rapprochez-vous de l'autorité compétente.",False,,Aucune prescription bruit spécifique,False,,
281,3815707d7fef5c923fe8684a1c398ddb,,"Les documents d'urbanisme présents sur le territoire ne mentionnent pas de recommandations ou de prescriptions particulières relatives au bruit. Seul le plan d'exposition au bruit limite la constructibilité, et seul le classement sonore protège les habitants. Toutefois, l'autorité compétente en matière de permis de construire peut toujours s'appuyer sur l'article R.111-2 du code de l'urbanisme, qui stipule qu'un « projet peut être refusé ou n'être accepté que sous réserve (…) s'il est de nature à porter atteinte à la salubrité ou à la sécurité publique (…) ». Si votre projet présente un risque sonore fort ou extrême, rapprochez-vous de l'autorité compétente.",False,,Aucune prescription bruit spécifique,False,,
283,ed7dc9c81a38e442eb1ff778ba9be0a2,,"Les documents d'urbanisme présents sur le territoire ne mentionnent pas de recommandations ou de prescriptions particulières relatives au bruit. Seul le plan d'exposition au bruit limite la constructibilité, et seul le classement sonore protège les habitants. Toutefois, l'autorité compétente en matière de permis de construire peut toujours s'appuyer sur l'article R.111-2 du code de l'urbanisme, qui stipule qu'un « projet peut être refusé ou n'être accepté que sous réserve (…) s'il est de nature à porter atteinte à la salubrité ou à la sécurité publique (…) ». Si votre projet présente un risque sonore fort ou extrême, rapprochez-vous de l'autorité compétente.",False,,Aucune prescription bruit spécifique,False,,
285,d6449f258395c61f12c79e468c6c994a,,"Les documents d'urbanisme présents sur le territoire ne mentionnent pas de recommandations ou de prescriptions particulières relatives au bruit. Seul le plan d'exposition au bruit limite la constructibilité, et seul le classement sonore protège les habitants. Toutefois, l'autorité compétente en matière de permis de construire peut toujours s'appuyer sur l'article R.111-2 du code de l'urbanisme, qui stipule qu'un « projet peut être refusé ou n'être accepté que sous réserve (…) s'il est de nature à porter atteinte à la salubrité ou à la sécurité publique (…) ». Si votre projet présente un risque sonore fort ou extrême, rapprochez-vous de l'autorité compétente.",False,,Aucune prescription bruit spécifique,False,,
286,5d8ce7c57a62b3545d243546281d2546,,"Les documents d'urbanisme présents sur le territoire ne mentionnent pas de recommandations ou de prescriptions particulières relatives au bruit. Seul le plan d'exposition au bruit limite la constructibilité, et seul le classement sonore protège les habitants. Toutefois, l'autorité compétente en matière de permis de construire peut toujours s'appuyer sur l'article R.111-2 du code de l'urbanisme, qui stipule qu'un « projet peut être refusé ou n'être accepté que sous réserve (…) s'il est de nature à porter atteinte à la salubrité ou à la sécurité publique (…) ». Si votre projet présente un risque sonore fort ou extrême, rapprochez-vous de l'autorité compétente.",False,,Aucune prescription bruit spécifique,False,,
287,c2e8753ac76f6b65769ace248d30f1ca,,"Les documents d'urbanisme présents sur le territoire ne mentionnent pas de recommandations ou de prescriptions particulières relatives au bruit. Seul le plan d'exposition au bruit limite la constructibilité, et seul le classement sonore protège les habitants. Toutefois, l'autorité compétente en matière de permis de construire peut toujours s'appuyer sur l'article R.111-2 du code de l'urbanisme, qui stipule qu'un « projet peut être refusé ou n'être accepté que sous réserve (…) s'il est de nature à porter atteinte à la salubrité ou à la sécurité publique (…) ». Si votre projet présente un risque sonore fort ou extrême, rapprochez-vous de l'autorité compétente.",False,,Aucune prescription bruit spécifique,False,,
289,09a8b681d6edbd395bc34d72e130cd3d,,"Les documents d'urbanisme présents sur le territoire ne mentionnent pas de recommandations ou de prescriptions particulières relatives au bruit. Seul le plan d'exposition au bruit limite la constructibilité, et seul le classement sonore protège les habitants. Toutefois, l'autorité compétente en matière de permis de construire peut toujours s'appuyer sur l'article R.111-2 du code de l'urbanisme, qui stipule qu'un « projet peut être refusé ou n'être accepté que sous réserve (…) s'il est de nature à porter atteinte à la salubrité ou à la sécurité publique (…) ». Si votre projet présente un risque sonore fort ou extrême, rapprochez-vous de l'autorité compétente.",False,,Aucune prescription bruit spécifique,False,,
290,cfb4d19a4564b50799d8db30bbc86138,,"Les documents d'urbanisme présents sur le territoire ne mentionnent pas de recommandations ou de prescriptions particulières relatives au bruit. Seul le plan d'exposition au bruit limite la constructibilité, et seul le classement sonore protège les habitants. Toutefois, l'autorité compétente en matière de permis de construire peut toujours s'appuyer sur l'article R.111-2 du code de l'urbanisme, qui stipule qu'un « projet peut être refusé ou n'être accepté que sous réserve (…) s'il est de nature à porter atteinte à la salubrité ou à la sécurité publique (…) ». Si votre projet présente un risque sonore fort ou extrême, rapprochez-vous de l'autorité compétente.",False,,Aucune prescription bruit spécifique,False,,
291,b85c3157a3dc7eb3893231f3ba3aba47,,"Les documents d'urbanisme présents sur le territoire ne mentionnent pas de recommandations ou de prescriptions particulières relatives au bruit. Seul le plan d'exposition au bruit limite la constructibilité, et seul le classement sonore protège les habitants. Toutefois, l'autorité compétente en matière de permis de construire peut toujours s'appuyer sur l'article R.111-2 du code de l'urbanisme, qui stipule qu'un « projet peut être refusé ou n'être accepté que sous réserve (…) s'il est de nature à porter atteinte à la salubrité ou à la sécurité publique (…) ». Si votre projet présente un risque sonore fort ou extrême, rapprochez-vous de l'autorité compétente.",False,,Aucune prescription bruit spécifique,False,,
292,f4556f23f75c5cfd9c4c839810510835,,"Les documents d'urbanisme présents sur le territoire ne mentionnent pas de recommandations ou de prescriptions particulières relatives au bruit. Seul le plan d'exposition au bruit limite la constructibilité, et seul le classement sonore protège les habitants. Toutefois, l'autorité compétente en matière de permis de construire peut toujours s'appuyer sur l'article R.111-2 du code de l'urbanisme, qui stipule qu'un « projet peut être refusé ou n'être accepté que sous réserve (…) s'il est de nature à porter atteinte à la salubrité ou à la sécurité publique (…) ». Si votre projet présente un risque sonore fort ou extrême, rapprochez-vous de l'autorité compétente.",False,,Aucune prescription bruit spécifique,False,,
293,eb0a09fe20c0a1d65085271042f0bb65,,"Les documents d'urbanisme présents sur le territoire ne mentionnent pas de recommandations ou de prescriptions particulières relatives au bruit. Seul le plan d'exposition au bruit limite la constructibilité, et seul le classement sonore protège les habitants. Toutefois, l'autorité compétente en matière de permis de construire peut toujours s'appuyer sur l'article R.111-2 du code de l'urbanisme, qui stipule qu'un « projet peut être refusé ou n'être accepté que sous réserve (…) s'il est de nature à porter atteinte à la salubrité ou à la sécurité publique (…) ». Si votre projet présente un risque sonore fort ou extrême, rapprochez-vous de l'autorité compétente.",False,,Aucune prescription bruit spécifique,False,,
294,d2bd1c96b21d78ad156e542926b6506f,,"Les documents d'urbanisme présents sur le territoire ne mentionnent pas de recommandations ou de prescriptions particulières relatives au bruit. Seul le plan d'exposition au bruit limite la constructibilité, et seul le classement sonore protège les habitants. Toutefois, l'autorité compétente en matière de permis de construire peut toujours s'appuyer sur l'article R.111-2 du code de l'urbanisme, qui stipule qu'un « projet peut être refusé ou n'être accepté que sous réserve (…) s'il est de nature à porter atteinte à la salubrité ou à la sécurité publique (…) ». Si votre projet présente un risque sonore fort ou extrême, rapprochez-vous de l'autorité compétente.",False,,Aucune prescription bruit spécifique,False,,
295,6a23d3f9ed21d7d0ddedc85cdff71c1e,,"Les documents d'urbanisme présents sur le territoire ne mentionnent pas de recommandations ou de prescriptions particulières relatives au bruit. Seul le plan d'exposition au bruit limite la constructibilité, et seul le classement sonore protège les habitants. Toutefois, l'autorité compétente en matière de permis de construire peut toujours s'appuyer sur l'article R.111-2 du code de l'urbanisme, qui stipule qu'un « projet peut être refusé ou n'être accepté que sous réserve (…) s'il est de nature à porter atteinte à la salubrité ou à la sécurité publique (…) ». Si votre projet présente un risque sonore fort ou extrême, rapprochez-vous de l'autorité compétente.",False,,Aucune prescription bruit spécifique,False,,
296,3a838b7e0825b454496a2bc46d118126,,"Les documents d'urbanisme présents sur le territoire ne mentionnent pas de recommandations ou de prescriptions particulières relatives au bruit. Seul le plan d'exposition au bruit limite la constructibilité, et seul le classement sonore protège les habitants. Toutefois, l'autorité compétente en matière de permis de construire peut toujours s'appuyer sur l'article R.111-2 du code de l'urbanisme, qui stipule qu'un « projet peut être refusé ou n'être accepté que sous réserve (…) s'il est de nature à porter atteinte à la salubrité ou à la sécurité publique (…) ». Si votre projet présente un risque sonore fort ou extrême, rapprochez-vous de l'autorité compétente.",False,,Aucune prescription bruit spécifique,False,,
301,4edabff809fffd143cf1e22662469284,,"Les documents d'urbanisme présents sur le territoire ne mentionnent pas de recommandations ou de prescriptions particulières relatives au bruit. Seul le plan d'exposition au bruit limite la constructibilité, et seul le classement sonore protège les habitants. Toutefois, l'autorité compétente en matière de permis de construire peut toujours s'appuyer sur l'article R.111-2 du code de l'urbanisme, qui stipule qu'un « projet peut être refusé ou n'être accepté que sous réserve (…) s'il est de nature à porter atteinte à la salubrité ou à la sécurité publique (…) ». Si votre projet présente un risque sonore fort ou extrême, rapprochez-vous de l'autorité compétente.",False,,Aucune prescription bruit spécifique,False,,
302,a3a811682e5daa0306307cb82ad16962,,"Les documents d'urbanisme présents sur le territoire ne mentionnent pas de recommandations ou de prescriptions particulières relatives au bruit. Seul le plan d'exposition au bruit limite la constructibilité, et seul le classement sonore protège les habitants. Toutefois, l'autorité compétente en matière de permis de construire peut toujours s'appuyer sur l'article R.111-2 du code de l'urbanisme, qui stipule qu'un « projet peut être refusé ou n'être accepté que sous réserve (…) s'il est de nature à porter atteinte à la salubrité ou à la sécurité publique (…) ». Si votre projet présente un risque sonore fort ou extrême, rapprochez-vous de l'autorité compétente.",False,,Aucune prescription bruit spécifique,False,,
308,042bb10d8d0fff992a5bfa427b7ad295,1_67095_reglement_20180528.pdf,"Dans cette zone, sont interdits les établissements et installations pouvant porter atteinte à la salubrité et à la sécurité, ou générer une gêne matérielle, sonore, olfactive ou visuelle incompatible avec le caractère du secteur. Sont notamment visées les activités source de bruits ou de trépidations. Vérifiez la compatibilité de votre projet avec cette interdiction avant tout dépôt de demande d'autorisation.",False,,Zone interdisant activités bruyantes ou gênantes,False,,
309,042bb10d8d0fff992a5bfa427b7ad295,1_67095_reglement_20180528.pdf__2,"Dans la zone UA, sont interdits les établissements et installations pouvant porter atteinte à la salubrité et à la sécurité, ou générer une gêne matérielle, sonore, olfactive ou visuelle incompatible avec le caractère de la zone (bruits, trépidations, odeurs). Vérifiez que l'activité envisagée pour votre projet ne relève pas de cette interdiction avant tout dépôt de dossier.",False,,Zone UA : activités génératrices de nuisances interdites,False,,
411,12666ec8d6fb548ead67bc9c63776f94,1_246700777_orientations_amenagement_1_20250704.pdf,"Dans le secteur Neubois / Secteur 2, le maintien de l'activité existante sur le site est envisageable. Il est recommandé de veiller à limiter les nuisances associées, notamment :
- sonores,
- olfactives,
- visuelles.
Pensez à intégrer ces précautions dans votre projet pour préserver le confort du voisinage.",False,,Nuisances d'activité à limiter - Secteur Neubois 2,False,,
412,12666ec8d6fb548ead67bc9c63776f94,2_246700777_orientations_amenagement_1_20250704.pdf,"Dans le secteur 1, il est recommandé de limiter le déboisement au strict minimum. Cette limitation s'applique aux adaptations nécessaires de l'habitat, voire des bâtiments d'activité, pour se protéger du bruit. Prévoyez des mesures de protection acoustique du bâti adaptées à cet enjeu.",False,,Secteur 1 : déboisement limité et protection acoustique,False,,
177,1413f9ce036f2b048fe492e3f46becd4,1_67108_20190520_delib_debat_padd_20250624.pdf,"Pour atténuer les nuisances visuelles et sonores le long des grands axes de circulation et des grandes emprises industrielles, il est recommandé de maintenir et de prévoir des espaces de transition. Cette orientation vise à préserver le paysage et le confort des résidents. Anticipez cette recommandation dans la conception de votre projet, notamment si votre parcelle est proche de ce type d'infrastructures.",False,,Espaces de transition près des grands axes,False,,
178,1413f9ce036f2b048fe492e3f46becd4,1_67108_20230919_delib_debat_padd_20250624.pdf,"Pour atténuer les nuisances visuelles et sonores, il est recommandé de maintenir et prévoir des espaces de transition entre les zones à proximité :
- des grands axes de circulation,
- des grandes emprises industrielles.
Cette recommandation vise à préserver le paysage et le confort des futurs résidents.",False,,Espaces de transition près des axes et zones industrielles,False,,
311,1413f9ce036f2b048fe492e3f46becd4,2_67108_20230919_delib_debat_padd_20250624.pdf,"Une orientation vise à préserver une zone calme dans le nord et l'est du village. Elle s'inscrit dans une démarche plus large de limitation des nuisances sonores locales : moindre concurrence des routes avec le rail, réduction des passages aériens au-dessus du village. Si votre projet se situe dans ce secteur, tenez compte de cette ambiance sonore à préserver dès la conception.",False,,Zone calme à préserver au nord-est,False,,
398,171518c6d5441a4ad41c30cf32dbe4ca,10_200067874_orientations_amenagement_1_20260427.pdf,"Ce secteur est concerné par des émissions sonores et atmosphériques liées aux infrastructures de transport. Il est recommandé de concevoir les aménagements et les constructions de façon à limiter l'exposition des futurs occupants à ces nuisances. Anticipez ce paramètre dès la conception de votre projet, pour le confort de vos futurs résidents.",False,,Nuisances liées aux infrastructures de transport,False,,
399,171518c6d5441a4ad41c30cf32dbe4ca,11_200067874_orientations_amenagement_1_20260427.pdf,"Ce secteur est exposé aux émissions sonores et atmosphériques des activités voisines et des infrastructures de transport. Il est recommandé de concevoir les aménagements et constructions de manière à limiter l'exposition des futurs occupants à ces nuisances. Anticipez cet enjeu dès la conception de votre projet, pour le confort des futurs résidents.",False,,Exposition aux nuisances sonores et atmosphériques voisines,False,,
400,171518c6d5441a4ad41c30cf32dbe4ca,12_200067874_orientations_amenagement_1_20260427.pdf,"Dans les secteurs exposés aux émissions sonores et atmosphériques des activités voisines et des infrastructures de transport, il est recommandé de concevoir les aménagements et constructions pour limiter l'exposition des futurs occupants. Anticipez ce critère dès la conception de votre projet, pour le confort de ses futurs occupants.",False,,Exposition aux nuisances sonores et atmosphériques,False,,
401,171518c6d5441a4ad41c30cf32dbe4ca,13_200067874_orientations_amenagement_1_20260427.pdf,"Ce secteur d'urbanisation est exposé aux émissions sonores et atmosphériques des infrastructures de transport. Il est recommandé de concevoir les aménagements et les constructions pour limiter l'exposition des futurs occupants à ces nuisances. Anticipez ce choix dès la conception de votre projet, pour le confort des futurs résidents.",False,,Exposition aux nuisances des infrastructures de transport,False,,
402,171518c6d5441a4ad41c30cf32dbe4ca,1_200067874_orientations_amenagement_1_20260427.pdf,"Dans le secteur formé par l'îlot des rues des Mirabelliers, du Sablé, des Cerisiers et des Vignes, il est recommandé de concevoir les nouveaux aménagements, constructions et installations pour limiter l'exposition des populations au bruit. Plusieurs leviers peuvent être mobilisés :
- l'implantation du bâti,
- l'organisation spatiale,
- l'adéquation des formes urbaines,
- des choix techniques adaptés.
Pensez à intégrer ces orientations dès la conception de votre projet, pour le confort des futurs résidents.",False,,Limiter l'exposition au bruit — secteur Mirabelliers/Sablé/Cerisiers/Vignes,False,,
282,171518c6d5441a4ad41c30cf32dbe4ca,1_200067874_reglement_20260427.pdf,"Pour les climatiseurs et pompes à chaleur, deux options s'offrent à vous :
- les coffrer avec un dispositif d'isolation sonore,
- ou les implanter à une distance suffisante de la limite séparative.
Cette règle vise à limiter les nuisances sonores pour la propriété voisine (article 6).",False,,Isolation sonore des climatiseurs et pompes à chaleur,False,,
403,171518c6d5441a4ad41c30cf32dbe4ca,2_200067874_orientations_amenagement_1_20260427.pdf,"Ce secteur est exposé aux émissions sonores et atmosphériques des activités voisines et des infrastructures de transport. Il est recommandé de concevoir les aménagements et constructions de manière à limiter l'exposition des futurs occupants à ces nuisances. Anticipez ce critère dès la conception de votre projet, pour le confort des futurs résidents.",False,,Exposition aux nuisances sonores et atmosphériques du secteur,False,,
404,171518c6d5441a4ad41c30cf32dbe4ca,3_200067874_orientations_amenagement_1_20260427.pdf,"Ce secteur est exposé aux émissions sonores et atmosphériques d'activités voisines et d'infrastructures de transport. Il est recommandé de concevoir les aménagements et constructions de manière à limiter l'exposition des futurs occupants à ces nuisances. Anticipez cet enjeu dès la conception de votre projet, pour le confort de vos futurs résidents.",False,,Secteur exposé aux nuisances sonores et atmosphériques,False,,
405,171518c6d5441a4ad41c30cf32dbe4ca,4_200067874_orientations_amenagement_1_20260427.pdf,"Ce secteur est exposé aux émissions sonores et atmosphériques des activités voisines et des infrastructures de transport. Il est recommandé de concevoir les aménagements et les constructions de façon à limiter l'exposition des futurs occupants à ces nuisances. Anticipez ce critère dès la conception de votre projet, pour le confort de vos futurs résidents.",False,,Exposition aux nuisances sonores et atmosphériques du secteur,False,,
406,171518c6d5441a4ad41c30cf32dbe4ca,5_200067874_orientations_amenagement_1_20260427.pdf,"Ce secteur est exposé aux émissions sonores et atmosphériques des activités voisines et des infrastructures de transport. Il est recommandé de concevoir les aménagements et constructions de façon à limiter l'exposition des futurs occupants à ces nuisances. Anticipez cet enjeu dès la conception de votre projet, pour le confort de ses futurs occupants.",False,,Exposition aux nuisances sonores et atmosphériques voisines,False,,
407,171518c6d5441a4ad41c30cf32dbe4ca,6_200067874_orientations_amenagement_1_20260427.pdf,"Dans les secteurs exposés aux émissions sonores et atmosphériques des activités voisines et des infrastructures de transport, la conception des aménagements et des constructions doit limiter l'exposition des futurs occupants. Intégrez cette exigence dès la conception de votre projet, pour la santé et le confort des futurs résidents.",False,,Exposition aux nuisances sonores et atmosphériques voisines,False,,
408,171518c6d5441a4ad41c30cf32dbe4ca,7_200067874_orientations_amenagement_1_20260427.pdf,"Ce secteur est exposé aux émissions sonores et atmosphériques des activités voisines et des infrastructures de transport. Il est recommandé de concevoir les aménagements et les constructions de manière à limiter l'exposition des futurs occupants à ces nuisances. Anticipez ce critère dès la conception de votre projet, pour le confort des futurs résidents.",False,,Exposition aux nuisances sonores et atmosphériques,False,,
409,171518c6d5441a4ad41c30cf32dbe4ca,8_200067874_orientations_amenagement_1_20260427.pdf,"Ce secteur, situé au nord-est du site en limite du tissu existant route de Marienthal, est exposé aux émissions sonores et atmosphériques des activités voisines et des infrastructures de transport. Il est recommandé de concevoir les aménagements et constructions en limitant l'exposition des futurs occupants à ces nuisances. Anticipez ce critère dès la conception de votre projet, pour le confort des futurs résidents.",False,,Nuisances sonores et atmosphériques route de Marienthal,False,,
410,171518c6d5441a4ad41c30cf32dbe4ca,9_200067874_orientations_amenagement_1_20260427.pdf,"Ce secteur est exposé aux émissions sonores et atmosphériques des activités voisines et des infrastructures de transport. Il est recommandé de concevoir les aménagements et constructions en limitant l'exposition des futurs occupants à ces nuisances. Anticipez ce critère dès la conception de votre projet, pour le confort de vos futurs résidents.",False,,Exposition aux nuisances sonores et atmosphériques du secteur,False,,
415,1a06170e4506cd77d3a8a1fe53e71015,1_67090_reglement_20210913.pdf,"L'implantation de constructions ou installations liées à l'exploitation agricole (hors élevage) est autorisée à une condition : elles ne doivent occasionner aucune nuisance supplémentaire, qu'elle soit visuelle, sonore, olfactive, ou qu'elle affecte la circulation. Vérifiez que votre projet respecte ce critère avant tout dépôt de demande.",False,,Constructions agricoles sans nuisance supplémentaire,False,,
284,274e0297eee8a3b4d7650c9c8d2c950f,6_200034635_reglement_20251211.pdf,"Si votre projet prévoit une pompe à chaleur ou un climatiseur en façade, implantez-le sur la façade générant le moins de nuisances visuelles et sonores pour le voisinage. Cette obligation s'applique dans la mesure où les conditions techniques d'implantation le permettent. Anticipez ce choix dès la conception, pour préserver la tranquillité de vos voisins.",False,,Implantation façade des pompes à chaleur,False,,
418,284928e1449906994f1323c4fc818562,1_200040178_orientations_amenagement_18_00_20260629_A.pdf,"Pour ce secteur, il est recommandé d'orienter dès la conception les bâtiments et équipements bruyants par rapport aux bâtiments et zones sensibles au bruit. Anticipez ce choix d'implantation dans votre projet pour limiter les nuisances sonores et préserver le confort des futurs résidents.",False,,Orientation du bâti pour limiter le bruit,False,,
419,284928e1449906994f1323c4fc818562,1_200040178_padd_20260629_A.pdf,"Les axes de circulation présentent un risque de nuisances sonores pour les futures habitations. Il est recommandé d'éviter toute urbanisation nouvelle en extension le long de ces axes à risques. Anticipez ce critère dès la conception de votre projet, pour le confort des futurs résidents.",False,,Nuisances sonores des axes de circulation,False,,
420,284928e1449906994f1323c4fc818562,2_200040178_padd_20260629_A.pdf,"En cas de reconversion d'un corps de ferme vers du logement ou une activité, il est recommandé de limiter les nuisances potentielles, notamment liées au stationnement et au bruit. Anticipez cette orientation dès la conception de votre projet, pour le confort des futurs occupants et du voisinage.",False,,Reconversion de corps de ferme : nuisances à limiter,False,,
297,2e782afabec0a8c1c78ec25955bff2c3,1_67308_reglement_20211115.pdf,"En zone U, les équipements techniques extérieurs de votre bâtiment doivent être traités pour limiter leur émergence acoustique. Sont concernés notamment :
- les centrales de traitement d'air,
- les unités extérieures de pompes à chaleur,
- les unités de climatisation,
- les pompes de traitement des eaux de piscine.
Anticipez ce traitement acoustique dès la conception, pour le confort de vos futurs voisins.",False,,Zone U : limiter le bruit des équipements techniques,False,,
417,2e782afabec0a8c1c78ec25955bff2c3,2_67308_reglement_20211115.pdf,"Dans le secteur 1AUh, la création, l'extension ou la transformation d'un établissement est interdite si elle entraîne une augmentation significative des nuisances pour le voisinage, notamment sonores et olfactives, ou des risques accrus pour la salubrité et la sécurité publique. Évaluez l'impact sonore et olfactif de votre projet avant tout dépôt de permis. Cette règle protège le cadre de vie des riverains du secteur.",False,,Secteur 1AUh : nuisances interdites pour les riverains,False,,
298,2e782afabec0a8c1c78ec25955bff2c3,3_67308_reglement_20211115.pdf,"Dans le secteur 1AUh, les équipements techniques extérieurs (centrales de traitement d'air, pompes à chaleur, climatisation, pompe de traitement des eaux de piscine, etc.) doivent être traités pour limiter leur émergence acoustique. Anticipez le choix et l'installation de ces équipements dès la conception de votre projet, pour le confort des futurs résidents et du voisinage.",False,,Secteur 1AUh : limiter le bruit des équipements techniques,False,,
299,2e782afabec0a8c1c78ec25955bff2c3,4_67308_reglement_20211115.pdf,"Dans la zone A1, les équipements techniques extérieurs du bâtiment (centrales de traitement d'air, unités de pompes à chaleur, climatisation…) doivent être traités pour limiter leur émergence acoustique. Anticipez ce traitement dès la conception, pour le confort de vos futurs résidents et du voisinage.",False,,Zone A1 : traitement acoustique des équipements techniques,False,,
300,2e782afabec0a8c1c78ec25955bff2c3,5_67308_reglement_20211115.pdf,"Dans la zone N, la conception bioclimatique est recommandée pour les constructions neuves : bonne orientation, apports solaires en hiver, protection contre le rayonnement en été, compacité, forte isolation, systèmes énergétiques efficaces et énergies renouvelables. Il est également conseillé de traiter les éléments techniques extérieurs du bâtiment - centrales de traitement d'air, unités de pompes à chaleur, climatiseurs - pour limiter le bruit qu'ils génèrent. Anticipez ces choix dès la conception, pour le confort des futurs occupants et du voisinage.",False,,Zone N : conception bioclimatique et bruit des équipements,False,,
205,36ec473498c3ae5a14b4c61db4f79394,1_67200_padd_20260216.pdf,"Cette parcelle se situe à proximité de zones identifiées comme exposées au bruit, le long de la RN 83 et de la voie ferrée. Les possibilités de construction y sont strictement réglementées. Il est recommandé de privilégier le développement urbain en dehors de ces secteurs bruyants. Renseignez-vous sur l'exposition sonore de votre terrain avant d'engager votre projet.",False,,Exposition au bruit RN 83 et voie ferrée,False,,
223,529d586585da83ff5a056d71c9c1c7eb,3_67266_reglement_20260706.pdf,"Pour limiter les nuisances sonores envers le voisinage, il est recommandé d'implanter avec soin :
- les pompes à chaleur,
- les autres dispositifs de climatisation,
- les équipements liés au fonctionnement des piscines.
Cette recommandation s'applique dans la mesure où les conditions techniques d'implantation le permettent. Pensez à intégrer ce critère dès la conception de votre projet, pour le confort de vos voisins.",False,,"Implantation soignée des équipements bruyants (PAC, climatisation, piscines)",False,,
314,5edf63b8118051e81a650e2a279541fd,12_67188_reglement_20251217.pdf,"Dans le secteur 1AUh, l'artisanat, le commerce et les services sont autorisés à condition de ne pas générer d'augmentation significative des nuisances pour le voisinage, notamment sonores et olfactives. Si l'emprise au sol dépasse 100 m², le projet doit également ne pas accroître les risques pour la salubrité et la sécurité publique. Vérifiez ce critère de nuisances dès la conception de votre projet d'activité.",False,,Nuisances des activités autorisées en secteur 1AUh,False,,
193,5edf63b8118051e81a650e2a279541fd,16_67188_reglement_20251217.pdf,"Les équipements techniques extérieurs (pompes à chaleur, climatisation, traitement des eaux) doivent être traités pour limiter leur émergence acoustique. Anticipez ce traitement dès la conception, pour le confort des riverains et des futurs résidents.",False,,Limiter le bruit des équipements techniques extérieurs,False,,
194,5edf63b8118051e81a650e2a279541fd,17_67188_reglement_20251217.pdf,"La conception des bâtiments neufs privilégie une orientation optimisant les apports solaires gratuits en hiver, tout en limitant le rayonnement direct en été. Il est recommandé de concevoir des constructions compactes, bien isolées, avec des systèmes énergétiques efficaces et recourant aux énergies renouvelables. Le texte disponible ne permet pas de préciser davantage cette recommandation.",False,,Orientation solaire et conception bioclimatique,False,,
195,5edf63b8118051e81a650e2a279541fd,1_67188_reglement_20251217.pdf,"Dans la zone Ur, la création ou l'extension de constructions est interdite si elle entraîne une augmentation significative des nuisances sonores et olfactives pour le voisinage. Ce risque accru pèse aussi sur la salubrité et la sécurité publique. Vérifiez l'impact sonore et olfactif de votre projet avant tout dépôt.",False,,Zone Ur : nuisances sonores et olfactives interdites,False,,
196,5edf63b8118051e81a650e2a279541fd,1_67188_reglement_20251217.pdf__2,"Dans la zone Uh, la création ou l'extension de constructions est interdite si elle entraîne une augmentation significative des nuisances sonores et olfactives pour le voisinage. Cette règle vise notamment les activités générant des risques accrus pour la salubrité et la sécurité publique. Vérifiez la compatibilité de votre projet avec cette exigence avant tout dépôt de permis.",False,,Zone Uh : nuisances sonores et olfactives interdites,False,,
197,5edf63b8118051e81a650e2a279541fd,1_67188_reglement_20251217.pdf__3,"Dans la zone Uhe, la création ou l'extension de constructions est interdite si elle entraîne une augmentation significative des nuisances sonores et olfactives pour le voisinage. Cette règle vise notamment les activités générant des risques accrus pour la salubrité et la sécurité publique. Vérifiez la nature de votre projet au regard de ce critère avant tout dépôt de permis.",False,,Zone Uhe : nuisances sonores et olfactives limitées,False,,
198,5edf63b8118051e81a650e2a279541fd,1_67188_reglement_20251217.pdf__4,"Dans la zone Ue, la création ou l'extension de constructions est interdite si elle entraîne une augmentation significative des nuisances sonores et olfactives pour le voisinage. Cette règle vise notamment les activités secondaires ou tertiaires (industrie, entrepôt, bureau). Vérifiez l'impact sonore de votre projet avant tout dépôt de demande.",False,,Zone Ue : limitation des nuisances pour le voisinage,False,,
199,5edf63b8118051e81a650e2a279541fd,1_67188_reglement_20251217.pdf__5,"Dans le secteur Ut, la création ou l'extension de constructions est interdite si elle entraîne une augmentation significative des nuisances pour le voisinage, notamment sonores et olfactives. Cette règle vise aussi les risques accrus pour la salubrité et la sécurité publique. Vérifiez l'impact de votre projet sur le voisinage avant tout dépôt de permis.",False,,Secteur Ut : nuisances et constructions interdites,False,,
200,5edf63b8118051e81a650e2a279541fd,2_67188_padd_20251217.pdf,"Face aux nuisances, notamment acoustiques, il est recommandé de prévoir des mesures préventives et d'atténuation. Aucune mesure concrète n'est précisée à ce stade. Anticipez cet enjeu dès la conception de votre projet, pour le confort des futurs résidents.",False,,Prévention des nuisances acoustiques à anticiper,False,,
201,5edf63b8118051e81a650e2a279541fd,3_67188_reglement_20251217.pdf,"La création ou l'extension de constructions ou installations est interdite si elle entraîne une augmentation significative des nuisances pour le voisinage, notamment sonores et olfactives. Cette interdiction s'applique en particulier aux activités secondaires ou tertiaires (industrie, entrepôt, bureau). Vérifiez l'impact sonore de votre projet sur le voisinage avant tout dépôt de permis.",False,,Interdiction des nuisances sonores excessives pour le voisinage,False,,
249,5efb9b5e06dc686b9c2a2ac17632ff2d,1_67380_reglement_20200717.pdf,"La création, l'extension ou la transformation d'un établissement est interdite si elle entraîne une augmentation significative des nuisances pour le voisinage, notamment sonores ou olfactives, ou un risque accru pour la salubrité et la sécurité publiques. Cette interdiction s'applique que l'établissement comporte ou non des installations classées. Anticipez cet enjeu dès la conception de votre projet pour le confort du voisinage.",False,,Interdiction d'aggravation des nuisances pour le voisinage,False,,
357,5efb9b5e06dc686b9c2a2ac17632ff2d,2_67380_reglement_20200717.pdf,"Dans la zone UA, la transformation et l'extension de constructions agricoles sont autorisées à une condition : ne pas accroître les nuisances sonores et olfactives existantes. Vérifiez que votre projet respecte ce plafond avant tout dépôt de demande.",False,,Zone UA : nuisances non aggravées pour constructions agricoles,False,,
351,6323ebfdb5e4067dc63f9a2c212d715b,1_67274_orientations_amenagement_20240314.pdf,"En zone 2AU, une bande inconstructible existe le long de la RD919 pour limiter l'exposition au bruit des futurs habitants. Plutôt que d'imposer cette contrainte sonore aux résidents, il est recommandé d'aménager cette bande en espace paysager, en y accueillant le bassin. Cette approche valorise aussi l'entrée de village.",False,,Zone 2AU : bande inconstructible le long de la RD919,False,,
352,6323ebfdb5e4067dc63f9a2c212d715b,2_67274_orientations_amenagement_20240314.pdf,"Il est recommandé d'éviter les passages automobiles sur les voies de circulation douce. Préservées de la circulation, ces voies gagnent en tranquillité sonore et peuvent devenir de véritables espaces de vie partagés, à l'usage des habitants et des enfants. Pensez à cette organisation dès la conception de votre projet, pour le confort des futurs résidents.",False,,Voies de circulation douce sans automobiles,False,,
164,70fe46752c08fc68eb2f95c554562007,2_67045_reglement_20250908.pdf,"Dans cette zone à caractère résidentiel, les constructions admises (habitation, équipement collectif, stationnement) doivent respecter une condition stricte : les activités qui y sont exercées ne doivent générer aucune nuisance incompatible avec ce caractère résidentiel. Le bruit est explicitement mentionné, aux côtés de la fumée, l'odeur, la poussière et les trépidations. Vérifiez que l'activité envisagée respecte cette condition avant tout projet.",False,,Zone résidentielle : nuisances incompatibles interdites,False,,
238,712f0fae0fee0e49bf7d0bbd7e3d0b47,1_67329_padd_20140710.pdf,"Votre parcelle est concernée par les nuisances sonores et la pollution générées par la voie et la RD 426 à proximité. L'objectif est de réduire ces nuisances et de limiter l'exposition des futurs résidents. Anticipez cet enjeu dans la conception de votre projet, pour le confort de vos futurs occupants.",False,,Nuisances sonores liées à la RD 426,False,,
356,712f0fae0fee0e49bf7d0bbd7e3d0b47,2_67329_padd_20140710.pdf,"La traversée du village par la RD 426 est concernée par une orientation d'apaisement global de la circulation. L'objectif est double : renforcer la sécurité des résidents et usagers, et réduire les nuisances acoustiques et la pollution liées au trafic routier. Cette orientation ne prescrit pas d'aménagement précis, mais oriente les futurs projets sur ce secteur.",False,,Apaisement de la circulation sur la RD 426,False,,
175,71be1d2fe04f069bd2638676c5c499ec,12_67101_reglement_20260706.pdf,"Dans ce secteur à caractère résidentiel, l'implantation d'une construction ne doit pas engendrer de nuisances incompatibles avec ce caractère : bruits, trépidations, odeurs. Cette exigence s'applique aux constructions à usage d'activités ainsi qu'aux nouvelles constructions à usage agricole, ces dernières devant en plus être liées à une exploitation déjà présente dans la zone. Vérifiez la compatibilité de votre projet avec cette exigence avant son implantation. Cette condition protège le cadre de vie des résidents environnants.",False,,Nuisances incompatibles en secteur résidentiel,False,,
310,71be1d2fe04f069bd2638676c5c499ec,3_67101_reglement_20260706.pdf,"Les constructions à usage d'artisanat, d'industrie, de commerce ou de tertiaire sont autorisées uniquement si leur implantation n'engendre pas de nuisances incompatibles avec le caractère de la zone : bruits, trépidations, odeurs. Vérifiez que l'activité envisagée respecte cette condition avant tout dépôt de projet.",False,,Activités autorisées sous condition d'absence de nuisances,False,,
355,74a1152d00062069c9290dee2489e046,1_67311_orientations_amenagement_1_20241008.pdf,"Dans le secteur d'activité limitrophe de l'habitat, il est recommandé de prévoir un traitement paysager entre l'activité et les habitations, pour réduire les nuisances visuelles et sonores. Ce traitement peut prendre la forme d'un merlon planté, sur le modèle de celui existant en bordure du lotissement des Iris, avec une emprise minimale de 12 mètres. Anticipez cet aménagement dès la conception de votre projet, pour le confort des futurs résidents.",False,,Traitement paysager entre activités et habitations,False,,
354,793f094f1ffac726a071fb489baf0e43,1_67300_padd_20221220.pdf,"Dans les secteurs urbains à forte dominante résidentielle, hors vieille ville, la collectivité souhaite permettre l'implantation de services de proximité ou d'activités tertiaires. Cette ouverture reste conditionnée à l'absence de conflit d'usage et de nuisances pour les résidents, notamment liées au stockage, au bruit ou au stationnement. Si votre projet combine logements et activité économique dans ce type de secteur, veillez à limiter ces nuisances pour préserver la qualité de vie des futurs résidents.",False,,Mixité logements-activités : limiter les nuisances,False,,
169,7ba5c245843c439061a106418e9f4c9b,1_67076_reglement_20170921.pdf,"Pour une pompe à chaleur ou un climatiseur installé en façade, il est recommandé de choisir la façade générant le moins de nuisances visuelles et sonores pour le voisinage, dans la mesure où les conditions techniques le permettent. Anticipez ce choix d'implantation dès la conception de votre projet, pour le confort de vos voisins.",False,,Implantation recommandée des pompes à chaleur en façade,False,,
306,7ba5c245843c439061a106418e9f4c9b,2_67076_padd_20170921.pdf,"Dans la zone artisanale, il est recommandé de privilégier l'implantation d'activités ne générant pas de nuisances visuelles et sonores pour les habitations voisines. Cette orientation vise à préserver le confort des riverains proches de la zone. Prenez-la en compte dans le choix et l'organisation des activités de votre projet.",False,,Zone artisanale : limiter nuisances envers riverains,False,,
384,7d848d9a8bbaa9897cd3c4e1350621c7,1_67501_reglement_20231218.pdf,"En zone Ua, il est recommandé d'implanter les pompes à chaleur, dispositifs de climatisation et équipements de piscines de façon à limiter au maximum les nuisances sonores pour le voisinage, dans la mesure où les conditions techniques le permettent. Anticipez cette implantation dès la conception de votre projet, pour le confort de vos voisins.",False,,Zone Ua : implantation des équipements bruyants,False,,
385,7d848d9a8bbaa9897cd3c4e1350621c7,2_67501_reglement_20231218.pdf,"En zone Ub, il est recommandé d'implanter les pompes à chaleur, climatiseurs et équipements de piscine de manière à limiter les nuisances sonores pour le voisinage, dans la mesure des possibilités techniques. Anticipez l'emplacement de ces équipements dès la conception de votre projet pour préserver la tranquillité de vos voisins.",False,,Zone Ub : implantation sonore des équipements techniques,False,,
386,7d848d9a8bbaa9897cd3c4e1350621c7,3_67501_reglement_20231218.pdf,"En zone 1AU, il est recommandé d'implanter les pompes à chaleur, dispositifs de climatisation et équipements de piscine de manière à limiter les nuisances sonores pour le voisinage, dans la mesure où les conditions techniques le permettent. Pensez à cet emplacement dès la conception de votre projet, pour préserver la tranquillité de vos voisins.",False,,Zone 1AU : implantation des équipements bruyants,False,,
318,82eeb21b6a85ba624ac13526596f3b2d,3_67246_reglement_20260409.pdf,"Les nouvelles constructions d'établissements d'enseignement, de santé et d'action sociale sont interdites dans les secteurs affectés par le bruit des infrastructures de transport terrestre. Seule leur implantation en dehors de ces secteurs est autorisée. Vérifiez le périmètre exact de ces secteurs en annexe avant tout projet de ce type.",False,,Interdiction d'établissements sensibles en secteur bruyant,False,,
182,86e3aeb923c7874e80bd3455f01aac22,1_67115_reglement_20260303.pdf,La création de talus ou remblais artificiels est interdite. Une exception est prévue : les éléments mis en place pour limiter les nuisances acoustiques restent autorisés. Ce dispositif peut donc être mobilisé pour traiter un enjeu de bruit sur votre projet.,False,,"Talus interdits, exception pour protection acoustique",False,,
219,8ae18694b57b473bb4461d1d66380731,12_67261_reglement_20250505.pdf,"En zone AU, les équipements techniques extérieurs (centrales de traitement d'air, pompes à chaleur, climatiseurs) doivent être traités pour limiter leur émergence acoustique. Anticipez ce traitement dès la conception de votre projet, pour le confort de vos futurs résidents et de leur voisinage.",False,,Zone AU : traitement acoustique des équipements techniques,False,,
220,8ae18694b57b473bb4461d1d66380731,15_67261_reglement_20250505.pdf,"Dans la zone A, les équipements techniques extérieurs de votre bâtiment (centrales de traitement d'air, unités extérieures de pompe à chaleur, climatisation…) doivent être traités pour limiter leur émergence acoustique. Cette obligation protège la tranquillité du voisinage. Anticipez le choix et l'implantation de ces équipements dès la conception de votre projet.",False,,Zone A : traitement acoustique des équipements techniques,False,,
331,8ae18694b57b473bb4461d1d66380731,17_67261_reglement_20250505.pdf,"Dans la zone U5, les émergences sonores produites par les équipements techniques des constructions (climatisation, extraction…) doivent rester limitées vis-à-vis du voisinage. Vérifiez le dimensionnement et l'implantation de ces équipements dès la conception de votre projet. Consultez un acousticien pour anticiper cette contrainte.",False,,Zone U5 : bruit des équipements techniques limité,False,,
332,8ae18694b57b473bb4461d1d66380731,17_67261_reglement_20250505.pdf__2,"Dans la zone AU5, les émergences sonores générées par les équipements techniques des constructions (climatisation, extraction, etc.) doivent rester limitées vis-à-vis du voisinage. Prenez en compte cette contrainte dès le choix et l'implantation de vos équipements techniques, pour préserver le confort des riverains.",False,,Zone AU5 : émergences sonores des équipements techniques,False,,
333,8ae18694b57b473bb4461d1d66380731,17_67261_reglement_20250505.pdf__3,"Dans le secteur A5, les émergences sonores générées par les équipements techniques des constructions (climatisation, extraction…) doivent rester limitées vis-à-vis du voisinage. Vérifiez le dimensionnement et l'implantation de ces équipements dès la conception de votre projet.",False,,Secteur A5 : bruit des équipements techniques limité,False,,
334,8ae18694b57b473bb4461d1d66380731,17_67261_reglement_20250505.pdf__4,"Dans la zone N5, les émergences acoustiques générées par les équipements techniques des constructions (climatisation, extraction...) doivent rester limitées vis-à-vis du voisinage. Cette prescription vise à préserver la tranquillité des riverains. Anticipez le choix et l'implantation de ces équipements dès la conception de votre projet.",False,,Zone N5 : limiter le bruit des équipements techniques,False,,
336,8ae18694b57b473bb4461d1d66380731,1_67261_reglement_20250505.pdf,"Dans le secteur Uh, des constructions peuvent être autorisées en dérogation à condition de ne pas générer d'augmentation significative des nuisances pour le voisinage, notamment sonores et olfactives. Cette dérogation est limitée à une emprise au sol supplémentaire cumulée de 1500 m² par rapport à celle existante au moment de l'approbation du PLU. Vérifiez ce seuil avant de dimensionner votre projet.",False,,Secteur Uh : dérogation limitée aux nuisances,False,,
337,8ae18694b57b473bb4461d1d66380731,1_67261_reglement_20250505.pdf__10,"Dans le secteur Ut, les constructions et extensions ne doivent pas entraîner d'augmentation significative des nuisances pour le voisinage, notamment sonores et olfactives. Une dérogation d'emprise au sol supplémentaire, dans la limite de 1500 m² cumulés par rapport à l'existant à l'approbation du PLU, reste possible sous cette condition. Vérifiez l'impact sonore et olfactif de votre projet avant d'envisager cette extension.",False,,Secteur Ut : nuisances limitées et extension conditionnée,False,,
338,8ae18694b57b473bb4461d1d66380731,1_67261_reglement_20250505.pdf__2,"Dans le secteur Uhr, une construction ou une extension ne peut être autorisée en dérogation que si elle n'entraîne pas d'augmentation significative des nuisances pour le voisinage, notamment sonores et olfactives. Cette dérogation reste limitée à une emprise au sol supplémentaire cumulée de 1500 m² par rapport à celle existante au moment de l'approbation du document d'urbanisme. Vérifiez l'impact sonore et olfactif de votre projet sur le voisinage avant tout dépôt de dossier.",False,,Secteur Uhr : dérogation limitée aux nuisances,False,,
339,8ae18694b57b473bb4461d1d66380731,1_67261_reglement_20250505.pdf__3,"Dans le secteur Ur, les extensions et aménagements de constructions existantes ne doivent pas engendrer d'augmentation significative des nuisances pour le voisinage, notamment sonores et olfactives. Cette règle s'applique en dérogation, dans la limite d'une emprise au sol supplémentaire cumulée de 1500 m² par rapport à l'existant au moment de l'approbation du PLU. Le texte étant fragmentaire à cet endroit, vérifiez les conditions précises et les schémas associés auprès des services d'urbanisme compétents.",False,,Secteur Ur : extensions et nuisances de voisinage,False,,
340,8ae18694b57b473bb4461d1d66380731,1_67261_reglement_20250505.pdf__4,"Dans le secteur Ui, une extension ou un aménagement de construction existante ne doit pas générer d'augmentation significative des nuisances (notamment sonores et olfactives) pour le voisinage. Cette règle s'applique en dérogation, dans la limite d'une emprise au sol supplémentaire cumulée de 1500 m² par rapport à celle existante au moment de l'approbation du document. Consultez les schémas en annexe pour plus de précisions.",False,,Secteur Ui : extension limitant les nuisances,False,,
341,8ae18694b57b473bb4461d1d66380731,1_67261_reglement_20250505.pdf__5,"Dans la zone Ut, une extension ou une dérogation d'emprise au sol peut être autorisée pour des constructions existantes, dans la limite de 1500 m² au total. Cette possibilité est toutefois conditionnée : les constructions ne doivent pas entraîner d'augmentation significative des nuisances pour le voisinage, notamment sonores et olfactives. Vérifiez ce point avant d'envisager un projet d'extension sur ce secteur.",False,,Zone Ut : extension conditionnée aux nuisances,False,,
342,8ae18694b57b473bb4461d1d66380731,1_67261_reglement_20250505.pdf__6,"Dans le secteur Ue, les constructions ou extensions ne doivent pas entraîner d'augmentation significative des nuisances pour le voisinage, notamment sonores et olfactives. Une dérogation à l'emprise au sol est possible, dans la limite d'une emprise supplémentaire cumulée de 1500 m² par rapport à l'existant à l'approbation du PLU. Vérifiez l'impact sonore et olfactif de votre projet sur le voisinage avant tout dépôt de dossier.",False,,Secteur Ue : nuisances de voisinage limitées,False,,
343,8ae18694b57b473bb4461d1d66380731,1_67261_reglement_20250505.pdf__7,"Dans le secteur Up, les constructions et extensions ne doivent pas générer d'augmentation significative des nuisances pour le voisinage, notamment sonores et olfactives. Une dérogation d'emprise au sol est possible, dans la limite cumulée de 1 500 m² supplémentaires par rapport à l'existant au moment de l'approbation du PLU. Vérifiez ce point dès la conception de votre projet pour rester conforme à cette règle.",False,,Secteur Up : limitation des nuisances de voisinage,False,,
344,8ae18694b57b473bb4461d1d66380731,1_67261_reglement_20250505.pdf__8,"Dans le secteur Us, une dérogation permet d'étendre ou d'aménager certaines constructions au-delà des règles habituelles, dans la limite d'une emprise au sol supplémentaire cumulée de 1500 m² par rapport à l'existant à l'approbation du PLU. Cette dérogation est conditionnée à l'absence d'augmentation significative des nuisances pour le voisinage, notamment sonores et olfactives. Vérifiez ce point avant tout projet d'extension ou d'aménagement dans ce secteur.",False,,Dérogation d'extension en secteur Us,False,,
345,8ae18694b57b473bb4461d1d66380731,1_67261_reglement_20250505.pdf__9,"Dans le secteur Ut, les constructions ou aménagements ne doivent pas entraîner d'augmentation significative des nuisances pour le voisinage, notamment sonores et olfactives. Une dérogation d'emprise au sol supplémentaire, limitée à 1500 m² au total, peut être accordée sous cette condition. Vérifiez l'impact sonore et olfactif de votre projet avant de solliciter cette dérogation.",False,,Secteur Ut : dérogation d'emprise et nuisances,False,,
221,8ae18694b57b473bb4461d1d66380731,6_67261_reglement_20250505.pdf,"En zone U, les équipements techniques extérieurs du bâtiment (climatisation, pompes à chaleur, centrales de traitement d'air) doivent être traités pour limiter leur émergence acoustique. Anticipez leur emplacement et leur traitement dès la conception, pour le confort de vos futurs résidents et de leur voisinage.",False,,Zone U : traitement acoustique des équipements techniques,False,,
346,8ae18694b57b473bb4461d1d66380731,7_67261_reglement_20250505.pdf,"Dans le secteur 1AUte, la création, l'extension ou la transformation d'établissements de toute nature sont interdites si elles entraînent une augmentation significative des nuisances sonores et olfactives pour le voisinage. Ce risque s'apprécie aussi au regard de la sécurité et de la salubrité publiques. Anticipez cet impact potentiel dès la conception de votre projet.",False,,Secteur 1AUte : nuisances sonores et olfactives limitées,False,,
347,8ae18694b57b473bb4461d1d66380731,7_67261_reglement_20250505.pdf__2,"Dans le secteur 1AUte, la création, l'extension ou la transformation d'établissements de toute nature est interdite si elle entraîne une augmentation significative des nuisances pour le voisinage, notamment sonores et olfactives, ou des risques accrus pour la salubrité et la sécurité publique. Cette restriction s'applique que l'établissement comporte ou non des installations classées. Vérifiez l'impact sonore et olfactif de votre projet avant tout dépôt de permis.",False,,Secteur 1AUte : nuisances interdites pour établissements,False,,
348,8ae18694b57b473bb4461d1d66380731,7_67261_reglement_20250505.pdf__3,"Dans le secteur 1AUte, la création, l'extension ou la transformation d'établissements de toute nature - installations classées ou non - est interdite si elle entraîne une augmentation significative des nuisances pour le voisinage : bruit, odeurs, ou risques accrus pour la salubrité et la sécurité publique. Vérifiez l'impact sonore et olfactif de votre projet avant tout dépôt de demande.",False,,Secteur 1AUte : nuisances limitées pour les établissements,False,,
349,8ae18694b57b473bb4461d1d66380731,7_67261_reglement_20250505.pdf__4,"Dans le secteur 1AUe, la création, l'extension ou la transformation d'établissements de toute nature est interdite si elle entraîne une augmentation significative des nuisances sonores et olfactives pour le voisinage. Cette restriction s'applique également en cas de risques accrus pour la salubrité et la sécurité publique. Vérifiez l'impact sonore et olfactif de votre projet avant tout dépôt de permis.",False,,Secteur 1AUe : nuisances sonores et olfactives limitées,False,,
350,8ae18694b57b473bb4461d1d66380731,7_67261_reglement_20250505.pdf__5,"Dans le secteur 1AUtc, la création, l'extension ou la transformation d'établissements est interdite si elle entraîne une augmentation significative des nuisances sonores et olfactives pour le voisinage. Ce risque accru pour la salubrité et la sécurité publique s'applique quelle que soit la nature de l'établissement, qu'il comporte ou non des installations classées. Vérifiez l'impact sonore et olfactif de votre projet avant tout dépôt de dossier.",False,,Secteur 1AUtc : nuisances sonores et olfactives limitées,False,,
167,8c7d85e0ce9d2768c89bffdf60120b55,1_67073_orientations_amenagement_20231012.pdf,"Pour limiter les nuisances sonores pour le voisinage, il est recommandé de porter attention aux équipements techniques du projet, notamment ceux liés au confort thermique (chauffage, climatisation). Cela concerne :
- leur conception,
- leur implantation,
- leur protection.
Anticipez ces choix techniques dès la conception, pour le confort des riverains.",False,,"Bruit des équipements techniques (chauffage, climatisation)",False,,
168,8c7d85e0ce9d2768c89bffdf60120b55,1_67073_padd_20231012.pdf,"Ce secteur est concerné par des nuisances sonores liées à l'A35 et à la future déviation de Châtenois, ainsi que par des nuisances olfactives issues du centre d'enfouissement des déchets. Il est recommandé de préserver les habitants et les constructions de ces nuisances existantes et à venir. Anticipez cet enjeu dans la conception de votre projet, pour le confort des futurs résidents.",False,,Nuisances sonores A35 et olfactives à anticiper,False,,
319,931dce441c11b4256949000dafed91f0,1_67248_orientations_amenagement_20240219.pdf,"Dans la zone AU, l'urbanisation doit conserver la plus grande partie des boisements existants, en particulier ceux situés le long de l'Ehn et entre les secteurs IIAU et IIAUX. Cette exigence vise à préserver un tampon végétal atténuant le bruit provenant de la zone d'activités. Intégrez cette contrainte dès la conception de votre projet.",False,,Zone AU : préservation des boisements tampons,False,,
303,94f9f4e5ec6ea7ea1486a043770a393e,1_67047_reglement_20251217.pdf,"En zone UA, si votre projet intègre une pompe à chaleur ou un dispositif de climatisation en façade, implantez-le sur la façade générant le moins de nuisances visuelles et sonores pour le voisinage. Cette implantation s'applique dans la mesure où les conditions techniques le permettent. Anticipez ce choix dès la conception, pour le confort de vos voisins.",False,,Zone UA : implantation PAC et climatisation,False,,
304,94f9f4e5ec6ea7ea1486a043770a393e,2_67047_reglement_20251217.pdf,"Dans la zone UB, il est recommandé d'implanter les pompes à chaleur ou dispositifs de climatisation en façade en choisissant l'emplacement générant le moins de nuisances visuelles et sonores pour le voisinage, dans la mesure où les conditions techniques le permettent. Pensez à intégrer ce choix dès la conception de votre projet, pour le confort de vos voisins.",False,,Zone UB : implantation des PAC en façade,False,,
305,94f9f4e5ec6ea7ea1486a043770a393e,3_67047_reglement_20251217.pdf,"En zone 1AU, les pompes à chaleur ou climatiseurs installés en façade doivent être placés sur la façade générant le moins de nuisances visuelles et sonores pour le voisinage. Cette implantation s'applique dans la mesure où les conditions techniques le permettent. Anticipez le choix d'emplacement de ces équipements dès la conception de votre projet, pour préserver la tranquillité du voisinage.",False,,Zone 1AU : implantation des PAC et climatiseurs,False,,
360,95d1353266453723447fb10f024c31fa,1_67410_reglement_20180413.pdf,"Dans la zone UA, les constructions ou installations à usage agricole, industriel, artisanal ou commercial sont autorisées à une condition : l'activité ne doit pas générer de nuisances incompatibles avec le caractère de la zone. Sont notamment visés le bruit, les trépidations, les odeurs, les poussières, les gaz et les pollutions accidentelles ou chroniques. Anticipez cette exigence dès la conception de votre projet d'activité.",False,,Zone UA : nuisances d'activité limitées,False,,
361,95d1353266453723447fb10f024c31fa,2_67410_reglement_20180413.pdf,"En zone UB, une activité (agricole, artisanale, industrielle ou commerciale) ne peut être admise que si elle ne crée pas de nuisances incompatibles avec le caractère de la zone. Le bruit fait partie des nuisances explicitement visées, aux côtés des trépidations, odeurs, poussières, gaz et pollutions accidentelles ou chroniques. Vérifiez la compatibilité sonore de votre activité avec l'environnement urbain avant tout dépôt de projet.",False,,Zone UB : compatibilité sonore des activités,False,,
358,a140daa327d42ef2ed7d0d1a0d4d14d7,1_67401_reglement_20251222.pdf,"En zone UA, sont interdits les établissements et installations susceptibles de générer des nuisances incompatibles avec le caractère de la zone : bruits, trépidations, odeurs, ou toute gêne matérielle, sonore, olfactive ou visuelle. Cette interdiction vise aussi les activités pouvant porter atteinte à la salubrité ou à la sécurité. Vérifiez la compatibilité de votre projet avec cette règle avant tout dépôt de permis.",False,,Zone UA : interdiction des activités nuisantes,False,,
359,a140daa327d42ef2ed7d0d1a0d4d14d7,2_67401_reglement_20251222.pdf,"En zone UB, sont interdits les établissements et installations pouvant générer une gêne sonore, olfactive, visuelle ou matérielle, ou des nuisances (bruits, trépidations, odeurs…) incompatibles avec le caractère de la zone. Cette interdiction s'applique aussi aux activités présentant des risques pour la salubrité ou la sécurité. Vérifiez la nature de votre projet au regard de cette règle avant tout dépôt.",False,,Zone UB : nuisances et activités interdites,False,,
312,a3b81f92d7de7491d24efd66e6384ba9,1_67168_orientations_amenagement_20250113.pdf,"Pour limiter l'exposition au bruit du trafic routier dans les quartiers résidentiels le long de la voie, il est recommandé d'agir sur le dispositif urbain, par exemple avec :
- un espace tampon,
- des constructions à usage d'activité formant écran,
- des plantations.
Pensez à intégrer ces éléments dès la conception de votre projet, pour le confort des futurs résidents.",False,,Bruit routier : dispositif urbain tampon recommandé,False,,
353,ad6748bd26d5270fed09bf7e8c200b8d,1_67275_reglement_20191211.pdf,"Dans la zone UA, la création, l'extension ou la transformation d'un établissement est interdite si elle entraîne une augmentation significative des nuisances pour le voisinage, notamment sonores ou olfactives. Cette interdiction s'applique que l'établissement comporte ou non des installations classées. Elle vise aussi les situations créant des risques accrus pour la salubrité et la sécurité publiques. Vérifiez l'impact sonore de votre projet dès sa conception pour préserver le voisinage.",False,,Zone UA : nuisances interdites pour le voisinage,False,,
224,ad6748bd26d5270fed09bf7e8c200b8d,2_67275_reglement_20191211.pdf,"La transformation ou l'extension de constructions agricoles est autorisée, à deux conditions :
- ne pas accroître les nuisances sonores et olfactives,
- respecter les dispositions applicables à ce type d'activités.
Vérifiez ces points en amont de votre projet.",False,,Extension agricole : conditions sonores et olfactives,False,,
329,af81b900318ba97d31ca21fae4b03e6c,1_67505_reglement_20200731.pdf,"En zone UA, sont interdites les activités, constructions et installations susceptibles d'entraîner des nuisances incompatibles avec le voisinage : sonores, olfactives, polluantes. Sont également interdites celles pouvant porter atteinte à la salubrité ou à la sécurité publique. Vérifiez la compatibilité de votre projet avec cette règle dès sa conception.",False,,Zone UA : nuisances et activités interdites,False,,
330,af81b900318ba97d31ca21fae4b03e6c,1_67505_reglement_20200731.pdf__2,"Dans cette zone, sont interdites les activités, constructions et installations susceptibles d'entraîner des nuisances incompatibles avec le voisinage : nuisances sonores, olfactives, polluantes. Sont également interdites celles portant atteinte à la salubrité ou à la sécurité publique. Vérifiez la compatibilité de votre projet avec cette règle avant tout dépôt de permis.",False,,Interdiction des activités et nuisances incompatibles,False,,
380,b41a7e70e8fbeb0240065dde230a8ce6,1_67445_reglement_20230228.pdf,"Les constructions à usage d'artisanat, de commerce, de bureau ou de service sont admises à condition que les activités exercées ne créent pas de nuisances incompatibles avec le caractère résidentiel de la zone. Le bruit fait partie des nuisances visées, au même titre que les fumées, odeurs ou poussières. Vérifiez que l'activité prévue respecte cette condition avant tout dépôt de projet.",False,,Activités admises sous condition d'absence de nuisances,False,,
263,b41a7e70e8fbeb0240065dde230a8ce6,2_67445_padd_20230228.pdf,"Cette commune est traversée par l'A35 et la voie ferrée Strasbourg–Bâle, sources de nuisances sonores. Il est recommandé d'encadrer l'urbanisation autour des activités et infrastructures génératrices de nuisances, et de prévoir des zones tampons entre secteurs d'habitat et secteurs d'activité, y compris agricole et viticole. Anticipez ces orientations dans vos choix d'implantation, pour le confort des futurs résidents.",False,,Nuisances sonores A35 et voie ferrée : zones tampons,False,,
414,b5ae1da72ed7f5ecf4aa179df33e1076,1_200041325_orientations_amenagement_20250929.pdf,"Le long de la voie ferrée bordant le secteur, un écran sonore doit être réalisé. Son rôle de corridor de biodiversité doit être maintenu. Cette double exigence protège à la fois le confort acoustique des futurs occupants et la continuité écologique du site.",False,,Écran sonore et corridor écologique le long des voies ferrées,False,,
288,b5ae1da72ed7f5ecf4aa179df33e1076,1_200041325_reglement_20250929.pdf,"Les climatiseurs et pompes à chaleur doivent être implantés à une distance suffisante de la limite séparative de propriété. Cette distance doit permettre d'éviter toute nuisance pour le voisinage, à la fois :
- au niveau sonore, en respectant les normes d'émissions sonores en vigueur,
- et au niveau du souffle d'air.
Anticipez l'implantation de ces équipements dès la conception de votre projet, pour le confort de vos futurs voisins.",False,,Implantation des climatiseurs et pompes à chaleur,False,,
210,b69e260ffc76830aef751103cbfd0f82,2_67239_padd_20260128.pdf,Cette parcelle se situe à proximité d'axes routiers identifiés comme sources de nuisances sonores. Il est recommandé de limiter l'exposition des futurs résidents à ces nuisances en encadrant la constructibilité aux abords de ces sites. Anticipez cet enjeu dès la conception de votre projet.,False,,Nuisances sonores routières à proximité,False,,
211,b69e260ffc76830aef751103cbfd0f82,3_67239_padd_20260128.pdf,"Votre parcelle se situe à proximité d'axes routiers générateurs de nuisances sonores. Pour en tenir compte, il est recommandé de :
- limiter les expositions dans les zones de nuisances recensées,
- encadrer l'urbanisation à distance de ces zones,
- mettre en place des dispositifs réduisant ces nuisances (zones tampons, filtres végétalisés…).
Intégrez ces orientations dès la conception de votre projet, pour le confort des futurs résidents.",False,,Nuisances sonores routières : orientations d'aménagement,False,,
396,b6db06b412549843d8e3b6c51b772e51,1_67554_reglement_20260427.pdf,"En zone UA, les constructions et installations à proximité d'habitations doivent être compatibles avec le caractère résidentiel du secteur. Elles ne doivent pas engendrer de risques ou nuisances incompatibles avec ce caractère, notamment :
- bruits,
- trépidations,
- odeurs nauséabondes.
Vérifiez la compatibilité de votre projet avec son environnement résidentiel avant tout dépôt.",False,,Zone UA : compatibilité avec le caractère résidentiel,False,,
397,b6db06b412549843d8e3b6c51b772e51,2_67554_reglement_20260427.pdf,"En zone UB, les constructions agricoles, viticoles et autres activités susceptibles de générer des nuisances doivent rester compatibles avec la proximité des habitations. Elles ne doivent engendrer aucun risque ni nuisance incompatible avec le caractère de la zone, notamment en matière de bruit, trépidations ou odeurs. Vérifiez la compatibilité de votre projet avec le voisinage résidentiel dès sa conception.",False,,Zone UB : compatibilité nuisances et habitations,False,,
316,c9722795c3e231844b4aae1adcb3327d,1_67205_orientations_amenagement_18_00_20250623.pdf,"En raison des nuisances sonores du trafic routier et autoroutier, les constructions sont interdites :
- sur 100 mètres de part et d'autre de l'axe de l'autoroute A35,
- sur 75 mètres de part et d'autre de l'axe de la RD37, route à grande circulation.
Ces marges d'isolement doivent être respectées, pour des raisons de nuisances sonores, de sécurité et de qualité architecturale, urbaine et paysagère. Vérifiez la position de votre parcelle par rapport à ces axes avant tout projet de construction.",False,,Marges de recul inconstructibles le long de l'A35 et de la RD37,False,,
317,c9722795c3e231844b4aae1adcb3327d,2_67205_orientations_amenagement_18_00_20250623.pdf,"Votre parcelle est concernée par la zone 1AUx3, à proximité directe des voies A35, RD37 et M301. Il est recommandé de concevoir et organiser les constructions de manière à limiter autant que possible les nuisances sonores des parties tertiaires, compte tenu de l'importance de la circulation routière. Anticipez ce critère dès la conception architecturale de votre projet.",False,,Nuisances routières en zone 1AUx3,False,,
236,ca84fda748e905528fde6670420367c7,1_67327_reglement_20231212.pdf,"La création, l'extension ou la transformation d'un établissement (avec ou sans installation classée) est interdite si elle entraîne une augmentation significative des nuisances pour le voisinage, notamment sonores et olfactives. Cette interdiction s'applique aussi si le projet accroît les risques pour la salubrité et la sécurité publique. Vérifiez l'impact de votre projet sur ces critères avant tout dépôt de demande.",False,,Interdiction si nuisances accrues pour le voisinage,False,,
237,ca84fda748e905528fde6670420367c7,3_67327_reglement_20231212.pdf,"Traitez les équipements techniques extérieurs de votre bâtiment (climatisation, pompes à chaleur, centrales de traitement d'air) pour limiter l'émergence acoustique qu'ils génèrent. Cette obligation s'applique à votre projet, quelle que soit sa localisation. En limitant ces nuisances, vous préservez le confort sonore des futurs résidents et du voisinage.",False,,Traitement acoustique des équipements techniques extérieurs,False,,
307,cdb6d75af2a5bb92b64433525049065f,1_67080_reglement_20260408.pdf,"En zone UA, les activités doivent respecter une condition stricte : ne pas générer de nuisances supplémentaires (bruit, trafic, poussières, odeurs) ni de risques supplémentaires. Cette obligation s'applique aussi aux nuisances temporaires liées aux chantiers et au stockage de bois de chauffage. Vérifiez que votre projet d'activité respecte cette condition pour être admis dans le secteur.",False,,Zone UA : limitation des nuisances d'activité,False,,
381,d0dd2ff09a9715dabbc034b0b9e0c4f7,1_67448_reglement_20250324.pdf,"Dans la zone UX, les installations classées sont admises uniquement si elles ne génèrent pas de nuisances incompatibles avec le fonctionnement des autres activités du secteur et le caractère résidentiel ou de loisirs des zones environnantes. Le bruit fait partie des nuisances explicitement visées, au même titre que les fumées, odeurs, poussières et trépidations. Vérifiez que votre projet respecte cette compatibilité avant tout dépôt de dossier.",False,,Zone UX : nuisances et compatibilité des installations classées,False,,
382,d0dd2ff09a9715dabbc034b0b9e0c4f7,2_67448_reglement_20250324.pdf,"Dans la zone IAU1, les installations classées sont autorisées à une condition : elles ne doivent générer aucun danger ni nuisance (bruit, fumée, odeur, poussière, trépidation) incompatible avec les autres usages admis dans la zone et avec le caractère résidentiel et de loisirs des secteurs environnants. Vérifiez la compatibilité sonore de votre projet dès la conception, pour préserver le cadre de vie des zones d'habitation voisines.",False,,Zone IAU1 : installations classées sans nuisances,False,,
383,d0dd2ff09a9715dabbc034b0b9e0c4f7,3_67448_reglement_20250324.pdf,"Dans la zone IAU2, les installations classées ne sont admises qu'à une condition : elles ne doivent pas générer de nuisances (bruit, odeurs, poussières, trépidations...) incompatibles avec le bon fonctionnement des autres activités de la zone et avec le caractère des zones d'habitation et de loisirs environnantes. Vérifiez dès la conception de votre projet que les nuisances sonores générées resteront compatibles avec ce voisinage.",False,,Zone IAU2 : nuisances des installations classées limitées,False,,
273,d699ee12b61bc58eb849e550fac799eb,18_67523_reglement_20191205.pdf,"Dans le secteur Ur Ac - Acr, les éléments techniques extérieurs liés au bâtiment (centrales de traitement d'air, climatisation…) doivent respecter le seuil acoustique applicable. Anticipez leur implantation dès la conception de votre projet, pour limiter les nuisances sonores autour de votre bâtiment.",False,,Bruit des équipements techniques - secteur Ur Ac-Acr,False,,
387,d699ee12b61bc58eb849e550fac799eb,1_67523_padd_20191205.pdf,"Dans le secteur « Espace d'activité » (partie est), il est recommandé de privilégier des activités artisanales locales :
- générant peu de flux de déplacement,
- sans conséquence olfactive ou acoustique sur les quartiers d'habitation voisins.
Pensez à cette compatibilité avec le voisinage résidentiel dès la conception de votre projet.",False,,Activités compatibles avec le voisinage résidentiel - secteur Espace d'activité,False,,
388,d699ee12b61bc58eb849e550fac799eb,1_67523_reglement_20191205.pdf,"Le texte réglementaire de la zone Uh est ici fragmentaire et ne permet pas de reconstituer précisément la règle. Il évoque des nuisances (notamment sonores et olfactives) liées à des usages publics, en lien avec l'implantation des constructions. Consultez le règlement complet en page 17 pour vérifier les modalités exactes applicables à votre projet.",False,,"Zone Uh : nuisances liées à l'implantation, règlement à vérifier",False,,
389,d699ee12b61bc58eb849e550fac799eb,1_67523_reglement_20191205.pdf__2,"Le texte disponible pour la zone Ur est fragmentaire à cet endroit et ne permet pas de reconstituer clairement la règle applicable. Il évoque des nuisances (notamment sonores et olfactives) en lien avec des équipements ou services publics. Pour connaître précisément vos obligations, consultez la version intégrale du règlement, page 17.",False,,Zone Ur : règle incomplète sur les nuisances,False,,
390,d699ee12b61bc58eb849e550fac799eb,1_67523_reglement_20191205.pdf__3,"Le texte disponible pour la zone Uj est fragmentaire à cet endroit et ne permet pas de reconstituer clairement la règle. Il évoque des nuisances (notamment sonores et olfactives) liées à des usages publics, en lien avec des équipements d'intérêt collectif et services publics. Consultez le règlement écrit complet, page 17, pour vérifier la prescription exacte applicable à votre projet.",False,,"Zone Uj : nuisances liées aux équipements publics, à vérifier",False,,
391,d699ee12b61bc58eb849e550fac799eb,1_67523_reglement_20191205.pdf__4,"Le texte disponible pour la zone Us est fragmentaire à cet endroit : il mentionne les nuisances, notamment sonores et olfactives, comme critère pris en compte pour les équipements publics. La règle précise ne peut pas être reconstituée avec certitude à partir de cet extrait. Consultez le règlement complet (page 17) pour connaître l'obligation exacte applicable à votre projet.",False,,"Zone Us : nuisances sonores, règlement à consulter",False,,
392,d699ee12b61bc58eb849e550fac799eb,1_67523_reglement_20191205.pdf__5,"Le texte disponible pour la zone Up est fragmentaire et ne permet pas de reconstituer clairement cette règle. Il évoque des nuisances, notamment sonores et olfactives, liées à des usages publics, sans que le contexte exact de la prescription soit identifiable. Pour connaître précisément les obligations applicables à votre projet, consultez le règlement complet de la zone Up, page 17.",False,,Zone Up : règle sur nuisances à vérifier,False,,
274,d699ee12b61bc58eb849e550fac799eb,2_67523_padd_20191205.pdf,Le calme et la sérénité des lieux sont identifiés comme un objectif majeur pour l'avenir du territoire. Le paysage et le cadre de vie sont considérés comme des leviers importants d'attractivité et de bien-être. Il est recommandé de préserver ces qualités dans la conception de votre projet.,False,,Préservation du calme et du cadre de vie,False,,
393,d699ee12b61bc58eb849e550fac799eb,7_67523_reglement_20191205.pdf,"Le texte source étant trop fragmenté, nous ne pouvons pas garantir la reconstitution fidèle de cette règle. Pour connaître les conditions exactes applicables aux activités et extensions de constructions dans ce secteur, consultez l'article AU1 du règlement de la zone 1AUh.",False,,"Règle incomplète : consultez l'article AU1, zone 1AUh",False,,
275,d699ee12b61bc58eb849e550fac799eb,8_67523_reglement_20191205.pdf,"Le texte source de cette règle est trop endommagé pour en extraire un résumé fiable. Dans le secteur 1AUe, une prescription encadre les constructions et aménagements destinés au commerce et aux activités de service, en lien avec une augmentation des nuisances sonores et olfactives pour le voisinage. Consultez l'article AU2 du règlement pour connaître le détail exact de cette obligation.",False,,Secteur 1AUe : nuisances liées aux activités commerciales,False,,
394,d699ee12b61bc58eb849e550fac799eb,9_67523_reglement_20191205.pdf,"Le texte source de cette règle est trop fragmenté pour être résumé de façon fiable. Il évoque une limitation des constructions et activités générant des nuisances (notamment sonores et olfactives) pour le voisinage dans le secteur 1AUe, avec des critères liés à l'emprise au sol, la surface habitable et des dérogations possibles. Consultez le règlement écrit correspondant à l'article Au2 pour vérifier les conditions précises applicables à votre projet.",False,,Limitation des nuisances de voisinage en secteur 1AUe,False,,
395,d699ee12b61bc58eb849e550fac799eb,9_67523_reglement_20191205.pdf__2,"Le texte source relatif à ce secteur est fragmentaire, mais il ressort qu'une limitation s'applique aux constructions et activités générant des nuisances pour le voisinage, notamment sonores et olfactives. Vérifiez ce point précisément auprès de votre collectivité avant d'engager votre projet, la formulation exacte de la règle n'ayant pas pu être reconstituée avec certitude.",False,,Limitation des nuisances à vérifier auprès de la collectivité,False,,
320,d9f1902e01d10dfb16b87041193ba1c5,1_67252_reglement_20250623.pdf,"Dans le secteur Uh, la création, l'extension ou la transformation d'établissements de toute nature — y compris les installations classées — est interdite si elle entraîne une augmentation significative des nuisances, notamment sonores et olfactives, pour le voisinage. Cette interdiction s'applique également en cas de risques accrus pour la salubrité et la sécurité publique. Anticipez cet impact sonore dès la conception de votre projet.",False,,Secteur Uh : interdiction des nuisances pour le voisinage,False,,
321,d9f1902e01d10dfb16b87041193ba1c5,1_67252_reglement_20250623.pdf__2,"Dans le secteur Uep, la création, l'extension ou la transformation d'établissements de toute nature - y compris les installations classées - est interdite si elle entraîne une augmentation significative des nuisances, notamment sonores et olfactives, pour le voisinage. Vérifiez l'impact sonore de votre projet avant tout dépôt de permis.",False,,Secteur Uep : nuisances interdites pour nouveaux établissements,False,,
322,d9f1902e01d10dfb16b87041193ba1c5,1_67252_reglement_20250623.pdf__3,"Dans le secteur Uj, la création, l'extension ou la transformation d'établissements de toute nature - y compris les installations classées - est interdite si elle entraîne une augmentation significative des nuisances pour le voisinage, notamment sonores et olfactives. Cette règle vise aussi les risques accrus pour la salubrité et la sécurité publique. Vérifiez l'impact sonore de votre projet avant tout dépôt de permis dans ce secteur.",False,,Secteur Uj : nuisances interdites pour établissements,False,,
323,d9f1902e01d10dfb16b87041193ba1c5,1_67252_reglement_20250623.pdf__4,"Dans le secteur Up, la création, l'extension ou la transformation d'établissements de toute nature — y compris les installations classées — est interdite si elle entraîne une augmentation significative des nuisances pour le voisinage, notamment sonores et olfactives, ainsi que des risques accrus pour la salubrité et la sécurité publique. Vérifiez l'impact sonore de votre projet avant tout dépôt de permis.",False,,Secteur Up : nuisances interdites pour nouveaux établissements,False,,
324,d9f1902e01d10dfb16b87041193ba1c5,1_67252_reglement_20250623.pdf__5,"Dans le secteur Ul, la création, l'extension ou la transformation d'établissements de toute nature, y compris les installations classées, est interdite si elle entraîne une augmentation significative des nuisances pour le voisinage, notamment sonores et olfactives, ainsi que des risques accrus pour la salubrité et la sécurité publique. Vérifiez l'impact sonore de votre projet dès sa conception pour respecter cette règle.",False,,Secteur Ul : nuisances interdites pour nouveaux établissements,False,,
325,d9f1902e01d10dfb16b87041193ba1c5,1_67252_reglement_20250623.pdf__6,"Dans le secteur Ue, la création, l'extension ou la transformation d'établissements de toute nature — y compris les installations classées — est interdite si elle entraîne une augmentation significative des nuisances, notamment sonores et olfactives, pour le voisinage. Ce type de projet est également prohibé s'il accroît les risques pour la salubrité et la sécurité publique. Anticipez l'impact sonore de votre projet dès sa conception pour respecter cette règle.",False,,Secteur Ue : interdiction si nuisances accrues,False,,
213,d9f1902e01d10dfb16b87041193ba1c5,2_67252_padd_20250623.pdf,"Pour limiter les nuisances sonores des infrastructures de transport, il est recommandé d'éviter de localiser l'extension urbaine à proximité de la voie ferrée. Prenez en compte cette orientation dès la conception de votre projet, pour le confort des futurs résidents.",False,,Extension urbaine à éviter près de la voie ferrée,False,,
214,d9f1902e01d10dfb16b87041193ba1c5,2_67252_reglement_20250623.pdf,"Traitez les équipements techniques extérieurs de vos constructions — centrales de traitement d'air, pompes à chaleur, climatiseurs, pompes de traitement des eaux de piscine — de manière à limiter leur émergence acoustique. Cette obligation s'applique à tous vos équipements techniques extérieurs. Anticipez ce traitement dès la conception pour préserver la tranquillité du voisinage.",False,,Limitation acoustique des équipements techniques extérieurs,False,,
215,d9f1902e01d10dfb16b87041193ba1c5,3_67252_reglement_20250623.pdf,"L'extension ou la transformation d'établissements industriels, d'entrepôts, de bureaux ou d'activités de service est interdite si elle entraîne une augmentation significative des nuisances pour le voisinage, notamment sonores et olfactives, ainsi que des risques accrus pour la salubrité et la sécurité publique. Vérifiez l'impact de votre projet sur ces nuisances avant toute extension ou transformation de ce type de bâtiment.",False,,Extension interdite si nuisances accrues,False,,
326,d9f1902e01d10dfb16b87041193ba1c5,4_67252_reglement_20250623.pdf,"Dans le secteur 1AUp, la création, l'extension ou la transformation d'établissements peut être admise même si elle entraîne une augmentation significative des nuisances sonores. Dans ce cas, des dispositifs de protection acoustique doivent être installés au droit des habitations riveraines. Anticipez cette obligation dès la conception de votre projet, pour préserver le confort des riverains.",False,,Secteur 1AUp : protection acoustique des riverains,False,,
327,d9f1902e01d10dfb16b87041193ba1c5,5_67252_reglement_20250623.pdf,"Dans le secteur 1AUp, un dispositif de protection acoustique (mur anti-bruit) peut remplacer la clôture habituellement exigée. Respectez alors une hauteur inférieure à 4,5 mètres pour ce dispositif.",False,,Secteur 1AUp : mur anti-bruit en clôture,False,,
216,d9f1902e01d10dfb16b87041193ba1c5,6_67252_reglement_20250623.pdf,"Dans la zone A, les équipements techniques extérieurs de votre construction (climatisation, pompe à chaleur, traitement des eaux de piscine, etc.) doivent être traités pour limiter leur émergence acoustique. Anticipez ce traitement dès la conception, pour le confort de vos futurs résidents et du voisinage.",False,,Zone A : limiter le bruit des équipements extérieurs,False,,
217,d9f1902e01d10dfb16b87041193ba1c5,7_67252_reglement_20250623.pdf,"Dans la zone AU, les équipements techniques extérieurs de votre bâtiment (centrales de traitement d'air, unités de climatisation, pompes à chaleur…) doivent être traités pour limiter leur émergence acoustique. Anticipez ce traitement dès la conception, pour le confort de vos futurs résidents et de leur voisinage.",False,,Zone AU : traitement acoustique des équipements extérieurs,False,,
328,d9f1902e01d10dfb16b87041193ba1c5,8_67252_reglement_20250623.pdf,"Dans la zone N, traitez acoustiquement les équipements techniques extérieurs du bâtiment (centrales de traitement d'air, unités extérieures de pompes à chaleur, climatisations…) pour limiter leur émergence sonore. Cette obligation s'ajoute aux exigences de performance énergétique du bâtiment. Anticipez ce traitement dès la conception, pour le confort des riverains.",False,,Zone N : traitement acoustique des équipements techniques,False,,
363,df3f10e0d71211fc007fed1d5a595587,1_67433_reglement_20260720.pdf,"En zone Ub, à la limite avec la zone Ux2, les clôtures doivent limiter les nuisances sonores liées aux activités voisines. Elles peuvent être constituées :
- d'un mur plein enduit,
- ou de tout autre matériau réduisant efficacement le bruit.
Pensez à ce traitement acoustique dès la conception de votre clôture, pour le confort des futurs occupants.",False,,Clôtures anti-bruit en limite de zone Ux2,False,,
260,fc6bee104103d89651e5a0410d49cd49,13_67443_reglement_20200303.pdf,"Dans la zone 1AUh, les équipements techniques extérieurs liés au bâtiment doivent être traités pour limiter l'émergence acoustique. Sont notamment concernés :
- les centrales de traitement d'air,
- les unités extérieures de pompes à chaleur,
- les unités de climatisation,
- les pompes de traitement des eaux de piscine.
Anticipez ce traitement acoustique dès la conception de votre projet, pour le confort des futurs résidents et du voisinage.",False,,Zone 1AUh : traitement acoustique des équipements extérieurs,False,,
364,fc6bee104103d89651e5a0410d49cd49,17_67443_reglement_20200303.pdf,"En zone A, les équipements techniques extérieurs liés au bâtiment doivent être traités pour limiter leur émergence acoustique. Sont concernés notamment : les centrales de traitement d'air, les unités extérieures de pompes à chaleur, les unités de climatisation, les pompes de traitement des eaux de piscine. Anticipez ce traitement acoustique dès la conception de votre projet.",False,,Zone A : traitement acoustique des équipements extérieurs,False,,
365,fc6bee104103d89651e5a0410d49cd49,1_67443_reglement_20200303.pdf,"Dans le secteur Uc1, des nuisances notamment sonores et olfactives sont associées à certains équipements et activités (équipements d'intérêt collectif et services publics, commerce de détail, restauration, activités de services). Une implantation en retrait de l'emprise publique est requise pour ces constructions, en raison de risques accrus pour la salubrité et la sécurité publique. Vérifiez la nature de votre projet au regard de cette prescription avant toute implantation.",False,,Secteur Uc1 : retrait requis pour activités nuisantes,False,,
366,fc6bee104103d89651e5a0410d49cd49,1_67443_reglement_20200303.pdf__2,"Le texte est fragmentaire à cet endroit et ne permet pas d'identifier clairement la contrainte d'implantation applicable. Pour connaître précisément les règles d'implantation liées aux nuisances sonores et olfactives en secteur Uc1/Uc2, vérifiez le règlement complet page 16 ou rapprochez-vous du service urbanisme compétent.",False,,Implantation en secteur Uc1/Uc2 à vérifier,False,,
367,fc6bee104103d89651e5a0410d49cd49,1_67443_reglement_20200303.pdf__3,"Le texte source étant trop fragmenté sur ce point, la règle précise d'implantation applicable en secteur Uh ne peut pas être résumée de manière fiable ici. Reportez-vous directement à la page 16 du règlement écrit pour connaître les dispositions exactes concernant l'implantation des constructions et les nuisances mentionnées (notamment sonores et olfactives).",False,,Implantation en secteur Uh : règle à vérifier,False,,
368,fc6bee104103d89651e5a0410d49cd49,1_67443_reglement_20200303.pdf__4,"Le texte réglementaire disponible pour le secteur Uc1 est fragmenté à cet endroit et ne permet pas de reconstituer clairement la règle d'implantation applicable aux équipements d'intérêt collectif, services publics et activités commerciales. Il est fait mention de nuisances notamment sonores et olfactives, ainsi que de risques accrus pour la salubrité et la sécurité publique, justifiant une contrainte d'implantation par rapport à l'emprise publique. Reportez-vous au règlement écrit (page 16) pour vérifier précisément la distance ou les conditions d'implantation exigées avant de finaliser votre projet.",False,,Zone Uc1 : implantation à vérifier (nuisances),False,,
369,fc6bee104103d89651e5a0410d49cd49,1_67443_reglement_20200303.pdf__5,"Le texte concernant ce secteur est fragmentaire, mais il mentionne des nuisances notamment sonores et olfactives pour justifier des règles d'implantation spécifiques aux équipements d'intérêt collectif, services publics, commerces et activités de service. Ces règles visent à limiter les risques pour la salubrité et la sécurité publique. Rapprochez-vous du service urbanisme pour connaître précisément les distances d'implantation applicables à votre projet.",False,,Nuisances sonores et règles d'implantation spécifiques,False,,
370,fc6bee104103d89651e5a0410d49cd49,1_67443_reglement_20200303.pdf__6,"Le texte source relatif à cette zone est trop fragmenté pour permettre un résumé fiable de la règle d'implantation concernée. Il évoque des nuisances notamment sonores et olfactives en lien avec certains équipements et activités, mais la formulation exacte de la prescription ne peut être établie avec certitude. Consultez le règlement écrit, page 16, secteur Uep, pour connaître précisément vos obligations d'implantation.",False,,Règle d'implantation à vérifier - secteur Uep,False,,
261,fc6bee104103d89651e5a0410d49cd49,23_67443_reglement_20200303.pdf,"En zone N, les équipements techniques extérieurs des bâtiments neufs (centrales de traitement d'air, unités extérieures de pompes à chaleur, unités de climatisation) doivent être traités pour limiter leur émergence acoustique. Anticipez ce traitement dès le choix et l'implantation de ces équipements, pour le confort de vos futurs résidents et du voisinage.",False,,Zone N : limiter le bruit des équipements techniques,False,,
262,fc6bee104103d89651e5a0410d49cd49,6_67443_reglement_20200303.pdf,"Dans cette zone, les équipements techniques extérieurs liés au bâtiment (climatisation, pompe à chaleur, traitement d'air, pompe de piscine, etc.) doivent être traités pour limiter leur émergence acoustique. Anticipez le choix et l'implantation de ces équipements dès la conception, pour le confort de vos futurs résidents et de leur voisinage.",False,,Limitation du bruit des équipements techniques extérieurs,False,,
371,fc6bee104103d89651e5a0410d49cd49,7_67443_reglement_20200303.pdf,"En zone U5, les équipements techniques extérieurs de votre bâtiment (climatisation, pompe à chaleur, traitement d'air, pompe à piscine, etc.) doivent être traités pour limiter le bruit émis. Anticipez ce traitement acoustique dès le choix et l'implantation de ces équipements, pour le confort de vos futurs résidents et du voisinage.",False,,Zone U5 : traitement acoustique des équipements techniques,False,,
372,fc6bee104103d89651e5a0410d49cd49,7_67443_reglement_20200303.pdf__2,"En zone AU5, les équipements techniques extérieurs de votre bâtiment (climatisation, pompe à chaleur, traitement d'air, pompe de piscine, etc.) doivent être traités pour limiter le bruit qu'ils émettent. Anticipez ce traitement acoustique dès le choix et l'implantation de ces installations, pour préserver la tranquillité du voisinage.",False,,Zone AU5 : traitement acoustique des équipements techniques,False,,
374,fc6bee104103d89651e5a0410d49cd49,7_67443_reglement_20200303.pdf__4,"Dans la zone N5, les équipements techniques extérieurs du bâtiment (climatisation, pompes à chaleur, centrales de traitement d'air, pompes de piscine, etc.) doivent être traités pour limiter leur émergence acoustique. Anticipez le choix et l'implantation de ces équipements dès la conception, pour le confort des riverains et des futurs occupants.",False,,Zone N5 : limiter le bruit des équipements techniques,False,,
375,fc6bee104103d89651e5a0410d49cd49,9_67443_reglement_20200303.pdf,"Dans le secteur 1AUh, la création, l'extension ou la transformation d'établissements est interdite si elle entraîne une augmentation significative des nuisances pour le voisinage, notamment sonores et olfactives, ainsi que des risques accrus pour la salubrité et la sécurité publique. Des distances d'implantation par rapport aux limites séparatives s'appliquent selon la nature du projet. Vérifiez ce point dès la conception de votre projet pour anticiper d'éventuelles contraintes d'implantation.",False,,Secteur 1AUh : nuisances et distances d'implantation,False,,
