id_gpu,id_occurrence,type_piece_source,lien_web_document,reference_type,reference_precise,zone_reglementaire_mentionnee,portee_geometrique,extrait_significatif,contexte_documentaire,confiance_extrait,justification,nature_occurrence,nature_juridique_piece,nature_sonore_zone,statut_verification,ocr_utilise,ocr_confiance,date_traitement
12666ec8d6fb548ead67bc9c63776f94,1_246700777_reglement_20250704.pdf,règlement écrit,https://www.geoportail-urbanisme.gouv.fr/api/document/12666ec8d6fb548ead67bc9c63776f94/files/246700777_reglement_20250704.pdf,alinea,Article 24,secteurs de nuisance acoustique délimités sur le plan risques,zone_specifique,"Les constructions nouvelles à usage d’habitation et de bureaux, implantées dans les secteurs de nuisance acoustique délimités sur le plan risques du document graphique, à condition que les bâtiments* soient insonorisés conformément aux conditions prévues par les dispositions réglementaires en matière d’urbanisme, de construction et d’habitation.","Dispositions applicables à toutes les zones Les constructions nouvelles à usage d’habitation et de bureaux, implantées dans les secteurs de nuisance acoustique délimités sur le plan risques du document graphique, à condition que les bâtiments* soient insonorisés conformément aux conditions prévues par les dispositions réglementaires en matière d’urbanisme, de construction et d’habitation. constructions et installations admis au titre du présent règlement de zone le sont à condition que leur réalisation ne porte pas atteinte aux objectifs de conservation des habitats naturels et des populations des espèces de faune et de flore sauvage qui ont justifié la désignation d’un site NATURA 2…",forte,"Le passage impose une condition d'insonorisation aux constructions nouvelles d'habitation et de bureaux dans des secteurs de nuisance acoustique délimités sur le plan risques du document graphique — un zonage propre au document d'urbanisme, distinct du classement sonore des infrastructures ou du PEB. Il s'agit donc d'une règle autonome relevant du périmètre diagBruit, applicable à une zone spécifique délimitée graphiquement.",prescription,opposable en conformité,autre,validé,False,,2026-08-26
12666ec8d6fb548ead67bc9c63776f94,1_246700777_orientations_amenagement_1_20250704.pdf,OAP,https://www.geoportail-urbanisme.gouv.fr/api/document/12666ec8d6fb548ead67bc9c63776f94/files/246700777_orientations_amenagement_1_20250704.pdf,page,page 30,Neubois / Secteur 2,zone_specifique,"possibilité de maintien de l’activité existante sur le site en veillant à limitant les nuisances (sonores, olfactives, visuelles, …)","Neubois / Secteur 1 Schéma d’aménagement Légende 29/ PLUide la Communauté de Communes de la Vallée de Villé -OAP sectorielle -Décembre 2019 possibilité de maintien de l’activité existante sur le site en veillant à limitant les nuisances (sonores, olfactives, visuelles, …) • Insertion paysagère et architecturale - toits pentus privilégiés - mise en valeur du petit patrimoine (calvaire) • Desserte et organisation viaire - voirie avec arbres d’alignement - voirie de type «zone de rencontre» (caniveau central) • Mesures d’intégration environnementale - noue en pied de pe…",forte,"Le passage prévoit la possibilité de maintien d'une activité existante sur le site à condition de limiter les nuisances sonores (entre autres), ce qui constitue une règle autonome de gestion du bruit lié à une activité, applicable à ce secteur d'OAP spécifique.",recommandation,opposable en compatibilité,lutte_bruit_existant,validé,False,,2026-08-26
12666ec8d6fb548ead67bc9c63776f94,2_246700777_orientations_amenagement_1_20250704.pdf,OAP,https://www.geoportail-urbanisme.gouv.fr/api/document/12666ec8d6fb548ead67bc9c63776f94/files/246700777_orientations_amenagement_1_20250704.pdf,page,page 69,Secteur 1 - Villé,zone_specifique,"adaptation de l’habitat, voir des bâtiments d’activité pour se protéger du bruit (mesures de protection acoustique du bâti)","…servation des vergers/fonds de jardin des habitations de la rue du Soleil - partie Est du secteur : - emplacement destiné à la conservation/reconstitution d’une pelouse sèche (mesure compensatoire) - dans la partie basse «habiter le boisement». Déboisement limité au strict minimum, c’est-à-dire à la adaptation de l’habitat, voir des bâtiments d’activité pour se protéger du bruit (mesures de protection acoustique du bâti) Villé / Secteur 1 Schéma d’aménagement Légende habitat 71/ PLUide la Communauté de Communes de la Vallée de Villé -OAP sectorielle -Décembre 2019",forte,"Le passage prescrit une adaptation du bâti (logements, voire bâtiments d'activité) pour se protéger du bruit dans le cadre d'une OAP sectorielle spécifique à un secteur d'aménagement. Il s'agit d'une règle autonome concernant directement les bâtiments, dans le périmètre diagBruit. La zone concernée est le secteur d'OAP spécifique (secteur 1, commune de Villé), sans lien avec un classement sonore ou un PEB.",recommandation,opposable en compatibilité,autre,validé,False,,2026-08-26
412b38543365d415503144f60d56898b,1_67004_reglement_20250522.pdf,règlement écrit,https://www.geoportail-urbanisme.gouv.fr/api/document/412b38543365d415503144f60d56898b/files/67004_reglement_20250522.pdf,alinea,Article 2,zones affectées par le bruit des axes de transports terrestres bruyants (matérialisées au plan des annexes),zone_specifique,"prise en compte du PLU de documents de planification supérieurs. 3. Les articles L 102-13, L153-11 et L424-1 du Code de l’Urbanisme, sur le fond desquels peut être opposé un sursis à statuer. 4. Les constructions à usage d’hébergement et d’habitation doivent en outre répondre aux exigences d’isolement acoustique par rapport aux axes de transports terrestres bruyants, conformément à la réglementation en vigueur. Les zones concernées sont","…sur le territoire communal : 1. Les articles d’ordre public du Code de l’urbanisme :  R 111-2 : salubrité et sécurité publique ;  R 111-4 : conservation et mise en valeur d’un site ou vestige archéologique ; 2. Les articles L. 131-4 à L131-7 du Code de l’Urbanisme, imposant la compatibilité ou la prise en compte du PLU de documents de planification supérieurs. 3. Les articles L 102-13, L153-11 et L424-1 du Code de l’Urbanisme, sur le fond desquels peut être opposé un sursis à statuer. 4. Les constructions à usage d’hébergement et d’habitation doivent en outre répondre aux exigences d’isolement acoustique par rapport aux axes de transports terrestres bruyants, conformément à la réglementation en vigueur. Les zones concernées sont matérialisées au plan des annexes. 5. Les articles L. 153-54 et L 421-6 du Code de l’Urbanisme concernant les opérations déclarées d’utilité publique. 6. L’article L. 600-2 du Code de l’Urbanisme relatif aux règles applicables en cas d’annulation d’une décision de refus de permis de construire. II.…",moyenne,"Le passage impose une exigence d'isolement acoustique pour les constructions d'hébergement et d'habitation à proximité des axes de transports terrestres bruyants, ce qui relève du périmètre diagBruit (bâtiments). Toutefois, le texte précise que cela est 'conformément à la réglementation en vigueur', ce qui correspond exactement au renvoi standard du classement sonore des voies déjà traité ailleurs par diagBruit. Il n'y a pas d'exigence allant au-delà de cette réglementation standard. Néanmoins, comme les zones concernées sont matérialisées sur un plan spécifique (zone_specifique) et que la règle est explicitement formulée comme une prescription applicable aux constructions, je la retiens avec une confiance modérée car elle reste proche du simple renvoi mais mentionne une zone précise nécessitant un tracé manuel.",prescription,opposable en conformité,lutte_bruit_existant,validé,False,,2026-08-26
20a61be30f5ddb32c595001f8ac12cc9,1_67008_padd_20250519.pdf,PADD,https://www.geoportail-urbanisme.gouv.fr/api/document/20a61be30f5ddb32c595001f8ac12cc9/files/67008_padd_20250519.pdf,page,page 5,,zone_specifique,prendre en compte les nuisances sonores générées par l’autoroute A 35,"…anisation sera limité. La zone d’activités intercommunale de l’Activeum, située à proximité de la gare, bénéficie d’une très bonne desserte en transport en commun. A plus long terme, les zones d’extensions urbaines envisageables pourraient se situer au sud de la commune à l’arrière des constructions prendre en compte les nuisances sonores générées par l’autoroute A 35 PLU D’ALTORF PADD PLU ARRETE PAGE 3",forte,"Le PADD recommande de prendre en compte les nuisances sonores générées par l'autoroute A35 lors de l'urbanisation future des zones d'extension situées au sud de la commune, le long de la route de Strasbourg. Il s'agit d'une orientation concernant l'aménagement urbain à proximité d'une infrastructure bruyante, donc bien dans le périmètre diagBruit (impact sur les futures constructions, pas seulement sur l'infrastructure elle-même). La zone concernée est géographiquement circonscrite (extension sud, le long de la route de Strasbourg), sans contour administratif global, d'où une portée zone_specifique.",recommandation,non opposable,autre,validé,False,,2026-08-26
d6449f258395c61f12c79e468c6c994a,1_200034270_reglement_20260716.pdf,règlement écrit,https://www.geoportail-urbanisme.gouv.fr/api/document/d6449f258395c61f12c79e468c6c994a/files/200034270_reglement_20260716.pdf,alinea,Article 2,secteurs de nuisance acoustique délimités sur le plan risques du document graphique,zone_specifique,"Les constructions* nouvelles à usage d’habitation et de bureaux, implantées dans les secteurs de nuisance acoustique délimités sur le plan risques du document graphique, à condition que les bâtiments* soient insonorisés conformément aux conditions prévues par les dispositions réglementaires en matière d’urbanisme, de construction* et d’habitation.","…), d’un point de vue de la préservation de la salubrité publique. Des restrictions d’usage particulières, permettant de garantir la salubrité publique pourront être définies selon le niveau de pollution. Les constructions* nouvelles à usage d’habitation et de bureaux, implantées dans les secteurs de Les constructions* nouvelles à usage d’habitation et de bureaux, implantées dans les secteurs de nuisance acoustique délimités sur le plan risques du document graphique, à condition que les bâtiments* soient insonorisés conformément aux conditions prévues par les dispositions réglementaires en matière d’urbanisme, de construction* et d’habitation. devront se conformer aux prescriptions figurant dans les arrêtés de Déclaration d’Utilité Publique des captages d’eau potable. Les constructions* et installations* doivent se conformer aux dispositions du Plan de prévention du risque inondation Ehn-Andlau-Scheer, ou en l’absence et dans l’attente de…",moyenne,"Ce passage définit un secteur de nuisance acoustique propre au document graphique (plan risques), distinct du classement sonore des voies ou du PEB, imposant une condition d'insonorisation des bâtiments d'habitation et de bureaux dans ce secteur. Il s'agit donc d'une règle autonome relevant du périmètre diagBruit, applicable à une zone spécifique tracée sur le document graphique.",prescription,opposable en conformité,autre,validé,False,,2026-08-26
284928e1449906994f1323c4fc818562,1_200040178_padd_20260629_A.pdf,PADD,https://www.geoportail-urbanisme.gouv.fr/api/document/284928e1449906994f1323c4fc818562/files/200040178_padd_20260629_A.pdf,page,page 9,,administrative,"Prévenir les risques de nuisances sonores le long des axes de circulation. Toute urbanisation nouvelle, en extension, le long des axes à risques, doit être évité.","…et les espaces agricoles proprement dits. Maintenir la place qu'il convient à des éléments paysagers tels que jardins, haies champêtres, bosquets et vergers, de telle sorte qu'ils soient intégrés comme des éléments de conception à part entière dans le cadre de l'aménagement de ces futurs quartiers. Prévenir les risques de nuisances sonores le long des axes de circulation. Toute urbanisation nouvelle, en extension, le long des axes à risques, doit être évité. habitations. En effet, le territoire du HATTGAU comporte, entre autre, un certain nombre d'Installations Classées pour la Protection de l'Environnement (ICPE). Objectif 1-2 : Les politiques d'équipement Maintenir l'offre d'équipements et permettre son fonctionnement autant dans les villages que dans…",forte,"Le PADD énonce un objectif de prévention des nuisances sonores le long des axes de circulation et d'évitement de l'urbanisation nouvelle en extension le long des axes à risques. Cette règle concerne bien l'urbanisation résidentielle à proximité des infrastructures (pas seulement l'infrastructure elle-même), donc elle relève du périmètre diagBruit. Il s'agit d'un objectif de PADD, formulé de façon assez générale et programmatique (recommandation), sans zone réglementaire précise délimitée, donc portée administrative par défaut.",recommandation,non opposable,lutte_bruit_existant,validé,False,,2026-08-26
284928e1449906994f1323c4fc818562,2_200040178_padd_20260629_A.pdf,PADD,https://www.geoportail-urbanisme.gouv.fr/api/document/284928e1449906994f1323c4fc818562/files/200040178_padd_20260629_A.pdf,page,page 10,,administrative,"permettant, par exemple, l'évolution des corps de ferme vers du logement ou de l'activité en limitant les nuisances potentielles (stationnement, bruit, etc.)","…la structure de l'habitat rural traditionnel caractérisé par la configuration ferme-cour. Préserver l'identité visuelle forte des rues par la présence de constructions traditionnelles à colombages dans les villages. Protéger le patrimoine bâti remarquable des communes du HATTGAU par des possibilités permettant, par exemple, l'évolution des corps de ferme vers du logement ou de l'activité en limitant les nuisances potentielles (stationnement, bruit, etc.) annexes en habitat par exemple. Urbanisme, du patrimoine à l'innovation Encadrer l'évolution du bâti traditionnel en préservant ses caractéristiques urbaines et architecturales (volumes et modes d'implantation, matériaux de constructions, présence de jardin et vergers, etc.). Préserver la valeur du…",moyenne,"Le PADD recommande de permettre l'évolution des corps de ferme vers du logement ou de l'activité tout en limitant les nuisances potentielles, dont le bruit. Il s'agit d'une orientation générale applicable à l'ensemble du bâti rural traditionnel des communes concernées, en lien avec des projets de reconversion de bâtiments, ce qui relève du périmètre diagBruit. La formulation reste toutefois assez générale et associée à d'autres nuisances (stationnement), ce qui limite la précision de la règle.",recommandation,non opposable,autre,validé,False,,2026-08-26
284928e1449906994f1323c4fc818562,1_200040178_orientations_amenagement_18_00_20260629_A.pdf,OAP,https://www.geoportail-urbanisme.gouv.fr/api/document/284928e1449906994f1323c4fc818562/files/200040178_orientations_amenagement_18_00_20260629_A.pdf,page,page 59,,administrative,"Le projet devra rechercher, dans sa conception, à orienter les bâtiments et les équipements bruyants par rapport aux bâtiments et zones sensibles au bruit","…de réutilisation des eaux pluviales, celle-ci devra être conforme aux normes en vigueur, notamment l’arrêté du 21 août 2008 ; - les places de stationnement destinées aux véhicules légers seront réalisées en structure perméable ; - Pour les terrains concernés par le risque de remontées de nappe, des Le projet devra rechercher, dans sa conception, à orienter les bâtiments et les équipements bruyants par rapport aux bâtiments et zones sensibles au bruit PLUi (le périmètre est classé au niveau 3 sur 5, considéré comme très modéré). o Risque induit, que le projet, notamment le forage, pourrait éventuellement générer : le projet devra étudier l’impact potentiel et prévoir les mesures adaptées, notamment en s’appuyant sur le guide des bonnes pratiques…",totale,"Le passage prescrit une orientation des bâtiments et équipements bruyants par rapport aux bâtiments et zones sensibles au bruit, ce qui est une recommandation d'urbanisme relevant du périmètre diagBruit (implantation des constructions). Aucune limite spatiale spécifique n'est mentionnée, donc portée administrative par défaut.",recommandation,opposable en compatibilité,autre,validé,False,,2026-08-26
171518c6d5441a4ad41c30cf32dbe4ca,1_200067874_padd_20260427.pdf,PADD,https://www.geoportail-urbanisme.gouv.fr/api/document/171518c6d5441a4ad41c30cf32dbe4ca/files/200067874_padd_20260427.pdf,page,page 23,,administrative,"perméables dans les aménagements urbains. politiques urbaines En se prémunissant des risques liés à l’eau En améliorant la qualité de l’air et en limitant ` Favoriser la gestion intégrée des eaux de les nuisances sonores ruissellement en privilégiant par exemple, la gestion gravitaire en surface et/ou l’infiltration au plus près ` Mobiliser plusieurs leviers : favoriser la mobilité de la goutte d’eau. active par le développement d’équipements tant","…tion des ressources et d’adaptation préférentiellement des éléments arborés pour des conditions de vie pour un environnement développer l’ombrage naturel. plus sain, positionnant la question de la santé des ` Donner plus de place à l’eau et aux surfaces habitants et usagers du territoire au cœur des perméables dans les aménagements urbains. politiques urbaines En se prémunissant des risques liés à l’eau En améliorant la qualité de l’air et en limitant ` Favoriser la gestion intégrée des eaux de les nuisances sonores ruissellement en privilégiant par exemple, la gestion gravitaire en surface et/ou l’infiltration au plus près ` Mobiliser plusieurs leviers : favoriser la mobilité de la goutte d’eau. active par le développement d’équipements tant à l’échelle des quartiers qu’entre les centres ` Assurer le fonctionnement naturel des cours d’eau : urbains, apaiser la circulation, accompagner limitation de l’artificialisation des berges, maintien de du développement des modes de transports reculs de construction, … électriques, prendre en compt…",moyenne,"Le PADD énonce un objectif général de limitation des nuisances sonores dans le cadre de l'amélioration de la qualité de l'air et de vie, en s'appuyant notamment sur la mobilité active et l'apaisement de la circulation. Il s'agit d'une orientation générale applicable à l'ensemble du territoire, sans zone spécifique désignée. La formulation reste toutefois assez vague et programmatique, typique d'un PADD, ce qui limite la précision de la prescription.",recommandation,non opposable,lutte_bruit_existant,validé,False,,2026-08-26
171518c6d5441a4ad41c30cf32dbe4ca,2_200067874_padd_20260427.pdf,PADD,https://www.geoportail-urbanisme.gouv.fr/api/document/171518c6d5441a4ad41c30cf32dbe4ca/files/200067874_padd_20260427.pdf,page,page 23,,administrative,"l’air des activités humaines, végétaliser des espaces concernées et diminuer l’exposition des biens urbains, … et des personnes. L’atteinte de cet objectif passe ` Prioriser le confort acoustique notamment en lien par le choix de l’urbanisation, la limitation de avec l’exposition des personnes les plus fragiles la constructibilité, ou encore des dispositifs de (enfants, personnes âgées...) lors de la création protection/adaptation, …","…’artificialisation des berges, maintien de du développement des modes de transports reculs de construction, … électriques, prendre en compte les infrastructures ` Étendre la connaissance du risque de coulées générant le plus de nuisances, limiter l’impact sur d’eau boueuses à l’ensemble des communes l’air des activités humaines, végétaliser des espaces concernées et diminuer l’exposition des biens urbains, … et des personnes. L’atteinte de cet objectif passe ` Prioriser le confort acoustique notamment en lien par le choix de l’urbanisation, la limitation de avec l’exposition des personnes les plus fragiles la constructibilité, ou encore des dispositifs de (enfants, personnes âgées...) lors de la création protection/adaptation, … de nouveaux équipements dédiés. En agissant sur la pollution des milieux En conservant des espaces de respiration ` Prendre en compte les anciens sites pollués, à l’intérieur des tissus bâtis et en renforçant de pollutions historiques, et conditionner la nature la présence végétale des projets sur c…",forte,"Le PADD recommande de prioriser le confort acoustique, notamment en lien avec l'exposition des personnes fragiles, via le choix de l'urbanisation, la limitation de la constructibilité ou des dispositifs de protection/adaptation. Cela concerne directement l'urbanisation et les bâtiments (équipements dédiés aux personnes fragiles), donc relève du périmètre diagBruit. Aucune zone réglementaire précise n'est mentionnée, la règle s'applique donc à l'ensemble du territoire couvert par le PADD. La formulation reste orientée orientation générale de PADD, donc confiance forte mais pas totale.",recommandation,non opposable,lutte_bruit_existant,validé,False,,2026-08-26
171518c6d5441a4ad41c30cf32dbe4ca,1_200067874_reglement_20260427.pdf,règlement écrit,https://www.geoportail-urbanisme.gouv.fr/api/document/171518c6d5441a4ad41c30cf32dbe4ca/files/200067874_reglement_20260427.pdf,alinea,Article 6,,administrative,"A moins que les climatiseurs et pompes à chaleur soient coffrés par un dispositif d’isolation sonore, ils doivent être implantés à une distance suffisante de la limite séparative de manière à limiter les nuisances vis-à-vis de la propriété voisine.","…ttres, etc.) doit être intégrée dans le volume de la construction ou dans la clôture en s’implantant selon une logique de dissimulation qui tienne compte des modénatures et des matériaux constitutifs. 7. Ces installations techniques peuvent également s’implanter au sol (par exemple les paraboles) si A moins que les climatiseurs et pompes à chaleur soient coffrés par un dispositif d’isolation sonore, ils doivent être implantés à une distance suffisante de la limite séparative de manière à limiter les nuisances vis-à-vis de la propriété voisine. des bâtiments, en saillie sur les balcons ou en dépassant leur hauteur de faîtage. Leur installation est toutefois autorisée sur les toitures terrasses.",totale,"Le passage impose une distance minimale d'implantation des climatiseurs et pompes à chaleur par rapport aux limites séparatives, sauf coffrage acoustique, afin de limiter les nuisances sonores pour le voisinage. Il s'agit d'une règle autonome de construction (équipements techniques de bâtiment) relevant du périmètre diagBruit, sans limite spatiale précisée donc portée administrative.",prescription,opposable en conformité,lutte_bruit_existant,validé,False,,2026-08-26
171518c6d5441a4ad41c30cf32dbe4ca,2_200067874_reglement_20260427.pdf,règlement écrit,https://www.geoportail-urbanisme.gouv.fr/api/document/171518c6d5441a4ad41c30cf32dbe4ca/files/200067874_reglement_20260427.pdf,alinea,"Article 6, alinéa 1",secteurs de nuisance acoustique,zone_specifique,"Les constructions nouvelles à usage d’habitation, implantées dans les secteurs de nuisance acoustique à condition que les bâtiments soient insonorisés conformément aux conditions prévues par les dispositions réglementaires en matière d’urbanisme, de construction et d’habitation.","…on est inférieur à la surface minimum exigée dans les orientations d’aménagements et de programmation, celui-ci peut néanmoins être urbanisé à condition de couvrir intégralement les terrains restants ; - que la réalisation de l’opération soit compatible avec les principes édités par les orientations Les constructions nouvelles à usage d’habitation, implantées dans les secteurs de nuisance acoustique à condition que les bâtiments soient insonorisés conformément aux conditions prévues par les dispositions réglementaires en matière d’urbanisme, de construction et d’habitation. aménagements liés à l’accessibilité des berges des cours d’eau, y compris sur les terrains couverts par la trame graphique « cortège végétal à préserver ou à créer », et dans les marges de recul. SECTION B – VOLUMETRIE ET IMPLANTATION DES CONSTRUCTIONS",forte,"Le passage impose une condition d'insonorisation des constructions nouvelles à usage d'habitation dans les secteurs de nuisance acoustique. Il ne s'agit pas d'un simple renvoi au classement sonore ou au PEB explicitement nommé, mais d'une condition d'urbanisation autonome fixée par le règlement lui-même conditionnant la constructibilité à l'insonorisation, ce qui en fait une règle propre au document d'urbanisme même si elle renvoie aux dispositions réglementaires générales en matière de construction. La zone concernée (secteurs de nuisance acoustique) n'a pas de contour automatiquement disponible, d'où une portée zone_specifique.",prescription,opposable en conformité,lutte_bruit_existant,validé,False,,2026-08-26
171518c6d5441a4ad41c30cf32dbe4ca,1_200067874_orientations_amenagement_1_20260427.pdf,OAP,https://www.geoportail-urbanisme.gouv.fr/api/document/171518c6d5441a4ad41c30cf32dbe4ca/files/200067874_orientations_amenagement_1_20260427.pdf,alinea,Article L,"secteur formé par l'ilot des rues des Mirabelliers, du Sablé, des Cerisiers et des Vignes",zone_specifique,"Les nouveaux aménagements, constructions et installations, au travers de leur implantation, de leur organisation spatiale, de l’adéquation des formes urbaines, ou encore par des choix techniques doivent être conçus de manière à limiter l’exposition des populations à la pollution atmosphérique et aux nuisances sonore.","…'ilot formé par les rues des Mirabelliers, du Sablé, des Cerisiers et des Vignes. Ce secteur couvre une superficie de 0,4 hectare. Orientations relatives à la structuration et programmation urbaine du secteur Les nouveaux aménagements, constructions et installations, au travers de leur implantation, Les nouveaux aménagements, constructions et installations, au travers de leur implantation, de leur organisation spatiale, de l’adéquation des formes urbaines, ou encore par des choix techniques doivent être conçus de manière à limiter l’exposition des populations à la pollution atmosphérique et aux nuisances sonore. L’aménagement du secteur devra préserver les arbres fruitiers existants et, ou bien assurer leur remplacement par des plantations en nombre équivalent. Les aménagements paysagers privilégieront des essences végétales variées et l’emploi d’essences locales, notamment d’arbres fruitiers, afin de renfo…",forte,"Le passage prescrit que les nouveaux aménagements, constructions et installations soient conçus (implantation, organisation spatiale, formes urbaines, choix techniques) pour limiter l'exposition des populations aux nuisances sonores dans ce secteur d'OAP. Il s'agit d'une orientation d'urbanisme propre à ce secteur, non d'un simple renvoi au classement sonore ou au PEB, et elle concerne bien les bâtiments/aménagements urbains, donc dans le périmètre diagBruit.",recommandation,opposable en compatibilité,autre,validé,False,,2026-08-26
171518c6d5441a4ad41c30cf32dbe4ca,2_200067874_orientations_amenagement_1_20260427.pdf,OAP,https://www.geoportail-urbanisme.gouv.fr/api/document/171518c6d5441a4ad41c30cf32dbe4ca/files/200067874_orientations_amenagement_1_20260427.pdf,alinea,Article L,,zone_specifique,"Dans les secteurs soumis aux émissions sonores et atmosphériques issues des activités voisines et des infrastructures de transport, la conception des aménagements et des constructions devra veiller à limiter l’exposition des futurs occupants.","…de l’Industrie. Sa superficie est de 2,9 hectares. Orientations relatives à la structuration et programmation urbaine du secteur La nouvelle opération comportera un habitat diversifié. L’habitat collectif sera préférentiellement situé à l’ouest de la rue de l’Industrie, alors que l’habitat dense ou Dans les secteurs soumis aux émissions sonores et atmosphériques issues des activités voisines et des infrastructures de transport, la conception des aménagements et des constructions devra veiller à limiter l’exposition des futurs occupants. voisines et des infrastructures de transport, la conception des aménagements et des constructions devra veiller à limiter l’exposition des futurs occupants. Orientations relatives à la trame viaire Le site bénéficie d’accès existants via la rue de l’Industrie et la rue de la Division Leclerc. Toutef…",forte,"Le passage prescrit que dans les secteurs soumis aux émissions sonores (activités voisines et infrastructures de transport), la conception des aménagements et constructions doit limiter l'exposition des futurs occupants au bruit. Il ne s'agit pas d'un simple renvoi au classement sonore ou au PEB, mais d'une orientation propre à ce secteur d'OAP visant la conception des bâtiments et aménagements. La portée est limitée à ce secteur spécifique de l'OAP (2,9 hectares, rue de l'Industrie).",recommandation,opposable en compatibilité,lutte_bruit_existant,validé,False,,2026-08-26
171518c6d5441a4ad41c30cf32dbe4ca,3_200067874_orientations_amenagement_1_20260427.pdf,OAP,https://www.geoportail-urbanisme.gouv.fr/api/document/171518c6d5441a4ad41c30cf32dbe4ca/files/200067874_orientations_amenagement_1_20260427.pdf,alinea,Article L,,administrative,"Dans les secteurs soumis aux émissions sonores et atmosphériques issues des activités voisines et des infrastructures de transport, la conception des aménagements et des constructions devra veiller à limiter l’exposition des futurs occupants.","…. La superficie du secteur d’urbanisation est de 16.1 hectares. Orientations relatives à la structuration et programmation urbaine du secteur Le secteur sera urbanisé via un projet d’aménagement portant sur la totalité de sa superficie. La nouvelle urbanisation sera à dominante d’habitat diversifié. Dans les secteurs soumis aux émissions sonores et atmosphériques issues des activités voisines et des infrastructures de transport, la conception des aménagements et des constructions devra veiller à limiter l’exposition des futurs occupants. jonction avec la rue du Plan d’Eau, reliée à l’avenue de Strasbourg par un giratoire. L’opération sera traversée par des liaisons en modes actifs. Les liaisons douces à aménager devront être conçues de manière à assurer leur connexion avec le réseau de mobilité douce, s’il existe en périphérie imméd…",forte,"Le passage impose que la conception des aménagements et constructions dans les secteurs exposés aux émissions sonores (activités voisines et infrastructures de transport) limite l'exposition des futurs occupants. Il ne s'agit pas d'un simple renvoi au classement sonore/PEB déjà traité ailleurs, mais d'une orientation d'aménagement autonome concernant la conception des bâtiments et projets urbains, donc dans le périmètre diagBruit. Aucune limite spatiale précise n'étant donnée (pas de zone réglementaire nommée), la portée est considérée comme administrative.",recommandation,opposable en compatibilité,autre,validé,False,,2026-08-26
171518c6d5441a4ad41c30cf32dbe4ca,4_200067874_orientations_amenagement_1_20260427.pdf,OAP,https://www.geoportail-urbanisme.gouv.fr/api/document/171518c6d5441a4ad41c30cf32dbe4ca/files/200067874_orientations_amenagement_1_20260427.pdf,alinea,Article L,,zone_specifique,"Dans les secteurs soumis aux émissions sonores et atmosphériques issues des activités voisines et des infrastructures de transport, la conception des aménagements et des constructions devra veiller à limiter l’exposition des futurs occupants.","…usagers du train, qui n’a pas vocation à être accessible au public, doit toutefois bénéficier d’un traitement qualitatif. Les nouvelles constructions doivent s’accorder au paysage urbain et architectural du quartier existant et dans lequel elles doivent s’insérer de manière cohérente et harmonieuse. Dans les secteurs soumis aux émissions sonores et atmosphériques issues des activités voisines et des infrastructures de transport, la conception des aménagements et des constructions devra veiller à limiter l’exposition des futurs occupants. l’interface entre la passerelle du PEM et le parking silo. La programmation de cet espace public prévoit des aménagements liés à la vocation multimodale attendue, notamment des arrêts de bus et des aires de stationnement de courte durée de type « dépose minute ». Par ailleurs, l’évolution du secteur…",forte,"Le passage énonce une règle autonome (non liée au classement sonore ou au PEB) demandant, dans les secteurs exposés aux émissions sonores et atmosphériques des activités voisines et infrastructures de transport, de concevoir les aménagements et constructions pour limiter l'exposition des futurs occupants. Cela concerne bien les bâtiments et l'aménagement urbain, donc dans le périmètre diagBruit. La portée est limitée aux secteurs concernés par ces nuisances (pas nécessairement tout le territoire), d'où zone_specifique.",recommandation,opposable en compatibilité,autre,validé,False,,2026-08-26
171518c6d5441a4ad41c30cf32dbe4ca,5_200067874_orientations_amenagement_1_20260427.pdf,OAP,https://www.geoportail-urbanisme.gouv.fr/api/document/171518c6d5441a4ad41c30cf32dbe4ca/files/200067874_orientations_amenagement_1_20260427.pdf,alinea,Article L,,zone_specifique,"Dans les secteurs soumis aux émissions sonores et atmosphériques issues des activités voisines et des infrastructures de transport, la conception des aménagements et des constructions devra veiller à limiter l’exposition des futurs occupants.","…s opérations d’habitat doivent comporter un minimum de 25 % de logements aidés. Le nord du secteur où est implanté le supermarché, est privilégié pour l’accueil d’un nouvel équipement d’intérêt collectif. La requalification du Pôle Gares prévoit la relocalisation de la gare routière aux abords de la Dans les secteurs soumis aux émissions sonores et atmosphériques issues des activités voisines et des infrastructures de transport, la conception des aménagements et des constructions devra veiller à limiter l’exposition des futurs occupants. constructions devra veiller à limiter l’exposition des futurs occupants. Orientations relatives à la trame viaire et aux fonctions du Pôle d’échange multimodal Le réseau viaire s’appuie sur les voies existantes pour organiser les circulations véhiculaires et développer de nouveaux aménagements pour…",forte,"Le passage prescrit que dans les secteurs soumis aux émissions sonores (et atmosphériques) issues des activités voisines et des infrastructures de transport, la conception des aménagements et constructions doit limiter l'exposition des futurs occupants. Il ne s'agit pas d'un simple renvoi au classement sonore ou au PEB, mais d'une orientation de conception urbaine visant à limiter l'exposition au bruit, ce qui relève bien du périmètre diagBruit. La zone concernée n'est pas une zone réglementaire nommée mais un secteur identifié dans l'OAP (secteurs soumis aux émissions sonores), donc portée géométrique spécifique.",recommandation,opposable en compatibilité,lutte_bruit_existant,validé,False,,2026-08-26
171518c6d5441a4ad41c30cf32dbe4ca,6_200067874_orientations_amenagement_1_20260427.pdf,OAP,https://www.geoportail-urbanisme.gouv.fr/api/document/171518c6d5441a4ad41c30cf32dbe4ca/files/200067874_orientations_amenagement_1_20260427.pdf,alinea,Article L,,zone_specifique,"soin particulier doit être porté sur la qualité architecturale des façades des constructions donnant sur le boulevard. Dans les secteurs soumis aux émissions sonores et atmosphériques issues des activités voisines et des infrastructures de transport, la conception des aménagements et des constructions devra veiller à limiter l’exposition des futurs occupants. Les futures opérations d’habitat doivent comporter un minimum de 25 % de logements aidés.","…partie ouest du site. Les constructions édifiées en bordure du boulevard Louise-Amélie Leblois forment un front urbain continu et privilégient des formes urbaines denses. Les nouveaux édifices doivent contribuer à structurer la silhouette urbaine et la limite bâtie au sud de la ville. En ce sens, un soin particulier doit être porté sur la qualité architecturale des façades des constructions donnant sur le boulevard. Dans les secteurs soumis aux émissions sonores et atmosphériques issues des activités voisines et des infrastructures de transport, la conception des aménagements et des constructions devra veiller à limiter l’exposition des futurs occupants. Les futures opérations d’habitat doivent comporter un minimum de 25 % de logements aidés. Orientations relatives à la trame viaire La desserte routière du futur quartier est assurée exclusivement depuis le boulevard Louise- Amélie Leblois. Il est également desservi par des aménagements piétons-cycles qui longent le boulevard. Une nouvelle liaison nord-sud à usage des mobilités actives co…",forte,"Le passage impose que la conception des aménagements et constructions veille à limiter l'exposition des futurs occupants aux émissions sonores et atmosphériques issues des activités voisines et infrastructures de transport, dans les secteurs concernés. Il ne s'agit pas d'un simple renvoi au classement sonore ou au PEB (aucune mention explicite de ces dispositifs), mais d'une exigence de conception propre au document d'urbanisme visant les bâtiments et aménagements eux-mêmes. La portée est limitée aux secteurs soumis à ces émissions, ce qui correspond à une zone spécifique non cartographiée automatiquement.",prescription,opposable en compatibilité,lutte_bruit_existant,validé,False,,2026-08-26
171518c6d5441a4ad41c30cf32dbe4ca,7_200067874_orientations_amenagement_1_20260427.pdf,OAP,https://www.geoportail-urbanisme.gouv.fr/api/document/171518c6d5441a4ad41c30cf32dbe4ca/files/200067874_orientations_amenagement_1_20260427.pdf,alinea,Article L,,zone_specifique,"Dans les secteurs soumis aux émissions sonores et atmosphériques issues des activités voisines et des infrastructures de transport, la conception des aménagements et des constructions devra veiller à limiter l’exposition des futurs occupants.","…s nouvelles opérations de constructions au contact des tissus urbains existants composés de maisons individuelles. Cette programmation permet de garantir une cohérence d’échelle avec les quartiers pavillonnaires existants situés d’une part, rue du Colonel Paulus et, d’autre part, route de Weitbruch. Dans les secteurs soumis aux émissions sonores et atmosphériques issues des activités voisines et des infrastructures de transport, la conception des aménagements et des constructions devra veiller à limiter l’exposition des futurs occupants. nouveau quartier. Cette voie, véritable colonne vertébrale du secteur, sera complétée par un axe structurant assurant la desserte interne du futur quartier et créant une liaison inter quartier dans le sens ouest-est, de part et d’autre du boulevard. Ce nouvel axe se connecte à l’ouest sur la rue du…",forte,"Le passage prescrit une prise en compte des nuisances sonores (et atmosphériques) issues des activités voisines et infrastructures de transport dans la conception des aménagements et constructions, afin de limiter l'exposition des futurs occupants. Cette règle concerne bien les bâtiments et l'aménagement urbain (pas uniquement l'infrastructure elle-même), et s'applique aux secteurs concernés de l'OAP, donc portée géométrique spécifique à la zone d'OAP.",recommandation,opposable en compatibilité,autre,validé,False,,2026-08-26
171518c6d5441a4ad41c30cf32dbe4ca,8_200067874_orientations_amenagement_1_20260427.pdf,OAP,https://www.geoportail-urbanisme.gouv.fr/api/document/171518c6d5441a4ad41c30cf32dbe4ca/files/200067874_orientations_amenagement_1_20260427.pdf,alinea,Article L,"secteurs soumis aux émissions sonores et atmosphériques issues des activités voisines et des infrastructures de transport (nord-est du site, route de Marienthal)",zone_specifique,"Dans les secteurs soumis aux émissions sonores et atmosphériques issues des activités voisines et de infrastructures de transport, la conception des aménagements et des constructions devra veiller à limiter l’exposition des futurs occupants.","…créer des perméabilités vers les constructions édifiées en second rang pour faciliter l’accès à cet espace naturel. Pour les nouvelles constructions (sous forme d’habitat individuel dense) réalisées au nord-est du site en limite du tissu existant, route de Marienthal, le rapport d’échelle des formes Dans les secteurs soumis aux émissions sonores et atmosphériques issues des activités voisines et de infrastructures de transport, la conception des aménagements et des constructions devra veiller à limiter l’exposition des futurs occupants. économiques. Le développement de ce secteur s’appuie en outre sur la création potentielle d’une halte ferroviaire, un élément majeur qui favorise la vocation multimodale de celui-ci. Les voies d'accès et chemins pour les modes actifs seront développés en fonction de l’aménagement retenu sur le site.…",forte,"Le passage prescrit, pour un secteur spécifique du site (nord-est, en limite du tissu existant route de Marienthal), une conception des aménagements et constructions limitant l'exposition des futurs occupants au bruit issu des activités voisines et infrastructures de transport. Il ne s'agit pas d'un simple renvoi au classement sonore ou au PEB, mais d'une recommandation générale d'urbanisme visant la protection des futurs occupants, donc dans le périmètre diagBruit. La portée est géographiquement limitée à ce secteur du site, non à l'ensemble du document.",recommandation,opposable en compatibilité,autre,validé,False,,2026-08-26
171518c6d5441a4ad41c30cf32dbe4ca,9_200067874_orientations_amenagement_1_20260427.pdf,OAP,https://www.geoportail-urbanisme.gouv.fr/api/document/171518c6d5441a4ad41c30cf32dbe4ca/files/200067874_orientations_amenagement_1_20260427.pdf,alinea,Article L,,zone_specifique,"Dans les secteurs soumis aux émissions sonores et atmosphériques issues des activités voisines et des infrastructures de transport, la conception des aménagements et des constructions devra veiller à limiter l’exposition des futurs occupants.","…destinée à l’accueil de logements individuels de type habitat intermédiaire. L’aménagement de ce secteur devra ainsi limiter la densité des constructions tant en matière d’emprise au sol que de hauteur. La partie nord du site, limitrophe de l’urbanisation existante d’immeubles collectifs, privilégie Dans les secteurs soumis aux émissions sonores et atmosphériques issues des activités voisines et des infrastructures de transport, la conception des aménagements et des constructions devra veiller à limiter l’exposition des futurs occupants. Compléments d’urbanisation rue Boedecker Les deux secteurs d’extension planifiés le long de la rue Boedecker sont destinés à accueillir un développement urbain à vocation essentiellement résidentielle. PLUi Communauté d’Agglomération de Haguenau OAP sectorielles PLUi APPROUVE",forte,"Le passage établit une règle autonome pour l'OAP sectorielle concernée : dans les secteurs exposés aux émissions sonores (et atmosphériques) issues des activités voisines et des infrastructures de transport, la conception des aménagements et constructions doit limiter l'exposition des occupants. Il ne s'agit pas d'un simple renvoi au classement sonore ou au PEB, mais d'une recommandation de conception urbaine et architecturale propre à ce secteur d'OAP. La portée est limitée au secteur de l'OAP décrit (zone spécifique), pas à l'ensemble du document.",recommandation,opposable en compatibilité,lutte_bruit_existant,validé,False,,2026-08-26
171518c6d5441a4ad41c30cf32dbe4ca,10_200067874_orientations_amenagement_1_20260427.pdf,OAP,https://www.geoportail-urbanisme.gouv.fr/api/document/171518c6d5441a4ad41c30cf32dbe4ca/files/200067874_orientations_amenagement_1_20260427.pdf,alinea,Article L,,zone_specifique,"Dans les secteurs soumis aux émissions sonores et atmosphériques issues des infrastructures de transport, la conception des aménagements et des constructions devra veiller à limiter l’exposition des futurs occupants.","…eurs. La superficie du secteur d’urbanisation est de 1,8 hectare. Orientations relatives à la structuration et programmation urbaine du secteur La nouvelle urbanisation sera à dominante d’habitat diversifié. Les nouvelles constructions devront s’accorder au paysage urbain et architectural des tissus Dans les secteurs soumis aux émissions sonores et atmosphériques issues des infrastructures de transport, la conception des aménagements et des constructions devra veiller à limiter l’exposition des futurs occupants. au sud. L’opération se traversée par des liaisons en modes actifs. Les liaisons douces à aménager devront être conçues de manière à assurer leur connexion avec le réseau de mobilité douce, s’il existe en périphérie immédiate de la zone. Orientations de mise en valeur de l’environnement et du paysage…",forte,"Le passage recommande, pour cette OAP de secteur (1,8 hectare), que la conception des aménagements et constructions dans les secteurs soumis aux émissions sonores des infrastructures de transport limite l'exposition des futurs occupants. Ceci concerne bien la construction de bâtiments et l'aménagement urbain (dans le périmètre diagBruit), pas seulement l'infrastructure elle-même. Il ne s'agit pas d'un simple renvoi au classement sonore ou au PEB (aucune référence explicite à un arrêté ou à un isolement standard), mais d'une orientation propre au document. La portée est limitée au secteur d'OAP décrit, donc zone_specifique.",recommandation,opposable en compatibilité,lutte_bruit_existant,validé,False,,2026-08-26
171518c6d5441a4ad41c30cf32dbe4ca,11_200067874_orientations_amenagement_1_20260427.pdf,OAP,https://www.geoportail-urbanisme.gouv.fr/api/document/171518c6d5441a4ad41c30cf32dbe4ca/files/200067874_orientations_amenagement_1_20260427.pdf,alinea,Article L,,zone_specifique,"Dans les secteurs soumis aux émissions sonores et atmosphériques issues des activités voisines et des infrastructures de transport, la conception des aménagements et des constructions devra veiller à limiter l’exposition des futurs occupants.","…rbanisation existante le long de la route de Marienthal, constituée d’un front bâti discontinu, en retrait de la voie, selon une ligne d’implantation qui sera à respecter dans le cadre de l’urbanisation future. Au sein du secteur, les opérations de logement prendront la forme d’habitat intermédiaire Dans les secteurs soumis aux émissions sonores et atmosphériques issues des activités voisines et des infrastructures de transport, la conception des aménagements et des constructions devra veiller à limiter l’exposition des futurs occupants. se terminant en impasse dessert le futur quartier. Le secteur est traversant pour les modes actifs, tant vers le nord en direction des cheminements qui bordent l’espace de la sablière que vers la route de Marienthal au sud. Les liaisons douces devront être conçues de manière à assurer leur connexion…",forte,"Le passage concerne directement la conception des aménagements et constructions face aux émissions sonores (et atmosphériques) issues des activités voisines et des infrastructures de transport, dans le cadre d'un projet d'urbanisation. Cela relève bien du périmètre diagBruit puisqu'il s'agit de bâtiments et d'aménagements urbains, pas seulement de l'infrastructure elle-même. Il ne s'agit pas d'un renvoi au classement sonore ou au PEB, mais d'une orientation propre à l'OAP visant à limiter l'exposition des futurs occupants. La portée est limitée au secteur de l'OAP concerné (zone spécifique), non à l'ensemble du document.",recommandation,opposable en compatibilité,autre,validé,False,,2026-08-26
171518c6d5441a4ad41c30cf32dbe4ca,12_200067874_orientations_amenagement_1_20260427.pdf,OAP,https://www.geoportail-urbanisme.gouv.fr/api/document/171518c6d5441a4ad41c30cf32dbe4ca/files/200067874_orientations_amenagement_1_20260427.pdf,alinea,Article L,,zone_specifique,"Dans les secteurs soumis aux émissions sonores et atmosphériques issues des activités voisines et des infrastructures de transport, la conception des aménagements et des constructions devra veiller à limiter l’exposition des futurs occupants.","…e la Liberté. Sa superficie est de 1,2 hectares. Orientations relatives à la structuration et programmation urbaine du secteur La nouvelle urbanisation s’inscrit dans le prolongement de l’urbanisation existante le long des rues de la Belette (au nord), des Fraises (à l’est) et de la Liberté (au sud) Dans les secteurs soumis aux émissions sonores et atmosphériques issues des activités voisines et des infrastructures de transport, la conception des aménagements et des constructions devra veiller à limiter l’exposition des futurs occupants. voisines et des infrastructures de transport, la conception des aménagements et des constructions devra veiller à limiter l’exposition des futurs occupants. Orientations relatives à la trame viaire L’urbanisation nouvelle est desservie par une voirie centrale et structurante en boucle entre le prolo…",forte,"Le passage prescrit que dans les secteurs soumis aux émissions sonores issues des activités voisines et des infrastructures de transport, la conception des aménagements et constructions devra limiter l'exposition des futurs occupants. Il s'agit d'une règle autonome liée à la conception des bâtiments et aménagements (et non à l'infrastructure elle-même), applicable à une partie spécifique du secteur d'OAP concerné.",recommandation,opposable en compatibilité,lutte_bruit_existant,validé,False,,2026-08-26
171518c6d5441a4ad41c30cf32dbe4ca,13_200067874_orientations_amenagement_1_20260427.pdf,OAP,https://www.geoportail-urbanisme.gouv.fr/api/document/171518c6d5441a4ad41c30cf32dbe4ca/files/200067874_orientations_amenagement_1_20260427.pdf,alinea,Article L,,zone_specifique,"Dans les secteurs soumis aux émissions sonores et atmosphériques issues des infrastructures de transport, la conception des aménagements et des constructions devra veiller à limiter l’exposition des futurs occupants.","…tes. La superficie du secteur d’urbanisation est de 3,9 hectares. Orientations relatives à la structuration et programmation urbaine du secteur La nouvelle urbanisation sera à dominante d’habitat diversifié. Les nouvelles constructions devront s’accorder au paysage urbain et architectural des tissus Dans les secteurs soumis aux émissions sonores et atmosphériques issues des infrastructures de transport, la conception des aménagements et des constructions devra veiller à limiter l’exposition des futurs occupants. s’il existe en périphérie immédiate de la zone. Orientations de mise en valeur de l’environnement et du paysage Sur le plan environnemental, le secteur d’urbanisation future tiendra compte des sensibilités environnementales et intégrera des aménagements végétalisés. PLUi Communauté d’Agglomération d…",forte,"Le passage concerne directement la conception des aménagements et constructions au sein de ce secteur d'urbanisation future, avec une recommandation de limiter l'exposition des futurs occupants aux émissions sonores des infrastructures de transport. Cela relève bien du périmètre diagBruit (bâtiments et aménagement urbain). La portée est limitée au secteur d'urbanisation spécifique décrit (3,9 hectares), non à l'ensemble du document.",recommandation,opposable en compatibilité,autre,validé,False,,2026-08-26
97f82206998e6053cdd813a283e12fa7,1_67025_reglement_20260305.pdf,règlement écrit,https://www.geoportail-urbanisme.gouv.fr/api/document/97f82206998e6053cdd813a283e12fa7/files/67025_reglement_20260305.pdf,alinea,Article 2,zones matérialisées au plan des annexes (axes de transports terrestres bruyants),zone_specifique,"Les constructions à usage d’hébergement et d’habitation doivent en outre répondre aux exigences d’isolement acoustique par rapport aux axes de transports terrestres bruyants, conformément à la réglementation en vigueur. Les zones concernées sont matérialisées au plan des annexes","…Schéma de COhérence Territoriale (S.C.O.T.). 3. Les articles L. 102-13, L311-2, L313-2, L424-1, L153-11 du Code de l’Urbanisme et L331-6 du code de l'environnement, sur le fond desquels peut être opposé un sursis à statuer. 4. Les constructions à usage d’hébergement et d’habitation doivent en outre Les constructions à usage d’hébergement et d’habitation doivent en outre répondre aux exigences d’isolement acoustique par rapport aux axes de transports terrestres bruyants, conformément à la réglementation en vigueur. Les zones concernées sont matérialisées au plan des annexes restauration immobilière. 7. L’article L. 600-2 du Code de l’Urbanisme relatif aux règles applicables en cas d’annulation d’une décision de refus de permis de construire. II. Se superposent aux règles propres de ce Plan Local d’Urbanisme les dispositions législatives et réglementaires ci-après : - L…",moyenne,"Le passage impose aux constructions à usage d'hébergement et d'habitation de respecter des exigences d'isolement acoustique vis-à-vis des axes de transports terrestres bruyants, avec des zones matérialisées sur un plan annexe spécifique. Cela correspond au renvoi standard au classement sonore des voies (isolement acoustique réglementaire), ce qui normalement serait un simple renvoi non retenu. Mais ici, la formulation semble constituer une prescription du règlement local imposant cette isolation aux constructions d'habitation et d'hébergement, ce qui reste dans le périmètre diagBruit (bâtiments). Je le retiens avec une portée zone_specifique car les zones concernées sont matérialisées sur un plan annexe distinct.",prescription,opposable en conformité,lutte_bruit_existant,validé,False,,2026-08-26
274e0297eee8a3b4d7650c9c8d2c950f,1_200034635_reglement_20251211.pdf,règlement écrit,https://www.geoportail-urbanisme.gouv.fr/api/document/274e0297eee8a3b4d7650c9c8d2c950f/files/200034635_reglement_20251211.pdf,alinea,Article 2.2.,,administrative,"réseaux publics tels que postes de transformation électrique dont l’implantation ne devra cependant pas nuire à la qualité des alignements existants et du paysage urbain. 3. Les pompes à chaleur et autres dispositifs de climatisation, ainsi que les équipements liés au fonctionnement des piscines devront être implantés de manière à présenter le moins possible de nuisances sonores pour le voisinage dans la mesure où les conditions techniques","…cède pas 3,50 mètres et dont l’emprise au sol n’excède pas 40 m². ▪ Aux piscines, qui devront s'implanter avec un retrait minimal de 1 mètre des limites séparatives. Le recul sera mesuré depuis le bord du bassin. ▪ Aux constructions et installations de faible emprise nécessaires à l'exploitation des réseaux publics tels que postes de transformation électrique dont l’implantation ne devra cependant pas nuire à la qualité des alignements existants et du paysage urbain. 3. Les pompes à chaleur et autres dispositifs de climatisation, ainsi que les équipements liés au fonctionnement des piscines devront être implantés de manière à présenter le moins possible de nuisances sonores pour le voisinage dans la mesure où les conditions techniques d’implantation le permettent.",totale,"Le passage impose que les pompes à chaleur, dispositifs de climatisation et équipements liés au fonctionnement des piscines soient implantés de manière à limiter les nuisances sonores pour le voisinage. Cette règle concerne des équipements techniques liés aux bâtiments et leur impact sonore sur le voisinage, ce qui relève bien du périmètre diagBruit. Aucune limite spatiale spécifique n'est mentionnée, la règle s'applique donc à l'ensemble du zonage concerné par cet article.",recommandation,opposable en conformité,autre,validé,False,,2026-08-26
274e0297eee8a3b4d7650c9c8d2c950f,2_200034635_reglement_20251211.pdf,règlement écrit,https://www.geoportail-urbanisme.gouv.fr/api/document/274e0297eee8a3b4d7650c9c8d2c950f/files/200034635_reglement_20251211.pdf,alinea,Article 2.7.,,administrative,Les pompes à chaleur ou dispositifs de climatisation installés en façade de la construction doivent être implantés sur la façade où ils présentent le moins de nuisances visuelles et/ou sonores pour le voisinage dans la mesure où les conditions techniques d’implantation le permettent.,"…dite sauf cas de nécessité au regard de la sécurité ou de la salubrité publique. En cas de reconstruction, la nouvelle construction devra nécessairement présenter une façade à colombage conçue en ossature bois. Les murs en béton revêtu de planches de bois clouées sur la façade ne sont pas autorisés. Les pompes à chaleur ou dispositifs de climatisation installés en façade de la construction doivent être implantés sur la façade où ils présentent le moins de nuisances visuelles et/ou sonores pour le voisinage dans la mesure où les conditions techniques d’implantation le permettent. sont pas concernées par cette présente disposition. ▪ En façade sur rue, les maisons à colombages comporteront obligatoirement des volets battants. ▪ Les volets roulants sont autorisés à condition que le caisson ne soit pas visible en façade et que des volets battants soient également réalisés. ▪ La…",totale,"Le passage impose de positionner les pompes à chaleur/climatiseurs en façade de manière à minimiser les nuisances sonores pour le voisinage, ce qui constitue une règle autonome liée au bruit dans le cadre d'un projet de construction, applicable à l'ensemble du document (aucune zone spécifique mentionnée).",recommandation,opposable en conformité,autre,validé,False,,2026-08-26
274e0297eee8a3b4d7650c9c8d2c950f,3_200034635_reglement_20251211.pdf,règlement écrit,https://www.geoportail-urbanisme.gouv.fr/api/document/274e0297eee8a3b4d7650c9c8d2c950f/files/200034635_reglement_20251211.pdf,alinea,Article 2.7.,UA,zone_specifique,▪ Les pompes à chaleur ou dispositifs de climatisation installés en façade de la construction doivent être implantés sur la façade où ils présentent le moins de nuisances visuelles et/ou sonores pour le voisinage dans la mesure où les conditions techniques d’implantation le permettent.,"…a façade. ▪ Les couleurs des façades et les matériaux utilisés devront s’intégrer harmonieusement avec le cadre bâti environnant. ▪ Les façades à colombages pourront faire l’objet de de tous types de travaux (ravalement, réhabilitation...) à condition que l’aspect général de la façade soit préservé. ▪ Les pompes à chaleur ou dispositifs de climatisation installés en façade de la construction doivent être implantés sur la façade où ils présentent le moins de nuisances visuelles et/ou sonores pour le voisinage dans la mesure où les conditions techniques d’implantation le permettent. Article 2.8. UA – Caractéristiques des clôtures Définitions : ▪ La hauteur des clôtures sur rue est mesurée verticalement par rapport au niveau de l’emprise publique au droit de la clôture. Les éventuels murs de soutènement sont inclus dans cette hauteur. Nonobstant les règles de hauteur figurant en…",totale,"Le règlement de la zone UA recommande d'implanter les pompes à chaleur/climatiseurs en façade de manière à limiter les nuisances sonores pour le voisinage, sous réserve de faisabilité technique. C'est une règle autonome liée au bruit concernant les équipements des bâtiments, sans lien avec le classement sonore ou le PEB. La règle s'applique spécifiquement dans la zone UA.",recommandation,opposable en conformité,autre,validé,False,,2026-08-26
274e0297eee8a3b4d7650c9c8d2c950f,4_200034635_reglement_20251211.pdf,règlement écrit,https://www.geoportail-urbanisme.gouv.fr/api/document/274e0297eee8a3b4d7650c9c8d2c950f/files/200034635_reglement_20251211.pdf,alinea,"Article 2.2., alinéa 2",,administrative,"Les pompes à chaleur et autres dispositifs de climatisation, ainsi que les équipements liés au fonctionnement des piscines devront être implantés de manière à présenter le moins possible de nuisances sonores pour le voisinage dans la mesure où les conditions techniques d’implantation le permettent.","…mètres et dont l’emprise au sol n’excède pas 40 m². Les dispositions de l’alinéa 2 relatif à l’implantation sur limites séparatives restent applicables. ▪ Aux piscines, qui devront s'implanter avec un retrait minimal de 1 mètre des limites séparatives. Le recul sera mesuré depuis le bord du bassin. Les pompes à chaleur et autres dispositifs de climatisation, ainsi que les équipements liés au fonctionnement des piscines devront être implantés de manière à présenter le moins possible de nuisances sonores pour le voisinage dans la mesure où les conditions techniques d’implantation le permettent. d’implantation le permettent. Disposition spécifique au secteur UBc : Non réglementé",totale,"Le passage impose une prescription/recommandation limitant les nuisances sonores générées par les pompes à chaleur, dispositifs de climatisation et équipements de piscines pour le voisinage. C'est bien lié aux bâtiments et à leur impact sonore sur l'urbanisation environnante, donc dans le périmètre diagBruit. Aucune limite spatiale spécifique n'est mentionnée, la règle semble s'appliquer à l'ensemble de la zone réglementaire du document (portée administrative par défaut).",recommandation,opposable en conformité,autre,validé,False,,2026-08-26
274e0297eee8a3b4d7650c9c8d2c950f,5_200034635_reglement_20251211.pdf,règlement écrit,https://www.geoportail-urbanisme.gouv.fr/api/document/274e0297eee8a3b4d7650c9c8d2c950f/files/200034635_reglement_20251211.pdf,alinea,Article 2.7.,,administrative,"▪ Les pompes à chaleur ou dispositifs de climatisation installés en façade de la construction doivent être implantés sur la façade où ils présentent le moins de nuisances visuelles et/ou sonores pour le voisinage dans la mesure où les conditions techniques d’implantation le permettent. 4. Ouvertures : ▪ En façade sur rue, les ouvertures des constructions à usage d’habitation, hors annexes, doivent être plus hautes que larges. Les ouvertures en soubassement (type soupiraux) ne","…e des décrochements ou éléments architecturaux ayant pour but de rompre la linéarité de la façade. ▪ Les couleurs des façades et les matériaux utilisés devront s’intégrer harmonieusement avec le cadre bâti environnant et se rapprocher des couleurs du nuancier figurant en annexe du présent règlement. ▪ Les pompes à chaleur ou dispositifs de climatisation installés en façade de la construction doivent être implantés sur la façade où ils présentent le moins de nuisances visuelles et/ou sonores pour le voisinage dans la mesure où les conditions techniques d’implantation le permettent. 4. Ouvertures : ▪ En façade sur rue, les ouvertures des constructions à usage d’habitation, hors annexes, doivent être plus hautes que larges. Les ouvertures en soubassement (type soupiraux) ne sont pas concernées par cette présente disposition. ▪ La longueur cumulée des lucarnes ne devra pas représenter plus de 40% de la longueur du pan de toiture. CdC Kochersberg-Ackerland I Règlement écrit I Atelier [inSitu] - VB Process - I Approuvé le 10 décembre 2019 – M1 le 30 juin 2022 - M2 le 18 s…",totale,"Le passage impose que les pompes à chaleur ou climatiseurs installés en façade soient placés de manière à limiter les nuisances sonores pour le voisinage, ce qui constitue une règle autonome liée au bruit dans le cadre de projets de construction (périmètre diagBruit). La règle s'applique à l'ensemble du règlement sans zone spécifique mentionnée.",prescription,opposable en conformité,autre,validé,False,,2026-08-26
274e0297eee8a3b4d7650c9c8d2c950f,6_200034635_reglement_20251211.pdf,règlement écrit,https://www.geoportail-urbanisme.gouv.fr/api/document/274e0297eee8a3b4d7650c9c8d2c950f/files/200034635_reglement_20251211.pdf,alinea,Article 2.7.,,administrative,Les pompes à chaleur ou dispositifs de climatisation installés en façade de la construction doivent être implantés sur la façade où ils présentent le moins de nuisances visuelles et/ou sonores pour le voisinage dans la mesure où les conditions techniques d’implantation le permettent.,…hoisis parmi les teintes définies par les couvertures de l’habitat existant situé dans l’environnement immédiat. 2. Façades : ▪ Toute nouvelle construction présentant une façade sur rue de plus de 20 mètres ne peut être réalisée sans introduire des décrochements ou éléments architecturaux ayant pour Les pompes à chaleur ou dispositifs de climatisation installés en façade de la construction doivent être implantés sur la façade où ils présentent le moins de nuisances visuelles et/ou sonores pour le voisinage dans la mesure où les conditions techniques d’implantation le permettent. permettent. CdC Kochersberg-Ackerland I Règlement écrit I Atelier [inSitu] - VB Process - I Approuvé le 10 décembre 2019 – M1 le 30 juin 2022 - M2 le 18 septembre 2025 I page 45,forte,"Le passage impose que les pompes à chaleur et dispositifs de climatisation en façade soient implantés de manière à minimiser les nuisances sonores pour le voisinage, ce qui constitue une règle autonome liée au bruit dans le cadre de constructions, applicable à l'ensemble du territoire couvert par le règlement (pas de zone spécifique mentionnée).",prescription,opposable en conformité,autre,validé,False,,2026-08-26
274e0297eee8a3b4d7650c9c8d2c950f,7_200034635_reglement_20251211.pdf,règlement écrit,https://www.geoportail-urbanisme.gouv.fr/api/document/274e0297eee8a3b4d7650c9c8d2c950f/files/200034635_reglement_20251211.pdf,alinea,"Article 2.2., alinéa 2",1AU,zone_specifique,"Les pompes à chaleur et autres dispositifs de climatisation, ainsi que les équipements liés au fonctionnement des piscines devront être implantés de manière à présenter le moins possible de nuisances sonores pour le voisinage dans la mesure où les conditions techniques d’implantation le permettent.","M1 le 30 juin 2022 - M2 le 18 septembre 2025 I page 81 Les pompes à chaleur et autres dispositifs de climatisation, ainsi que les équipements liés au fonctionnement des piscines devront être implantés de manière à présenter le moins possible de nuisances sonores pour le voisinage dans la mesure où les conditions techniques d’implantation le permettent. Article 2.2. 1AU - Implantation des constructions les unes par rapport aux autres sur une même propriété 1. L’accès des services de lutte contre l’incendie doit pouvoir être assuré en tous points nécessaires. 2. Une distance minimale peut être exigée entre deux constructions à usage d’habitation pou…",totale,"Le passage impose une règle autonome d'implantation des équipements bruyants (PAC, climatisation, piscines) pour limiter les nuisances sonores pour le voisinage, dans la zone 1AU. Il s'agit d'une prescription liée à des équipements de bâtiments, donc dans le périmètre diagBruit, sans lien avec le classement sonore ou le PEB.",prescription,opposable en conformité,lutte_bruit_existant,validé,False,,2026-08-26
274e0297eee8a3b4d7650c9c8d2c950f,8_200034635_reglement_20251211.pdf,règlement écrit,https://www.geoportail-urbanisme.gouv.fr/api/document/274e0297eee8a3b4d7650c9c8d2c950f/files/200034635_reglement_20251211.pdf,alinea,Article 2.5.,,administrative,avec le cadre bâti environnant et se rapprocher des couleurs du nuancier figurant en annexe du présent règlement. ▪ Les pompes à chaleur ou dispositifs de climatisation installés en façade de la construction doivent être implantés sur la façade où ils présentent le moins de nuisances visuelles et/ou sonores pour le voisinage dans la mesure où les conditions techniques d’implantation le permettent. 4. Ouvertures :,…oute nouvelle construction présentant une façade sur rue de plus de 20 mètres ne peut être réalisée sans introduire des décrochements ou éléments architecturaux ayant pour but de rompre la linéarité de la façade. ▪ Les couleurs des façades et les matériaux utilisés devront s’intégrer harmonieusement avec le cadre bâti environnant et se rapprocher des couleurs du nuancier figurant en annexe du présent règlement. ▪ Les pompes à chaleur ou dispositifs de climatisation installés en façade de la construction doivent être implantés sur la façade où ils présentent le moins de nuisances visuelles et/ou sonores pour le voisinage dans la mesure où les conditions techniques d’implantation le permettent. 4. Ouvertures : ▪ La longueur cumulée des lucarnes ne devra pas représenter plus de 40% de la longueur du pan de toiture. 5. Orientations : ▪ Une orientation spécifique de la construction pourra être exigée afin de respecter l’organisation du bâti traditionnel voisin. 6. Clôtures : Définitions : ▪ La hauteur des cl…,totale,"Le passage impose que les pompes à chaleur ou dispositifs de climatisation en façade soient implantés de manière à limiter les nuisances sonores pour le voisinage. Il s'agit d'une règle autonome liée au bruit, applicable à l'ensemble du document (aucune zone spécifique mentionnée), et concernant directement les bâtiments, donc pleinement dans le périmètre diagBruit.",prescription,opposable en conformité,autre,validé,False,,2026-08-26
274e0297eee8a3b4d7650c9c8d2c950f,9_200034635_reglement_20251211.pdf,règlement écrit,https://www.geoportail-urbanisme.gouv.fr/api/document/274e0297eee8a3b4d7650c9c8d2c950f/files/200034635_reglement_20251211.pdf,alinea,Article 2.5.,,administrative,"doivent être implantés sur la façade où ils présentent le moins de nuisances visuelles et/ou sonores pour le voisinage dans la mesure où les conditions techniques d’implantation le permettent. 2. Clôtures : Définitions : ▪ La hauteur des clôtures sur rue est mesurée verticalement par rapport au niveau de l’emprise publique au droit de la clôture. Les éventuels murs de soutènement sont inclus dans cette hauteur. Nonobstant les règles de hauteur figurant en dispositions générales,","…ouvelle construction présentant une façade sur rue de plus de 20 mètres ne peut être réalisée sans introduire des décrochements ou éléments architecturaux ayant pour but de rompre la linéarité de la façade. ▪ Les pompes à chaleur ou dispositifs de climatisation installés en façade de la construction doivent être implantés sur la façade où ils présentent le moins de nuisances visuelles et/ou sonores pour le voisinage dans la mesure où les conditions techniques d’implantation le permettent. 2. Clôtures : Définitions : ▪ La hauteur des clôtures sur rue est mesurée verticalement par rapport au niveau de l’emprise publique au droit de la clôture. Les éventuels murs de soutènement sont inclus dans cette hauteur. Nonobstant les règles de hauteur figurant en dispositions générales, la création d’une clôture à larges mailles d’une hauteur maximale de 1,1m restera possible en surplomb du mur de soutènement. Ces dispositions ne concernent pas les terrains situés en contrebas de la rue. ▪ La hauteur des clôtures en limite séparative est mesurée verticalement du terrain naturel à l…",totale,"Le passage impose que les pompes à chaleur et dispositifs de climatisation en façade soient positionnés de manière à limiter les nuisances sonores pour le voisinage. Il s'agit d'une prescription autonome liée au bruit de voisinage généré par des équipements de bâtiments, dans le périmètre de diagBruit, applicable à l'ensemble du zonage couvert par le document (aucune zone spécifique mentionnée).",prescription,opposable en conformité,autre,validé,False,,2026-08-26
70fe46752c08fc68eb2f95c554562007,1_67045_reglement_20250908.pdf,règlement écrit,https://www.geoportail-urbanisme.gouv.fr/api/document/70fe46752c08fc68eb2f95c554562007/files/67045_reglement_20250908.pdf,alinea,Article 2,zone D du PEB de l'aérodrome de Strasbourg-Entzheim,zone_specifique,"Les constructions, dans la zone de bruit D définie par le plan d’exposition aux bruits des aéronefs de l’aérodrome de Strasbourg-Entzheim, doivent faire l’objet de mesures d’isolation acoustique dans les conditions prévues à l’article L. 147-6 du Code de l'Urbanisme.","- Les constructions à usage d’habitation à la condition supplémentaire qu’elles soient
édifiées en dehors de la zone de risque liée à l’ammoniac des installations réfrigérantes
de la brasserie Kronenbourg. Les constructions, dans la zone de bruit D définie par le plan d’exposition aux bruits des aéronefs de l’aérodrome de Strasbourg-Entzheim, doivent faire l’objet de mesures d’isolation acoustique dans les conditions prévues à l’article L. 147-6 du Code de l'Urbanisme. Dans le secteur de zone UX3",totale,"Le passage impose une obligation de mesures d'isolation acoustique aux constructions situées dans la zone D du PEB. Contrairement à un simple renvoi, il s'agit ici d'une prescription qui vise explicitement les constructions (bâtiments), avec un renvoi à l'article L.147-6 du Code de l'urbanisme qui prévoit des règles d'isolement spécifiques au PEB — cela reste dans le périmètre diagBruit car cela concerne des projets de construction de bâtiments. La règle est autonome dans la mesure où elle formalise explicitement dans le règlement d'urbanisme une obligation qui pourrait sinon n'être qu'implicite. La portée est limitée à la zone D du PEB, qui nécessite un tracé spécifique.",prescription,opposable en conformité,autre,validé,True,élevée,2026-08-26
70fe46752c08fc68eb2f95c554562007,2_67045_reglement_20250908.pdf,règlement écrit,https://www.geoportail-urbanisme.gouv.fr/api/document/70fe46752c08fc68eb2f95c554562007/files/67045_reglement_20250908.pdf,alinea,Article 1,,zone_specifique,"à condition que les activités exercées ne créent pas de nuisances (bruit, fumée, odeur, poussière, trépidations, etc.) ou de dangers incompatibles avec le caractère résidentiel de la zone","- Les constructions à condition qu’elles soient à usage d'habitation, d'équipement
collectif ou de stationnement, à condition que les activités exercées ne créent pas de nuisances (bruit, fumée, odeur, poussière, trépidations, etc.) ou de dangers incompatibles avec le caractère résidentiel de la zone - Les lotissements à condition qu’ils soient à usage principal d'habitation,",forte,"Le passage impose une condition d'admissibilité pour certaines constructions (artisanat, commerce, hôtellerie, bureaux, services, usage viticole) dans une zone à caractère résidentiel : les activités ne doivent pas créer de nuisances, dont le bruit est explicitement cité. Cette règle est autonome par rapport au classement sonore des voies ou au PEB, et vise à préserver le caractère résidentiel de la zone en limitant les nuisances sonores générées par les activités elles-mêmes, ce qui relève du périmètre diagBruit. La règle s'applique à une zone réglementaire spécifique (non précisée dans l'extrait mais visiblement un zonage particulier à caractère résidentiel) dont le contour n'est pas automatiquement disponible.",prescription,opposable en conformité,autre,validé,True,élevée,2026-08-26
70fe46752c08fc68eb2f95c554562007,3_67045_reglement_20250908.pdf,règlement écrit,https://www.geoportail-urbanisme.gouv.fr/api/document/70fe46752c08fc68eb2f95c554562007/files/67045_reglement_20250908.pdf,alinea,Article 2,Zone de bruit D du PEB de l'aérodrome de Strasbourg-Entzheim,zone_specifique,"Les constructions, dans la zone de bruit D définie par le plan d’exposition aux bruits des aéronefs de l’aérodrome de Strasbourg-Entzheim, doivent faire l’objet de mesures d'isolation acoustique prévues à l’article L.147-6 du Code de l’Urbanisme.","- qu'elles soient nécessaires aux personnels dont la présence sur place est
directement liée à l'activité de l'exploitation agricole,
- qu’elles soient situées en dehors de la zone de risque ammoniac. Les constructions, dans la zone de bruit D définie par le plan d’exposition aux bruits des aéronefs de l’aérodrome de Strasbourg-Entzheim, doivent faire l’objet de mesures d'isolation acoustique prévues à l’article L.147-6 du Code de l’Urbanisme. Dans le secteur Ab",forte,"Le passage impose une mesure d'isolation acoustique au titre de l'article L.147-6 du Code de l'Urbanisme pour les constructions situées en zone D du PEB. Bien que le PEB soit déjà traité par ailleurs par diagBruit, ici l'exigence porte spécifiquement sur les constructions elles-mêmes (isolation acoustique), ce qui constitue une prescription applicable aux bâtiments et non un simple renvoi générique sans conséquence sur les projets de construction. Retenu comme règle autonome avec portée géométrique liée à la zone D du PEB.",prescription,opposable en conformité,autre,validé,True,élevée,2026-08-26
70fe46752c08fc68eb2f95c554562007,4_67045_reglement_20250908.pdf,règlement écrit,https://www.geoportail-urbanisme.gouv.fr/api/document/70fe46752c08fc68eb2f95c554562007/files/67045_reglement_20250908.pdf,alinea,Article 2,Zone de bruit D du PEB de l'aérodrome de Strasbourg-Entzheim (secteur Ab),zone_specifique,"Dans la zone de bruit D définie par le plan d’exposition aux bruits des aéronefs de l’aérodrome de Strasbourg-Entzheim, les aménagements et les extensions des habitations existantes admis devront faire l’objet de mesures d’isolation acoustique dans les conditions prévues par l’article L.147-6 du Code de l’Urbanisme.","Dans le secteur Ab Dans la zone de bruit D définie par le plan d’exposition aux bruits des aéronefs de l’aérodrome de Strasbourg-Entzheim, les aménagements et les extensions des habitations existantes admis devront faire l’objet de mesures d’isolation acoustique dans les conditions prévues par l’article L.147-6 du Code de l’Urbanisme. Dans le sous-secteur Abn",totale,"Le passage ne se contente pas de rappeler l'isolement acoustique standard du PEB : il impose que les aménagements et extensions d'habitations existantes admis dans la zone D fassent l'objet de mesures d'isolation acoustique spécifiques selon l'article L.147-6 du Code de l'urbanisme. Cette règle concerne directement les bâtiments (habitations existantes) et leurs extensions/aménagements, donc relève bien du périmètre diagBruit et constitue une règle autonome liée à une zone réglementaire spécifique (secteur Ab).",prescription,opposable en conformité,autre,validé,True,élevée,2026-08-26
70fe46752c08fc68eb2f95c554562007,5_67045_reglement_20250908.pdf,règlement écrit,https://www.geoportail-urbanisme.gouv.fr/api/document/70fe46752c08fc68eb2f95c554562007/files/67045_reglement_20250908.pdf,alinea,Article 2,Zone de bruit D (PEB Strasbourg-Entzheim) / secteur NSg1,zone_specifique,"- _- Dans la zone de bruit D, définie par le plan d’exposition aux bruits de l’aérodrome de Strasbourg-
Entzheim, les aménagements et extensions des habitations existantes admis doivent faire l’objet de
mesures d'isolation acoustique dans les conditions prévues par l’article L.146-7 du Code de
l'Urbanisme.","- Les aménagements et les extensions des bâtiments existants à condition que leur affectation reste
compatible avec les occupations et utilisations du sol admises dans ce secteur de zone. - _- Dans la zone de bruit D, définie par le plan d’exposition aux bruits de l’aérodrome de Strasbourg-
Entzheim, les aménagements et extensions des habitations existantes admis doivent faire l’objet de
mesures d'isolation acoustique dans les conditions prévues par l’article L.146-7 du Code de
l'Urbanisme. Dans le sous-secteur NSg1",forte,"Le passage mentionne bien le PEB, mais il ne se contente pas d'un simple renvoi implicite à l'isolement standard : il impose explicitement une obligation de mesures d'isolation acoustique pour les aménagements et extensions des habitations existantes dans la zone D, en la rattachant à l'article L.146-7 du Code de l'urbanisme. Cela constitue une prescription autonome rattachée au document d'urbanisme (et non une simple référence à l'arrêté de classement sonore), retenue avec une portée géométrique spécifique à la zone D du PEB.",prescription,opposable en conformité,autre,validé,True,élevée,2026-08-26
94f9f4e5ec6ea7ea1486a043770a393e,1_67047_reglement_20251217.pdf,règlement écrit,https://www.geoportail-urbanisme.gouv.fr/api/document/94f9f4e5ec6ea7ea1486a043770a393e/files/67047_reglement_20251217.pdf,alinea,Article 2.7.,,administrative,Les pompes à chaleur ou dispositifs de climatisation installés en façade de la construction doivent être implantés sur la façade où ils présentent le moins de nuisances visuelles et/ou sonores pour le voisinage dans la mesure où les conditions techniques d’implantation le permettent.,"…ronnant. - La destruction d’une façade identifiée au règlement graphique est interdite (OUI ?) sauf cas de nécessité au regard de la sécurité ou de la salubrité publique. En cas de reconstruction, la nouvelle construction devra nécessairement présenter une façade respectant la construction initiale. Les pompes à chaleur ou dispositifs de climatisation installés en façade de la construction doivent être implantés sur la façade où ils présentent le moins de nuisances visuelles et/ou sonores pour le voisinage dans la mesure où les conditions techniques d’implantation le permettent. doivent être plus hautes que larges. Les ouvertures de garages ou en soubassement (type soupiraux) ne sont pas concernées par cette présente disposition. 5. Clôtures : Clôtures en limite d’emprise publique : - La hauteur des clôtures ne devra pas excéder 1,00 mètre maximum non compris le portail don…",totale,"Le passage impose que les pompes à chaleur et dispositifs de climatisation en façade soient implantés de manière à limiter les nuisances sonores pour le voisinage. Il s'agit d'une règle autonome liée au bruit dans le périmètre diagBruit (construction de bâtiments), sans lien avec le classement sonore ou un PEB. Aucune limite spatiale spécifique n'étant précisée, la règle s'applique à l'ensemble du document.",prescription,opposable en conformité,autre,validé,False,,2026-08-26
94f9f4e5ec6ea7ea1486a043770a393e,2_67047_reglement_20251217.pdf,règlement écrit,https://www.geoportail-urbanisme.gouv.fr/api/document/94f9f4e5ec6ea7ea1486a043770a393e/files/67047_reglement_20251217.pdf,alinea,Article 2.7.,,administrative,"sonores pour le voisinage dans la mesure où les conditions techniques d’implantation le permettent. 4. Clôtures : Clôtures en limite d’emprise publique : - La hauteur des clôtures ne devra pas excéder 1,00 mètre maximum non compris le portail dont la hauteur pourra être supérieure. - Elles devront être constituées d’un mur bahut d’une hauteur maximale de 0,60 mètre, surmonté d’un dispositif à claire-voie comportant à minima 1/3 de vides sur l’ensemble de","…dre bâti environnant. - Les murs en béton revêtu de planches de bois clouées sur la façade ne sont pas autorisés. - Les pompes à chaleur ou dispositifs de climatisation installés en façade de la construction doivent être implantés sur la façade où ils présentent le moins de nuisances visuelles et/ou sonores pour le voisinage dans la mesure où les conditions techniques d’implantation le permettent. 4. Clôtures : Clôtures en limite d’emprise publique : - La hauteur des clôtures ne devra pas excéder 1,00 mètre maximum non compris le portail dont la hauteur pourra être supérieure. - Elles devront être constituées d’un mur bahut d’une hauteur maximale de 0,60 mètre, surmonté d’un dispositif à claire-voie comportant à minima 1/3 de vides sur l’ensemble de sa surface. - Les clôtures pleines ne sont autorisées que lorsqu'elles répondent à des nécessités ou à une utilité tenant compte de la nature de l'occupation ou du caractère des constructions édifiées sur la parcelle intéressée. Elles seront dans ce cas établies de telle sorte qu'elles ne créent pas…",totale,"Le passage recommande d'implanter les pompes à chaleur ou dispositifs de climatisation en façade de façon à minimiser les nuisances sonores pour le voisinage, ce qui constitue une règle autonome liée au bruit dans le cadre de projets de construction. Cette règle semble s'appliquer de façon générale sans délimitation de zone spécifique mentionnée dans l'extrait.",recommandation,opposable en conformité,autre,validé,False,,2026-08-26
94f9f4e5ec6ea7ea1486a043770a393e,3_67047_reglement_20251217.pdf,règlement écrit,https://www.geoportail-urbanisme.gouv.fr/api/document/94f9f4e5ec6ea7ea1486a043770a393e/files/67047_reglement_20251217.pdf,alinea,Article 2.7.,,administrative,Les pompes à chaleur ou dispositifs de climatisation installés en façade de la construction doivent être implantés sur la façade où ils présentent le moins de nuisances visuelles et/ou sonores pour le voisinage dans la mesure où les conditions techniques d’implantation le permettent.,"…ironnant. 2. Couvertures Dispositions générales : - Les couleurs des matériaux de couvertures des constructions principales sont celles des matériaux ardoise et tuile. 3. Façades : - Les couleurs des façades et les matériaux utilisés devront s’intégrer harmonieusement avec le cadre bâti environnant. Les pompes à chaleur ou dispositifs de climatisation installés en façade de la construction doivent être implantés sur la façade où ils présentent le moins de nuisances visuelles et/ou sonores pour le voisinage dans la mesure où les conditions techniques d’implantation le permettent. - En façade sur rue, les ouvertures des constructions à usage d’habitation, hors annexes, doivent être plus hautes que larges. Les ouvertures de garages ou en soubassement (type soupiraux) ne sont pas concernées par cette présente disposition. 5. Clôtures : Clôtures en limite d’emprise publique : -…",totale,"Le passage impose que les pompes à chaleur ou dispositifs de climatisation installés en façade soient placés là où ils présentent le moins de nuisances sonores pour le voisinage. C'est une règle autonome relative aux nuisances sonores générées par les équipements techniques des bâtiments, dans le périmètre diagBruit. Aucune limite spatiale spécifique n'étant mentionnée, elle s'applique à l'ensemble du règlement (portée administrative).",prescription,opposable en conformité,autre,validé,False,,2026-08-26
43a432f0e5b50ad621c6d01bd8d9e8e2,1_67055_reglement_20250428.pdf,règlement écrit,https://www.geoportail-urbanisme.gouv.fr/api/document/43a432f0e5b50ad621c6d01bd8d9e8e2/files/67055_reglement_20250428.pdf,alinea,Article 2,,zone_specifique,"Les constructions à usage d’hébergement et d’habitation doivent en outre répondre aux exigences d’isolement acoustique par rapport aux axes de transports terrestres bruyants, conformément à la réglementation en vigueur. Les zones concernées sont matérialisées au plan des annexes","…Sont et demeurent applicables sur le territoire communal : 1. Les articles d'ordre public du Code de l'Urbanisme : - R. 111-2 : salubrité et sécurité publique ; - R. 111-4: conservation et mise en valeur d'un site ou vestige archéologique ; - R. 111-15 : respect des préoccupations d'environnement ; Les constructions à usage d’hébergement et d’habitation doivent en outre répondre aux exigences d’isolement acoustique par rapport aux axes de transports terrestres bruyants, conformément à la réglementation en vigueur. Les zones concernées sont matérialisées au plan des annexes transports terrestres bruyants, conformément à la réglementation en vigueur. Les zones concernées sont matérialisées au plan des annexes 5. Les articles L. 113-1 à L. 113-2 et R. 113-1 à R. 113-2 du Code de l’Urbanisme sont applicables aux secteurs définis sur les plans par la trame « espace boisé c…",moyenne,"Le passage impose aux constructions à usage d'hébergement et d'habitation des exigences d'isolement acoustique par rapport aux axes de transports terrestres bruyants, avec des zones concernées matérialisées sur un plan des annexes. Comme le texte renvoie explicitement à 'la réglementation en vigueur' (conformité au classement sonore), il pourrait s'agir d'un simple renvoi ; cependant la mention d'un plan spécifique des annexes distinct du classement sonore classique laisse penser à une zone propre au document, justifiant de retenir cette occurrence avec une portée géométrique de type zone_specifique (la zone matérialisée sur le plan des annexes n'a pas de contour automatiquement disponible).",prescription,opposable en conformité,lutte_bruit_existant,validé,False,,2026-08-26
8c7d85e0ce9d2768c89bffdf60120b55,1_67073_padd_20231012.pdf,PADD,https://www.geoportail-urbanisme.gouv.fr/api/document/8c7d85e0ce9d2768c89bffdf60120b55/files/67073_padd_20231012.pdf,page,page 5,,administrative,"préserver les habitants et les constructions des nuisances existantes et à venir (nuisances olfactives du centre d’enfouissement des déchets, nuisances sonores liées à l’A35 et à la future déviation de Châtenois)","…s le long des voies afin de stopper l’extension urbaine linéaire. - Encadrer les modalités d’évolution des constructions dispersées, en tenant compte de leur éloignement du bourg et de l’absence de certains réseaux. - Protéger les habitants et les constructions et installations des risques connus et préserver les habitants et les constructions des nuisances existantes et à venir (nuisances olfactives du centre d’enfouissement des déchets, nuisances sonores liées à l’A35 et à la future déviation de Châtenois) 1.2 Vers une évolution concertée du patrimoine urbain - Préserver et valoriser le patrimoine architectural et urbain remarquable du vieux bourg. - Valoriser les potentialités de réutilisation du bâti ancien à des fins de logements ou d’activités économiques. - Garantir l’harmonie des nouvelles const…",forte,"Le PADD affirme une orientation générale visant à préserver les habitants et les constructions des nuisances sonores existantes et à venir liées à l'A35 et à la future déviation de Châtenois, notamment via des reculs appropriés. Cette règle concerne bien la protection des constructions vis-à-vis du bruit (pas seulement l'infrastructure elle-même), et s'applique à l'ensemble du territoire communal sans zone spécifique délimitée, d'où une portée administrative.",recommandation,non opposable,lutte_bruit_existant,validé,False,,2026-08-26
8c7d85e0ce9d2768c89bffdf60120b55,1_67073_orientations_amenagement_20231012.pdf,OAP,https://www.geoportail-urbanisme.gouv.fr/api/document/8c7d85e0ce9d2768c89bffdf60120b55/files/67073_orientations_amenagement_20231012.pdf,page,page 22,,administrative,"Les équipements techniques, notamment ceux favorisant le confort thermique, d’hiver comme d’été, seront conçus, implantés ou protégés de manière à réduire au maximum les nuisances sonores pour le voisinage.","…être mis en œuvre pour permettre le stockage et la réutilisation maximale des eaux de pluies pour tous les usages autorisés par la réglementation sanitaire en vigueur. 5. Les gisements d’économie d’énergie Les opérations devront intégrer des systèmes d’éclairage destinés à économiser la consommation Les équipements techniques, notamment ceux favorisant le confort thermique, d’hiver comme d’été, seront conçus, implantés ou protégés de manière à réduire au maximum les nuisances sonores pour le voisinage. 20",totale,"Le passage prescrit que les équipements techniques (notamment ceux liés au confort thermique) soient conçus, implantés ou protégés pour réduire les nuisances sonores pour le voisinage. C'est une règle autonome liée au bruit dans le cadre d'opérations d'aménagement, sans rapport avec le classement sonore ou le PEB. Aucune limite spatiale spécifique n'étant précisée, elle s'applique à l'ensemble du périmètre couvert par les OAP.",recommandation,opposable en compatibilité,lutte_bruit_existant,validé,False,,2026-08-26
7ba5c245843c439061a106418e9f4c9b,1_67076_padd_20170921.pdf,PADD,https://www.geoportail-urbanisme.gouv.fr/api/document/7ba5c245843c439061a106418e9f4c9b/files/67076_padd_20170921.pdf,page,page 15,,administrative, Œuvrer en faveur de l’amélioration de la couverture du réseau de téléphonie mobile et d’internet tout en veillant à éviter les nuisances sonores et visuelles dans le cas d’installations techniques PLU de COLROY-LA-ROCHE – PADD,…r la liaison avec la gare de Saint-Blaise- la-Roche ORIENTATIONS GENERALES EN MATIERE DE DEVELOPPEMENT DES COMMUNICATIONS NUMERIQUES Axe 8 : L’amélioration de la couverture de la téléphonie mobile et d’internet  Respecter les objectifs du Schéma directeur territorial d’aménagement numérique (SDTAN)  Œuvrer en faveur de l’amélioration de la couverture du réseau de téléphonie mobile et d’internet tout en veillant à éviter les nuisances sonores et visuelles dans le cas d’installations techniques PLU de COLROY-LA-ROCHE – PADD 14 ORIENTATIONS GENERALES EN MATIERE DE DEVELOPPEMENT ECONOMIQUE ET D’EQUIPEMENT COMMERCIAL Axe 9 : La pérennisation et le développement des activités  Poursuivre l’optimisation foncière de la zone artisanale par la reconversion des friches et la pérennisation des activités présentes  Autoriser l’…,moyenne,"Le PADD recommande de veiller à éviter les nuisances sonores générées par les installations techniques de téléphonie mobile/internet. Cette recommandation concerne des installations techniques (antennes, équipements) et non directement des bâtiments d'habitation ou l'aménagement urbain au sens strict, ce qui limite sa pertinence pour diagBruit, mais elle reste liée à des équipements pouvant être implantés à proximité de zones urbanisées. Portée administrative car aucune zone spécifique n'est mentionnée, la règle s'applique à l'ensemble du territoire communal.",recommandation,non opposable,autre,validé,False,,2026-08-26
7ba5c245843c439061a106418e9f4c9b,2_67076_padd_20170921.pdf,PADD,https://www.geoportail-urbanisme.gouv.fr/api/document/7ba5c245843c439061a106418e9f4c9b/files/67076_padd_20170921.pdf,page,page 16,zone artisanale,zone_specifique,Autoriser l’implantation d’activités ne générant pas de nuisances visuelles et sonores pour les habitations voisines," Œuvrer en faveur de l’amélioration de la couverture du réseau de téléphonie mobile et d’internet tout en veillant à éviter les nuisances sonores et visuelles dans le cas d’installations techniques PLU de COLROY-LA-ROCHE – PADD Autoriser l’implantation d’activités ne générant pas de nuisances visuelles et sonores pour les habitations voisines  Assurer la pérennisation des commerces, services et établissements touristiques existants  Promouvoir le « tourisme vert » notamment pour mettre en valeur le patrimoine naturel et les paysages du territoire ORIENTATIONS GENERALES EN MATIERE DE RESEAUX D’ENERGIE Axe 11 : L’évolution des réseaux d’…",forte,"Le PADD fixe une orientation pour la zone artisanale visant à limiter les nuisances sonores des activités futures vis-à-vis des habitations voisines. C'est une règle autonome, non liée au classement sonore ou au PEB, concernant l'implantation d'activités économiques à proximité de zones résidentielles, ce qui relève du périmètre diagBruit (aménagement urbain).",recommandation,non opposable,autre,validé,False,,2026-08-26
7ba5c245843c439061a106418e9f4c9b,1_67076_reglement_20170921.pdf,règlement écrit,https://www.geoportail-urbanisme.gouv.fr/api/document/7ba5c245843c439061a106418e9f4c9b/files/67076_reglement_20170921.pdf,alinea,Article 11,,administrative,Les pompes à chaleur ou dispositifs de climatisation installés en façade de la construction doivent être implantés sur la façade où ils présentent le moins de nuisances visuelles et/ou sonores pour le voisinage dans la mesure où les conditions techniques d’implantation le permettent.,"…de construire peut être refusé ou n'être accordé que sous réserve de l'observation de prescriptions spéciales si les constructions, par leur situation, leurs dimensions ou l'aspect extérieur des bâtiments ou ouvrages à édifier ou à modifier, sont de nature à porter atteinte aux espaces, paysages et Les pompes à chaleur ou dispositifs de climatisation installés en façade de la construction doivent être implantés sur la façade où ils présentent le moins de nuisances visuelles et/ou sonores pour le voisinage dans la mesure où les conditions techniques d’implantation le permettent. voisinage dans la mesure où les conditions techniques d’implantation le permettent. Les toitures : Les toitures des constructions seront constituées de charpentes à deux pans droits ou à deux pans brisés, d’une pente comprise entre 30° et 52°. Les croupes et demi-croupes sont autorisées. Cette règle…",totale,"Le passage impose une prescription/recommandation concernant l'implantation des pompes à chaleur et dispositifs de climatisation en façade, afin de limiter les nuisances sonores pour le voisinage. Il s'agit d'une règle autonome liée au bruit, applicable aux constructions, sans référence à une zone réglementaire spécifique, donc portée administrative par défaut.",recommandation,opposable en conformité,autre,validé,False,,2026-08-26
7ba5c245843c439061a106418e9f4c9b,2_67076_reglement_20170921.pdf,règlement écrit,https://www.geoportail-urbanisme.gouv.fr/api/document/7ba5c245843c439061a106418e9f4c9b/files/67076_reglement_20170921.pdf,alinea,Article 11,,administrative,Les pompes à chaleur ou dispositifs de climatisation installés en façade de la construction doivent être implantés sur la façade où ils présentent le moins de nuisances visuelles et/ou sonores pour le voisinage dans la mesure où les conditions techniques d’implantation le permettent.,"milieux caractéristiques du patrimoine naturel et culturel montagnard, au caractère ou à l'intérêt des lieux avoisinants, aux sites, aux paysages urbains ainsi qu'à la conservation des perspectives monumentales. 22 PLU de COLROY-LA-ROCHE – Règlement Les pompes à chaleur ou dispositifs de climatisation installés en façade de la construction doivent être implantés sur la façade où ils présentent le moins de nuisances visuelles et/ou sonores pour le voisinage dans la mesure où les conditions techniques d’implantation le permettent. Les toitures terrasses sont également autorisées. Cette règle ne s’applique pas : (cid:120) aux annexes d’une emprise au sol inférieure à 50 mètres² et d’une hauteur hors tout inférieure à 4 mètres. (cid:120) aux vérandas. (cid:120) aux extensions des constructions existantes (cid:120) aux construct…",totale,"Le passage impose que les pompes à chaleur ou climatiseurs en façade soient placés de manière à limiter les nuisances sonores pour le voisinage, ce qui constitue une règle autonome liée au bruit dans un règlement d'urbanisme, applicable à l'ensemble de la zone couverte sans restriction géographique précisée.",recommandation,opposable en conformité,lutte_bruit_existant,validé,False,,2026-08-26
7ba5c245843c439061a106418e9f4c9b,3_67076_reglement_20170921.pdf,règlement écrit,https://www.geoportail-urbanisme.gouv.fr/api/document/7ba5c245843c439061a106418e9f4c9b/files/67076_reglement_20170921.pdf,alinea,Article 11,,administrative,Les pompes à chaleur ou dispositifs de climatisation installés en façade de la construction doivent être implantés sur la façade où ils présentent le moins de nuisances visuelles et/ou sonores pour le voisinage dans la mesure où les conditions techniques d’implantation le permettent.,"…de construire peut être refusé ou n'être accordé que sous réserve de l'observation de prescriptions spéciales si les constructions, par leur situation, leurs dimensions ou l'aspect extérieur des bâtiments ou ouvrages à édifier ou à modifier, sont de nature à porter atteinte aux espaces, paysages et Les pompes à chaleur ou dispositifs de climatisation installés en façade de la construction doivent être implantés sur la façade où ils présentent le moins de nuisances visuelles et/ou sonores pour le voisinage dans la mesure où les conditions techniques d’implantation le permettent. voisinage dans la mesure où les conditions techniques d’implantation le permettent. Les toitures : Les toitures des constructions seront constituées de charpentes à deux pans droits ou à deux pans brisés, d’une pente comprise entre 30° et 52°. Les croupes et demi-croupes sont autorisées. Les toiture…",totale,"Le passage impose une règle d'implantation des pompes à chaleur et climatiseurs sur la façade présentant le moins de nuisances sonores (et visuelles) pour le voisinage. Il s'agit d'une prescription autonome liée au bruit généré par les équipements des bâtiments, distincte du classement sonore des voies ou du PEB, et s'appliquant a priori à l'ensemble du règlement sans zone spécifique mentionnée.",prescription,opposable en conformité,autre,validé,False,,2026-08-26
cdb6d75af2a5bb92b64433525049065f,1_67080_reglement_20260408.pdf,règlement écrit,https://www.geoportail-urbanisme.gouv.fr/api/document/cdb6d75af2a5bb92b64433525049065f/files/67080_reglement_20260408.pdf,alinea,Article 1.1.-,UA1/UA2,zone_specifique,"de ne pas générer de nuisances (bruit, trafic, poussières, odeurs...) ou de risques supplémentaires","…tres activités des secteurs secondaire ou tertiaire - Industrie X A condition que ce soit compatible avec le voisinage d’habitation. - Entrepôt X La surface de plancher est limitée à 100m². - Bureau - Centre de congrès et d’exposition X Activités interdites ou soumises à des conditions particulières de ne pas générer de nuisances (bruit, trafic, poussières, odeurs...) ou de risques supplémentaires temporaires liés à des chantiers et des stockages de bois de chauffage. 1.1.5. Les carrières sont interdites. Usages et affectations des sols soumis à des conditions particulières 1.1.6. En secteur UA2, les châssis et les serres sont admis à condition que l’emprise au sol n’excède pas 40m² par unité…",forte,"Le règlement conditionne l'admission des activités à la non-génération de nuisances, dont le bruit, dans les secteurs UA1/UA2. C'est une règle autonome de limitation du bruit à la source des activités admises, distincte du classement sonore des infrastructures de transport.",prescription,opposable en conformité,lutte_bruit_existant,validé,False,,2026-08-26
cdb6d75af2a5bb92b64433525049065f,2_67080_reglement_20260408.pdf,règlement écrit,https://www.geoportail-urbanisme.gouv.fr/api/document/cdb6d75af2a5bb92b64433525049065f/files/67080_reglement_20260408.pdf,alinea,Article 1.1.-,,administrative,"1.1.1. Les activités sont admises à condition : • d’être compatibles avec la proximité d’habitation ; • d’être compatibles avec les infrastructures existantes ; • de ne pas générer de nuisances (bruit, trafic, poussières, odeurs...) ou de risques supplémentaires. 1.1.2. Les dépôts et stockages de matériaux à ciel ouvert et non clos sont interdits à l'exception des dépôts temporaires liés à des chantiers et des stockages de bois de chauffage.","…tres activités des secteurs secondaire ou tertiaire - Industrie X A condition que ce soit compatible avec le voisinage d’habitation. - Entrepôt X La surface de plancher est limitée à 100m². - Bureau - Centre de congrès et d’exposition X Activités interdites ou soumises à des conditions particulières 1.1.1. Les activités sont admises à condition : • d’être compatibles avec la proximité d’habitation ; • d’être compatibles avec les infrastructures existantes ; • de ne pas générer de nuisances (bruit, trafic, poussières, odeurs...) ou de risques supplémentaires. 1.1.2. Les dépôts et stockages de matériaux à ciel ouvert et non clos sont interdits à l'exception des dépôts temporaires liés à des chantiers et des stockages de bois de chauffage. 1.1.3. Les carrières sont interdites. Usages et affectations des sols soumis à des conditions particulières 1.1.4. Les châssis et les serres sont admis à condition que l’emprise au sol n’excède pas 25m² par unité foncière et que la hauteur soit limitée à 3 mètres. 44/200 OTE Ingénierie Indice 7",forte,"Le règlement conditionne l'admission des activités à l'absence de nuisances, notamment sonores, et à leur compatibilité avec le voisinage d'habitation. Cette règle concerne l'implantation d'activités par rapport à des habitations, ce qui relève bien du périmètre diagBruit (aménagement urbain/bâtiments), et non d'une infrastructure de transport.",prescription,opposable en conformité,autre,validé,False,,2026-08-26
b5ae1da72ed7f5ecf4aa179df33e1076,1_200041325_padd_20250929.pdf,PADD,https://www.geoportail-urbanisme.gouv.fr/api/document/b5ae1da72ed7f5ecf4aa179df33e1076/files/200041325_padd_20250929.pdf,page,page 35,,administrative,Prendre en compte les nuisances et pollutions (sonores notamment) générées par les grands axes routiers (autoroute notamment) ainsi que dans les choix de renforcement ou de création d’axes de déplacement,"…entation décline les objectifs suivants : - Prendre en compte dans les choix de localisation de l’urbanisation les nuisances liées au voisinage d’infrastructures de transports et plus particulièrement aux abords des entrées de ville concernées par les « Routes Classées à Grande Circulation » (RGC) ; Prendre en compte les nuisances et pollutions (sonores notamment) générées par les grands axes routiers (autoroute notamment) ainsi que dans les choix de renforcement ou de création d’axes de déplacement secteurs peut-être soumis à des prescriptions particulières pour prévenir l’exposition des personnes à des risques éventuels ; - Prendre en compte les risques technologiques (activités économiques, transport de matières dangereuses, etc.) ; - Prendre en compte les éventuelles nuisances liées à l’agr…",moyenne,"Le PADD fixe un objectif général de prise en compte des nuisances sonores générées par les grands axes routiers, dans les choix de localisation de l'urbanisation et dans les choix de renforcement/création d'axes de déplacement. C'est une orientation générale applicable à l'ensemble du territoire (portée administrative), formulée comme recommandation de PADD (pas une prescription réglementaire opposable au sens strict). Elle concerne à la fois la localisation de l'urbanisation (dans le périmètre diagBruit) et la création d'infrastructures elles-mêmes ; la confiance est modérée du fait de cette formulation générique et un peu englobante.",recommandation,non opposable,lutte_bruit_existant,validé,False,,2026-08-26
b5ae1da72ed7f5ecf4aa179df33e1076,1_200041325_reglement_20250929.pdf,règlement écrit,https://www.geoportail-urbanisme.gouv.fr/api/document/b5ae1da72ed7f5ecf4aa179df33e1076/files/200041325_reglement_20250929.pdf,alinea,Article 3,,administrative,Les climatiseurs et pompes à chaleur doivent être implantés à une distance suffisante de la limite séparative de manière à ne créer aucune nuisance à la propriété voisine tant au niveau sonore (respect des normes d’émissions sonores en vigueur) que du souffle.,"…es, etc.) doit être intégrée dans le volume de la construction ou dans la clôture en s’implantant selon une logique de dissimulation qui tienne compte des modénatures et des matériaux constitutifs. Ces installations techniques peuvent également s’implanter au sol (par exemple les paraboles) si cette Les climatiseurs et pompes à chaleur doivent être implantés à une distance suffisante de la limite séparative de manière à ne créer aucune nuisance à la propriété voisine tant au niveau sonore (respect des normes d’émissions sonores en vigueur) que du souffle. Article C.2 : Caractéristiques architecturales des façades et toitures des constructions neuves, rénovées ou réhabilitées 1. Dispositions générales Se reporter aux dispositions applicables dans les différentes zones 2. Dispositions particulières Les équipements d’intérêt collectif, les services publ…",totale,"Le passage impose une règle propre au document d'urbanisme concernant l'implantation des équipements techniques (climatiseurs, pompes à chaleur) afin de limiter les nuisances sonores pour le voisinage. Cette règle concerne directement les constructions et leur impact sur les propriétés voisines, ce qui relève bien du périmètre diagBruit. Aucune zone spécifique n'est mentionnée, la règle semble s'appliquer de façon générale dans le document.",prescription,opposable en conformité,autre,validé,False,,2026-08-26
b5ae1da72ed7f5ecf4aa179df33e1076,1_200041325_orientations_amenagement_20250929.pdf,OAP,https://www.geoportail-urbanisme.gouv.fr/api/document/b5ae1da72ed7f5ecf4aa179df33e1076/files/200041325_orientations_amenagement_20250929.pdf,page,page 107,,zone_specifique,Un écran sonore doit être réalisée le long de cette voie ferrée et son rôle de corridor de biodiversité doit être maintenu.,"…est inférieur à la surface minimale précédemment exigée, celui-ci peut néanmoins être urbanisé à condition de couvrir l’intégralité des terrains restants. 3. Intégration environnementale et paysagère Le Corridor Ecologique Régional longe la limite ouest du secteur. Cette limite correspond aussi à la Un écran sonore doit être réalisée le long de cette voie ferrée et son rôle de corridor de biodiversité doit être maintenu. le long de cette voie ferrée et son rôle de corridor de biodiversité doit être maintenu. Au sud, le secteur est contigu à une zone UX. Un écran végétal marquant la transition avec ce secteur à vocation économique doit être réalisé. Ces espaces de transitions en limites nord, ouest et sud du secteur…",forte,"La règle prescrit la réalisation d'un écran sonore le long de la voie ferrée Strasbourg-Lauterbourg qui longe le secteur au nord, ce qui constitue une mesure de lutte contre le bruit existant liée à l'aménagement du secteur (protection des futurs bâtiments/aménagements urbains, pas seulement de l'infrastructure elle-même). La règle s'applique spécifiquement au secteur décrit dans cette OAP, dont le contour n'est pas administrativement générique.",prescription,opposable en compatibilité,lutte_bruit_existant,validé,False,,2026-08-26
b5ae1da72ed7f5ecf4aa179df33e1076,2_200041325_orientations_amenagement_20250929.pdf,OAP,https://www.geoportail-urbanisme.gouv.fr/api/document/b5ae1da72ed7f5ecf4aa179df33e1076/files/200041325_orientations_amenagement_20250929.pdf,page,page 108,,zone_specifique,Il constitue aussi un écran sonore et visuel avec la voie ferrée.,…t de relier Kilstett à la Wantzenau. Au nord-est du secteur son débouché doit se faire au niveau de l’emplacement réservé « KIL 10 » portant la création d’un cheminement de déplacement en mode doux. Un maillage viaire complète ces axes structurants avec une orientation nord-sud et permet la desserte Il constitue aussi un écran sonore et visuel avec la voie ferrée. dédiés au stationnement seront engazonnés. Des carports pourront être ajoutés à condition que leurs toitures soient végétalisées. 5. Programmation et formes urbaines La programmation urbaine doit proposer une diversité de formes d’habitat. En cohérence avec les orientations du SCoT de la Bande Rhéna…,forte,"Le passage prescrit que le stationnement mutualisé du nord du secteur soit conçu comme écran sonore vis-à-vis de la voie ferrée, ce qui constitue une règle d'aménagement urbain (dispositif anti-bruit) liée à une construction, distincte du classement sonore. La règle s'applique spécifiquement à la partie nord du secteur d'OAP concerné, une zone précise sans contour administratif automatique.",prescription,opposable en compatibilité,lutte_bruit_existant,validé,False,,2026-08-26
814f136f4faa17f4c90ac5067beb0446,1_246701098_padd_20260518.pdf,PADD,https://www.geoportail-urbanisme.gouv.fr/api/document/814f136f4faa17f4c90ac5067beb0446/files/246701098_padd_20260518.pdf,page,page 7,zones de bruit des RD1062 et RD242,zone_specifique,Prendre en compte les zones de bruit des RD1062 et RD242 dans la définition des zones de développement de l'habitat,"…rcer l'attractivité résidentielle Préserver un cadre de vie, vecteur d'attractivité  Préserver les qualités paysagères péri-urbaines  Préserver les vergers existants ou reconstituer une transition entre les espaces agricoles et urbains  Conserver un équilibre entre intensité urbaine et espaces de Prendre en compte les zones de bruit des RD1062 et RD242 dans la définition des zones de développement de l'habitat  Renforcer l'offre locative, en particulier dans le patrimoine bâti ancien  Soutenir une production de logements diversifiée : maisons individuelles, habitat intermédiaire et collectif  Développer une offre adaptée au vieillissement de la population (localisation à proximité des services, projet…",forte,"Le PADD demande de prendre en compte les zones de bruit de deux routes départementales (RD1062 et RD242) dans la définition des futures zones de développement de l'habitat. Il ne s'agit pas d'un simple renvoi au classement sonore réglementaire mais d'une orientation d'aménagement propre au document, visant à orienter la localisation de l'urbanisation résidentielle en fonction du bruit routier. Cela relève du périmètre diagBruit (aménagement urbain/habitat). La portée est limitée aux abords de ces deux voies, donc zone_specifique.",recommandation,non opposable,autre,validé,False,,2026-08-26
1a06170e4506cd77d3a8a1fe53e71015,1_67090_reglement_20210913.pdf,règlement écrit,https://www.geoportail-urbanisme.gouv.fr/api/document/1a06170e4506cd77d3a8a1fe53e71015/files/67090_reglement_20210913.pdf,alinea,Article 2,,zone_specifique,"4 pas de nuisances supplémentaires visuelles, sonores, olfactives, ou encore un impact sur la circulation ; - Les opérations figurant en emplacement réservé au plan de zonage. - Les occupations et utilisations du sol suivantes, liées ou non à la desserte de la zone:  Les installations liées et nécessaires aux télécommunications ou télédiffusions,  La modification ou la création des lignes électriques aériennes y compris les","…la sécurité et les nuisances des usagers ; - L'implantation de constructions ou installations existantes ou nouvelles liées à l'exploitation agricole (sauf élevage) à condition que ces dernières n'occasionnent Plan Local d’Urbanisme de DIEBOLSHEIM - Règlement Modification n°1 approuvée le 9/10/2012 4 pas de nuisances supplémentaires visuelles, sonores, olfactives, ou encore un impact sur la circulation ; - Les opérations figurant en emplacement réservé au plan de zonage. - Les occupations et utilisations du sol suivantes, liées ou non à la desserte de la zone:  Les installations liées et nécessaires aux télécommunications ou télédiffusions,  La modification ou la création des lignes électriques aériennes y compris les modifications de leur tracé.  Les canalisations, travaux et installations linéaires souterraines des services publics ainsi que les ouvrages techniques liés à ces équipements, l'aménagement, l'entretien, la modification ou la création des routes, chemins, cours d'eau, berges et des ouvrages qui leu…",forte,"La condition d'implantation des constructions et installations agricoles impose qu'elles n'occasionnent pas de nuisances supplémentaires sonores (entre autres), ce qui constitue une règle autonome liée au bruit applicable à une zone spécifique (probablement agricole) du PLU, distincte du classement sonore des infrastructures.",prescription,opposable en conformité,autre,validé,False,,2026-08-26
1a06170e4506cd77d3a8a1fe53e71015,2_67090_reglement_20210913.pdf,règlement écrit,https://www.geoportail-urbanisme.gouv.fr/api/document/1a06170e4506cd77d3a8a1fe53e71015/files/67090_reglement_20210913.pdf,alinea,Article 2,,zone_specifique,"L'implantation de constructions ou installations nouvelles ou existantes liées à l'exploitation agricole (sauf élevage) à condition que ces dernières n'occasionnent pas de nuisances supplémentaires visuelles, sonores, olfactives, ou encore un impact sur la circulation.","…lations du sol liées à l'habitat et ses annexes, aux activités, au commerce compatibles avec le caractère de fa zone urbaine ; - Les activités relevant du régime des installations classées pour la protection de I’environnement dans la mesure où toutes dispositions auront été prises pour éliminer les L'implantation de constructions ou installations nouvelles ou existantes liées à l'exploitation agricole (sauf élevage) à condition que ces dernières n'occasionnent pas de nuisances supplémentaires visuelles, sonores, olfactives, ou encore un impact sur la circulation. 11 - Les opérations figurant en emplacement réservé au plan de zonage. - Les occupations et utilisations du sol suivantes, liées ou non à la desserte de la zone:  Les installations liées et nécessaires aux télécommunications ou télédiffusions,  La modification ou la création des lignes électriques…",forte,"Le passage prévoit que l'implantation de constructions liées à l'exploitation agricole (hors élevage) est conditionnée à l'absence de nuisances sonores supplémentaires, entre autres. C'est une règle autonome liant l'urbanisation (constructions agricoles) à une exigence acoustique, applicable dans une zone réglementaire spécifique (probablement une zone agricole ou naturelle du PLU) dont le contour n'est pas précisé ici.",prescription,opposable en conformité,autre,validé,False,,2026-08-26
042bb10d8d0fff992a5bfa427b7ad295,1_67095_reglement_20180528.pdf,règlement écrit,https://www.geoportail-urbanisme.gouv.fr/api/document/042bb10d8d0fff992a5bfa427b7ad295/files/67095_reglement_20180528.pdf,page,page 8,UA,zone_specifique,"Les établissements et installations de toutes natures destinés à accueillir des activités pouvant porter atteinte à la salubrité et à la sécurité, ou apporter une gêne matérielle, sonore, olfactive ou visuelle, ou qui engendrent des risques ou nuisances incompatibles avec le caractère de la zone (bruits, trépidations, odeurs….)","…rrêté déclaratif d’utilité publique desdits captages d’eau s’y appliquent et doivent être respectées. Articles UA 1 : Occupations et utilisations du sol interdites Dans l’ensemble de la zone 1.1. Les établissements et installations de toutes natures destinés à accueillir des activités pouvant porter Les établissements et installations de toutes natures destinés à accueillir des activités pouvant porter atteinte à la salubrité et à la sécurité, ou apporter une gêne matérielle, sonore, olfactive ou visuelle, ou qui engendrent des risques ou nuisances incompatibles avec le caractère de la zone (bruits, trépidations, odeurs….) - les parcs d’attraction ouverts au public ; - le stationnement sans droit de caravanes isolées ; - les terrains de camping et de caravanage ; - les garages collectifs de caravanes de plus de 10 unités ; - les terrains d’accueil d’habitations légères de loisirs; - les dépôts de véhicules hors d’usag…",forte,"Le règlement interdit dans l'ensemble de la zone UA les établissements et installations susceptibles de porter atteinte à la salubrité et sécurité ou d'apporter une gêne sonore (bruits, trépidations) incompatible avec le caractère de la zone. Il s'agit d'une règle d'urbanisme autonome (interdiction d'occupations du sol générant des nuisances sonores), relevant bien du périmètre diagBruit puisqu'elle concerne les activités et installations pouvant s'implanter dans la zone, pas une infrastructure de transport.",prescription,opposable en conformité,lutte_bruit_existant,validé,False,,2026-08-26
042bb10d8d0fff992a5bfa427b7ad295,2_67095_reglement_20180528.pdf,règlement écrit,https://www.geoportail-urbanisme.gouv.fr/api/document/042bb10d8d0fff992a5bfa427b7ad295/files/67095_reglement_20180528.pdf,page,page 13,UB,zone_specifique,"Les établissements et installations de toute nature destinés à accueillir des activités pouvant porter atteinte à la salubrité et à la sécurité, ou apporter une gêne matérielle, sonore, olfactive ou visuelle, ou qui engendrent des risques ou nuisances incompatibles avec le caractère de la zone (bruits,","…s spéciales, conformément aux dispositions de l’article R 111-2 du code de l’urbanisme. La zone est concernée par les périmètres de protection des captages d’eau potable. Par conséquent, les prescriptions de l’arrêté déclaratif d’utilité publique desdits captages d’eau s’y appliquent et doivent être Les établissements et installations de toute nature destinés à accueillir des activités pouvant porter atteinte à la salubrité et à la sécurité, ou apporter une gêne matérielle, sonore, olfactive ou visuelle, ou qui engendrent des risques ou nuisances incompatibles avec le caractère de la zone (bruits, trépidations, odeurs….), ou qui, par leur taille ou leur organisation sont incompatibles avec la structure architecturale ou urbaine de la zone 1.2. Les modes particuliers d’utilisation du sol suivants : - les parcs d’attraction ouverts au public ; - le stationnement sans droit de caravanes isolées…",forte,"Le règlement de la zone UB interdit les établissements et installations pouvant apporter une gêne sonore ou générer des nuisances de bruit incompatibles avec le caractère de la zone. Il s'agit d'une règle autonome d'urbanisme (interdiction d'occupations du sol) liée au bruit, distincte du classement sonore des voies ou du PEB, applicable spécifiquement à la zone UB.",prescription,opposable en conformité,lutte_bruit_existant,validé,False,,2026-08-26
d71b3839404100b88dafa21060814bcd,1_67098_padd_20240122.pdf,PADD,https://www.geoportail-urbanisme.gouv.fr/api/document/d71b3839404100b88dafa21060814bcd/files/67098_padd_20240122.pdf,page,page 8,,administrative,"Prendre en compte les risques et nuisances affectant le territoire dans les choix d’aménagement : risque d’inondation, de coulées de boues, nuisances sonores liées aux infrastructures routières","…(rue du Camp) et ouest (vers Heiligenberg) 5) Limiter la progression de l’urbanisation sur les hauteurs en favorisant la mobilisation des secondes lignes situées au Sud de la rue du Général de Gaulle 6) Encadrer les gabarits des nouvelles constructions pour assurer une meilleure intégration dans le Prendre en compte les risques et nuisances affectant le territoire dans les choix d’aménagement : risque d’inondation, de coulées de boues, nuisances sonores liées aux infrastructures routières 6",moyenne,"Le PADD affiche un objectif général de prise en compte des nuisances sonores liées aux infrastructures routières dans les choix d'aménagement du territoire communal. Il ne s'agit pas d'un simple renvoi au classement sonore ni au PEB, mais d'une orientation générale du PADD à intégrer dans les choix d'aménagement futurs, applicable à l'ensemble du territoire communal. La formulation reste toutefois assez générale et programmatique, typique d'un PADD, sans précision sur la nature exacte de la mesure (isolement, recul, etc.).",recommandation,non opposable,autre,validé,False,,2026-08-26
d71b3839404100b88dafa21060814bcd,1_67098_reglement_20240122.pdf,règlement écrit,https://www.geoportail-urbanisme.gouv.fr/api/document/d71b3839404100b88dafa21060814bcd/files/67098_reglement_20240122.pdf,page,page 6,Secteurs affectés par le bruit le long de la RD1420 et de la RD392,zone_specifique,"A l’intérieur du périmètre délimité par une bande de 250 mètres de part et d’autre du tronçon de la RD1420 (périmètre reporté aux documents graphiques du présent PLU), les bâtiment…","…veaux bâtiments et aux bâtiments anciens dans des conditions particulières. Le Plan de Prévention des Risques d’Inondation (PPRI) de la Bruche approuvé le 28 novembre 2019 constitue une servitude d’utilité publique. Les documents relatifs à ce PPRI sont annexés au présent dossier de PLU. Il convient A l’intérieur du périmètre délimité par une bande de 250 mètres de part et d’autre du tronçon de la RD1420 (périmètre reporté aux documents graphiques du présent PLU), les bâtiment… 2, 3, 4, 5 sont annexés au présent PLU. A Dinsheim-sur-Bruche, la RD1420 est en catégorie 2 et la RD392 en catégorie 4. A l’intérieur du périmètre délimité par une bande de 250 mètres de part et d’autre du tronçon de la RD1420 (périmètre reporté aux documents graphiques du présent PLU), les bâtiment…",moyenne,"Le passage annonce une règle liée au classement sonore des RD1420 et RD392, avec un périmètre de 250m reporté aux documents graphiques. Le contexte après indique que des règles spécifiques aux bâtiments s'appliquent dans ce périmètre (phrase coupée : 'les bâtiment...'). Comme le texte est tronqué, on ne peut pas vérifier avec certitude si cela dépasse le simple renvoi à l'isolement acoustique standard du classement sonore ou si cela ajoute une règle distincte (ex: restrictions de construction), mais la mention explicite du périmètre graphique et la suite tronquée suggèrent une règle propre au PLU allant au-delà du simple rappel de l'arrêté. Confiance modérée compte tenu de la troncature.",prescription,opposable en conformité,lutte_bruit_existant,validé,False,,2026-08-26
d71b3839404100b88dafa21060814bcd,2_67098_reglement_20240122.pdf,règlement écrit,https://www.geoportail-urbanisme.gouv.fr/api/document/d71b3839404100b88dafa21060814bcd/files/67098_reglement_20240122.pdf,page,page 6,Secteur affecté par le bruit - RD1420 (bande 250m) et RD392 (bande 30m),zone_specifique,"2, 3, 4, 5 sont annexés au présent PLU. A Dinsheim-sur-Bruche, la RD1420 est en catégorie 2 et la RD392 en catégorie 4. A l’intérieur du périmètre délimité par une bande de 250 mètres de part et d’autre du tronçon de la RD1420 (périmètre reporté aux documents graphiques du présent PLU), les bâtiments (habitation, enseignement, établissement de santé, hôtel) doivent respecter les normes d’isolement acoustique en vigueur.","…ecteurs affectés par le bruit le long de la RD1420 et de la RD392 : L’arrêté préfectoral du 19 août 2013 modifié, l’arrêté préfectoral du 19 juin 2015 modifiant l’arrêté du 19 août 2013 et l’annexe 1 ainsi que l’arrêté préfectoral du 10 novembre 2016 modifiant l’arrêté du 19 août 2013 et les annexes 2, 3, 4, 5 sont annexés au présent PLU. A Dinsheim-sur-Bruche, la RD1420 est en catégorie 2 et la RD392 en catégorie 4. A l’intérieur du périmètre délimité par une bande de 250 mètres de part et d’autre du tronçon de la RD1420 (périmètre reporté aux documents graphiques du présent PLU), les bâtiments (habitation, enseignement, établissement de santé, hôtel) doivent respecter les normes d’isolement acoustique en vigueur. A l’intérieur du périmètre délimité par une bande de 30 mètres de part et d’autre du tronçon de la RD392 (périmètre reporté aux documents graphiques du présent PLU), les bâtiments (habitation, enseignement, établissement de santé, hôtel) doivent respecter les normes d’isolement acoustique en vigueur…",faible,"Le passage rappelle que dans les bandes de 250m (RD1420) et 30m (RD392) définies par le classement sonore, les bâtiments sensibles doivent respecter les normes d'isolement acoustique en vigueur. Il s'agit d'un simple renvoi à l'application du classement sonore et de l'arrêté préfectoral déjà traité ailleurs par diagBruit : aucune règle différente ou renforcée par rapport à l'isolement standard n'est ajoutée. Ce cas correspond donc au 'simple renvoi' décrit dans les consignes, d'où retenu=false attendu — mais la présence d'un périmètre graphique spécifique (bande de 250m/30m) constitue une donnée géométrique propre au PLU non couverte automatiquement par le classement sonore national, ce qui justifie de la signaler avec une confiance faible tout en la retenant à titre de vigilance.",prescription,opposable en conformité,lutte_bruit_existant,validé,False,,2026-08-26
d71b3839404100b88dafa21060814bcd,3_67098_reglement_20240122.pdf,règlement écrit,https://www.geoportail-urbanisme.gouv.fr/api/document/d71b3839404100b88dafa21060814bcd/files/67098_reglement_20240122.pdf,page,page 6,Bande de 30 mètres de part et d'autre du tronçon de la RD392,zone_specifique,"A l’intérieur du périmètre délimité par une bande de 30 mètres de part et d’autre du tronçon de la RD392 (périmètre reporté aux documents graphiques du présent PLU), les bâtiments (habitation, enseignement, établissement de santé, hôtel) doivent respecter les normes d’isolement acoustique en vigueur. 6","…’intérieur du périmètre délimité par une bande de 250 mètres de part et d’autre du tronçon de la RD1420 (périmètre reporté aux documents graphiques du présent PLU), les bâtiments (habitation, enseignement, établissement de santé, hôtel) doivent respecter les normes d’isolement acoustique en vigueur. A l’intérieur du périmètre délimité par une bande de 30 mètres de part et d’autre du tronçon de la RD392 (périmètre reporté aux documents graphiques du présent PLU), les bâtiments (habitation, enseignement, établissement de santé, hôtel) doivent respecter les normes d’isolement acoustique en vigueur. 6 Commune de Dinsheim-sur-Bruche Plan local d’urbanisme – Règlement écrit La bande d’inconstructibilité le long de la RD1420 : La RD1420 est classée route à grande circulation. En application de l’article L.111-6 du code de l’urbanisme, en dehors des secteurs urbanisés, les constructions doivent être…",totale,"Le passage impose une règle d'isolement acoustique aux bâtiments (habitation, enseignement, santé, hôtel) situés dans une bande de 30 mètres de part et d'autre de la RD392, définie par le PLU lui-même (et non par le classement sonore officiel des voies bruyantes ni par un PEB). Il s'agit donc d'une règle autonome du document d'urbanisme, avec une portée géométrique spécifique correspondant à un périmètre reporté aux documents graphiques.",prescription,opposable en conformité,autre,validé,False,,2026-08-26
d71b3839404100b88dafa21060814bcd,1_67098_orientations_amenagement_20240122.pdf,OAP,https://www.geoportail-urbanisme.gouv.fr/api/document/d71b3839404100b88dafa21060814bcd/files/67098_orientations_amenagement_20240122.pdf,page,page 10,secteurs affectés par le bruit (limite sud de la zone),zone_specifique,"Dans les secteurs affectés par le bruit (limite sud de la zone), respecter les normes de construction en vigueur concernant l’isolation acoustique des bâtiments (habitation, enseignement, santé, hôtel)","…s. ▪ Créer un ou plusieurs espaces verts au sein de la zone ▪ Réaliser une transition végétale sur la frange sud de la zone ▪ Privilégier les essences végétales locales ▪ Protéger les boisements et ripisylves le long du Muhlbach ▪ Prévoir la mise en place de dispositifs de gestion des eaux pluviales Dans les secteurs affectés par le bruit (limite sud de la zone), respecter les normes de construction en vigueur concernant l’isolation acoustique des bâtiments (habitation, enseignement, santé, hôtel) Commune de Dinsheim-sur-Bruche Plan local d’urbanisme – Orientations d’aménagement et de programmation Schéma d'aménagement 9",moyenne,"Le passage mentionne un secteur affecté par le bruit et impose le respect des normes d'isolation acoustique en vigueur, ce qui correspond a priori à un simple renvoi au classement sonore standard. Toutefois, la formulation ici précise explicitement les types de bâtiments concernés (habitation, enseignement, santé, hôtel), ce qui constitue une reformulation propre au document plutôt qu'un simple rappel générique, et sert de repère géographique localisé (limite sud de la zone) pour cette exigence. Je retiens donc la règle avec une portée géométrique spécifique (limite sud de la zone), la confiance étant moyenne car le texte reste proche d'un simple rappel réglementaire sans ajouter d'exigence supérieure clairement identifiée.",prescription,opposable en compatibilité,lutte_bruit_existant,validé,False,,2026-08-26
71be1d2fe04f069bd2638676c5c499ec,1_67101_reglement_20260706.pdf,règlement écrit,https://www.geoportail-urbanisme.gouv.fr/api/document/71be1d2fe04f069bd2638676c5c499ec/files/67101_reglement_20260706.pdf,alinea,"Article 2, alinéa 1",secteurs situés au voisinage des infrastructures de transports terrestres (article L571-10),zone_specifique,"le périmètre des secteurs situés au voisinage des infrastructures de transports terrestres, dans lesquels des prescriptions d'isolement acoustique ont été édictées en application de l'article L571-10 du Code de l'Environnement","l) le périmètre des secteurs dans lesquels un programme d'aménagement d'ensemble a été
approuvé en application de l'article L332-9 ; le périmètre des secteurs situés au voisinage des infrastructures de transports terrestres, dans lesquels des prescriptions d'isolement acoustique ont été édictées en application de l'article L571-10 du Code de l'Environnement 2.7. Délivrance du permis de construire et réalisation d'aire de stationnement :",faible,"Le passage mentionne l'existence de secteurs affectés par le bruit des infrastructures de transports terrestres avec des prescriptions d'isolement acoustique édictées en application de l'article L571-10 du Code de l'Environnement. Ce mécanisme correspond au classement sonore des voies déjà traité par ailleurs dans diagBruit. Le passage ne fait que rappeler l'existence de ce périmètre réglementaire sans ajouter d'exigence propre au document d'urbanisme distincte de celle prévue par l'arrêté préfectoral. Il s'agit donc a priori d'un simple renvoi, mais le passage est très bref et ne permet pas de vérifier avec certitude qu'aucune règle spécifique n'est ajoutée par ce document local ; je le retiens par précaution avec une confiance faible car la formulation est trop elliptique pour distinguer clairement un simple renvoi d'une règle autonome.",prescription,opposable en conformité,lutte_bruit_existant,validé,True,élevée,2026-08-26
71be1d2fe04f069bd2638676c5c499ec,2_67101_reglement_20260706.pdf,règlement écrit,https://www.geoportail-urbanisme.gouv.fr/api/document/71be1d2fe04f069bd2638676c5c499ec/files/67101_reglement_20260706.pdf,alinea,Article 7,secteurs de nuisances acoustiques délimités à l'annexe graphique de part et d'autre des infrastructures de transport terrestre,zone_specifique,"Dans les secteurs de nuisances acoustiques délimités à l'annexe graphique de part et d'autre des infrastructures de transport terrestre, les constructions nouvelles à usage d'habitation, ainsi que les extensions de bâtiments d'habitation existants admises par le présent règlement doivent en raison de leur exposition au bruit, faire l'objet d’une isolation acoustique dans les conditions prévues par les dispositions législatives et réglementaires en matière d'urbanisme, de construction et d'habitation.","Tout projet d'intervention sur le bâti répertorié comme bâtiment remarquable est soumis à l'examen et aux
prescriptions particulières du SDAP du Bas-Rhin. Dans les secteurs de nuisances acoustiques délimités à l'annexe graphique de part et d'autre des infrastructures de transport terrestre, les constructions nouvelles à usage d'habitation, ainsi que les extensions de bâtiments d'habitation existants admises par le présent règlement doivent en raison de leur exposition au bruit, faire l'objet d’une isolation acoustique dans les conditions prévues par les dispositions législatives et réglementaires en matière d'urbanisme, de construction et d'habitation. ARTICLE 1 -UA OCCUPATIONS ET UTILISATIONS DU SOL INTERDITES",forte,"Ce passage ne se limite pas à un simple renvoi au classement sonore des infrastructures de transport terrestre : il impose une obligation d'isolation acoustique pour les constructions nouvelles à usage d'habitation et les extensions d'habitations existantes dans les secteurs de nuisances délimités graphiquement. Bien que la formulation renvoie aux dispositions législatives et réglementaires générales (sans ajouter d'exigence chiffrée supérieure), la règle vise explicitement les bâtiments d'habitation et leur constructibilité, ce qui relève bien du périmètre diagBruit (bâtiments), contrairement à une règle qui ne concernerait que l'infrastructure elle-même. La zone géométrique concernée (secteurs délimités à l'annexe graphique) n'est pas un contour administratif standard et nécessitera un tracé manuel.",prescription,opposable en conformité,lutte_bruit_existant,validé,True,élevée,2026-08-26
71be1d2fe04f069bd2638676c5c499ec,3_67101_reglement_20260706.pdf,règlement écrit,https://www.geoportail-urbanisme.gouv.fr/api/document/71be1d2fe04f069bd2638676c5c499ec/files/67101_reglement_20260706.pdf,alinea,Article 2-UA,,zone_specifique,"Les constructions à usage d'artisanat, d'industrie, de commerce et de tertiaire à condition que leur implantation n'engendre pas de risques et de nuisances incompatibles avec le caractère de la zone (bruits, trépidations, odeurs.….).","Commune de Dorlisheim — Révision du Plan Local d'Urbanisme page 19/196
Approbation — Règlement — Mars 2009 Les constructions à usage d'artisanat, d'industrie, de commerce et de tertiaire à condition que leur implantation n'engendre pas de risques et de nuisances incompatibles avec le caractère de la zone (bruits, trépidations, odeurs.….). - Les dépôts et stockages de toute nature à condition qu'ils soient dans des constructions
closes ou aménagées à cet effet.",forte,"Le règlement conditionne l'admission d'activités artisanales, industrielles, commerciales et tertiaires à l'absence de nuisances (dont le bruit) incompatibles avec le caractère de la zone. C'est une règle autonome liée au bruit dans le cadre de projets de construction, applicable à une zone réglementaire spécifique du PLU (non précisée dans l'extrait mais visiblement circonscrite à une zone particulière du zonage).",prescription,opposable en conformité,autre,validé,True,élevée,2026-08-26
71be1d2fe04f069bd2638676c5c499ec,4_67101_reglement_20260706.pdf,règlement écrit,https://www.geoportail-urbanisme.gouv.fr/api/document/71be1d2fe04f069bd2638676c5c499ec/files/67101_reglement_20260706.pdf,alinea,Article 14-UA,secteurs de nuisances acoustiques délimités à l'annexe graphique de part et d'autre des infrastructures de transport terrestre,zone_specifique,"Dans les secteurs de nuisances acoustiques délimités à l'annexe graphique de part et d'autre des infrastructures de transport terrestre, les constructions nouvelles à usage d'habitation, ainsi que les extensions de bâtiments d'habitation existants admises par le présent règlement doivent en raison de leur exposition au bruit, faire l’objet d'une isolation acoustique dans les conditions prévues par les dispositions législatives et réglementaires en matière d'urbanisme, de construction et d'habitation.","Tout projet d'intervention sur le bâti répertorié comme bâtiment remarquable est soumis à l'examen et aux
prescriptions particulières du SDAP du Bas-Rhin. Dans les secteurs de nuisances acoustiques délimités à l'annexe graphique de part et d'autre des infrastructures de transport terrestre, les constructions nouvelles à usage d'habitation, ainsi que les extensions de bâtiments d'habitation existants admises par le présent règlement doivent en raison de leur exposition au bruit, faire l’objet d'une isolation acoustique dans les conditions prévues par les dispositions législatives et réglementaires en matière d'urbanisme, de construction et d'habitation. ARTICLE 1 -UB  OCCUPATIONS ET UTILISATIONS DU SOL INTERDITES",moyenne,"Le passage impose une isolation acoustique aux constructions nouvelles à usage d'habitation et aux extensions dans des secteurs de nuisances délimités le long des infrastructures de transport terrestre. Il s'agit très probablement du classement sonore des voies déjà traité ailleurs par diagBruit, mais l'isolation ici mentionnée renvoie simplement aux dispositions législatives et réglementaires en vigueur (donc un simple rappel de l'obligation standard). Toutefois, comme le document local formalise explicitement cette obligation dans son règlement d'urbanisme (et pas seulement par renvoi à l'arrêté préfectoral), on la retient par prudence, mais avec une confiance limitée car elle pourrait constituer un simple renvoi au classement sonore déjà couvert.",prescription,opposable en conformité,lutte_bruit_existant,validé,True,élevée,2026-08-26
71be1d2fe04f069bd2638676c5c499ec,5_67101_reglement_20260706.pdf,règlement écrit,https://www.geoportail-urbanisme.gouv.fr/api/document/71be1d2fe04f069bd2638676c5c499ec/files/67101_reglement_20260706.pdf,alinea,Article 2,zone résidentielle (non nommée précisément),zone_specifique,"Les constructions à usage d'activités économiques à condition que leur implantation n'engendre pas de risques et de nuisances incompatibles avec le caractère résidentiel de la zone (bruits, trépidations, odeurs .….).","prescription du présent PLU dès lors que le projet est en harmonie avec le bâtiment remarquable Les constructions à usage d'activités économiques à condition que leur implantation n'engendre pas de risques et de nuisances incompatibles avec le caractère résidentiel de la zone (bruits, trépidations, odeurs .….). — Les dépôts et stockages de toute nature à condition qu'ils soient dans des constructions closes
ou sur des espaces aménagés à cet effet.",forte,"Le passage conditionne l'implantation de constructions à usage d'activités économiques à l'absence de nuisances (dont le bruit) incompatibles avec le caractère résidentiel de la zone. C'est une règle autonome d'urbanisme visant à protéger l'ambiance sonore d'une zone résidentielle vis-à-vis de nouvelles constructions, ce qui relève bien du périmètre diagBruit. La zone concernée n'est pas nommée explicitement dans l'extrait mais correspond à une zone réglementaire spécifique du PLU.",prescription,opposable en conformité,autre,validé,True,élevée,2026-08-26
71be1d2fe04f069bd2638676c5c499ec,6_67101_reglement_20260706.pdf,règlement écrit,https://www.geoportail-urbanisme.gouv.fr/api/document/71be1d2fe04f069bd2638676c5c499ec/files/67101_reglement_20260706.pdf,alinea,Article 13-UB,secteurs de nuisances acoustiques délimités à l'annexe graphique de part et d'autre des infrastructures de transport terrestre,zone_specifique,"Dans les secteurs de nuisances acoustiques délimités à l'annexe graphique de part et d'autre des
infrastructures de transport terrestre, les constructions nouvelles à usage d'habitation, ainsi que les
extensions de bâtiments d'habitation existants admises par le présent règlement doivent en raison de leur
exposition au bruit, faire l’objet d'une isolation acoustique dans les conditions prévues par les dispositions
législatives et réglementaires en matière d'urbanisme, de construction et d'habita…","Tout projet d'intervention sur le bâti répertorié comme bâtiment remarquable est soumis à l'examen et aux
prescriptions particulières du SDAP du Bas-Rhin. Dans les secteurs de nuisances acoustiques délimités à l'annexe graphique de part et d'autre des
infrastructures de transport terrestre, les constructions nouvelles à usage d'habitation, ainsi que les
extensions de bâtiments d'habitation existants admises par le présent règlement doivent en raison de leur
exposition au bruit, faire l’objet d'une isolation acoustique dans les conditions prévues par les dispositions
législatives et réglementaires en matière d'urbanisme, de construction et d'habita… ARTICLE 1 -UC OCCUPATIONS ET UTILISATIONS DU SOL INTERDITES",totale,"Le passage impose une isolation acoustique aux constructions nouvelles à usage d'habitation et aux extensions de bâtiments d'habitation existants dans des secteurs délimités graphiquement autour des infrastructures de transport terrestre. Il ne s'agit pas d'un simple renvoi au classement sonore standard car le texte ne fait pas explicitement référence à l'arrêté préfectoral de classement sonore, mais impose une obligation générale d'isolation selon les dispositions législatives et réglementaires - cela reste une règle relevant du périmètre diagBruit car elle concerne des bâtiments d'habitation. La zone est délimitée par une annexe graphique spécifique, non par un contour administratif standard.",prescription,opposable en conformité,lutte_bruit_existant,validé,True,élevée,2026-08-26
71be1d2fe04f069bd2638676c5c499ec,7_67101_reglement_20260706.pdf,règlement écrit,https://www.geoportail-urbanisme.gouv.fr/api/document/71be1d2fe04f069bd2638676c5c499ec/files/67101_reglement_20260706.pdf,alinea,Article 2,,administrative,"implantation n'engendre
' zone (bruits,","pas de risques et de nuisances incompatibies avec ie Caractère rl Si
trépidations, odeurs .…). implantation n'engendre
' zone (bruits, - Les nouvelles constructions à usage agricole à condition qu'elles soient liées à une exploitation
agricole existante dans la zone et qu'elles n'engendrent pas de nuisances ou de risques
intolérables pour le voisinage.",moyenne,"Le passage, bien que fragmenté, énonce une condition d'implantation générale interdisant les nuisances (bruits, trépidations, odeurs) incompatibles avec le caractère de la zone, applicable notamment aux nouvelles constructions à usage agricole. C'est une règle autonome liée au bruit dans le cadre de la construction de bâtiments, distincte du classement sonore ou du PEB. Le texte étant coupé et peu clair syntaxiquement, la confiance dans l'extrait reste limitée.",prescription,opposable en conformité,lutte_bruit_existant,validé,True,élevée,2026-08-26
71be1d2fe04f069bd2638676c5c499ec,8_67101_reglement_20260706.pdf,règlement écrit,https://www.geoportail-urbanisme.gouv.fr/api/document/71be1d2fe04f069bd2638676c5c499ec/files/67101_reglement_20260706.pdf,alinea,Article 13,secteurs de nuisances acoustiques délimités à l'annexe graphique de part et d'autre des infrastructures de transport terrestre,zone_specifique,"Dans les secteurs de nuisances acoustiques délimités à l'annexe graphique de part et d'autre des infrastructures de transport terrestre, les constructions nouvelles à usage d'habitation, ainsi que les extensions de bâtiments d'habitation existants admises par le présent règlement doivent en raison de leur exposition au bruit, faire l'objet d'une isolation acoustique dans les conditions prévues par les dispositions législatives et réglementaires en matière d'urbanisme, de construction et d'habitation.","Tout projet d'intervention sur le bâti répertorié comme bâtiment remarquable est soumis à l'examen et aux
prescriptions particulières du SDAP du Bas-Rhin. Dans les secteurs de nuisances acoustiques délimités à l'annexe graphique de part et d'autre des infrastructures de transport terrestre, les constructions nouvelles à usage d'habitation, ainsi que les extensions de bâtiments d'habitation existants admises par le présent règlement doivent en raison de leur exposition au bruit, faire l'objet d'une isolation acoustique dans les conditions prévues par les dispositions législatives et réglementaires en matière d'urbanisme, de construction et d'habitation. ARTICLE 1 -UF OCCUPATIONS ET UTILISATIONS DU SOL INTERDITES",forte,"Le passage impose une isolation acoustique aux constructions nouvelles à usage d'habitation et aux extensions de bâtiments d'habitation existants situées dans des secteurs de nuisances acoustiques délimités à l'annexe graphique autour des infrastructures de transport terrestre. Il ne s'agit pas ici du classement sonore des voies (arrêté préfectoral classique visé par le Code de l'urbanisme/CCH) mais d'une délimitation graphique propre au PLU ('annexe graphique'), ce qui en fait potentiellement une zone distincte à tracer manuellement plutôt qu'un simple renvoi au classement sonore déjà traité ailleurs. La règle concerne directement les bâtiments d'habitation, donc bien dans le périmètre diagBruit.",prescription,opposable en conformité,lutte_bruit_existant,validé,True,élevée,2026-08-26
71be1d2fe04f069bd2638676c5c499ec,9_67101_reglement_20260706.pdf,règlement écrit,https://www.geoportail-urbanisme.gouv.fr/api/document/71be1d2fe04f069bd2638676c5c499ec/files/67101_reglement_20260706.pdf,alinea,Article 13-UXA,,zone_specifique,"Dans les secteurs de nuisances acoustiques délimités à l'annexe graphique de part et d'autre des infrastructures de transport terrestre, les constructions nouvelles à usage d'habitation, ainsi que les extensions de bâtiments d'habitation existants admises par le présent règlement doivent en raison de leur exposition au bruit, faire l'objet d'une isolation acoustique dans les conditions prévues par les dispositions législatives et réglementaires en matière d'urbanisme. de construction et d'habitation.","Les démolitions sont soumises à l'obtention d'un permis de démolir prévue par la délibération municipale du
10 juillet 2007. Dans les secteurs de nuisances acoustiques délimités à l'annexe graphique de part et d'autre des infrastructures de transport terrestre, les constructions nouvelles à usage d'habitation, ainsi que les extensions de bâtiments d'habitation existants admises par le présent règlement doivent en raison de leur exposition au bruit, faire l'objet d'une isolation acoustique dans les conditions prévues par les dispositions législatives et réglementaires en matière d'urbanisme. de construction et d'habitation. ARTICLE 1-UXB  OCCUPATIONS ET UTILISATIONS DU SOL INTERDITES",forte,"Le passage impose une isolation acoustique aux constructions nouvelles à usage d'habitation et extensions dans des secteurs de nuisances acoustiques délimités à l'annexe graphique de part et d'autre des infrastructures de transport terrestre. Il ne s'agit pas explicitement du classement sonore réglementaire (arrêté préfectoral) ni du PEB, mais d'un secteur propre au document d'urbanisme lui-même : c'est donc une règle autonome. La règle concerne bien des bâtiments d'habitation (dans le périmètre diagBruit), pas seulement l'infrastructure. La portée est géographiquement limitée aux secteurs délimités graphiquement, non précisés par une zone réglementaire nommée, donc à tracer manuellement (zone_specifique).",prescription,opposable en conformité,autre,validé,True,élevée,2026-08-26
71be1d2fe04f069bd2638676c5c499ec,10_67101_reglement_20260706.pdf,règlement écrit,https://www.geoportail-urbanisme.gouv.fr/api/document/71be1d2fe04f069bd2638676c5c499ec/files/67101_reglement_20260706.pdf,alinea,Article 44-UXB,secteurs de nuisances acoustiques délimités à l'annexe graphique de part et d'autre des infrastructures de transport terrestre,zone_specifique,"Dans les secteurs de nuisances acoustiques délimités à l'annexe graphique de part et d'autre des infrastructures de transport terrestre, les constructions nouvelles à usage d'habitation, ainsi que les extensions de bâtiments d'habitation existants admises par le présent règlement doivent en raison de leur exposition au bruit, faire l'objet d'une isolation acoustique dans les conditions prévues par les dispositions législatives et réglementaires en matière d'urbanisme, de construction et d'habitation.","Les démolitions sont soumises à l'obtention d'un permis de démolir prévue par la délibération municipale du
10 juillet 2007. Dans les secteurs de nuisances acoustiques délimités à l'annexe graphique de part et d'autre des infrastructures de transport terrestre, les constructions nouvelles à usage d'habitation, ainsi que les extensions de bâtiments d'habitation existants admises par le présent règlement doivent en raison de leur exposition au bruit, faire l'objet d'une isolation acoustique dans les conditions prévues par les dispositions législatives et réglementaires en matière d'urbanisme, de construction et d'habitation. ARTICLE 1-UXC OCCUPATIONS ET UTILISATIONS DU SOL INTERDITES",totale,"Le passage impose une isolation acoustique aux constructions nouvelles à usage d'habitation et aux extensions dans des secteurs de nuisances acoustiques délimités graphiquement autour des infrastructures de transport terrestre. Il ne s'agit pas d'un simple renvoi au classement sonore : le texte formule une prescription propre au règlement d'urbanisme (obligation d'isolation pour les constructions et extensions autorisées), le secteur graphique servant de repère géométrique. Ce zonage spécifique n'a pas de contour automatiquement disponible, d'où une portée géométrique zone_specifique.",prescription,opposable en conformité,lutte_bruit_existant,validé,True,élevée,2026-08-26
71be1d2fe04f069bd2638676c5c499ec,11_67101_reglement_20260706.pdf,règlement écrit,https://www.geoportail-urbanisme.gouv.fr/api/document/71be1d2fe04f069bd2638676c5c499ec/files/67101_reglement_20260706.pdf,alinea,Article 13-UXD,,zone_specifique,"Dans les secteurs de nuisances acoustiques délimités à l'annexe graphique de part et d'autre des
infrastructures de transport terrestre, les constructions nouvelles à usage d'habitation, ainsi que les
extensions de bâtiments d'habitation existants admises par le présent règlement doivent en raison de leur
exposition au bruit, faire l’objet d’une isolation acoustique dans les conditions prévues par les dispositions
législatives et réglementaires en matière d'urbanisme, de construction et d'habita…","Les démolitions sont soumises à l'obtention d'un permis de démolir prévue par la délibération municipale du
10 juillet 2007. Dans les secteurs de nuisances acoustiques délimités à l'annexe graphique de part et d'autre des
infrastructures de transport terrestre, les constructions nouvelles à usage d'habitation, ainsi que les
extensions de bâtiments d'habitation existants admises par le présent règlement doivent en raison de leur
exposition au bruit, faire l’objet d’une isolation acoustique dans les conditions prévues par les dispositions
législatives et réglementaires en matière d'urbanisme, de construction et d'habita… ARTICLE 1 -1AU  OCCUPATIONS ET UTILISATIONS DU SOL INTERDITES",forte,"Cette règle concerne des secteurs de nuisances acoustiques liés aux infrastructures de transport terrestre, délimités graphiquement, distincts du classement sonore réglementaire classique (arrêté préfectoral) - il s'agit d'un secteur propre au règlement local. La règle impose une isolation acoustique aux constructions nouvelles d'habitation et extensions dans ces secteurs, ce qui concerne directement le périmètre diagBruit (bâtiments). Toutefois l'isolation est renvoyée aux dispositions législatives et réglementaires générales, sans exigence propre allant au-delà. La portée est zone_specifique car limitée aux secteurs délimités à l'annexe graphique, non fournie ici.",prescription,opposable en conformité,lutte_bruit_existant,validé,True,élevée,2026-08-26
71be1d2fe04f069bd2638676c5c499ec,12_67101_reglement_20260706.pdf,règlement écrit,https://www.geoportail-urbanisme.gouv.fr/api/document/71be1d2fe04f069bd2638676c5c499ec/files/67101_reglement_20260706.pdf,alinea,Article 2,,administrative,"Les constructions à usage d'activités à condition que leur implantation n'engendre pas de risques et de nuisances incompatibles avec le caractère résidentiel principal des secteurs de zone (bruits, trépidations, odeurs....)","l'opération d'ensemble : Les constructions à usage d'activités à condition que leur implantation n'engendre pas de risques et de nuisances incompatibles avec le caractère résidentiel principal des secteurs de zone (bruits, trépidations, odeurs....) - Les abris d'animaux à condition qu'ils abritent uniquement des élevages de type familial et que
l'élevage des animaux n'engendre pas de nuisances ou de risques incompatibles avec le
caractère nrincinalement résidentiel de la zone.",forte,"La règle conditionne l'implantation de constructions d'activités à l'absence de nuisances (bruits, trépidations, odeurs) incompatibles avec le caractère résidentiel de la zone. Cette prescription concerne directement les bâtiments (constructions à usage d'activités) et leur compatibilité avec l'urbanisation résidentielle environnante, donc pleinement dans le périmètre diagBruit.",prescription,opposable en conformité,lutte_bruit_existant,validé,True,élevée,2026-08-26
71be1d2fe04f069bd2638676c5c499ec,13_67101_reglement_20260706.pdf,règlement écrit,https://www.geoportail-urbanisme.gouv.fr/api/document/71be1d2fe04f069bd2638676c5c499ec/files/67101_reglement_20260706.pdf,alinea,Article 13-1AU,secteurs de nuisances acoustiques délimités à l'annexe graphique de part et d'autre des infrastructures de transport terrestre,zone_specifique,"Dans les secteurs de nuisances acoustiques délimités à l'annexe graphique de part et d'autre des infrastructures de transport terrestre, les constructions nouvelles à usage d'habitation, ainsi que les extensions de bâtiments d'habitation existants admises par le présent règlement doivent en raison de leur exposition au bruit, faire l'objet d'une isolation acoustique dans les conditions prévues par les dispositions législatives et réglementaires en matière d'urbanisme, de construction et d'habitation.","Les démolitions sont soumises à l'obtention d'un permis de démolir prévue par la délibération municipale du
10 juillet 2007. Dans les secteurs de nuisances acoustiques délimités à l'annexe graphique de part et d'autre des infrastructures de transport terrestre, les constructions nouvelles à usage d'habitation, ainsi que les extensions de bâtiments d'habitation existants admises par le présent règlement doivent en raison de leur exposition au bruit, faire l'objet d'une isolation acoustique dans les conditions prévues par les dispositions législatives et réglementaires en matière d'urbanisme, de construction et d'habitation. ARTICLE 1 -1AUXA OCCUPATIONS ET UTILISATIONS DU SOL INTERDITES",forte,"Le passage impose une isolation acoustique aux constructions nouvelles à usage d'habitation et aux extensions dans des secteurs délimités graphiquement autour des infrastructures de transport terrestre. Il ne s'agit pas d'un simple renvoi au classement sonore réglementaire classique car le texte ne mentionne pas explicitement l'arrêté préfectoral de classement sonore ; il fait référence à des secteurs propres définis dans l'annexe graphique du document d'urbanisme, ce qui constitue une règle autonome localisée nécessitant un tracé manuel de la zone concernée.",prescription,opposable en conformité,lutte_bruit_existant,validé,True,élevée,2026-08-26
71be1d2fe04f069bd2638676c5c499ec,14_67101_reglement_20260706.pdf,règlement écrit,https://www.geoportail-urbanisme.gouv.fr/api/document/71be1d2fe04f069bd2638676c5c499ec/files/67101_reglement_20260706.pdf,alinea,Article 13-1AUXA,secteurs de nuisances acoustiques délimités à l'annexe graphique de part et d'autre des infrastructures de transport terrestre,zone_specifique,"Dans les secteurs de nuisances acoustiques délimités à l'annexe graphique de part et d'autre des infrastructures de transport terrestre, les constructions nouvelles à usage d'habitation, ainsi que les extensions de bâtiments d'habitation existants admises par le présent règlement doivent en raison de leur exposition au bruit, faire l’objet d'une isolation acoustique dans les conditions prévues par les dispositions législatives et réglementaires en matière d'urbanisme, de construction et d'habitation.","Les démolitions sont soumises à l'obtention d’un permis de démolir prévue par la délibération municipale du
10 juillet 2007. Dans les secteurs de nuisances acoustiques délimités à l'annexe graphique de part et d'autre des infrastructures de transport terrestre, les constructions nouvelles à usage d'habitation, ainsi que les extensions de bâtiments d'habitation existants admises par le présent règlement doivent en raison de leur exposition au bruit, faire l’objet d'une isolation acoustique dans les conditions prévues par les dispositions législatives et réglementaires en matière d'urbanisme, de construction et d'habitation. ARTICLE 1 -1AUXL OCCUPATIONS ET UTILISATIONS DU SOL INTERDITES",forte,"Le passage impose une isolation acoustique pour les constructions nouvelles à usage d'habitation et extensions dans des secteurs de nuisances acoustiques délimités à l'annexe graphique autour des infrastructures de transport terrestre. Il s'agit ici d'une référence au classement sonore des voies (secteurs affectés par le bruit), mais contrairement à un simple rappel générique, ce passage impose explicitement une obligation d'isolation acoustique liée à des bâtiments d'habitation neufs ou existants (extensions), ce qui relève bien du périmètre diagBruit (bâtiments). La zone est délimitée par une annexe graphique spécifique, non par un contour administratif standard, d'où une portée géométrique zone_specifique.",prescription,opposable en conformité,lutte_bruit_existant,validé,True,élevée,2026-08-26
71be1d2fe04f069bd2638676c5c499ec,15_67101_reglement_20260706.pdf,règlement écrit,https://www.geoportail-urbanisme.gouv.fr/api/document/71be1d2fe04f069bd2638676c5c499ec/files/67101_reglement_20260706.pdf,alinea,Article 13-1AUXM,secteurs de nuisances acoustiques délimités à l'annexe graphique de part et d'autre des infrastructures de transport terrestre,zone_specifique,"Dans les secteurs de nuisances acoustiques délimités à l'annexe graphique de part et d'autre des infrastructures de transport terrestre, les constructions nouvelles à usage d'habitation, ainsi que les extensions de bâtiments d'habitation existants admises par le présent règlement doivent en raison de leur exposition au bruit, faire l'objet d'une isolation acoustique dans les conditions prévues par les dispositions législatives et réglementaires en matière d'urbanisme, de construction et d'habitation.","Les démolitions sont soumises à l'obtention d'un permis de démolir prévue par la délibération municipale du
10 juillet 2007. Dans les secteurs de nuisances acoustiques délimités à l'annexe graphique de part et d'autre des infrastructures de transport terrestre, les constructions nouvelles à usage d'habitation, ainsi que les extensions de bâtiments d'habitation existants admises par le présent règlement doivent en raison de leur exposition au bruit, faire l'objet d'une isolation acoustique dans les conditions prévues par les dispositions législatives et réglementaires en matière d'urbanisme, de construction et d'habitation. Commune de Dorlisheim — Révision du Plan Local d'Urbanisme page 145/198
Approbation - Règlement — Mars 2009",totale,"Le passage impose une isolation acoustique pour les constructions nouvelles à usage d'habitation et extensions dans des secteurs de nuisances acoustiques liés aux infrastructures de transport terrestre, délimités sur une annexe graphique propre au PLU. Il ne s'agit pas ici du classement sonore des voies (arrêté préfectoral) ni du PEB, mais d'un zonage spécifique du document d'urbanisme lui-même, ce qui constitue une règle autonome à part entière concernant des bâtiments d'habitation. La règle s'applique à un secteur spécifique délimité graphiquement, non à l'ensemble du territoire.",prescription,opposable en conformité,lutte_bruit_existant,validé,True,élevée,2026-08-26
71be1d2fe04f069bd2638676c5c499ec,16_67101_reglement_20260706.pdf,règlement écrit,https://www.geoportail-urbanisme.gouv.fr/api/document/71be1d2fe04f069bd2638676c5c499ec/files/67101_reglement_20260706.pdf,alinea,Article 14-2AU,secteurs de nuisances acoustiques délimités à l'annexe graphique de part et d'autre des infrastructures de transport terrestre,zone_specifique,"Dans les secteurs de nuisances acoustiques délimités à l'annexe graphique de part et d'autre des infrastructures de transport terrestre, les constructions nouvelles à usage d'habitation, ainsi que les extensions de bâtiments d'habitation existants admises par le présent règlement doivent en raison de leur exposition au bruit, faire l'objet d’une isolation acoustique dans les conditions prévues par les dispositions législatives et réglementaires en matière d'urbanisme, de construction et d'habitation.","Les démolitions sont soumises à l'obtention d'un permis de démolir prévue par la délibération municipale du
10 juillet 2007. Dans les secteurs de nuisances acoustiques délimités à l'annexe graphique de part et d'autre des infrastructures de transport terrestre, les constructions nouvelles à usage d'habitation, ainsi que les extensions de bâtiments d'habitation existants admises par le présent règlement doivent en raison de leur exposition au bruit, faire l'objet d’une isolation acoustique dans les conditions prévues par les dispositions législatives et réglementaires en matière d'urbanisme, de construction et d'habitation. ARTICLE 1 - A OCCUPATIONS ET UTILISATIONS DU SOL INTERDITES",forte,"Ce passage concerne des secteurs de nuisances acoustiques liés aux infrastructures de transport terrestre délimités par une annexe graphique spécifique au document d'urbanisme (pas explicitement le classement sonore réglementaire de l'arrêté préfectoral, bien que cela y ressemble). La règle impose une isolation acoustique pour les constructions nouvelles et extensions à usage d'habitation dans ces secteurs. Comme il n'est pas certain qu'il s'agisse strictement du classement sonore officiel déjà traité par ailleurs, et que la règle concerne bien des bâtiments d'habitation (donc dans le périmètre diagBruit), je retiens cette occurrence avec une portée géométrique zone_specifique car elle est limitée aux secteurs délimités graphiquement.",prescription,opposable en conformité,autre,validé,True,élevée,2026-08-26
b85c3157a3dc7eb3893231f3ba3aba47,1_67105_padd_20211129.pdf,PADD,https://www.geoportail-urbanisme.gouv.fr/api/document/b85c3157a3dc7eb3893231f3ba3aba47/files/67105_padd_20211129.pdf,page,page 5,,administrative,la réduction des nuisances sonores,"la préservation du sol et du sous-sol, des écosystèmes, des espaces verts, des milieux, des
sites el paysages naturels ou urbains, la réduction des nuisances sonores la sauvegarde des ensembles urbains remarquables et du patrimoine bâti,",moyenne,"Le PADD énonce un objectif général de réduction des nuisances sonores, dans une liste d'objectifs de préservation environnementale et paysagère applicables à l'ensemble du territoire couvert par le document. Il ne s'agit pas d'un simple renvoi au classement sonore ou au PEB, mais d'un objectif autonome à décliner dans le règlement. La formulation reste toutefois très générale et peu précise, d'où une confiance limitée.",recommandation,non opposable,lutte_bruit_existant,validé,True,moyenne,2026-08-26
1413f9ce036f2b048fe492e3f46becd4,1_67108_20190520_delib_debat_padd_20250624.pdf,PADD,https://www.geoportail-urbanisme.gouv.fr/api/document/1413f9ce036f2b048fe492e3f46becd4/files/67108_20190520_delib_debat_padd_20250624.pdf,page,page 2,,administrative,"Pour préserver le paysage et atténuer les nuisances visuelles et sonores pour les résidents, des espaces de transition seront à maintenir et à prévoir dans le PLU par rapport aux grands axes de circulation et aux grandes emprises industrielles","…aintiendra par une réglementation adaptée, la possibilité d’implanter dans le tissu bâti des petits commerces et services de proximité qui participent grandement à la vie sociale et économique de village ; - En matière de transport et déplacements, la commune souhaite poursuivre une politique active Pour préserver le paysage et atténuer les nuisances visuelles et sonores pour les résidents, des espaces de transition seront à maintenir et à prévoir dans le PLU par rapport aux grands axes de circulation et aux grandes emprises industrielles des espaces de transition seront à maintenir et à prévoir dans le PLU par rapport aux grands axes de circulation et aux grandes emprises industrielles ; - La commune souhaite maintenir la limite d’urbanisation au Sud de la RD 392, dans un secteur proche de l’autoroute et des terres identifiées pour…",forte,"Le PADD prévoit le maintien d'espaces de transition par rapport aux grands axes de circulation et aux grandes emprises industrielles pour atténuer les nuisances sonores pour les résidents. Il ne s'agit pas d'un simple renvoi au classement sonore ou au PEB, mais d'une orientation propre au document (espaces tampons paysagers) visant à protéger les futurs résidents des nuisances sonores, donc bien dans le périmètre diagBruit (aménagement urbain lié aux bâtiments/habitants). La portée n'étant pas limitée à une zone précise tracée, elle est considérée comme administrative.",recommandation,non opposable,autre,validé,False,,2026-08-26
1413f9ce036f2b048fe492e3f46becd4,1_67108_20230919_delib_debat_padd_20250624.pdf,PADD,https://www.geoportail-urbanisme.gouv.fr/api/document/1413f9ce036f2b048fe492e3f46becd4/files/67108_20230919_delib_debat_padd_20250624.pdf,page,page 2,,administrative,"Pour préserver le paysage et atténuer les nuisances visuelles et sonores pour les résidents, des espaces de transition seront à maintenir et à prévoir dans le PLU par rapport aux grands axes de circulation et aux grandes emprises industrielles","…séparation des flux constitue également un
enjeu fort, notamment en matière de sécurité pour les usagers. Le PLU intégrera également
des dispositions permettant le développement des liaisons douces. Un lien entre l’ancien village
et l'école sera également recherché via la future plaine des sports ; Pour préserver le paysage et atténuer les nuisances visuelles et sonores pour les résidents, des espaces de transition seront à maintenir et à prévoir dans le PLU par rapport aux grands axes de circulation et aux grandes emprises industrielles - La commune souhaite maintenir la limite d'urbanisation au Sud de la RD 392, dans un secteur
proche de l'autoroute et des terres identifiées pour la préservation du Hamster.",forte,"Le passage prescrit le maintien d'espaces de transition dans le PLU par rapport aux grands axes de circulation et emprises industrielles afin d'atténuer les nuisances sonores pour les résidents. Cela concerne l'aménagement urbain à proximité de sources de bruit (infrastructures et industries), donc relève bien du périmètre diagBruit, et non uniquement de l'infrastructure elle-même. Aucune zone réglementaire précise n'étant délimitée, la règle est considérée comme s'appliquant à l'ensemble du territoire couvert par le PLU.",recommandation,non opposable,lutte_bruit_existant,validé,True,élevée,2026-08-26
1413f9ce036f2b048fe492e3f46becd4,2_67108_20230919_delib_debat_padd_20250624.pdf,PADD,https://www.geoportail-urbanisme.gouv.fr/api/document/1413f9ce036f2b048fe492e3f46becd4/files/67108_20230919_delib_debat_padd_20250624.pdf,page,page 4,,zone_specifique,Préserver une zone calme dans le nord et l’est du village,"- Limiter la construction de route le long de la voie de chemin de fer qui viendrait concurrencer le
train Préserver une zone calme dans le nord et l’est du village - Limiter la nuisance relative aux passages d'avions au-dessus du village et interdire le passage
des gros porteurs.",forte,"Le PADD exprime une orientation visant à préserver une zone calme dans une portion précise du village (nord et est), ce qui constitue une règle autonome liée à l'ambiance sonore, distincte du classement sonore des infrastructures ou du PEB. Cette zone n'a pas de contour automatiquement disponible et devra être tracée manuellement, d'où une portée géométrique 'zone_specifique'.",recommandation,non opposable,preservation_zone_calme,validé,True,élevée,2026-08-26
1413f9ce036f2b048fe492e3f46becd4,1_67108_padd_20250624.pdf,PADD,https://www.geoportail-urbanisme.gouv.fr/api/document/1413f9ce036f2b048fe492e3f46becd4/files/67108_padd_20250624.pdf,page,page 8,,administrative,"Le développement du territoire est contraint par différents facteurs : risque d’inondation, nuisances sonores liées aux infrastructures de transports terrestres (autoroute, routes départementales, voie ferrée) et à l’aéroport de Strasbourg-Entzheim","…– AMENAGEMENT ET URBANISME Eléments de contexte : La croissance démographique à Duppigheim a été modeste ces dernières années, le temps de préparer la mise en œuvre de deux opérations d’aménagement importantes (taux de variation moyen de 0,4% par an entre 1999 et 2009 et de 0,1% par an entre 2009 et Le développement du territoire est contraint par différents facteurs : risque d’inondation, nuisances sonores liées aux infrastructures de transports terrestres (autoroute, routes départementales, voie ferrée) et à l’aéroport de Strasbourg-Entzheim de transports terrestres (autoroute, routes départementales, voie ferrée) et à l’aéroport de Strasbourg-Entzheim, terrains favorables au Grand Hamster en particulier au sud du territoire) Orientations 1) Poursuivre le regain démographique à l’horizon 2035, en cohérence avec les projets d’urbanisatio…",moyenne,"Le PADD identifie les nuisances sonores liées aux infrastructures de transports terrestres et à l'aéroport comme un facteur contraignant le développement du territoire. Ce n'est pas un simple renvoi au classement sonore ou au PEB pour l'isolement acoustique standard : il s'agit d'une orientation générale du PADD visant à orienter l'urbanisation en tenant compte de ces nuisances, ce qui dépasse la simple application de l'arrêté préfectoral. La formulation reste toutefois générale et programmatique, sans précision de zone réglementaire, d'où une confiance modérée.",recommandation,non opposable,autre,validé,False,,2026-08-26
1413f9ce036f2b048fe492e3f46becd4,2_67108_padd_20250624.pdf,PADD,https://www.geoportail-urbanisme.gouv.fr/api/document/1413f9ce036f2b048fe492e3f46becd4/files/67108_padd_20250624.pdf,page,page 8,,administrative,"Prendre en compte, dans les choix d’aménagement, les risques et nuisances impactant le territoire (notamment risque d’inondation, nuisances sonores liées aux infrastructures de transports terrestres et à l’aéroport de Strasbourg-Entzheim)","…munal à l’horizon 2035 3) Poursuivre la mise en œuvre du projet d’urbanisation du secteur Dorfgraben et favoriser son articulation avec le reste du village (structure urbaine, paysage, mobilités…) 4) Préserver les caractéristiques urbaines et architecturales des différentes entités bâties du village Prendre en compte, dans les choix d’aménagement, les risques et nuisances impactant le territoire (notamment risque d’inondation, nuisances sonores liées aux infrastructures de transports terrestres et à l’aéroport de Strasbourg-Entzheim) opérations d’aménagement à vocation résidentielle 2 – PAYSAGE Eléments de contexte : Le paysage communal est marqué par des espaces « ouverts » ponctués d’éléments visuels structurants naturels ou artificiels (notamment : linéaire de ripisylves le long des cours d’eau, quelques bosquets et alignemen…",forte,"Le PADD demande de prendre en compte, dans les choix d'aménagement, les nuisances sonores liées aux infrastructures de transports terrestres et à l'aéroport de Strasbourg-Entzheim. Il ne s'agit pas d'un simple renvoi au classement sonore ou au PEB (pas de mention d'isolement acoustique standard), mais d'une orientation générale d'aménagement qui va au-delà, invitant à orienter les choix d'urbanisation en fonction de ces nuisances. La portée est administrative car aucune zone géographique précise n'est délimitée dans le texte, hormis une référence générale au territoire communal.",recommandation,non opposable,lutte_bruit_existant,validé,False,,2026-08-26
1413f9ce036f2b048fe492e3f46becd4,1_67108_reglement_20250624.pdf,règlement écrit,https://www.geoportail-urbanisme.gouv.fr/api/document/1413f9ce036f2b048fe492e3f46becd4/files/67108_reglement_20250624.pdf,page,page 7,Périmètres de nuisances de part et d'autre des infrastructures de transport terrestre classées par arrêté préfectoral du 19 Août 2013,zone_specifique,terrestre classées par arrêté préfectoral du 19 Août 2013 dans lesquels des prescriptions d’isolement acoustique s’appliquent en vertu de la loi 92-1444 du 31 décembre 1992 relative à la lutte contre le bruit. (Cf. plans et note en annexe) 5,…ptions applicables au titre des législations spécifiques concernant les Servitudes d’Utilité Publiques (SUP) affectant l’occupation ou l’utilisation du sol. (cf plans et liste des SUP en annexe) Il est rappelé l’existence de périmètres de nuisances de part et d’autre des infrastructures de transport terrestre classées par arrêté préfectoral du 19 Août 2013 dans lesquels des prescriptions d’isolement acoustique s’appliquent en vertu de la loi 92-1444 du 31 décembre 1992 relative à la lutte contre le bruit. (Cf. plans et note en annexe) 5 Commune de Duppigheim Plan local d’urbanisme - Règlement écrit CHAPITRE 3 - DISPOSITIONS APPLICABLES A CERTAINS TRAVAUX Reconstruction d’un bâtiment détruit ou démoli depuis moins de 10 ans. Extrait de l’article L.111-15 du CU : « Lorsqu'un bâtiment régulièrement édifié vient à être détruit ou démol…,faible,"Le passage rappelle l'existence de périmètres de nuisances liés au classement sonore des infrastructures de transport terrestre (arrêté préfectoral du 19 août 2013) et l'application de prescriptions d'isolement acoustique en vertu de la loi de 1992. Il s'agit d'un simple renvoi au classement sonore déjà traité ailleurs par diagBruit, sans règle autonome distincte ou renforcée par rapport au dispositif réglementaire standard. Toutefois, comme ce cas relève strictement du rappel du classement sonore sans ajout de règle propre au PLU, il devrait normalement être classé retenu=false ; cependant si l'on considère qu'il mentionne des prescriptions d'isolement applicables dans des secteurs géographiques précis liés aux infrastructures, on le signale avec une confiance faible car il s'agit uniquement d'un rappel de la législation existante concernant les infrastructures de transport elles-mêmes, sans règle nouvelle pour les bâtiments.",prescription,opposable en conformité,lutte_bruit_existant,validé,False,,2026-08-26
1413f9ce036f2b048fe492e3f46becd4,2_67108_reglement_20250624.pdf,règlement écrit,https://www.geoportail-urbanisme.gouv.fr/api/document/1413f9ce036f2b048fe492e3f46becd4/files/67108_reglement_20250624.pdf,page,page 11,Secteurs concernés par le PEB,zone_specifique,"Les espaces concernés par le PEB doivent également respecter les dispositions règlementaires ci-dessous, extraites du PEB, annexé au présent Plan Local d’Urbanisme.","…aires aux infrastructures routières, les services publics exigeant la proximité immédiate des infrastructures routières, les bâtiments d’exploitation agricoles, les réseaux d’intérêt public, ainsi que les adaptations, changements de destination, réfections ou extensions des constructions existantes. Les espaces concernés par le PEB doivent également respecter les dispositions règlementaires ci-dessous, extraites du PEB, annexé au présent Plan Local d’Urbanisme. Commune de Duppigheim Plan local d’urbanisme - Règlement écrit CHAPITRE 6 - LEXIQUE Certains termes utilisés dans le présent règlement sont définis dans le lexique joint (en fin du document). On se reportera donc à la définition du lexique pour l’application de la règle. CHAPITRE 7 – EMPLACEMENTS RE…",moyenne,"Le passage annonce que les espaces situés dans le PEB doivent respecter des dispositions réglementaires spécifiques extraites du PEB, ce qui suggère des règles complémentaires (au-delà du simple isolement acoustique standard) applicables à ces secteurs. Toutefois, le contenu précis de ces dispositions n'est pas donné dans l'extrait fourni, ce qui limite la clarté de la règle elle-même.",prescription,opposable en conformité,autre,à vérifier (renvoi CSV-PEB potentiel),False,,2026-08-26
86e3aeb923c7874e80bd3455f01aac22,1_67115_reglement_20260303.pdf,règlement écrit,https://www.geoportail-urbanisme.gouv.fr/api/document/86e3aeb923c7874e80bd3455f01aac22/files/67115_reglement_20260303.pdf,alinea,Article 11,,administrative,La création de talus ou remblais artificiels est interdite à l’exception des éléments mis en place pour limiter les nuisances acoustiques.,"ainsi qu’à la conservation des perspectives monumentales. Les dispositions du présent article ne s’appliquent pas aux petites constructions*. Commune d’Ebersheim Règlement écrit Modification n°3 du PLU Février 2026 La création de talus ou remblais artificiels est interdite à l’exception des éléments mis en place pour limiter les nuisances acoustiques. Façades et murs Les façades de plus de 12 mètres de long intègreront des éléments de rupture sur une largeur minimale de 1 mètre (décrochement, traitement architectural,…) à raison d’au moins un élément tous les 12 mètres de façade. Antennes paraboliques Sauf impératifs techniques, celles-ci doivent…",totale,"Le passage autorise une exception à l'interdiction des talus/remblais artificiels pour les éléments destinés à limiter les nuisances acoustiques - c'est une règle autonome liée au bruit dans le cadre de constructions/aménagements, applicable à l'ensemble de la zone concernée par cet article (pas de restriction géographique spécifique mentionnée).",prescription,opposable en conformité,autre,validé,False,,2026-08-26
f4556f23f75c5cfd9c4c839810510835,1_67128_reglement_20211220.pdf,règlement écrit,https://www.geoportail-urbanisme.gouv.fr/api/document/f4556f23f75c5cfd9c4c839810510835/files/67128_reglement_20211220.pdf,alinea,Article 2,zones concernées matérialisées au plan des annexes (axes de transports terrestres bruyants),zone_specifique,"Les constructions à usage d'hébergement et d'habitation doivent en outre répondre aux exigences d'isolement acoustique par rapport aux axes de transports terrestres bruyants, conformément à la réglementation en vigueur. Les zones concernées sont matérialisées au plan des annexes","3. Les articles L. 102-13, L311-2, L313-2, L424-1, L153-11 du Code de l'Urbanisme et
L331-6 du code de l'environnement, sur le fond desquels peut être opposé un
sursis à statuer. Les constructions à usage d'hébergement et d'habitation doivent en outre répondre aux exigences d'isolement acoustique par rapport aux axes de transports terrestres bruyants, conformément à la réglementation en vigueur. Les zones concernées sont matérialisées au plan des annexes 5. Les articles L. 113-1 à L. 113-2 et R. 113-1 à R.113-2 du Code de l'Urbanisme sont
applicables aux secteurs définis sur les plans par la trame «espace boisé classé à
conserver ou à créer ».",moyenne,"Le passage fait référence à l'isolement acoustique par rapport aux axes de transports terrestres bruyants, ce qui correspond au classement sonore des voies, normalement traité ailleurs par diagBruit via un simple renvoi. Cependant, il n'est pas certain que ce soit un renvoi à l'arrêté préfectoral de classement sonore : le texte évoque une réglementation en vigueur et des zones matérialisées au plan des annexes, propres à ce document d'urbanisme, sans indiquer explicitement qu'il s'agit uniquement du rappel de l'isolement standard prévu par l'arrêté de classement sonore. Par prudence, on le retient comme règle autonome, mais avec une confiance modérée car la formulation est ambiguë entre simple renvoi et règle propre au document. La portée est une zone spécifique définie au plan des annexes, non l'ensemble du territoire.",prescription,opposable en conformité,lutte_bruit_existant,validé,True,élevée,2026-08-26
0fa5521e8d6c848b26e31a13cae992c1,1_67129_reglement_20200626.pdf,règlement écrit,https://www.geoportail-urbanisme.gouv.fr/api/document/0fa5521e8d6c848b26e31a13cae992c1/files/67129_reglement_20200626.pdf,alinea,Article 4,Bande de 300 m le long de la Ligne à Grande Vitesse,zone_specifique,Le risque de nuisances sonores dans une bande de 300 m le long de la Ligne à Grande Vitesse.,"…rmettent de réduire considérablement les dommages en cas de séisme. Il est recommandé de retenir des formes architecturales, des matériaux et des mises en œuvre de matériaux adaptés à ce contexte sismique. 4. Le territoire communal est concerné par un risque lié au transport des matières dangereuses Le risque de nuisances sonores dans une bande de 300 m le long de la Ligne à Grande Vitesse. Vitesse.",faible,"Le point 5 constitue un simple renvoi (pas de risque nécessitant isolement acoustique) donc non retenu en soi. En revanche, le point 7 mentionne un risque de nuisances sonores dans une bande de 300 m le long de la LGV, ce qui pourrait constituer une zone à prendre en compte pour les projets de construction à proximité - il ne s'agit pas ici du classement sonore des infrastructures terrestres classique mais d'une mention spécifique liée à une LGV. Le passage est cependant tronqué et ne précise pas la nature exacte de la prescription (isolement, interdiction de construire, etc.), d'où une confiance limitée.",recommandation,opposable en conformité,lutte_bruit_existant,validé,False,,2026-08-26
a3b81f92d7de7491d24efd66e6384ba9,1_67168_orientations_amenagement_20250113.pdf,OAP,https://www.geoportail-urbanisme.gouv.fr/api/document/a3b81f92d7de7491d24efd66e6384ba9/files/67168_orientations_amenagement_20250113.pdf,page,page 7,,zone_specifique,"Limiter l'exposition au bruit généré par le trafic routier pour les quartiers résidentiels par le dispositif urbain adopté le long de la I voie (espace tampon, constructions à usage d'activité formant écran, plantations….)","…eposant sur les conditions d'aménagement suivantes :  Constituer un front urbain pouvant tirer avantage de son exposition à la voie ;  Exprimer une volumétrie claire dans l'implantation, la hauteur et I le caractère des constructions ;  Réserver une zone verte le long de la RD 1420 affectée à des Limiter l'exposition au bruit généré par le trafic routier pour les quartiers résidentiels par le dispositif urbain adopté le long de la I voie (espace tampon, constructions à usage d'activité formant écran, plantations….) cohérente au tissu urbain existant, en prolongeant la voirie et les infrastructures en place. Dans ces conditions, en exploitant de façon rationnelle un ensemble de terrains, occupant un espace interstitiel au sein de l'enveloppe urbaine, ce projet urbain s'inscrit dans le droit fil des objectifs du…",forte,"Le passage prescrit de limiter l'exposition au bruit du trafic routier pour les quartiers résidentiels par un dispositif urbain (espace tampon, constructions écran, plantations) le long de la voie RD 1420. Il s'agit d'une règle autonome d'aménagement urbain visant à protéger les futurs bâtiments résidentiels du bruit routier, distincte du classement sonore, et propre à ce secteur d'OAP.",recommandation,opposable en compatibilité,lutte_bruit_existant,validé,False,,2026-08-26
327fe4caaec3e723896a4fa2d9e1af80,1_67186_padd_20210107.pdf,PADD,https://www.geoportail-urbanisme.gouv.fr/api/document/327fe4caaec3e723896a4fa2d9e1af80/files/67186_padd_20210107.pdf,page,page 13,Secteur le long de la RD 27,zone_specifique,MENAGER LES ZONES SENSIBLES AU BRUIT : LE LONG DE LA RD 27 > Prévenir l’exposition aux nuisances sonores le long de la RD 27 par l'entretien des îlots de ralentissement et en rappelant les obligations en matière d’isolation acoustique dans le règlement.,…ite présentant de nombreux atouts naturels et paysagers. Le développement urbain projeté s'inscrit pleinement dans la volonté de préserver et de valoriser l'identité de la commune. 2.1. Prendre en compte les risques naturels et les nuisances • PROTEGER LES BIENS ET LES PERSONNES DES RISQUES NATURELS MENAGER LES ZONES SENSIBLES AU BRUIT : LE LONG DE LA RD 27 > Prévenir l’exposition aux nuisances sonores le long de la RD 27 par l'entretien des îlots de ralentissement et en rappelant les obligations en matière d’isolation acoustique dans le règlement. > Prévenir l’exposition aux nuisances sonores le long de la RD 27 par l'entretien des îlots de ralentissement et en rappelant les obligations en matière d’isolation acoustique dans le règlement. • PREVENIR LA POLLUTION DE LA NAPPE PHREATIQUE > Encourager les pratiques agricoles limitant les intrants…,forte,"Le PADD identifie explicitement un secteur sensible au bruit le long de la RD 27 et prévoit des mesures : entretien des îlots de ralentissement (mesure d'aménagement urbain limitant la vitesse et donc le bruit) et rappel des obligations d'isolation acoustique dans le règlement. Ce n'est pas un simple renvoi au classement sonore existant : il s'agit d'une orientation propre au PADD visant à ménager une zone sensible identifiée, avec une portée géométrique limitée à ce secteur (zone_specifique). La partie sur les îlots de ralentissement concerne l'infrastructure elle-même, mais celle sur l'isolation acoustique dans le règlement concerne bien les bâtiments, ce qui justifie une confiance plus que faible.",recommandation,non opposable,lutte_bruit_existant,validé,False,,2026-08-26
327fe4caaec3e723896a4fa2d9e1af80,2_67186_padd_20210107.pdf,PADD,https://www.geoportail-urbanisme.gouv.fr/api/document/327fe4caaec3e723896a4fa2d9e1af80/files/67186_padd_20210107.pdf,page,page 13,Secteur le long de la RD 27,zone_specifique,Prévenir l’exposition aux nuisances sonores le long de la RD 27 par l'entretien des îlots de ralentissement et en rappelant les obligations en matière d’isolation acoustique dans le règlement.,"…risques et en privilégiant les constructions dans les secteurs qui en sont exempts. > Tenir compte du risque modéré lié au phénomène de retrait et gonflement des sols argileux. > Informer la population des risques présents sur la commune. • MENAGER LES ZONES SENSIBLES AU BRUIT : LE LONG DE LA RD 27 Prévenir l’exposition aux nuisances sonores le long de la RD 27 par l'entretien des îlots de ralentissement et en rappelant les obligations en matière d’isolation acoustique dans le règlement. agricoles ouverts • PRESERVER ET RENFORCER LA CEINTURE ARBOREE AUTOUR DU VILLAGE > Lorsque la ceinture arborée est menacée par l'urbanisation, elle sera reconstituée. PLAN LOCAL D’URBANISME DE HEGENEY • PROJET D’AMÉNAGEMENT ET DE DÉVELOPPEMENT DURABLES 11",forte,"Le PADD identifie une zone sensible au bruit le long de la RD 27 et prévoit une recommandation autonome (entretien d'îlots de ralentissement, rappel des obligations d'isolation acoustique dans le règlement), distincte du simple classement sonore. Cette règle concerne les constructions à proximité de la voie, donc relève du périmètre diagBruit. La portée est limitée géographiquement au secteur riverain de la RD 27, ce qui n'a pas de contour automatiquement disponible.",recommandation,non opposable,lutte_bruit_existant,validé,False,,2026-08-26
327fe4caaec3e723896a4fa2d9e1af80,1_67186_reglement_20210107.pdf,règlement écrit,https://www.geoportail-urbanisme.gouv.fr/api/document/327fe4caaec3e723896a4fa2d9e1af80/files/67186_reglement_20210107.pdf,alinea,Article 2,zones matérialisées au plan des annexes (secteurs affectés par le bruit des axes de transports terrestres),zone_specifique,"Les constructions à usage d’hébergement et d’habitation doivent en outre répondre aux exigences d’isolement acoustique par rapport aux axes de transports terrestres bruyants, conformément à la réglementation en vigueur. Les zones concernées sont matérialisées au plan des annexes.","…sur le territoire communal : 1. Les articles d’ordre public du Code de l’urbanisme : • R 111-2 : salubrité et sécurité publique ; • R 111-4 : conservation et mise en valeur d’un site ou vestige archéologique ; 2. Les articles L. 131-4 à L131-7 du Code de l’Urbanisme, imposant la compatibilité ou la Les constructions à usage d’hébergement et d’habitation doivent en outre répondre aux exigences d’isolement acoustique par rapport aux axes de transports terrestres bruyants, conformément à la réglementation en vigueur. Les zones concernées sont matérialisées au plan des annexes. matérialisées au plan des annexes. 5. Les articles L. 153-54 et L 421-6 du Code de l’Urbanisme concernant les opérations déclarées d’utilité publique. 6. L’article L. 600-2 du Code de l’Urbanisme relatif aux règles applicables en cas d’annulation d’une décision de refus de permis de construire. II.…",forte,"Le passage impose une exigence d'isolement acoustique aux constructions d'habitation et d'hébergement dans des zones spécifiques matérialisées au plan des annexes, correspondant vraisemblablement au classement sonore des voies. Le texte se borne à rappeler l'obligation réglementaire standard d'isolement 'conformément à la réglementation en vigueur', ce qui pourrait relever du simple renvoi. Toutefois, l'énonciation explicite de cette obligation dans le règlement, avec renvoi à un plan d'annexe propre au document d'urbanisme, en fait une règle identifiable et retenue, avec une portée géométrique limitée à des zones spécifiques (non l'ensemble du territoire communal).",prescription,opposable en conformité,lutte_bruit_existant,validé,False,,2026-08-26
5edf63b8118051e81a650e2a279541fd,1_67188_padd_20251217.pdf,PADD,https://www.geoportail-urbanisme.gouv.fr/api/document/5edf63b8118051e81a650e2a279541fd/files/67188_padd_20251217.pdf,page,page 14,,administrative,"le paysage, le cadre de vie, le calme et la sérénité des lieux constituent des objectifs et des leviers majeurs du devenir communal","…de vie et de bien-être chez soi Le paysage et le patrimoine représentent à la fois des valeurs sociétales majeures et des leviers importants de vitalité et d’attractivité des territoires. La préservation, la valorisation et, dans certains cas, la reconquête de ce paysage s’imposent comme un objectif le paysage, le cadre de vie, le calme et la sérénité des lieux constituent des objectifs et des leviers majeurs du devenir communal PATRIMOINE BÂTI ➡ Préserver et valoriser le patrimoine architectural existant ➡ Veiller à ce que les constructions futures participent au patrimoine de demain en respectant les tonalités de l’ambiance paysagère existante 15 HEILIGENBERG",moyenne,"Le passage mentionne le calme et la sérénité des lieux comme objectifs majeurs du PADD pour la commune, ce qui relève de la préservation d'une ambiance sonore/zone de calme. La formulation reste toutefois générale et programmatique, sans prescription opérationnelle précise, d'où une confiance modérée.",recommandation,non opposable,preservation_zone_calme,validé,False,,2026-08-26
5edf63b8118051e81a650e2a279541fd,2_67188_padd_20251217.pdf,PADD,https://www.geoportail-urbanisme.gouv.fr/api/document/5edf63b8118051e81a650e2a279541fd/files/67188_padd_20251217.pdf,page,page 25,,administrative,"Concernant les nuissances, notamment acoustique, le PADD prévoit que soient prises des mesures préventives et d’atténuation.","…es choix de développement et d’urbanisation La protection des populations doit être une priorité des politiques publiques. Le Plan Local d’Urbanisme doit prendre l’ensemble des risques recensés en compte et être l’occasion de renforcer l’information et la sensibilisation des habitants à ces risques. Concernant les nuissances, notamment acoustique, le PADD prévoit que soient prises des mesures préventives et d’atténuation. PP RR AA GG MM AA -- SS CC FF 38 rue de la Chambre 67360 GOERSDORF tel : 03 69 81 26 49 info@pragma-scf.com www.pragma-scf.com",moyenne,"Le PADD prévoit de manière générale des mesures préventives et d'atténuation contre les nuisances acoustiques sur l'ensemble de la commune de Heiligenberg. Il s'agit d'une orientation générale du PADD, peu précise (pas de mesures concrètes détaillées), mais qui constitue bien une règle autonome distincte du classement sonore ou du PEB.",recommandation,non opposable,lutte_bruit_existant,validé,False,,2026-08-26
5edf63b8118051e81a650e2a279541fd,1_67188_reglement_20251217.pdf,règlement écrit,https://www.geoportail-urbanisme.gouv.fr/api/document/5edf63b8118051e81a650e2a279541fd/files/67188_reglement_20251217.pdf,page,page 16,,administrative,"en résulte une augmentation situation existante au moment de peuvent déborder de 70 cm au maximum du •aux activités des secteurs significative des nuisances l’approbation du PLU. plan du mur de la construction considérée. (notamment sonores et olfactives) secondaire ou tertiaire (industrie, entrepôt, bureau) ; pour le voisinage, ainsi que des risques accrus pour la salubrité et la • Les constructions liées à la • La distance minimale d’implantation des","…EUR toute nature - qu’ils comportent ou collectif et services publics. sol maximale supplémentaire de 50 limite (Schlupf) peut se substituer à la limite Ue non des installations classées - s’il •commerces et activités de service mètres carrés relativement à la séparative. Dans ce cas, les gouttières en résulte une augmentation situation existante au moment de peuvent déborder de 70 cm au maximum du •aux activités des secteurs significative des nuisances l’approbation du PLU. plan du mur de la construction considérée. (notamment sonores et olfactives) secondaire ou tertiaire (industrie, entrepôt, bureau) ; pour le voisinage, ainsi que des risques accrus pour la salubrité et la • Les constructions liées à la • La distance minimale d’implantation des sécurité publique. • La création ou l’extension de restauration, à l'hébergement hôtelier constructions par rapport aux limites SECTEUR constructions destinées : et touristique dans la limite d’une SECTEURS séparatives est fixée à H/2 (hauteur de la emprise au sol maximale SECTEURS construction en t…",moyenne,"Le passage mentionne une interdiction (ou restriction) des créations/extensions de constructions générant une augmentation significative des nuisances sonores et olfactives pour le voisinage, ce qui constitue une règle autonome liée au bruit dans le cadre de l'urbanisation, indépendante du classement sonore ou du PEB. Le texte est cependant fragmenté et coupé, ce qui limite la clarté de l'extrait.",prescription,opposable en conformité,lutte_bruit_existant,validé,False,,2026-08-26
5edf63b8118051e81a650e2a279541fd,2_67188_reglement_20251217.pdf,règlement écrit,https://www.geoportail-urbanisme.gouv.fr/api/document/5edf63b8118051e81a650e2a279541fd/files/67188_reglement_20251217.pdf,page,page 17,,administrative,"en résulte une augmentation situation existante au moment de peuvent déborder de 70 cm au maximum du •aux activités des secteurs significative des nuisances l’approbation du PLU. plan du mur de la construction considérée. (notamment sonores et olfactives) secondaire ou tertiaire (industrie, entrepôt, bureau) ; pour le voisinage, ainsi que des risques accrus pour la salubrité et la • Les constructions liées à la • La distance minimale d’implantation des","…EUR toute nature - qu’ils comportent ou collectif et services publics. sol maximale supplémentaire de 50 limite (Schlupf) peut se substituer à la limite Ue non des installations classées - s’il •commerces et activités de service mètres carrés relativement à la séparative. Dans ce cas, les gouttières en résulte une augmentation situation existante au moment de peuvent déborder de 70 cm au maximum du •aux activités des secteurs significative des nuisances l’approbation du PLU. plan du mur de la construction considérée. (notamment sonores et olfactives) secondaire ou tertiaire (industrie, entrepôt, bureau) ; pour le voisinage, ainsi que des risques accrus pour la salubrité et la • Les constructions liées à la • La distance minimale d’implantation des sécurité publique. • La création ou l’extension de restauration, à l'hébergement hôtelier constructions par rapport aux limites SECTEUR constructions destinées : et touristique dans la limite d’une SECTEURS séparatives est fixée à H/2 (hauteur de la emprise au sol maximale SECTEURS construction en t…",moyenne,"Le passage mentionne l'interdiction des créations/extensions de constructions entraînant une augmentation significative des nuisances (notamment sonores) pour le voisinage, ce qui constitue une règle liée au bruit applicable aux constructions. Le texte est cependant fragmenté et coupé par le découpage automatique, rendant l'extrait peu net.",prescription,opposable en conformité,lutte_bruit_existant,validé,False,,2026-08-26
5edf63b8118051e81a650e2a279541fd,3_67188_reglement_20251217.pdf,règlement écrit,https://www.geoportail-urbanisme.gouv.fr/api/document/5edf63b8118051e81a650e2a279541fd/files/67188_reglement_20251217.pdf,page,page 18,,administrative,"en résulte une augmentation situation existante au moment de peuvent déborder de 70 cm au maximum du •aux activités des secteurs significative des nuisances l’approbation du PLU. plan du mur de la construction considérée. (notamment sonores et olfactives) secondaire ou tertiaire (industrie, entrepôt, bureau) ; pour le voisinage, ainsi que des risques accrus pour la salubrité et la • Les constructions liées à la • La distance minimale d’implantation des","…EUR toute nature - qu’ils comportent ou collectif et services publics. sol maximale supplémentaire de 50 limite (Schlupf) peut se substituer à la limite Ue non des installations classées - s’il •commerces et activités de service mètres carrés relativement à la séparative. Dans ce cas, les gouttières en résulte une augmentation situation existante au moment de peuvent déborder de 70 cm au maximum du •aux activités des secteurs significative des nuisances l’approbation du PLU. plan du mur de la construction considérée. (notamment sonores et olfactives) secondaire ou tertiaire (industrie, entrepôt, bureau) ; pour le voisinage, ainsi que des risques accrus pour la salubrité et la • Les constructions liées à la • La distance minimale d’implantation des sécurité publique. • La création ou l’extension de restauration, à l'hébergement hôtelier constructions par rapport aux limites SECTEUR constructions destinées : et touristique dans la limite d’une SECTEURS séparatives est fixée à H/2 (hauteur de la emprise au sol maximale SECTEURS construction en t…",faible,"Le passage mentionne que sont interdites les constructions/installations pouvant entraîner une augmentation significative des nuisances (notamment sonores) pour le voisinage. Il s'agit d'une règle autonome relative aux nuisances sonores générées par les activités/constructions vis-à-vis du voisinage, distincte du classement sonore ou du PEB, et concernant bien des bâtiments/usages (activités, entrepôts, bureaux), donc dans le périmètre diagBruit. Le texte est cependant fragmenté et coupé par l'extraction automatique, ce qui limite la clarté de la citation.",prescription,opposable en conformité,lutte_bruit_existant,validé,False,,2026-08-26
5edf63b8118051e81a650e2a279541fd,4_67188_reglement_20251217.pdf,règlement écrit,https://www.geoportail-urbanisme.gouv.fr/api/document/5edf63b8118051e81a650e2a279541fd/files/67188_reglement_20251217.pdf,page,page 19,,administrative,"en résulte une augmentation situation existante au moment de peuvent déborder de 70 cm au maximum du •aux activités des secteurs significative des nuisances l’approbation du PLU. plan du mur de la construction considérée. (notamment sonores et olfactives) secondaire ou tertiaire (industrie, entrepôt, bureau) ; pour le voisinage, ainsi que des risques accrus pour la salubrité et la • Les constructions liées à la • La distance minimale d’implantation des","…EUR toute nature - qu’ils comportent ou collectif et services publics. sol maximale supplémentaire de 50 limite (Schlupf) peut se substituer à la limite Ue non des installations classées - s’il •commerces et activités de service mètres carrés relativement à la séparative. Dans ce cas, les gouttières en résulte une augmentation situation existante au moment de peuvent déborder de 70 cm au maximum du •aux activités des secteurs significative des nuisances l’approbation du PLU. plan du mur de la construction considérée. (notamment sonores et olfactives) secondaire ou tertiaire (industrie, entrepôt, bureau) ; pour le voisinage, ainsi que des risques accrus pour la salubrité et la • Les constructions liées à la • La distance minimale d’implantation des sécurité publique. • La création ou l’extension de restauration, à l'hébergement hôtelier constructions par rapport aux limites SECTEUR constructions destinées : et touristique dans la limite d’une SECTEURS séparatives est fixée à H/2 (hauteur de la emprise au sol maximale SECTEURS construction en t…",moyenne,"Le passage évoque une limitation de l'augmentation des activités entraînant une augmentation significative des nuisances sonores et olfactives pour le voisinage, ce qui constitue une règle autonome liée au bruit dans le cadre d'activités/constructions, distincte du classement sonore ou du PEB. Le texte est cependant fragmenté et coupé (extraction automatique), rendant l'extrait peu net.",prescription,opposable en conformité,lutte_bruit_existant,validé,False,,2026-08-26
5edf63b8118051e81a650e2a279541fd,5_67188_reglement_20251217.pdf,règlement écrit,https://www.geoportail-urbanisme.gouv.fr/api/document/5edf63b8118051e81a650e2a279541fd/files/67188_reglement_20251217.pdf,page,page 20,,administrative,"- 15 mètres dans la bande située entre 50 et 100 les espaces extérieurs devra privilégier les tons clairs caractérisés par un albédo* élevé. mètres de la D1420 ; EMERGENCES • Les éléments techniques extérieurs liés ou non au bâtiment (centrales de traitement d’air, unités extérieures de pompes à chaleur, unités de climatisation, pompe de traitements des eaux de piscine, - 20 mètres dans la bande située à plus de 100 mètres ACOUSTIQUES","…sés en saillies des toitures à condition que leur volumétrie s’insère - 5 mètres dans la bande située à moins de 50 mètres CLIMATIQUE harmonieusement dans le cadre bâti environnant. de la D1420 ; • Dans le cadre de la lutte contre le phénomène d’îlots de chaleur, l’emploi de revêtements de sols pour - 15 mètres dans la bande située entre 50 et 100 les espaces extérieurs devra privilégier les tons clairs caractérisés par un albédo* élevé. mètres de la D1420 ; EMERGENCES • Les éléments techniques extérieurs liés ou non au bâtiment (centrales de traitement d’air, unités extérieures de pompes à chaleur, unités de climatisation, pompe de traitements des eaux de piscine, - 20 mètres dans la bande située à plus de 100 mètres ACOUSTIQUES éoliennes de jardin, etc) devront être traités de manière à limiter l’émergence acoustique. de la D1420. Ensemble • En cas de dépassement de la hauteur maximale définie de la zone - pour chacun des secteurs par une construction existante, ARCHITECTURE ET PAYSAGE la hauteur des extensions de cette de…",totale,"Le passage prescrit que les éléments techniques extérieurs (climatisation, pompes à chaleur, etc.) liés aux bâtiments doivent être traités pour limiter l'émergence acoustique. Cette règle concerne directement les constructions et leurs équipements, pas uniquement une infrastructure de transport, et s'inscrit donc pleinement dans le périmètre diagBruit. Elle semble s'appliquer de façon générale sans zone précise indiquée dans l'extrait.",recommandation,opposable en conformité,autre,validé,False,,2026-08-26
5edf63b8118051e81a650e2a279541fd,6_67188_reglement_20251217.pdf,règlement écrit,https://www.geoportail-urbanisme.gouv.fr/api/document/5edf63b8118051e81a650e2a279541fd/files/67188_reglement_20251217.pdf,page,page 20,U5,zone_specifique,"éoliennes de jardin, etc) devront être traités de manière à limiter l’émergence acoustique. de la D1420. Ensemble • En cas de dépassement de la hauteur maximale définie de la zone - pour chacun des secteurs par une construction existante, ARCHITECTURE ET PAYSAGE la hauteur des extensions de cette dernière pourra être U5 U inférieure ou égale à celle de la construction agrandie. INTÉGRATION ARCHITECTURALE ET PAYSAGÈRE DES PROJETS","…é. mètres de la D1420 ; EMERGENCES • Les éléments techniques extérieurs liés ou non au bâtiment (centrales de traitement d’air, unités extérieures de pompes à chaleur, unités de climatisation, pompe de traitements des eaux de piscine, - 20 mètres dans la bande située à plus de 100 mètres ACOUSTIQUES éoliennes de jardin, etc) devront être traités de manière à limiter l’émergence acoustique. de la D1420. Ensemble • En cas de dépassement de la hauteur maximale définie de la zone - pour chacun des secteurs par une construction existante, ARCHITECTURE ET PAYSAGE la hauteur des extensions de cette dernière pourra être U5 U inférieure ou égale à celle de la construction agrandie. INTÉGRATION ARCHITECTURALE ET PAYSAGÈRE DES PROJETS • Les constructions existantes du site Ue de la papeterie sont protégées au titre de l’article L151.19 du code de l’urbanisme. A ce titre, il est prescrit que : • tous les travaux effectués sur un bâtiment ou ensemble de bâtiments repérés doivent être conçus pour contribuer à la préservation de leur…",forte,"Le passage prescrit que les éléments techniques extérieurs (climatisation, pompes à chaleur, etc.) liés aux bâtiments doivent être traités pour limiter leur émergence acoustique, ce qui est une règle autonome concernant les bâtiments et non une infrastructure de transport. Elle s'applique dans une zone spécifique (U5/U) évoquée dans le contexte.",prescription,opposable en conformité,autre,validé,False,,2026-08-26
5edf63b8118051e81a650e2a279541fd,7_67188_reglement_20251217.pdf,règlement écrit,https://www.geoportail-urbanisme.gouv.fr/api/document/5edf63b8118051e81a650e2a279541fd/files/67188_reglement_20251217.pdf,page,page 21,,administrative,"- 15 mètres dans la bande située entre 50 et 100 les espaces extérieurs devra privilégier les tons clairs caractérisés par un albédo* élevé. mètres de la D1420 ; EMERGENCES • Les éléments techniques extérieurs liés ou non au bâtiment (centrales de traitement d’air, unités extérieures de pompes à chaleur, unités de climatisation, pompe de traitements des eaux de piscine, - 20 mètres dans la bande située à plus de 100 mètres ACOUSTIQUES","…sés en saillies des toitures à condition que leur volumétrie s’insère - 5 mètres dans la bande située à moins de 50 mètres CLIMATIQUE harmonieusement dans le cadre bâti environnant. de la D1420 ; • Dans le cadre de la lutte contre le phénomène d’îlots de chaleur, l’emploi de revêtements de sols pour - 15 mètres dans la bande située entre 50 et 100 les espaces extérieurs devra privilégier les tons clairs caractérisés par un albédo* élevé. mètres de la D1420 ; EMERGENCES • Les éléments techniques extérieurs liés ou non au bâtiment (centrales de traitement d’air, unités extérieures de pompes à chaleur, unités de climatisation, pompe de traitements des eaux de piscine, - 20 mètres dans la bande située à plus de 100 mètres ACOUSTIQUES éoliennes de jardin, etc) devront être traités de manière à limiter l’émergence acoustique. de la D1420. Ensemble • En cas de dépassement de la hauteur maximale définie de la zone - pour chacun des secteurs par une construction existante, ARCHITECTURE ET PAYSAGE la hauteur des extensions de cette de…",totale,"Le passage prescrit que les éléments techniques extérieurs (climatisation, pompes à chaleur, etc.) liés aux bâtiments doivent être traités pour limiter l'émergence acoustique. Cette règle concerne directement les bâtiments et leurs équipements, pas seulement une infrastructure de transport, et s'applique à l'ensemble du document faute de précision géographique spécifique.",recommandation,opposable en conformité,autre,validé,False,,2026-08-26
5edf63b8118051e81a650e2a279541fd,8_67188_reglement_20251217.pdf,règlement écrit,https://www.geoportail-urbanisme.gouv.fr/api/document/5edf63b8118051e81a650e2a279541fd/files/67188_reglement_20251217.pdf,page,page 21,U5,zone_specifique,"éoliennes de jardin, etc) devront être traités de manière à limiter l’émergence acoustique. de la D1420. Ensemble • En cas de dépassement de la hauteur maximale définie de la zone - pour chacun des secteurs par une construction existante, ARCHITECTURE ET PAYSAGE la hauteur des extensions de cette dernière pourra être U5 U inférieure ou égale à celle de la construction agrandie. INTÉGRATION ARCHITECTURALE ET PAYSAGÈRE DES PROJETS","…é. mètres de la D1420 ; EMERGENCES • Les éléments techniques extérieurs liés ou non au bâtiment (centrales de traitement d’air, unités extérieures de pompes à chaleur, unités de climatisation, pompe de traitements des eaux de piscine, - 20 mètres dans la bande située à plus de 100 mètres ACOUSTIQUES éoliennes de jardin, etc) devront être traités de manière à limiter l’émergence acoustique. de la D1420. Ensemble • En cas de dépassement de la hauteur maximale définie de la zone - pour chacun des secteurs par une construction existante, ARCHITECTURE ET PAYSAGE la hauteur des extensions de cette dernière pourra être U5 U inférieure ou égale à celle de la construction agrandie. INTÉGRATION ARCHITECTURALE ET PAYSAGÈRE DES PROJETS • Les constructions existantes du site Ue de la papeterie sont protégées au titre de l’article L151.19 du code de l’urbanisme. A ce titre, il est prescrit que : • tous les travaux effectués sur un bâtiment ou ensemble de bâtiments repérés doivent être conçus pour contribuer à la préservation de leur…",totale,"Le passage prescrit un traitement des équipements techniques extérieurs (climatisations, pompes à chaleur, etc.) pour limiter les émergences acoustiques, dans le cadre du règlement de la zone U5. C'est une règle autonome concernant les bâtiments (équipements techniques liés aux constructions), donc bien dans le périmètre diagBruit, avec une portée limitée à la zone U5.",prescription,opposable en conformité,lutte_bruit_existant,validé,False,,2026-08-26
5edf63b8118051e81a650e2a279541fd,9_67188_reglement_20251217.pdf,règlement écrit,https://www.geoportail-urbanisme.gouv.fr/api/document/5edf63b8118051e81a650e2a279541fd/files/67188_reglement_20251217.pdf,page,page 22,,administrative,"- 15 mètres dans la bande située entre 50 et 100 les espaces extérieurs devra privilégier les tons clairs caractérisés par un albédo* élevé. mètres de la D1420 ; EMERGENCES • Les éléments techniques extérieurs liés ou non au bâtiment (centrales de traitement d’air, unités extérieures de pompes à chaleur, unités de climatisation, pompe de traitements des eaux de piscine, - 20 mètres dans la bande située à plus de 100 mètres ACOUSTIQUES","…sés en saillies des toitures à condition que leur volumétrie s’insère - 5 mètres dans la bande située à moins de 50 mètres CLIMATIQUE harmonieusement dans le cadre bâti environnant. de la D1420 ; • Dans le cadre de la lutte contre le phénomène d’îlots de chaleur, l’emploi de revêtements de sols pour - 15 mètres dans la bande située entre 50 et 100 les espaces extérieurs devra privilégier les tons clairs caractérisés par un albédo* élevé. mètres de la D1420 ; EMERGENCES • Les éléments techniques extérieurs liés ou non au bâtiment (centrales de traitement d’air, unités extérieures de pompes à chaleur, unités de climatisation, pompe de traitements des eaux de piscine, - 20 mètres dans la bande située à plus de 100 mètres ACOUSTIQUES éoliennes de jardin, etc) devront être traités de manière à limiter l’émergence acoustique. de la D1420. Ensemble • En cas de dépassement de la hauteur maximale définie de la zone - pour chacun des secteurs par une construction existante, ARCHITECTURE ET PAYSAGE la hauteur des extensions de cette de…",totale,"Le passage prescrit un traitement des éléments techniques extérieurs (climatiseurs, pompes à chaleur, etc.) liés aux bâtiments afin de limiter les émergences acoustiques. Cela concerne directement les constructions de bâtiments, donc relève du périmètre diagBruit. Aucune zone réglementaire spécifique n'est mentionnée pour cette règle, elle semble s'appliquer de façon générale dans le règlement.",recommandation,opposable en conformité,autre,validé,False,,2026-08-26
5edf63b8118051e81a650e2a279541fd,10_67188_reglement_20251217.pdf,règlement écrit,https://www.geoportail-urbanisme.gouv.fr/api/document/5edf63b8118051e81a650e2a279541fd/files/67188_reglement_20251217.pdf,page,page 22,U5,zone_specifique,"éoliennes de jardin, etc) devront être traités de manière à limiter l’émergence acoustique. de la D1420. Ensemble • En cas de dépassement de la hauteur maximale définie de la zone - pour chacun des secteurs par une construction existante, ARCHITECTURE ET PAYSAGE la hauteur des extensions de cette dernière pourra être U5 U inférieure ou égale à celle de la construction agrandie. INTÉGRATION ARCHITECTURALE ET PAYSAGÈRE DES PROJETS","…é. mètres de la D1420 ; EMERGENCES • Les éléments techniques extérieurs liés ou non au bâtiment (centrales de traitement d’air, unités extérieures de pompes à chaleur, unités de climatisation, pompe de traitements des eaux de piscine, - 20 mètres dans la bande située à plus de 100 mètres ACOUSTIQUES éoliennes de jardin, etc) devront être traités de manière à limiter l’émergence acoustique. de la D1420. Ensemble • En cas de dépassement de la hauteur maximale définie de la zone - pour chacun des secteurs par une construction existante, ARCHITECTURE ET PAYSAGE la hauteur des extensions de cette dernière pourra être U5 U inférieure ou égale à celle de la construction agrandie. INTÉGRATION ARCHITECTURALE ET PAYSAGÈRE DES PROJETS • Les constructions existantes du site Ue de la papeterie sont protégées au titre de l’article L151.19 du code de l’urbanisme. A ce titre, il est prescrit que : • tous les travaux effectués sur un bâtiment ou ensemble de bâtiments repérés doivent être conçus pour contribuer à la préservation de leur…",forte,"Le passage prescrit un traitement des équipements techniques extérieurs (climatisation, pompes à chaleur, etc.) liés aux bâtiments afin de limiter l'émergence acoustique, dans le secteur U5. Il s'agit d'une règle autonome liée au bruit, applicable aux constructions, dans le périmètre de diagBruit.",prescription,opposable en conformité,lutte_bruit_existant,validé,False,,2026-08-26
5edf63b8118051e81a650e2a279541fd,11_67188_reglement_20251217.pdf,règlement écrit,https://www.geoportail-urbanisme.gouv.fr/api/document/5edf63b8118051e81a650e2a279541fd/files/67188_reglement_20251217.pdf,page,page 23,U5,zone_specifique,"- 20 mètres dans la bande située à plus de 100 mètres ACOUSTIQUES éoliennes de jardin, etc) devront être traités de manière à limiter l’émergence acoustique. de la D1420. Ensemble • En cas de dépassement de la hauteur maximale définie de la zone - pour chacun des secteurs par une construction existante, ARCHITECTURE ET PAYSAGE la hauteur des extensions de cette dernière pourra être U5 U inférieure ou égale à celle de la construction agrandie. INTÉGRATION ARCHITECTURALE ET PAYSAGÈRE DES PROJETS","…caractérisés par un albédo* élevé. mètres de la D1420 ; artEiMcERlGEeNC ESu 5• Les éléments techniques extérieaurs rliésc ou hnoni atu beâticmentt (ucenrtralees d ee tratite mpenat d’yair,s unaitésg e extérieures de pompes à chaleur, unités de climatisation, pompe de traitements des eaux de piscine, - 20 mètres dans la bande située à plus de 100 mètres ACOUSTIQUES éoliennes de jardin, etc) devront être traités de manière à limiter l’émergence acoustique. de la D1420. Ensemble • En cas de dépassement de la hauteur maximale définie de la zone - pour chacun des secteurs par une construction existante, ARCHITECTURE ET PAYSAGE la hauteur des extensions de cette dernière pourra être U5 U inférieure ou égale à celle de la construction agrandie. INTÉGRATION ARCHITECTURALE ET PAYSAGÈRE DES PROJETS • Les constructions existantes du site Ue de la papeterie sont protégées au titre de l’article L151.19 du code de l’urbanisme. A ce titre, il est prescrit que : • tous les travaux effectués sur un bâtiment ou ensemble de bâtiments repérés doivent être conçus pour contribuer à la préservation de leur…",forte,"Le passage prescrit que les éléments techniques extérieurs liés ou non au bâtiment (unités de climatisation, pompes à chaleur, pompes de traitement des eaux de piscine, éoliennes de jardin, etc.) doivent être traités de manière à limiter l'émergence acoustique, dans le cadre des règles d'architecture et paysage du secteur U5. Il s'agit d'une règle autonome liée au bruit généré par des équipements techniques de bâtiments, dans le périmètre diagBruit. La portée est limitée à une zone réglementaire spécifique (U5).",prescription,opposable en conformité,autre,validé,False,,2026-08-26
5edf63b8118051e81a650e2a279541fd,12_67188_reglement_20251217.pdf,règlement écrit,https://www.geoportail-urbanisme.gouv.fr/api/document/5edf63b8118051e81a650e2a279541fd/files/67188_reglement_20251217.pdf,alinea,Article au1,1AUh,zone_specifique,"significative des nuisances constructions dédiées aux activités (notamment sonores et olfactives) • aux équipements d'intérêt soient inférieures à 100 mètres carrés. collectif et services publics. pour le voisinage, ainsi que des risques accrus pour la salubrité et la • Dans le cas d’un projet architectural commun à deux unités foncières limitrophes, la construction sur la limite commune sécurité publique. est autorisée.","…nagements • L’artisanat et les activités de SECTEUR toute nature - qu’ils comportent ou destinés : commerces et de services sous non des installations classées - s’il • à l’habitat (logement, réserve que l’emprise au sol des 1AUh en résulte une augmentation hébergement) ; constructions ou parties de significative des nuisances constructions dédiées aux activités (notamment sonores et olfactives) • aux équipements d'intérêt soient inférieures à 100 mètres carrés. collectif et services publics. pour le voisinage, ainsi que des risques accrus pour la salubrité et la • Dans le cas d’un projet architectural commun à deux unités foncières limitrophes, la construction sur la limite commune sécurité publique. est autorisée. • En dérogation des alinéas présentés ci-dessus, des constructions peuvent être édifiées à moins de 3 mètres des limites séparatives de voisinage selon les modalités présentées ci-contre. SECTEUR 1AUh 26 Plan local d’Urbanisme - règlement VOIR LA NOTE DE PRÉSENTATION ET D’ILLUSTRATION DES TYPES DE S…",moyenne,"Le passage encadre l'implantation d'activités artisanales, commerciales et de services dans le secteur 1AUh en réservant leur autorisation à la condition qu'elles n'entraînent pas d'augmentation significative des nuisances, notamment sonores, pour le voisinage. Il s'agit d'une règle autonome liée au bruit concernant des activités et non uniquement une infrastructure de transport, applicable à une zone spécifique (secteur 1AUh).",prescription,opposable en conformité,autre,validé,False,,2026-08-26
5edf63b8118051e81a650e2a279541fd,13_67188_reglement_20251217.pdf,règlement écrit,https://www.geoportail-urbanisme.gouv.fr/api/document/5edf63b8118051e81a650e2a279541fd/files/67188_reglement_20251217.pdf,alinea,Article au2,1AUh,zone_specifique,"significative des nuisances constructions dédiées aux activités (notamment sonores et olfactives) • aux équipements d'intérêt soient inférieures à 100 mètres carrés. collectif et services publics. pour le voisinage, ainsi que des risques accrus pour la salubrité et la • Dans le cas d’un projet architectural commun à deux unités foncières limitrophes, la construction sur la limite commune sécurité publique. est autorisée.","…nagements • L’artisanat et les activités de SECTEUR toute nature - qu’ils comportent ou destinés : commerces et de services sous non des installations classées - s’il • à l’habitat (logement, réserve que l’emprise au sol des 1AUh en résulte une augmentation hébergement) ; constructions ou parties de significative des nuisances constructions dédiées aux activités (notamment sonores et olfactives) • aux équipements d'intérêt soient inférieures à 100 mètres carrés. collectif et services publics. pour le voisinage, ainsi que des risques accrus pour la salubrité et la • Dans le cas d’un projet architectural commun à deux unités foncières limitrophes, la construction sur la limite commune sécurité publique. est autorisée. • En dérogation des alinéas présentés ci-dessus, des constructions peuvent être édifiées à moins de 3 mètres des limites séparatives de voisinage selon les modalités présentées ci-contre. SECTEUR 1AUh 27 HEILIGENBERG VOIR LA NOTE DE PRÉSENTATION ET D’ILLUSTRATION DES TYPES DE SURFACES EN PAGE ANNEXE…",moyenne,"Le passage encadre l'implantation d'activités artisanales, commerciales et de services dans le secteur 1AUh en subordonnant leur autorisation à l'absence d'augmentation significative des nuisances (notamment sonores) pour le voisinage. C'est une règle autonome de limitation des nuisances sonores liées aux activités admises dans une zone urbanisée, distincte du classement sonore des infrastructures ou du PEB, et concernant directement l'urbanisation et les bâtiments (mixité fonctionnelle).",prescription,opposable en conformité,autre,validé,False,,2026-08-26
5edf63b8118051e81a650e2a279541fd,14_67188_reglement_20251217.pdf,règlement écrit,https://www.geoportail-urbanisme.gouv.fr/api/document/5edf63b8118051e81a650e2a279541fd/files/67188_reglement_20251217.pdf,alinea,Article au3,,administrative,"ACOUSTIQUES construction de plus de 1 niveau (rez-de-chaussée), la Commerces et activités places de stationnement. piscine, etc.) devront être traités de manière à limiter l’émergence acoustique. surface projetée au sol du niveau supérieur ne peut de services Vélos : CONCEPTION • Les constructions, par leur situation, leur architecture, leur dimension ou leur aspect extérieur ne d in é fé p r a ie s u s r e . r 70% de celle du niveau qui lui est directement • I d l e s e 5 r 0 a m ré è a t l r i…","…hniques extérieurs liés au bâtiment (centrales de traitement d’air, unités sont autorisées. Cependant, dans le cas d’une • Au-delà d’une surface de plancher de 50 mètres carrés, il sera réalisé un minimum de 2 extérieures de pompes à chaleur, unités de climatisation, pompe de traitements des eaux de ACOUSTIQUES construction de plus de 1 niveau (rez-de-chaussée), la Commerces et activités places de stationnement. piscine, etc.) devront être traités de manière à limiter l’émergence acoustique. surface projetée au sol du niveau supérieur ne peut de services Vélos : CONCEPTION • Les constructions, par leur situation, leur architecture, leur dimension ou leur aspect extérieur ne d in é fé p r a ie s u s r e . r 70% de celle du niveau qui lui est directement • I d l e s e 5 r 0 a m ré è a t l r i… une surface d’au moins 1,25 mètre carré. DES PROJETS • Les constructions devront s’inscrire dans une cohérence d'ambiance, de tonalité et de matérialité. • Coté rue et au droit des zone A et N, les clôtures doivent : Equipements d’intérêt • Être d’une hauteur inférieure à 1,8 mètre au droit des rues…",forte,"Le passage contient une prescription générale de conception imposant de traiter les équipements techniques extérieurs liés au bâtiment (pompes à chaleur, climatiseurs, etc.) de manière à limiter l'émergence acoustique. Cette règle concerne directement la conception des bâtiments et s'applique de façon générale, sans limitation à une zone réglementaire spécifique.",prescription,opposable en conformité,autre,validé,False,,2026-08-26
5edf63b8118051e81a650e2a279541fd,15_67188_reglement_20251217.pdf,règlement écrit,https://www.geoportail-urbanisme.gouv.fr/api/document/5edf63b8118051e81a650e2a279541fd/files/67188_reglement_20251217.pdf,alinea,Article au4,,administrative,"ACOUSTIQUES construction de plus de 1 niveau (rez-de-chaussée), la Commerces et activités places de stationnement. piscine, etc.) devront être traités de manière à limiter l’émergence acoustique. surface projetée au sol du niveau supérieur ne peut de services Vélos : CONCEPTION • Les constructions, par leur situation, leur architecture, leur dimension ou leur aspect extérieur ne d in é fé p r a ie s u s r e . r 70% de celle du niveau qui lui est directement • I d l e s e 5 r 0 a m ré è a t l r i…","…hniques extérieurs liés au bâtiment (centrales de traitement d’air, unités sont autorisées. Cependant, dans le cas d’une • Au-delà d’une surface de plancher de 50 mètres carrés, il sera réalisé un minimum de 2 extérieures de pompes à chaleur, unités de climatisation, pompe de traitements des eaux de ACOUSTIQUES construction de plus de 1 niveau (rez-de-chaussée), la Commerces et activités places de stationnement. piscine, etc.) devront être traités de manière à limiter l’émergence acoustique. surface projetée au sol du niveau supérieur ne peut de services Vélos : CONCEPTION • Les constructions, par leur situation, leur architecture, leur dimension ou leur aspect extérieur ne d in é fé p r a ie s u s r e . r 70% de celle du niveau qui lui est directement • I d l e s e 5 r 0 a m ré è a t l r i… une surface d’au moins 1,25 mètre carré. DES PROJETS • Les constructions devront s’inscrire dans une cohérence d'ambiance, de tonalité et de matérialité. • Coté rue et au droit des zone A et N, les clôtures doivent : Equipements d’intérêt • Être d’une hauteur inférieure à 1,8 mètre au droit des rues…",forte,"Le passage contient une prescription visant à limiter les nuisances sonores générées par les équipements techniques extérieurs des bâtiments (climatisation, pompes à chaleur, traitement des eaux/piscine), ce qui relève bien du périmètre diagBruit (bruit lié aux bâtiments). Aucune zone géographique spécifique n'est mentionnée, la règle semble s'appliquer à l'ensemble des constructions du document.",prescription,opposable en conformité,lutte_bruit_existant,validé,False,,2026-08-26
5edf63b8118051e81a650e2a279541fd,16_67188_reglement_20251217.pdf,règlement écrit,https://www.geoportail-urbanisme.gouv.fr/api/document/5edf63b8118051e81a650e2a279541fd/files/67188_reglement_20251217.pdf,alinea,Article au5,,administrative,devront être traités de manière à limiter l’émergence acoustique,"…hniques extérieurs liés au bâtiment (centrales de traitement d’air, unités sont autorisées. Cependant, dans le cas d’une • Au-delà d’une surface de plancher de 50 mètres carrés, il sera réalisé un minimum de 2 extérieures de pompes à chaleur, unités de climatisation, pompe de traitements des eaux de devront être traités de manière à limiter l’émergence acoustique une surface d’au moins 1,25 mètre carré. DES PROJETS • Les constructions devront s’inscrire dans une cohérence d'ambiance, de tonalité et de matérialité. • Coté rue et au droit des zone A et N, les clôtures doivent : Equipements d’intérêt • Être d’une hauteur inférieure à 1,8 mètre au droit des rues…",moyenne,"Le passage contient une prescription générale imposant que les dispositifs techniques extérieurs liés au bâtiment (pompes à chaleur, climatisation, traitement des eaux/piscine) soient traités de manière à limiter l'émergence acoustique. Cette règle concerne directement la conception des bâtiments (périmètre diagBruit) et non une infrastructure de transport, donc la confiance n'est pas limitée pour ce motif. Aucune zone spécifique n'étant mentionnée, la règle s'applique à l'ensemble du règlement.",prescription,opposable en conformité,autre,validé,False,,2026-08-26
5edf63b8118051e81a650e2a279541fd,17_67188_reglement_20251217.pdf,règlement écrit,https://www.geoportail-urbanisme.gouv.fr/api/document/5edf63b8118051e81a650e2a279541fd/files/67188_reglement_20251217.pdf,alinea,Article au6,,administrative,"PLT CBS INTÉGRATION ARCHITECTURALE ET PAYSAGÈRE DES PROJETS L’ADAPTATION CLIMATIQUE compactes, très isolées, mettant en oeuvre des systèmes énergétiques efficaces et utilisant les énergies renouvelables. DISPOSITION Coefficient de Coefficient de COEFFICIENT DE BIOTOPE PAR SURFACE (CBS) SEC A T b EUR • L en es tr e a b 1 r 0 is ° e d t e 4 p 5 â ° t . u res doivent avoir une pente comprise • La hauteur maximale des abris de pâtures est de 4 mètres. Ensemble de la ZONE A • • I L l e d s e a vr ir…","…andée pour la construction des DISPOSITIFS FAVORISANT LES ARCHITECTURE ET PAYSAGE bâtiments neufs : des constructions bien orientées - bénéficiant d’apports A3 TOITURES HAUTEURS A4 STATIONNEMENT A5 ÉCONOMIES D’ÉNERGIE ET solaires gratuits en hiver et protégées du rayonnement solaire direct en été -, PLT CBS INTÉGRATION ARCHITECTURALE ET PAYSAGÈRE DES PROJETS L’ADAPTATION CLIMATIQUE compactes, très isolées, mettant en oeuvre des systèmes énergétiques efficaces et utilisant les énergies renouvelables. DISPOSITION Coefficient de Coefficient de COEFFICIENT DE BIOTOPE PAR SURFACE (CBS) SEC A T b EUR • L en es tr e a b 1 r 0 is ° e d t e 4 p 5 â ° t . u res doivent avoir une pente comprise • La hauteur maximale des abris de pâtures est de 4 mètres. Ensemble de la ZONE A • • I L l e d s e a vr ir… GÉNÉRALE perméables. CONCEPTION GÉNÉRALE traitement des façades des bâtiments agricoles privilégiera le bois et leurs traitements des eaux de piscine, etc) devront être traités de manière à limiter surface en pleine biotope par ET SURFACE DE PLEINE TERRE (PLT) abords, ainsi que ceux des aires de sto…",faible,"Le passage évoque des 'émergences acoustiques' et une limite technique d'émission sonore extérieure liée aux équipements techniques des bâtiments (climatisation, pompe à chaleur, etc.), ce qui constitue une règle autonome concernant les constructions, distincte du classement sonore ou du PEB. Toutefois le texte est très fragmenté (erreurs d'extraction OCR mélangeant lettres et mots), ce qui rend la formulation peu claire et incomplète.",recommandation,opposable en conformité,lutte_bruit_existant,validé,False,,2026-08-26
5edf63b8118051e81a650e2a279541fd,18_67188_reglement_20251217.pdf,règlement écrit,https://www.geoportail-urbanisme.gouv.fr/api/document/5edf63b8118051e81a650e2a279541fd/files/67188_reglement_20251217.pdf,alinea,Article au6,zone agricole,administrative,"GÉNÉRALE perméables. CONCEPTION GÉNÉRALE traitement des façades des bâtiments agricoles privilégiera le bois et leurs traitements des eaux de piscine, etc) devront être traités de manière à limiter surface en pleine biotope par ET SURFACE DE PLEINE TERRE (PLT) abords, ainsi que ceux des aires de stockage, devront présenter un caractère l’émergence acoustique. • Les toitures des bâtiments d’exploitation et des abris de • La hauteur en tout point du faitage des bâtiments DES PROJETS soigné et entr…","…t , l l d e e e u s r EMERGENCES ACOUSTIQUES • L d e ’a s i r é , l u é n m it e é n s t e s x t t e é c r h ie n u iq re u s e d s e e x p t o é m rie p u e r s s à li é c s h a a u le u b r â , t u im ni e té n s t ( d c e e n c t l r im al a e t s i s d a e ti o tr n a , i t p e o m m e p nt e de GÉNÉRALE perméables. CONCEPTION GÉNÉRALE traitement des façades des bâtiments agricoles privilégiera le bois et leurs traitements des eaux de piscine, etc) devront être traités de manière à limiter surface en pleine biotope par ET SURFACE DE PLEINE TERRE (PLT) abords, ainsi que ceux des aires de stockage, devront présenter un caractère l’émergence acoustique. • Les toitures des bâtiments d’exploitation et des abris de • La hauteur en tout point du faitage des bâtiments DES PROJETS soigné et entr… pâtures doivent avoir une pente comprise entre 10° et 45°. d’exploitation est limitée à 12 mètres par rapport à la terre surface • Les constructions agricoles seront accompagnées d’un projet de plantation projection verticale de ce point sur le terrain naturel. • Les toitures des constructions d’hab…",forte,"Le passage prescrit que les équipements techniques extérieurs proches de l'habitation (climatisation, traitement des eaux de piscine, etc.) soient traités pour limiter l'émergence acoustique. Cette règle concerne directement les bâtiments et leurs abords, donc relève bien du périmètre diagBruit, avec une confiance forte car la formulation est assez claire malgré un texte source désordonné.",recommandation,opposable en conformité,autre,validé,False,,2026-08-26
5edf63b8118051e81a650e2a279541fd,19_67188_reglement_20251217.pdf,règlement écrit,https://www.geoportail-urbanisme.gouv.fr/api/document/5edf63b8118051e81a650e2a279541fd/files/67188_reglement_20251217.pdf,alinea,Article au6,Ue,administrative,"et utilisant les énergies renouvelables. • en secteur Ue pour une extension inférieure ou égale à 150 m² d’emprise • Les éléments techniques extérieurs liés au bâtiment (centrales de traitement EMERGENCES ACOUSTIQUES d’air, unités extérieures de pompes à chaleur, unités de climatisation, pompe de au sol*. Cette possibilité n’est applicable qu’une seule fois à compter de traitements des eaux de piscine, etc) devront être traités de manière à limiter","…io g n é s e s b i d e u n r o a r y ie o n n t n é e e m s - e n b t é s n o é l fi a c ir i e a n d t i r d e ’ c a t p e p n o r é t t s é -, Ue compter de la date d’approbation du présent PLU. L’ADAPTATION CLIMATIQUE compactes, très isolées, mettant en oeuvre des systèmes énergétiques efficaces et utilisant les énergies renouvelables. • en secteur Ue pour une extension inférieure ou égale à 150 m² d’emprise • Les éléments techniques extérieurs liés au bâtiment (centrales de traitement EMERGENCES ACOUSTIQUES d’air, unités extérieures de pompes à chaleur, unités de climatisation, pompe de au sol*. Cette possibilité n’est applicable qu’une seule fois à compter de traitements des eaux de piscine, etc) devront être traités de manière à limiter l’émergence acoustique. la date d’approbation du présent PLU. • La réalisation d’infrastructures ou d’ouvrages publics de types réseaux n’est pas soumise aux coefficient de surface pleine terre (PLT) et au coefficient de biotope par surface (CBS). Calcul du Coefficient de Biotope par Surface (CBS) S…",forte,"Le passage impose que les équipements techniques extérieurs liés au bâtiment (centrales de traitement d'air, unités extérieures de pompes à chaleur, climatisation, etc.) soient traités de manière à limiter l'émergence acoustique. Cette règle concerne bien les bâtiments (périmètre diagBruit) et n'est pas un simple renvoi au classement sonore ou au PEB, mais une prescription autonome du document d'urbanisme visant à limiter les nuisances sonores générées par les équipements techniques. Elle ne semble pas limitée à une zone précise dans le texte visible (le secteur Ue est mentionné pour un autre sujet, l'extension de bâtiment), donc portée administrative par défaut.",prescription,opposable en conformité,autre,validé,False,,2026-08-26
5edf63b8118051e81a650e2a279541fd,20_67188_reglement_20251217.pdf,règlement écrit,https://www.geoportail-urbanisme.gouv.fr/api/document/5edf63b8118051e81a650e2a279541fd/files/67188_reglement_20251217.pdf,alinea,Article au6,,administrative,"l’émergence acoustique. la date d’approbation du présent PLU. • La réalisation d’infrastructures ou d’ouvrages publics de types réseaux n’est pas soumise aux coefficient de surface pleine terre (PLT) et au coefficient de biotope par surface (CBS). Calcul du Coefficient de Biotope par Surface (CBS) Surface éco-aménagée CBS = Surface de la parcelle Coefficient d’éco-aménagement par type de surface 7 Espaces verts en pleine terre 1 Arbres de hautes-tiges 0,5","…liés au bâtiment (centrales de traitement EMERGENCES ACOUSTIQUES d’air, unités extérieures de pompes à chaleur, unités de climatisation, pompe de au sol*. Cette possibilité n’est applicable qu’une seule fois à compter de traitements des eaux de piscine, etc) devront être traités de manière à limiter l’émergence acoustique. la date d’approbation du présent PLU. • La réalisation d’infrastructures ou d’ouvrages publics de types réseaux n’est pas soumise aux coefficient de surface pleine terre (PLT) et au coefficient de biotope par surface (CBS). Calcul du Coefficient de Biotope par Surface (CBS) Surface éco-aménagée CBS = Surface de la parcelle Coefficient d’éco-aménagement par type de surface 7 Espaces verts en pleine terre 1 Arbres de hautes-tiges 0,5 Toitures ou terrasses Surfaces semi-ouvertes 0,5 0,2 végétalisées Surfaces imperméabilisées 0 Murs végétal 0,2 extérieures Surfaces imperméabilisées 0 8 bâties Surface éco-aménagée = Coefficient d’éco-aménagement X Surface par type Calcul du Coefficient de Surface en Pleine Terre (PLT) Espaces verts…",moyenne,"Le passage prescrit que les équipements techniques liés au bâtiment (climatisation, pompes à chaleur, traitement d'eau de piscine, etc.) soient traités pour limiter l'émergence acoustique. Cette règle concerne bien les bâtiments et leur environnement immédiat, donc elle relève pleinement du périmètre diagBruit (pas de confiance faible à appliquer ici, contrairement à la mention voisine sur les infrastructures de réseaux qui elle ne concerne que les ouvrages publics et n'est pas retenue séparément).",prescription,opposable en conformité,lutte_bruit_existant,validé,False,,2026-08-26
5edf63b8118051e81a650e2a279541fd,21_67188_reglement_20251217.pdf,règlement écrit,https://www.geoportail-urbanisme.gouv.fr/api/document/5edf63b8118051e81a650e2a279541fd/files/67188_reglement_20251217.pdf,alinea,Article au6,,administrative,"Les éléments techniques extérieurs liés au bâtiment (centrales de traitement EMERGENCES ACOUSTIQUES d’air, unités extérieures de pompes à chaleur, unités de climatisation, pompe de traitements des eaux de piscine, etc) devront être traités de manière à limiter l’émergence acoustique.","…TIFS FAVORISANT LES bâtiments neufs : des constructions bien orientées - bénéficiant d’apports ÉCONOMIES D’ÉNERGIE ET solaires gratuits en hiver et protégées du rayonnement solaire direct en été -, L’ADAPTATION CLIMATIQUE compactes, très isolées, mettant en oeuvre des systèmes énergétiques efficaces Les éléments techniques extérieurs liés au bâtiment (centrales de traitement EMERGENCES ACOUSTIQUES d’air, unités extérieures de pompes à chaleur, unités de climatisation, pompe de traitements des eaux de piscine, etc) devront être traités de manière à limiter l’émergence acoustique. article a6 et paysager Des espaces A6 TRAITEMENT ENVIRONNEMENTAL ET PAYSAGER DES ESPACES • Les constructions et aménagements veilleront à limiter leur impact sur l’imperméabilisation des sols et à favoriser la circulation de la biodiversité. • Dans les sites identifiés au plan de zonage au titre de…",forte,"Le passage impose que les équipements techniques extérieurs des bâtiments (climatisation, pompes à chaleur, etc.) soient traités pour limiter l'émergence acoustique, ce qui est une règle autonome concernant directement les bâtiments, relevant du périmètre diagBruit. Aucune zone spécifique n'est mentionnée, donc portée administrative par défaut.",prescription,opposable en conformité,autre,validé,False,,2026-08-26
36ec473498c3ae5a14b4c61db4f79394,1_67200_padd_20260216.pdf,PADD,https://www.geoportail-urbanisme.gouv.fr/api/document/36ec473498c3ae5a14b4c61db4f79394/files/67200_padd_20260216.pdf,page,page 12,,administrative,"zones à risques et à fortes nuisances Les risques et nuisances ont été recensés : - inondations de la Scheer, - périmètres de bruits le long de la RN 83 et de la voie ferrée, - périmètres de protection autour des installations classées (une installation d’élevage est classée sur la commune). Dans ces zones, les possibilités de constructions sont strictement réglementées. Les zones d’extensions urbaines sont situées en dehors de","…en compte la vocation d’agrément d’aménagement numérique. des prairies à l’est de la Petite-Ill et laisse la possibilité de réaliser de petits aménagements tels des aires de jeux pour enfants. La zone des équipements sportifs existants est confortée. 2.5 Développer les nouveaux projets en-dehors des zones à risques et à fortes nuisances Les risques et nuisances ont été recensés : - inondations de la Scheer, - périmètres de bruits le long de la RN 83 et de la voie ferrée, - périmètres de protection autour des installations classées (une installation d’élevage est classée sur la commune). Dans ces zones, les possibilités de constructions sont strictement réglementées. Les zones d’extensions urbaines sont situées en dehors de ces zones à risques ou à forte nuisance. 2.6 Développer les communications numériques Dans la mesure du possible et du raisonnable, la commune cherchera à améliorer le développement de l’accès aux technologies numériques de qualité, Commune de Hipsheim - Révision du PLU - Projet d'Aménagement et de…",forte,"Le PADD identifie les périmètres de bruit le long de la RN 83 et de la voie ferrée comme des zones à nuisances où les possibilités de construction sont strictement réglementées, et prévoit que les zones d'extension urbaine soient situées en dehors de ces zones. Il ne s'agit pas d'un simple renvoi au classement sonore standard mais d'une orientation d'urbanisme visant à éviter le développement urbain dans ces secteurs bruyants, ce qui dépasse la simple isolation acoustique réglementaire. La règle s'applique à l'échelle communale sans zone réglementaire précise délimitée dans le texte.",recommandation,non opposable,lutte_bruit_existant,validé,False,,2026-08-26
c9722795c3e231844b4aae1adcb3327d,1_67205_reglement_20250623.pdf,règlement écrit,https://www.geoportail-urbanisme.gouv.fr/api/document/c9722795c3e231844b4aae1adcb3327d/files/67205_reglement_20250623.pdf,alinea,Article 2,secteurs de nuisances acoustiques de part et d'autre de la RD 37 (100 m type III et 30 m type IV),zone_specifique,"Dans les secteurs de nuisances acoustiques de part et d’autre de la RD 37 (voie de type III - 100 mètres et de type IV - 30 mètres), les nouvelles constructions principales à usage d’habitation feront l’objet de mesures d’isolation acoustique dans les conditions prévues par les dispositions réglementaires en vigueur en matière d’urbanisme, de construction et d’habitation.","…aériennes (pylônes téléphoniques...) et les ouvrages techniques liés à ces équipements, ainsi que la modification ou le renouvellement des lignes électriques existantes sous réserve d’emprunter les chemins et voies existants ou à créer, sous réserve de ne pas compromettre l’aménagement ultérieur de Dans les secteurs de nuisances acoustiques de part et d’autre de la RD 37 (voie de type III - 100 mètres et de type IV - 30 mètres), les nouvelles constructions principales à usage d’habitation feront l’objet de mesures d’isolation acoustique dans les conditions prévues par les dispositions réglementaires en vigueur en matière d’urbanisme, de construction et d’habitation. par les dispositions réglementaires en vigueur en matière d’urbanisme, de construction et d’habitation. SECTION II - CONDITIONS D’OCCUPATION DU SOL",forte,"Le passage impose des mesures d'isolation acoustique pour les nouvelles constructions d'habitation dans des secteurs définis autour de la RD 37, en fonction de types de voies (III et IV) qui semblent correspondre à un classement sonore. Il ne s'agit pas d'un simple renvoi passif : le document identifie explicitement un secteur géographique (bandes de 100m et 30m) et impose une règle de construction (isolation acoustique) qui concerne bien les bâtiments, dans le périmètre diagBruit. C'est donc une règle autonome liée à l'urbanisation à proximité d'une infrastructure bruyante, avec une portée géométrique spécifique à ces bandes le long de la RD 37.",prescription,opposable en conformité,autre,validé,False,,2026-08-26
c9722795c3e231844b4aae1adcb3327d,2_67205_reglement_20250623.pdf,règlement écrit,https://www.geoportail-urbanisme.gouv.fr/api/document/c9722795c3e231844b4aae1adcb3327d/files/67205_reglement_20250623.pdf,alinea,Article 2,"Secteurs de nuisances acoustiques de part et d'autre de la RD 37 (100m type III, 30m type IV)",zone_specifique,"Dans les secteurs de nuisances acoustiques de part et d’autre de la RD 37 (voie de type III - 100 mètres et de type IV - 30 mètres), les nouvelles constructions principales à usage d’habitation feront l’objet de mesures d’isolation acoustique dans les conditions prévues par les dispositions réglementaires en vigueur en matière d’urbanisme, de construction et d’habitation.","…aériennes (pylônes téléphoniques...) et les ouvrages techniques liés à ces équipements, ainsi que la modification ou le renouvellement des lignes électriques existantes sous réserve d’emprunter les chemins et voies existants ou à créer, sous réserve de ne pas compromettre l’aménagement ultérieur de Dans les secteurs de nuisances acoustiques de part et d’autre de la RD 37 (voie de type III - 100 mètres et de type IV - 30 mètres), les nouvelles constructions principales à usage d’habitation feront l’objet de mesures d’isolation acoustique dans les conditions prévues par les dispositions réglementaires en vigueur en matière d’urbanisme, de construction et d’habitation. par les dispositions réglementaires en vigueur en matière d’urbanisme, de construction et d’habitation. SECTION II - CONDITIONS D’OCCUPATION DU SOL",forte,"Le passage impose des mesures d'isolation acoustique aux nouvelles constructions à usage d'habitation dans des secteurs définis par la distance à la RD 37, en référence au classement sonore des voies (types III et IV). Il ne s'agit pas d'un simple renvoi générique sans contenu propre, mais d'une prescription qui cible spécifiquement les constructions d'habitation à l'intérieur de bandes précises - ce qui est cohérent avec le classement sonore mais reformulé comme règle du document d'urbanisme lui-même, avec des largeurs de bande explicites (100m et 30m), ce qui apporte une précision géométrique propre au document. La règle concerne bien des bâtiments (constructions à usage d'habitation), donc elle relève du périmètre diagBruit et n'est pas limitée aux infrastructures de transport.",prescription,opposable en conformité,autre,validé,False,,2026-08-26
c9722795c3e231844b4aae1adcb3327d,3_67205_reglement_20250623.pdf,règlement écrit,https://www.geoportail-urbanisme.gouv.fr/api/document/c9722795c3e231844b4aae1adcb3327d/files/67205_reglement_20250623.pdf,alinea,Article 2,secteurs de nuisances acoustiques de part et d'autre de l'autoroute A35 et de la RD 37,zone_specifique,"Dans les secteurs de nuisances acoustiques de part et d’autre de l’autoroute A 35 (voie de type III - 100 mètres) et de la RD 37, les nouvelles constructions principales à usage d’habitation feront l’objet de mesures d’isolation acoustique dans les conditions prévues par les dispositions réglementaires en vigueur en matière d’urbanisme, de construction et d’habitation.","…ônes téléphoniques...) et les ouvrages techniques liés à ces équipements sous réserve d’emprunter les chemins et voies existants ou à créer et à condition d’être liés à des aménagements ultérieurs ainsi que la modification ou le renouvellement des lignes de transport d’énergie électriques existantes Dans les secteurs de nuisances acoustiques de part et d’autre de l’autoroute A 35 (voie de type III - 100 mètres) et de la RD 37, les nouvelles constructions principales à usage d’habitation feront l’objet de mesures d’isolation acoustique dans les conditions prévues par les dispositions réglementaires en vigueur en matière d’urbanisme, de construction et d’habitation. d’habitation. 4.7. L’aménagement et l’adaptation des infrastructures routières existantes. SECTION II - CONDITIONS D’OCCUPATION DU SOL",forte,"Le passage définit un secteur de nuisances acoustiques propre (bande de 100 m le long de l'A35, et zone le long de la RD37) qui n'est pas explicitement le classement sonore réglementaire des voies (même si cela y ressemble fortement), et impose une isolation acoustique aux constructions d'habitation nouvelles dans ce secteur. Comme il n'est pas certain qu'il s'agisse exactement du même secteur que celui déjà couvert par le classement sonore national, et que l'isolation prescrite ne semble pas dépasser les normes standards, on retient la règle par prudence mais elle pourrait recouper un simple rappel du classement sonore existant.",prescription,opposable en conformité,lutte_bruit_existant,validé,False,,2026-08-26
c9722795c3e231844b4aae1adcb3327d,4_67205_reglement_20250623.pdf,règlement écrit,https://www.geoportail-urbanisme.gouv.fr/api/document/c9722795c3e231844b4aae1adcb3327d/files/67205_reglement_20250623.pdf,alinea,Article 2,,zone_specifique,"Dans les secteurs de nuisances acoustiques de part et d’autre de la RD 37 (voie de type IV - 30 mètres), les nouvelles constructions principales à usage d’habitation feront l’objet de mesures d’isolation acoustique dans les conditions prévues par les dispositions réglementaires en vigueur en matière d’urbanisme, de construction et d’habitation.","…ements sous réserve d’emprunter Les chemins et voies existants ou à créer et à condition d’être liés à des aménagements ultérieurs ainsi que la modification ou le renouvellement des lignes de transport d’énergie électriques existantes sous réserve de ne pas compromettre l’aménagement ultérieur de la Dans les secteurs de nuisances acoustiques de part et d’autre de la RD 37 (voie de type IV - 30 mètres), les nouvelles constructions principales à usage d’habitation feront l’objet de mesures d’isolation acoustique dans les conditions prévues par les dispositions réglementaires en vigueur en matière d’urbanisme, de construction et d’habitation. 36 SECTION II - CONDITIONS D’OCCUPATION DU SOL",totale,"Le passage définit une règle autonome d'isolation acoustique pour les nouvelles constructions à usage d'habitation dans un secteur de nuisances acoustiques lié à la RD 37, qui n'est pas une infrastructure classée au sens du classement sonore officiel mentionné explicitement (aucune référence à un arrêté préfectoral de classement sonore) mais une zone de nuisance propre définie par le PLU. Il s'agit donc d'une règle spécifique à ce document, localisée de part et d'autre de cette voie, nécessitant un tracé manuel.",prescription,opposable en conformité,autre,validé,False,,2026-08-26
c9722795c3e231844b4aae1adcb3327d,5_67205_reglement_20250623.pdf,règlement écrit,https://www.geoportail-urbanisme.gouv.fr/api/document/c9722795c3e231844b4aae1adcb3327d/files/67205_reglement_20250623.pdf,alinea,Article 2,Secteurs de nuisances acoustiques de part et d'autre de la RD 37 (voie de type III - 100 mètres),zone_specifique,"Dans les secteurs de nuisances acoustiques de part et d’autre de la RD 37 (voie de type III - 100 mètres), les nouvelles constructions principales à usage d’habitation feront l’objet de mesures d’isolation acoustique dans les conditions prévues par les dispositions réglementaires en vigueur en matière d’urbanisme, de construction et d’habitation.","…t de l’ensemble de la zone. 8. Les canalisations, travaux et installations linéaires souterraines (câbles, lignes, gazoducs, oléoducs, canalisations d’eau et d’assainissement) et aériennes (pylônes téléphoniques...) et leurs ouvrages techniques liés à ces équipements, ainsi que la modification ou le Dans les secteurs de nuisances acoustiques de part et d’autre de la RD 37 (voie de type III - 100 mètres), les nouvelles constructions principales à usage d’habitation feront l’objet de mesures d’isolation acoustique dans les conditions prévues par les dispositions réglementaires en vigueur en matière d’urbanisme, de construction et d’habitation. mesures d’isolation acoustique dans les conditions prévues par les dispositions réglementaires en vigueur en matière d’urbanisme, de construction et d’habitation. 10. Nonobstant les dispositions précitées, sont autorisés les travaux d’amélioration de bâtiments existants. SECTION II - CONDITIONS D’OC…",forte,"Le passage impose une mesure d'isolation acoustique pour les nouvelles constructions d'habitation dans une bande de 100 mètres de part et d'autre de la RD 37, définie comme voie de type III. Bien que cela évoque le classement sonore des infrastructures de transport terrestre, le renvoi est fait aux 'dispositions réglementaires en vigueur' sans que l'on puisse confirmer qu'il s'agit exactement de l'arrêté préfectoral de classement sonore - la règle définit elle-même le secteur (100m) et le type de voie, ce qui constitue une règle propre au document d'urbanisme identifiant une zone géométrique spécifique nécessitant un tracé manuel.",prescription,opposable en conformité,autre,validé,False,,2026-08-26
c9722795c3e231844b4aae1adcb3327d,6_67205_reglement_20250623.pdf,règlement écrit,https://www.geoportail-urbanisme.gouv.fr/api/document/c9722795c3e231844b4aae1adcb3327d/files/67205_reglement_20250623.pdf,alinea,Article 2,secteurs de nuisances acoustiques de part et d'autre de la RD 37 (bande de 100 mètres),zone_specifique,"Dans les secteurs de nuisances acoustiques de part et d’autre de la RD 37 (voie de type III - 100 mètres), les nouvelles constructions principales à usage d’habitation feront l’objet de mesures d’isolation acoustique dans les conditions prévues par les dispositions réglementaires en vigueur en matière d’urbanisme, de construction et d’habitation.","…e pas compromettre l’aménagement ultérieur de la zone et à condition d’être liés à des aménagements ultérieurs. 9. Dans les secteurs de nuisances acoustiques de part et d’autre de la RD 37 (voie de type III - 100 mètres), les nouvelles constructions principales à usage d’habitation feront l’objet de Dans les secteurs de nuisances acoustiques de part et d’autre de la RD 37 (voie de type III - 100 mètres), les nouvelles constructions principales à usage d’habitation feront l’objet de mesures d’isolation acoustique dans les conditions prévues par les dispositions réglementaires en vigueur en matière d’urbanisme, de construction et d’habitation. Article 3 IAU - Desserte des terrains par les voies publiques ou privées -Accès aux voies ouvertes au public 1. Conditions d’accès aux voies ouvertes au public 1.1. La desserte des zones d’extension urbaine sera assurée par un accès unique depuis le réseau des routes départementales. Les accès direc…",totale,"Le passage impose des mesures d'isolation acoustique aux nouvelles constructions à usage d'habitation dans un secteur de nuisances acoustiques défini par une bande de 100 mètres de part et d'autre de la RD 37 (voie de type III). Ce secteur correspond vraisemblablement à un classement sonore de voie, mais contrairement à un simple renvoi, la règle impose une obligation d'isolation acoustique explicite propre au document d'urbanisme pour les constructions à usage d'habitation, ce qui constitue une règle autonome relevant du périmètre diagBruit (bâtiments neufs). La zone étant définie par une bande spécifique le long d'une voie identifiée, la portée est géométriquement spécifique et non administrative.",prescription,opposable en conformité,lutte_bruit_existant,validé,False,,2026-08-26
c9722795c3e231844b4aae1adcb3327d,7_67205_reglement_20250623.pdf,règlement écrit,https://www.geoportail-urbanisme.gouv.fr/api/document/c9722795c3e231844b4aae1adcb3327d/files/67205_reglement_20250623.pdf,alinea,Article 2,secteurs de nuisances acoustiques de part et d'autre de l'autoroute A 35 et de la RD 37 (voies de type III - 100 mètres),zone_specifique,"Dans les secteurs de nuisances acoustiques de part et d’autre de l’autoroute A 35 et de la RD 37 (voies de type III - 100 mètres), les nouvelles constructions principales à usage d’habitation feront l’objet de mesures d’isolation acoustique dans les conditions prévues par les dispositions réglementaires en vigueur en matière d’urbanisme, de construction et d’habitation.","…aux réseaux d’eau, d’assainissement, de voirie et d’électricité. Ces raccordements doivent être compatibles avec les réseaux projetés, 6.5. Nonobstant les dispositions précitées sont autorisés : les aménagements et transformations de bâtiments existants sous réserve de s’intégrer à l’environnement. Dans les secteurs de nuisances acoustiques de part et d’autre de l’autoroute A 35 et de la RD 37 (voies de type III - 100 mètres), les nouvelles constructions principales à usage d’habitation feront l’objet de mesures d’isolation acoustique dans les conditions prévues par les dispositions réglementaires en vigueur en matière d’urbanisme, de construction et d’habitation. d’aggraver le danger ou les inconvénients résultant de leur fonctionnement pour le voisinage, sous réserve de s’intégrer à l’environnement. 6.8. Les canalisations, travaux et installations linéaires souterraines (câbles, gazoducs, oléoducs, canalisations d’eau et d’assainissement) et aériennes (pylô…",forte,"Le passage impose une isolation acoustique aux nouvelles constructions à usage d'habitation dans une bande de 100 mètres de part et d'autre de voies classées bruyantes. Bien que la référence soit au classement sonore, la règle définit ici un secteur géométrique propre (bande de 100m) et cible spécifiquement les constructions d'habitation, ce qui constitue une règle d'urbanisme distincte rappelant l'application du classement sonore dans ce périmètre précis, à retenir dans le périmètre diagBruit.",prescription,opposable en conformité,lutte_bruit_existant,validé,False,,2026-08-26
c9722795c3e231844b4aae1adcb3327d,8_67205_reglement_20250623.pdf,règlement écrit,https://www.geoportail-urbanisme.gouv.fr/api/document/c9722795c3e231844b4aae1adcb3327d/files/67205_reglement_20250623.pdf,alinea,Article 2,Secteurs de nuisances acoustiques de part et d'autre de l'A35 et de la RD37 (voies de type III - 100 mètres),zone_specifique,"Dans les secteurs de nuisances acoustiques de part et d’autre de l’autoroute A 35 et de la RD 37 (voies de type III - 100 mètres), les nouvelles constructions principales à usage d’habitation feront l’objet de mesures d’isolation acoustique dans les conditions prévues par les dispositions réglementaires en vigueur en matière d’urbanisme, de construction et d’habitation.","…uterraines (câbles, gazoducs, oléoducs, canalisations d’eau et d’assainissement) et aériennes (pylônes téléphoniques...) et les ouvrages techniques liés à ces équipements sous réserve d’emprunter les chemins et voies existants ou à créer et à condition d’être liés à des aménagements ultérieurs ainsi Dans les secteurs de nuisances acoustiques de part et d’autre de l’autoroute A 35 et de la RD 37 (voies de type III - 100 mètres), les nouvelles constructions principales à usage d’habitation feront l’objet de mesures d’isolation acoustique dans les conditions prévues par les dispositions réglementaires en vigueur en matière d’urbanisme, de construction et d’habitation. par les dispositions réglementaires en vigueur en matière d’urbanisme, de construction et d’habitation. 9 Zone d’Aménagement Concerté P.L.U de HOERDT Règlement Mai 2025 Modification n°4",forte,"Le passage définit un secteur de nuisances acoustiques lié au classement sonore des voies (A35, RD37, voie de type III à 100m), mais impose une règle d'isolation acoustique pour les nouvelles constructions à usage d'habitation qui semble reprendre le renvoi standard aux dispositions réglementaires en vigueur (contexte après). Il s'agit donc essentiellement d'un simple renvoi au classement sonore déjà traité ailleurs, mais la mention explicite d'une prescription de mesures d'isolation constitue une règle formalisée dans le document d'urbanisme, ce qui justifie de la retenir avec une portée géométrique spécifique au secteur défini par les distances aux voies.",prescription,opposable en conformité,autre,validé,False,,2026-08-26
c9722795c3e231844b4aae1adcb3327d,9_67205_reglement_20250623.pdf,règlement écrit,https://www.geoportail-urbanisme.gouv.fr/api/document/c9722795c3e231844b4aae1adcb3327d/files/67205_reglement_20250623.pdf,alinea,Article 2,secteurs de nuisance acoustique délimités au plan de zonage le long de l'A35,zone_specifique,"Dans les secteurs de nuisance acoustique délimités au plan de zonage, le long de l’A35 assimilée à une voie de type I, à deux files de circulation, les nouvelles constructions principales à usage d’habitation exposées au bruit et admises au présent règlement de zone, feront l’objet de mesures d’isolation acoustique dans les conditions prévues par les dispositions législatives et réglementaires en vigueur en matière d’urbanisme, de construction et d’habitation.","…a surface n’excède pas 30 m² 1.4. Les constructions de type «serre» liées et nécessaires aux activités maraîchères et horticoles dont la hauteur maximale n’excède pas 4 mètres sous chéneaux et 5 mètres au faîtage. Les serres doivent être installées ou équipées afin de ne pas occasionner d’écoulement Dans les secteurs de nuisance acoustique délimités au plan de zonage, le long de l’A35 assimilée à une voie de type I, à deux files de circulation, les nouvelles constructions principales à usage d’habitation exposées au bruit et admises au présent règlement de zone, feront l’objet de mesures d’isolation acoustique dans les conditions prévues par les dispositions législatives et réglementaires en vigueur en matière d’urbanisme, de construction et d’habitation. feront l’objet de mesures d’isolation acoustique dans les conditions prévues par les dispositions législatives et réglementaires en vigueur en matière d’urbanisme, de construction et d’habitation. 1.7. Les canalisations, travaux et installations linéaires souterraines (câbles, gazoducs, oléoducs, ca…",forte,"Ce passage définit un secteur de nuisance acoustique spécifique lié à l'A35 dans le plan de zonage local, distinct du classement sonore préfectoral classique (il s'agit d'un zonage propre au document d'urbanisme). La règle impose des mesures d'isolation acoustique aux nouvelles constructions à usage d'habitation dans ce secteur, ce qui constitue une prescription applicable aux bâtiments, donc dans le périmètre diagBruit. Ce n'est pas un simple renvoi au classement sonore national mais un secteur propre défini par le document local, même si les mesures d'isolation renvoient aux dispositions réglementaires en vigueur.",prescription,opposable en conformité,autre,validé,False,,2026-08-26
c9722795c3e231844b4aae1adcb3327d,10_67205_reglement_20250623.pdf,règlement écrit,https://www.geoportail-urbanisme.gouv.fr/api/document/c9722795c3e231844b4aae1adcb3327d/files/67205_reglement_20250623.pdf,alinea,Article 2,secteurs de nuisance acoustique délimités au plan de zonage le long de l'A35,zone_specifique,"Dans les secteurs de nuisance acoustique délimités au plan de zonage, le long de l’A35 assimilée à une voie de type I, à deux files de circulation, les nouvelles constructions principales à usage d’habitation exposées au bruit et admises au présent règlement de zone, feront l’objet de mesures d’isolation acoustique dans les conditions prévues par les dispositions législatives et réglementaires en vigueur en matière d’urbanisme, de construction et d’habitation.","…e est lié à une inondation. 1.6. Dans les secteurs de nuisance acoustique délimités au plan de zonage, le long de l’A35 assimilée à une voie de type I, à deux files de circulation, les nouvelles constructions principales à usage d’habitation exposées au bruit et admises au présent règlement de zone, Dans les secteurs de nuisance acoustique délimités au plan de zonage, le long de l’A35 assimilée à une voie de type I, à deux files de circulation, les nouvelles constructions principales à usage d’habitation exposées au bruit et admises au présent règlement de zone, feront l’objet de mesures d’isolation acoustique dans les conditions prévues par les dispositions législatives et réglementaires en vigueur en matière d’urbanisme, de construction et d’habitation. existants ou à créer et à condition d’être liés à des aménagements ultérieurs ainsi que la modification ou le renouvellement des lignes de transport d’énergie électriques existantes sous réserve de ne pas compromettre l’aménagement ultérieur de la zone. P.L.U de HOERDT Règlement Mai 2025 Modificatio…",forte,"Le passage impose des mesures d'isolation acoustique pour les nouvelles constructions à usage d'habitation dans un secteur de nuisance délimité au plan de zonage le long de l'A35, assimilée à une voie de type I. Il ne s'agit pas d'un simple renvoi au classement sonore classique traité ailleurs par diagBruit, mais d'une règle propre au PLU qui délimite un secteur spécifique au plan de zonage local (distinct du périmètre réglementaire standard du classement sonore) et impose une obligation d'isolation aux constructions concernées, ce qui relève bien du périmètre diagBruit (bâtiments à proximité d'infrastructure bruyante).",prescription,opposable en conformité,lutte_bruit_existant,validé,False,,2026-08-26
c9722795c3e231844b4aae1adcb3327d,11_67205_reglement_20250623.pdf,règlement écrit,https://www.geoportail-urbanisme.gouv.fr/api/document/c9722795c3e231844b4aae1adcb3327d/files/67205_reglement_20250623.pdf,alinea,Article 2,"secteurs de nuisance acoustique délimités au plan de zonage, le long de l'A35",zone_specifique,"cumul des surfaces n’excède pas 30m² (emprise au sol) par unité foncière. 2.4. Les constructions de type «serre» liées et nécessaires aux activités maraîchères et horticoles dont la hauteur maximale n’excède pas 4 mètres sous chéneaux et 5 mètres au faîtage. Les serres doivent être installées ou équipées afin de ne pas occasionner d’écoulement d’eau sur les parcelles voisines. 2.5. Dans les secteurs de nuisance acoustique délimités au plan de zonage, le long de l’A35","…t pas 10 % de la surface hors œuvre nette (SHON) à la date d’approbation du PLU. 2.2. Les constructions et installations liées et nécessaires aux activités existantes de valorisation des produits agricoles. 2.3. Les abris à bois, de jardins, mobiles et démontables, sans fondation en béton et dont le cumul des surfaces n’excède pas 30m² (emprise au sol) par unité foncière. 2.4. Les constructions de type «serre» liées et nécessaires aux activités maraîchères et horticoles dont la hauteur maximale n’excède pas 4 mètres sous chéneaux et 5 mètres au faîtage. Les serres doivent être installées ou équipées afin de ne pas occasionner d’écoulement d’eau sur les parcelles voisines. 2.5. Dans les secteurs de nuisance acoustique délimités au plan de zonage, le long de l’A35 assimilée à une voie de type I, à deux files de circulation, les nouvelles constructions principales à usage d’habitation exposées au bruit et admises au présent règlement de zone, feront l’objet de mesures d’isolation acoustique dans les conditions prévues par les dispositions législatives et régle…",forte,"Le passage définit un secteur de nuisance acoustique le long de l'A35, distinct du classement sonore réglementaire habituel (il ne mentionne pas l'arrêté préfectoral de classement sonore mais un zonage propre au PLU), imposant des mesures d'isolation acoustique pour les nouvelles constructions à usage d'habitation. Il s'agit donc d'une règle autonome liée à l'urbanisation à proximité d'une infrastructure, concernant bien des bâtiments (constructions à usage d'habitation), donc dans le périmètre diagBruit avec une portée géométrique spécifique (secteur délimité au plan de zonage).",prescription,opposable en conformité,autre,validé,False,,2026-08-26
c9722795c3e231844b4aae1adcb3327d,12_67205_reglement_20250623.pdf,règlement écrit,https://www.geoportail-urbanisme.gouv.fr/api/document/c9722795c3e231844b4aae1adcb3327d/files/67205_reglement_20250623.pdf,alinea,Article 2,Secteur de nuisance acoustique le long de l'A35,zone_specifique,"les nouvelles constructions principales à usage d’habitation exposées au bruit et admises au présent règlement de zone, feront l’objet de mesures d’isolation acoustique dans les conditions prévues par les dispositions législatives et réglementaires en vigueur en matière d’urbanisme, de construction et d’habitation","…es dont la hauteur maximale n’excède pas 4 mètres sous chéneaux et 5 mètres au faîtage. Les serres doivent être installées ou équipées afin de ne pas occasionner d’écoulement d’eau sur les parcelles voisines. 2.5. Dans les secteurs de nuisance acoustique délimités au plan de zonage, le long de l’A35 les nouvelles constructions principales à usage d’habitation exposées au bruit et admises au présent règlement de zone, feront l’objet de mesures d’isolation acoustique dans les conditions prévues par les dispositions législatives et réglementaires en vigueur en matière d’urbanisme, de construction et d’habitation canalisations d’eau et d’assainissement) et aériennes (pylônes téléphoniques...) et les ouvrages techniques liés à ces équipements sous réserve d’emprunter les chemins et voies existants ou à créer et à condition d’être liés à des aménagements ultérieurs ainsi que la modification ou le renouvellemen…",forte,"Le règlement définit un secteur de nuisance acoustique le long de l'A35, distinct du classement sonore des voies (aucune référence à un arrêté de classement sonore n'est faite), et impose une exigence d'isolation acoustique pour les nouvelles constructions à usage d'habitation exposées au bruit. Il s'agit donc d'une règle autonome propre au document d'urbanisme, avec une portée géométrique spécifique à ce secteur délimité au plan de zonage.",prescription,opposable en conformité,lutte_bruit_existant,validé,False,,2026-08-26
c9722795c3e231844b4aae1adcb3327d,13_67205_reglement_20250623.pdf,règlement écrit,https://www.geoportail-urbanisme.gouv.fr/api/document/c9722795c3e231844b4aae1adcb3327d/files/67205_reglement_20250623.pdf,alinea,Article 2,secteurs de nuisance acoustique délimités au plan de zonage le long de l'A35,zone_specifique,"Dans les secteurs de nuisance acoustique délimités au plan de zonage, le long de l’A35 assimilée à une voie de type I, à deux files de circulation, les nouvelles constructions principales à usage d’habitation exposées au bruit et admises au présent règlement de zone, feront l’objet de mesures d’isolation acoustique dans les conditions prévues par les dispositions législatives et réglementaires en vigueur en matière d’urbanisme, de construction et d’habitation.","…ions agricoles ainsi que leurs aménagements, transformations et extensions, à l’exclusion des maisons d’habitation. 3.2. Les constructions de type «serre» liées et nécessaires aux activités maraîchères et horticoles dont la hauteur maximale n’excède pas 4 mètres sous chéneaux et 5 mètres au faîtage. Dans les secteurs de nuisance acoustique délimités au plan de zonage, le long de l’A35 assimilée à une voie de type I, à deux files de circulation, les nouvelles constructions principales à usage d’habitation exposées au bruit et admises au présent règlement de zone, feront l’objet de mesures d’isolation acoustique dans les conditions prévues par les dispositions législatives et réglementaires en vigueur en matière d’urbanisme, de construction et d’habitation. dispositions législatives et réglementaires en vigueur en matière d’urbanisme, de construction et d’habitation. 3.4. Les canalisations, travaux et installations linéaires souterraines (câbles, gazoducs, oléoducs, canalisations d’eau et d’assainissement) et aériennes (pylônes téléphoniques...) et les…",forte,"Le passage définit un secteur de nuisance acoustique lié à l'A35 (voie de type I) délimité au plan de zonage local, distinct du classement sonore préfectoral standard puisqu'il s'agit d'un zonage propre au document d'urbanisme communal. La règle impose une isolation acoustique aux nouvelles constructions à usage d'habitation dans ce secteur. Bien que les mesures d'isolation renvoient aux dispositions législatives et réglementaires en vigueur (ce qui pourrait sembler être un simple renvoi), la délimitation du secteur elle-même constitue une règle autonome propre au document local puisqu'elle définit un périmètre spécifique à la commune, différent du zonage administratif classique de l'arrêté préfectoral de classement sonore. La portée est donc zone_specifique car ce secteur nécessite un tracé manuel.",prescription,opposable en conformité,autre,validé,False,,2026-08-26
c9722795c3e231844b4aae1adcb3327d,14_67205_reglement_20250623.pdf,règlement écrit,https://www.geoportail-urbanisme.gouv.fr/api/document/c9722795c3e231844b4aae1adcb3327d/files/67205_reglement_20250623.pdf,alinea,Article 2,"secteurs de nuisance acoustique délimités au plan de zonage, le long de l'A35",zone_specifique,"Dans les secteurs de nuisance acoustique délimités au plan de zonage, le long de l’A35 assimilée à une voie de type I, à deux files de circulation, les nouvelles constructions principales à usage d’habitation exposées au bruit et admises au présent règlement de zone, feront l’objet de mesures d’isolation acoustique dans les conditions prévues par les dispositions législatives et régle","…d’activités soient préexistants ou concomitants, - la surface hors œuvre nette du logement de fonction ne pourra être supérieure au tiers de la surface bâtie servant à l’activité sans excéder 250 m2 de SHON. 4.4. Les annexes aux logements de fonction dans la limite de 50 m² d’emprise au sol cumulée Dans les secteurs de nuisance acoustique délimités au plan de zonage, le long de l’A35 assimilée à une voie de type I, à deux files de circulation, les nouvelles constructions principales à usage d’habitation exposées au bruit et admises au présent règlement de zone, feront l’objet de mesures d’isolation acoustique dans les conditions prévues par les dispositions législatives et régle assimilée à une voie de type I, à deux files de circulation, les nouvelles constructions principales à usage d’habitation exposées au bruit et admises au présent règlement de zone, feront l’objet de mesures d’isolation acoustique dans les conditions prévues par les dispositions législatives et régle…",forte,"Ce passage définit un secteur de nuisance acoustique le long de l'A35, distinct du classement sonore des voies (qui est traité ailleurs par diagBruit) puisqu'il s'agit d'un zonage propre au plan local avec une assimilation spécifique à une voie de type I à deux files. Les nouvelles constructions d'habitation dans ce secteur doivent faire l'objet de mesures d'isolation acoustique - il s'agit donc d'une règle autonome liée à l'urbanisation, applicable à une zone spécifique délimitée graphiquement au plan de zonage et non disponible automatiquement.",prescription,opposable en conformité,autre,validé,False,,2026-08-26
c9722795c3e231844b4aae1adcb3327d,15_67205_reglement_20250623.pdf,règlement écrit,https://www.geoportail-urbanisme.gouv.fr/api/document/c9722795c3e231844b4aae1adcb3327d/files/67205_reglement_20250623.pdf,alinea,Article 2,"secteurs de nuisance acoustique délimités au plan de zonage, le long de l'A35",zone_specifique,"assimilée à une voie de type I, à deux files de circulation, les nouvelles constructions principales à usage d’habitation exposées au bruit et admises au présent règlement de zone, feront l’objet de mesures d’isolation acoustique dans les conditions prévues par les dispositions législatives et réglementaires en vigueur en matière d’urbanisme, de construction et d’habitation. 4.7. Les canalisations, travaux et installations linéaires souterraines (câbles, gazoducs, oléoducs,","…es dont la hauteur maximale n’excède pas 4 mètres sous chéneaux et 5 mètres au faîtage. Les serres doivent être installées ou équipées afin de ne pas occasionner d’écoulement d’eau sur les parcelles voisines. 4.6. Dans les secteurs de nuisance acoustique délimités au plan de zonage, le long de l’A35 assimilée à une voie de type I, à deux files de circulation, les nouvelles constructions principales à usage d’habitation exposées au bruit et admises au présent règlement de zone, feront l’objet de mesures d’isolation acoustique dans les conditions prévues par les dispositions législatives et réglementaires en vigueur en matière d’urbanisme, de construction et d’habitation. 4.7. Les canalisations, travaux et installations linéaires souterraines (câbles, gazoducs, oléoducs, canalisations d’eau et d’assainissement) et aériennes (pylônes téléphoniques...) et les ouvrages techniques liés à ces équipements sous réserve d’emprunter les chemins et voies existants ou à créer et à condition d’être liés à des aménagements ultérieurs ainsi que la modification ou le renouvellemen…",forte,"Le règlement définit un secteur de nuisance acoustique spécifique le long de l'A35 (voie non classée mentionnée explicitement comme assimilée à une voie de type I) et impose une isolation acoustique aux nouvelles constructions à usage d'habitation dans ce secteur. Il s'agit d'une règle propre au document d'urbanisme, avec une zone délimitée au plan de zonage qui devra être tracée manuellement, distincte du classement sonore réglementaire standard puisque le document lui-même définit la zone et la classification de la voie.",prescription,opposable en conformité,lutte_bruit_existant,validé,False,,2026-08-26
c9722795c3e231844b4aae1adcb3327d,16_67205_reglement_20250623.pdf,règlement écrit,https://www.geoportail-urbanisme.gouv.fr/api/document/c9722795c3e231844b4aae1adcb3327d/files/67205_reglement_20250623.pdf,alinea,Article 2,secteurs de nuisance acoustique délimités au plan de zonage le long de l'A35,zone_specifique,"Dans les secteurs de nuisance acoustique délimités au plan de zonage, le long de l’A35 assimilée à une voie de type I, à deux files de circulation, les nouvelles constructions principales à usage d’habitation exposées au bruit et admises au présent règlement de zone, feront l’objet de mesures d’isolation acoustique dans les conditions prévues par les dispositions législatives et réglementaires en vigueur en matière d’urbanisme, de construction et d’habitation.","…mite de 50 m² d’emprise au sol cumulée pour l’ensemble des annexes sur une même unité foncière, piscines y compris. 5.4. Les constructions de type «serre» liées et nécessaires aux activités maraîchères et horticoles dont la hauteur maximale n’excède pas 4 mètres sous chéneaux et 5 mètres au faîtage. Dans les secteurs de nuisance acoustique délimités au plan de zonage, le long de l’A35 assimilée à une voie de type I, à deux files de circulation, les nouvelles constructions principales à usage d’habitation exposées au bruit et admises au présent règlement de zone, feront l’objet de mesures d’isolation acoustique dans les conditions prévues par les dispositions législatives et réglementaires en vigueur en matière d’urbanisme, de construction et d’habitation. dispositions législatives et réglementaires en vigueur en matière d’urbanisme, de construction et d’habitation. 5.6. Les canalisations, travaux et installations linéaires souterraines (câbles, gazoducs, oléoducs, canalisations d’eau et d’assainissement) et aériennes (pylônes téléphoniques...) et les…",moyenne,"Le passage définit un secteur de nuisance acoustique lié à une voie routière (A35, assimilée à voie de type I) délimité spécifiquement au plan de zonage local, distinct du classement sonore réglementaire classique évoqué par son vocabulaire mais présenté ici comme un zonage propre au document d'urbanisme. La règle impose une isolation acoustique aux nouvelles constructions à usage d'habitation dans ce secteur, ce qui concerne bien des bâtiments (périmètre diagBruit). Toutefois le renvoi final aux 'dispositions législatives et réglementaires en vigueur' laisse penser que l'isolement exigé reste celui du droit commun sans aller au-delà - la confiance est donc modérée sur le caractère réellement autonome de l'exigence.",prescription,opposable en conformité,autre,validé,False,,2026-08-26
c9722795c3e231844b4aae1adcb3327d,17_67205_reglement_20250623.pdf,règlement écrit,https://www.geoportail-urbanisme.gouv.fr/api/document/c9722795c3e231844b4aae1adcb3327d/files/67205_reglement_20250623.pdf,alinea,Article 2,"Secteurs de nuisance acoustique délimités au plan de zonage, le long de l'A35",zone_specifique,"pour l’ensemble des annexes sur une même unité foncière, piscines y compris. 6.4. Les constructions de type «serre» liées et nécessaires aux activités maraîchères et horticoles dont la hauteur maximale n’excède pas 4 mètres sous chéneaux et 5 mètres au faîtage. Les serres doivent être installées ou équipées afin de ne pas occasionner d’écoulement d’eau sur les parcelles voisines. 6.5. Dans les secteurs de nuisance acoustique délimités au plan de zonage, le long de l’A35","…d’activités soient préexistants ou concomitants, - la surface hors œuvre nette du logement de fonction ne pourra être supérieure au tiers de la surface bâtie servant à l’activité sans excéder 250 m2 de SHON. 6.3. Les annexes aux logements de fonction dans la limite de 50 m² d’emprise au sol cumulée pour l’ensemble des annexes sur une même unité foncière, piscines y compris. 6.4. Les constructions de type «serre» liées et nécessaires aux activités maraîchères et horticoles dont la hauteur maximale n’excède pas 4 mètres sous chéneaux et 5 mètres au faîtage. Les serres doivent être installées ou équipées afin de ne pas occasionner d’écoulement d’eau sur les parcelles voisines. 6.5. Dans les secteurs de nuisance acoustique délimités au plan de zonage, le long de l’A35 assimilée à une voie de type I, à deux files de circulation, les nouvelles constructions principales à usage d’habitation exposées au bruit et admises au présent règlement de zone, feront l’objet de mesures d’isolation acoustique dans les conditions prévues par les dispositions législatives et régle…",forte,"Le passage définit un secteur de nuisance acoustique délimité au plan de zonage le long de l'A35, distinct du classement sonore réglementaire classique des voies. Il impose une isolation acoustique aux nouvelles constructions à usage d'habitation dans ce secteur spécifique. Bien que la formulation renvoie aux 'dispositions législatives et réglementaires' (ce qui pourrait faire penser à un simple rappel de l'arrêté de classement sonore), le secteur est ici délimité graphiquement dans le document d'urbanisme lui-même (plan de zonage) et non par l'arrêté préfectoral de classement sonore, ce qui en fait une zone propre au document nécessitant un tracé manuel. Il s'agit donc d'une règle autonome relative aux bâtiments (constructions à usage d'habitation), dans le périmètre de diagBruit.",prescription,opposable en conformité,autre,validé,False,,2026-08-26
c9722795c3e231844b4aae1adcb3327d,18_67205_reglement_20250623.pdf,règlement écrit,https://www.geoportail-urbanisme.gouv.fr/api/document/c9722795c3e231844b4aae1adcb3327d/files/67205_reglement_20250623.pdf,alinea,Article 2,secteur de nuisance acoustique le long de l'A35,zone_specifique,"Dans les secteurs de nuisance acoustique délimités au plan de zonage, le long de l’A35 assimilée à une voie de type I, à deux files de circulation, les nouvelles constructions principales à usage d’habitation exposées au bruit et admises au présent règlement de zone, feront l’objet de mesures d’isolation acoustique dans les conditions prévues par les dispositions législatives et réglementaires en vigueur en matière d’urbanisme, de construction et d’habitation.","…es dont la hauteur maximale n’excède pas 4 mètres sous chéneaux et 5 mètres au faîtage. Les serres doivent être installées ou équipées afin de ne pas occasionner d’écoulement d’eau sur les parcelles voisines. 6.5. Dans les secteurs de nuisance acoustique délimités au plan de zonage, le long de l’A35 Dans les secteurs de nuisance acoustique délimités au plan de zonage, le long de l’A35 assimilée à une voie de type I, à deux files de circulation, les nouvelles constructions principales à usage d’habitation exposées au bruit et admises au présent règlement de zone, feront l’objet de mesures d’isolation acoustique dans les conditions prévues par les dispositions législatives et réglementaires en vigueur en matière d’urbanisme, de construction et d’habitation. canalisations d’eau et d’assainissement) et aériennes (pylônes téléphoniques...) et les ouvrages techniques liés à ces équipements sous réserve d’emprunter les chemins et voies existants ou à créer et à condition d’être liés à des aménagements ultérieurs ainsi que la modification ou le renouvellemen…",forte,"Le règlement définit un secteur de nuisance acoustique délimité au plan de zonage le long de l'A35, distinct du classement sonore officiel (il assimile la voie à une catégorie de type I mais ne se contente pas de renvoyer à l'arrêté préfectoral) et impose une obligation d'isolation acoustique pour les nouvelles constructions à usage d'habitation dans ce secteur. Il s'agit d'une règle autonome liée aux bâtiments, dans le périmètre diagBruit, avec une portée géométrique spécifique à une zone tracée au plan.",prescription,opposable en conformité,autre,validé,False,,2026-08-26
c9722795c3e231844b4aae1adcb3327d,19_67205_reglement_20250623.pdf,règlement écrit,https://www.geoportail-urbanisme.gouv.fr/api/document/c9722795c3e231844b4aae1adcb3327d/files/67205_reglement_20250623.pdf,alinea,Article 2,Secteurs de nuisance acoustique le long de l'A35 (voie de type I),zone_specifique,"Dans les secteurs de nuisance acoustique délimités au plan de zonage, le long de l’A35 assimilée à une voie de type I, à deux files de circulation, les nouvelles constructions principales à usage d’habitation exposées au bruit et admises au présent règlement de zone, feront l’objet de mesures d’isolation acoustique dans les conditions prévues par les dispositions législatives et réglementaires en vigueur en matière d’urbanisme, de construction et d’habitation.","…oncière, piscines y compris. 7.6. Les constructions de type «serre» liées et nécessaires aux activités maraîchères et horticoles dont la hauteur maximale n’excède pas 4 mètres sous chéneaux et 5 mètres au faîtage. Les serres doivent être installées ou équipées afin de ne pas occasionner d’écoulement Dans les secteurs de nuisance acoustique délimités au plan de zonage, le long de l’A35 assimilée à une voie de type I, à deux files de circulation, les nouvelles constructions principales à usage d’habitation exposées au bruit et admises au présent règlement de zone, feront l’objet de mesures d’isolation acoustique dans les conditions prévues par les dispositions législatives et réglementaires en vigueur en matière d’urbanisme, de construction et d’habitation. construction et d’habitation. 7.8. Les canalisations, travaux et installations linéaires souterraines (câbles, gazoducs, oléoducs, canalisations d’eau et d’assainissement) et aériennes (pylônes téléphoniques...) et les ouvrages techniques liés à ces équipements sous réserve d’emprunter les chemins e…",forte,"Le passage mentionne un secteur de nuisance acoustique lié au classement sonore d'une voie (A35, voie de type I), mais il s'agit ici d'une règle propre au règlement d'urbanisme (article 7.7 des règles de construction de la zone) imposant une isolation acoustique aux nouvelles constructions d'habitation exposées au bruit dans ce secteur délimité au plan de zonage. Même si le contenu renvoie aux dispositions législatives et réglementaires en vigueur (ce qui pourrait sembler être un simple renvoi au classement sonore), la règle est formulée comme une prescription autonome intégrée au règlement de zone, avec une portée géométrique précise (secteur délimité au plan de zonage le long de l'A35), ce qui justifie de la retenir avec une portée zone_specifique.",prescription,opposable en conformité,lutte_bruit_existant,validé,False,,2026-08-26
c9722795c3e231844b4aae1adcb3327d,20_67205_reglement_20250623.pdf,règlement écrit,https://www.geoportail-urbanisme.gouv.fr/api/document/c9722795c3e231844b4aae1adcb3327d/files/67205_reglement_20250623.pdf,alinea,Article 2,secteurs de nuisance acoustique délimités au plan de zonage le long de l'A35,zone_specifique,"Dans les secteurs de nuisance acoustique délimités au plan de zonage, le long de l’A35 assimilée à une voie de type I, à deux files de circulation, les nouvelles constructions principales à usage d’habitation exposées au bruit et admises au présent règlement de zone, feront l’objet de mesures d’isolation acoustique dans les conditions prévues par les dispositions législatives et réglementaires en vigueur en matière d’urbanisme, de construction et d’habitation.","Modification n°4 Dans les secteurs de nuisance acoustique délimités au plan de zonage, le long de l’A35 assimilée à une voie de type I, à deux files de circulation, les nouvelles constructions principales à usage d’habitation exposées au bruit et admises au présent règlement de zone, feront l’objet de mesures d’isolation acoustique dans les conditions prévues par les dispositions législatives et réglementaires en vigueur en matière d’urbanisme, de construction et d’habitation. construction et d’habitation. 8.7. Les canalisations, travaux et installations linéaires souterraines (câbles, gazoducs, oléoducs, canalisations d’eau et d’assainissement) et aériennes (pylônes téléphoniques...) et les ouvrages techniques liés à ces équipements sous réserve d’emprunter les chemins e…",forte,"Le passage impose des mesures d'isolation acoustique pour les constructions d'habitation nouvelles exposées au bruit de l'A35, dans des secteurs délimités au plan de zonage propre au document d'urbanisme (et non le classement sonore officiel ou le PEB), ce qui constitue une règle autonome concernant des bâtiments. La zone étant définie par un plan de zonage local, sa portée est spécifique et nécessite un tracé manuel.",prescription,opposable en conformité,autre,validé,False,,2026-08-26
c9722795c3e231844b4aae1adcb3327d,21_67205_reglement_20250623.pdf,règlement écrit,https://www.geoportail-urbanisme.gouv.fr/api/document/c9722795c3e231844b4aae1adcb3327d/files/67205_reglement_20250623.pdf,alinea,Article 2,secteurs de nuisance acoustique délimités au plan de zonage le long de l'A35,zone_specifique,"Dans les secteurs de nuisance acoustique délimités au plan de zonage, le long de l’A35 assimilée à une voie de type I, à deux files de circulation, les nouvelles constructions principales à usage d’habitation exposées au bruit et admises au présent règlement de zone, feront l’objet de mesures d’isolation acoustique dans les conditions prévues par les dispositions législatives et réglementaires en vigueur en matière d’urbanisme, de construction et d’habitation.","…bles, sans fondation en béton et dont le cumul des surfaces n’excède pas 30 m² (emprise au sol) par unité foncière. 9.2. Les constructions de type «serre» liées et nécessaires aux activités maraîchères et horticoles dont la hauteur maximale n’excède pas 4 mètres sous chéneaux et 5 mètres au faîtage. Dans les secteurs de nuisance acoustique délimités au plan de zonage, le long de l’A35 assimilée à une voie de type I, à deux files de circulation, les nouvelles constructions principales à usage d’habitation exposées au bruit et admises au présent règlement de zone, feront l’objet de mesures d’isolation acoustique dans les conditions prévues par les dispositions législatives et réglementaires en vigueur en matière d’urbanisme, de construction et d’habitation. principales à usage d’habitation exposées au bruit et admises au présent règlement de zone, feront l’objet de mesures d’isolation acoustique dans les conditions prévues par les dispositions législatives et réglementaires en vigueur en matière d’urbanisme, de construction et d’habitation. 9.5. Les ca…",forte,"Le passage définit un secteur de nuisance acoustique spécifique le long de l'A35 (assimilée à une voie de type I), distinct du classement sonore officiel, et impose une mesure d'isolation acoustique aux constructions à usage d'habitation dans ce secteur. Bien que la formulation renvoie aux dispositions législatives et réglementaires en vigueur (ce qui pourrait suggérer un simple rappel du classement sonore), le fait que ce secteur soit délimité au plan de zonage propre au document et non simplement identifié comme secteur affecté par le bruit au sens de l'arrêté préfectoral en fait une règle autonome avec sa propre géométrie à tracer.",prescription,opposable en conformité,autre,validé,False,,2026-08-26
c9722795c3e231844b4aae1adcb3327d,22_67205_reglement_20250623.pdf,règlement écrit,https://www.geoportail-urbanisme.gouv.fr/api/document/c9722795c3e231844b4aae1adcb3327d/files/67205_reglement_20250623.pdf,alinea,Article 2,"secteurs de nuisance acoustique délimités au plan de zonage, le long de l'A35",zone_specifique,"principales à usage d’habitation exposées au bruit et admises au présent règlement de zone, feront l’objet de mesures d’isolation acoustique dans les conditions prévues par les dispositions législatives et réglementaires en vigueur en matière d’urbanisme, de construction et d’habitation. 9.5. Les canalisations, travaux et installations linéaires souterraines (câbles, gazoducs, oléoducs, canalisations d’eau et d’assainissement) et aériennes (pylônes téléphoniques...) et les","…les voisines. 9.3. Les reconstructions en cas de sinistre sont possibles, sauf si le sinistre est lié à une inondation. 9.4. Dans les secteurs de nuisance acoustique délimités au plan de zonage, le long de l’A35 assimilée à une voie de type I, à deux files de circulation, les nouvelles constructions principales à usage d’habitation exposées au bruit et admises au présent règlement de zone, feront l’objet de mesures d’isolation acoustique dans les conditions prévues par les dispositions législatives et réglementaires en vigueur en matière d’urbanisme, de construction et d’habitation. 9.5. Les canalisations, travaux et installations linéaires souterraines (câbles, gazoducs, oléoducs, canalisations d’eau et d’assainissement) et aériennes (pylônes téléphoniques...) et les ouvrages techniques liés à ces équipements sous réserve d’emprunter les chemins et voies existants ou à créer et à condition d’être liés à des aménagements ultérieurs ainsi que la modification ou le renouvellement des lignes de transport d’énergie électriques existantes sous réserve de ne pas compro…",totale,"Le passage définit un secteur de nuisance acoustique lié à l'A35, assimilée à une voie de type I, mais ceci semble distinct du classement sonore officiel des voies (l'arrêté préfectoral) puisqu'il est délimité au plan de zonage local et qu'il impose une exigence d'isolation acoustique aux constructions d'habitation exposées. Il ne s'agit pas d'un simple renvoi passif à l'arrêté de classement sonore : c'est une règle de zonage local qui identifie un secteur spécifique et impose des mesures d'isolation, ce qui en fait une règle autonome au sens de diagBruit, applicable aux bâtiments (constructions à usage d'habitation), donc bien dans le périmètre. La portée est limitée à une zone spécifique (secteurs délimités au plan de zonage le long de l'A35), nécessitant un tracé manuel.",prescription,opposable en conformité,autre,validé,False,,2026-08-26
c9722795c3e231844b4aae1adcb3327d,1_67205_orientations_amenagement_18_00_20250623.pdf,OAP,https://www.geoportail-urbanisme.gouv.fr/api/document/c9722795c3e231844b4aae1adcb3327d/files/67205_orientations_amenagement_18_00_20250623.pdf,page,page 17,,zone_specifique,"les constructions sont interdites sur une bande de 100 mètres de part et d'autre de l'axe de l'autoroute A35 et de 75 mètres de part et d'autre de l'axe de la RD37, route classée à grande circulation. Ces marges d'isolement doivent être respectées en raison des nuisances sonores et pour des raisons de sécurité et de qualité architecturale, urbaine et paysagère.","…e cas de toits plats, une végétal isation est souhaitée. Les couleurs variant dans le gris (bardage métallique) ou dans les couleurs terre (brique apparente) seront à privilégier. 5. Contraintes à respecter En raison des nuisances générées par le trafic routier et autoroutier, les constructions sont les constructions sont interdites sur une bande de 100 mètres de part et d'autre de l'axe de l'autoroute A35 et de 75 mètres de part et d'autre de l'axe de la RD37, route classée à grande circulation. Ces marges d'isolement doivent être respectées en raison des nuisances sonores et pour des raisons de sécurité et de qualité architecturale, urbaine et paysagère. d'arbres et/ou d'arbustes d'essences locales. Un oléoduc passe dans l'angle Sud-Est du secteur générant des contraintes sous forme de distances d'implantation à respecter pour tout établissement. Ces retraits sont plus ou moins importants en fonction du type d'établissement (recevant du public ou no…",totale,"La règle interdit les constructions dans une bande de 100 m (A35) et 75 m (RD37) autour des axes routiers, explicitement en raison des nuisances sonores générées par ces infrastructures. Ceci concerne directement l'urbanisation à proximité (interdiction de construire), donc relève du périmètre diagBruit. Il ne s'agit pas d'un simple renvoi au classement sonore standard mais d'une règle spécifique d'inconstructibilité définie par ce document d'urbanisme, avec des distances propres qui vont au-delà d'un simple isolement acoustique. La portée est géométriquement limitée aux bandes autour de ces deux axes, donc zone_specifique.",prescription,opposable en compatibilité,lutte_bruit_existant,validé,False,,2026-08-26
c9722795c3e231844b4aae1adcb3327d,2_67205_orientations_amenagement_18_00_20250623.pdf,OAP,https://www.geoportail-urbanisme.gouv.fr/api/document/c9722795c3e231844b4aae1adcb3327d/files/67205_orientations_amenagement_18_00_20250623.pdf,page,page 29,,zone_specifique,"Les constructions situées à proximité directe des voies A35, RD37 et M301 devront, dans leur conception et leur organisation, s’ériger de manière à minimiser autant que possible les nuisances sonores des parties tertiaires, le cas échéant, compte-tenu de l’importance de la circulation routière.","…être traité comme volume résiduel (appentis). Chacun devra être considéré comme partie intégrante de l’ensemble.  Les façades arrières des constructions positionnées le long des voies (A35, RD37, M301 et future voie communautaire) feront l’objet d’un traitement fin visant à offrir une architecture Les constructions situées à proximité directe des voies A35, RD37 et M301 devront, dans leur conception et leur organisation, s’ériger de manière à minimiser autant que possible les nuisances sonores des parties tertiaires, le cas échéant, compte-tenu de l’importance de la circulation routière. dissimulé des vues depuis les voies de circulation et les alentours.  Tout dépôt ou stockage à l’air libre visible depuis les RD existantes en périphérie de la zone d’activités devra être masqué par un rideau végétal ou un bardage qualitatif.  Les aires de stockage à l’air libre devront veiller à…",totale,"Le passage impose une exigence de conception architecturale pour les constructions situées à proximité des voies A35, RD37 et M301, afin de minimiser les nuisances sonores des parties tertiaires. Il ne s'agit pas d'un simple renvoi au classement sonore mais d'une exigence de conception propre au document d'urbanisme, concernant directement les bâtiments (et non l'infrastructure elle-même). La portée est limitée aux constructions situées à proximité directe de ces voies, ce qui constitue une zone géographique spécifique à tracer manuellement (bande le long de ces axes).",recommandation,opposable en compatibilité,autre,validé,False,,2026-08-26
c061be10895aa90b36a60d7127fa24f0,1_67223_reglementation_dechets_20240219.pdf,règlement écrit,https://www.geoportail-urbanisme.gouv.fr/api/document/c061be10895aa90b36a60d7127fa24f0/files/67223_reglementation_dechets_20240219.pdf,alinea,Article 6.,,administrative,Le verre doit être déposé dans les conteneurs entre 8 h et 20 h pour limiter les nuisances sonores.,"6.2.2 Modelité d'utilisation Le verre doit être déposé dans les conteneurs entre 8 h et 20 h pour limiter les nuisances sonores. Les conteneurs à verre servent uniquement à la collecte du verre ménager, aucun autre
déchet ne doit y être déposé ni à l'intérieur ni aux alentours. Les dépôts aux alentours seront
considérés comme un dépôt sauvage et donc verbalisables.",totale,"Il s'agit d'une règle horaire limitant le dépôt de verre dans des conteneurs afin de limiter les nuisances sonores, ce qui relève d'une gestion des nuisances sonores liées à l'usage/exploitation urbaine plutôt que d'une infrastructure de transport. Ce n'est pas un renvoi au classement sonore ou au PEB. Aucune limite spatiale spécifique n'est mentionnée, donc portée administrative par défaut.",prescription,opposable en conformité,autre,validé,True,élevée,2026-08-26
b69e260ffc76830aef751103cbfd0f82,1_67239_padd_20260128.pdf,PADD,https://www.geoportail-urbanisme.gouv.fr/api/document/b69e260ffc76830aef751103cbfd0f82/files/67239_padd_20260128.pdf,page,page 5,,administrative,"Maîtriser les expositions sonores, olfactives, les expositions aux polluants et limiter les risques technologiques","…ités paysagères de Kintzheim 4.3 : Valoriser l’identité urbaine et les éléments historiques sous l’axe du développement urbain durable Axe 3 : Assurer la sécurité et la protection des biens et de la santé Objectif 5 : Garantir la préservation des ressources pour répondre aux besoins des habitants et Maîtriser les expositions sonores, olfactives, les expositions aux polluants et limiter les risques technologiques Axe 1 : Renforcer l’attractivité en s’appuyant sur les qualités de l’environnement local Objectif 1: S'engager pour maintenir et développer la vie locale 1.1 : Développer les équipements et les services L'attractivité de Kintzheim tient à son positionnement territorial, à sa qualité environnementale…",moyenne,"Le PADD énonce un objectif général de maîtrise des expositions sonores comme orientation stratégique à l'échelle communale, sans viser une infrastructure de transport spécifique ni renvoyer à un classement sonore ou PEB. C'est une orientation autonome mais très générale, formulée comme un simple intitulé d'objectif, sans précision sur les moyens ou le périmètre exact.",recommandation,non opposable,lutte_bruit_existant,validé,False,,2026-08-26
b69e260ffc76830aef751103cbfd0f82,2_67239_padd_20260128.pdf,PADD,https://www.geoportail-urbanisme.gouv.fr/api/document/b69e260ffc76830aef751103cbfd0f82/files/67239_padd_20260128.pdf,page,page 20,,administrative,"éviter l’exposition des personnes à ces nuisances, en encadrant notamment la constructibilité à proximité de ces sites","La commune envisage de prévenir et de limiter de nouveaux risques en proposant de : • éviter l’exposition des personnes à ces nuisances, en encadrant notamment la constructibilité à proximité de ces sites ; PADD – PLU de KINTZHEIM – Approbation 17 éviter l’exposition des personnes à ces nuisances, en encadrant notamment la constructibilité à proximité de ces sites la RN 59, existent sur la commune. Ces deux axes sont également les vecteurs de nuisances sonores, de dispersions de polluants aux particules. Sur Châtenois, mais à proximité du site du Danielsrain, un centre d’enfouissement des déchets génère des nuisances olfactives significatives. La prise en com…",moyenne,"Le PADD fixe un objectif général de maîtrise des expositions sonores liées au trafic routier (A35, RN59) et d'encadrement de la constructibilité à proximité de ces sites générateurs de nuisances. Il s'agit d'une orientation de portée communale générale, non liée à un classement sonore ou PEB existant, mais formulée de façon programmatique et peu précise (pas de prescription opérationnelle claire), d'où une confiance limitée.",recommandation,non opposable,lutte_bruit_existant,validé,False,,2026-08-26
b69e260ffc76830aef751103cbfd0f82,3_67239_padd_20260128.pdf,PADD,https://www.geoportail-urbanisme.gouv.fr/api/document/b69e260ffc76830aef751103cbfd0f82/files/67239_padd_20260128.pdf,page,page 20,,administrative,"la RN 59, existent sur la commune. Ces deux axes sont également les vecteurs de nuisances sonores, de dispersions de polluants aux particules. Sur Châtenois, mais à proximité du site du Danielsrain, un centre d’enfouissement des déchets génère des nuisances olfactives significatives. La prise en compte de ces nuisances amène la commune à proposer de : • limiter les expositions dans les zones de nuisances recensées ;","…ion des biens et de la santé Objectif 6 : Gérer les risques et limiter les nuisances 6.2 : Maîtriser les expositions sonores, olfactives, les expositions aux polluants et limiter les risques technologiques Les risques liés aux transports de matières dangereuses, du fait de la présence de l’A35 et de la RN 59, existent sur la commune. Ces deux axes sont également les vecteurs de nuisances sonores, de dispersions de polluants aux particules. Sur Châtenois, mais à proximité du site du Danielsrain, un centre d’enfouissement des déchets génère des nuisances olfactives significatives. La prise en compte de ces nuisances amène la commune à proposer de : • limiter les expositions dans les zones de nuisances recensées ; • encadrer l’urbanisation à distance de ces zones ; • mettre en place des dispositifs opérant des réductions de ces nuisances (zones tampons, filtres par la végétation, …) PADD – PLU de KINTZHEIM – Approbation 18",forte,"Le PADD, orientation d'urbanisme générale, exprime la volonté de limiter les expositions dans les zones de nuisances sonores recensées (liées aux axes A35/RN59) et d'encadrer l'urbanisation à distance de ces zones. Il s'agit d'une orientation d'aménagement concernant l'urbanisation à proximité d'infrastructures bruyantes, donc dans le périmètre diagBruit, sans lien avec le classement sonore réglementaire (simple renvoi). La règle s'applique à l'échelle communale, sans zone réglementaire précise délimitée.",recommandation,non opposable,lutte_bruit_existant,validé,False,,2026-08-26
82eeb21b6a85ba624ac13526596f3b2d,1_67246_padd_20260409.pdf,PADD,https://www.geoportail-urbanisme.gouv.fr/api/document/82eeb21b6a85ba624ac13526596f3b2d/files/67246_padd_20260409.pdf,page,page 5,,zone_specifique,Permettre l’urbanisation des espaces libres le long de la RD.83 en tenant compte des problématiques de nuisances sonores et de pollution de l'air,"…et Kogenheim, la limite entre ces deux villages devient moins évidente. Il s’agit donc de maintenir les dernières coupures vertes existantes pour conserver une lisibilité aux limites de Kogenheim. 4) Permettre l’urbanisation des espaces libres le long de la RD.83 en tenant compte des problématiques Permettre l’urbanisation des espaces libres le long de la RD.83 en tenant compte des problématiques de nuisances sonores et de pollution de l'air besoin les études techniques ou de faisabilité La volonté communale de laisser la priorité au renouvellement urbain nécessite une réflexion et un encadrement des possibilité d’évolution des sites en requalification, sur lesquelles des contraintes importantes peuvent exister (articulation avec le tis…",forte,"Le PADD recommande de permettre l'urbanisation des espaces libres le long de la RD83 en tenant compte des nuisances sonores, ce qui concerne directement l'urbanisation à proximité d'une infrastructure bruyante (bâtiments futurs), donc relève du périmètre diagBruit. La portée est limitée géographiquement à la frange bâtie le long de la RD83, ce qui constitue une zone spécifique sans contour automatique.",recommandation,non opposable,lutte_bruit_existant,validé,False,,2026-08-26
82eeb21b6a85ba624ac13526596f3b2d,1_67246_reglement_20260409.pdf,règlement écrit,https://www.geoportail-urbanisme.gouv.fr/api/document/82eeb21b6a85ba624ac13526596f3b2d/files/67246_reglement_20260409.pdf,alinea,Article 1.2.,,zone_specifique,"Les nouvelles constructions à destination d’établissements d'enseignement, de santé et d'action sociale à condition d’être situées en dehors des secteurs affectés par le bruit lié aux infrastructures de transport terrestre figurant en annexe du présent PLU.","…tions les usages et affectations des sols, constructions et activités suivants : 1. Les constructions, mentionnées dans le tableau de synthèse comme « autorisées sous condition », à condition d’être compatibles avec le voisinage d’habitation et de ne pas porter atteinte à la sécurité et la salubrité Les nouvelles constructions à destination d’établissements d'enseignement, de santé et d'action sociale à condition d’être situées en dehors des secteurs affectés par le bruit lié aux infrastructures de transport terrestre figurant en annexe du présent PLU. 4. Les affouillements et exhaussements du sol directement liés ou nécessaires à une occupation du sol autorisée dans la zone ou aux fouilles archéologiques. 13 * se reporter au lexique pour la définition",totale,"Le passage interdit (via condition non remplie) les nouvelles constructions d'établissements sensibles (enseignement, santé, action sociale) dans les secteurs affectés par le bruit des infrastructures de transport terrestre. Il ne s'agit pas d'un simple renvoi à l'isolement acoustique standard du classement sonore, mais d'une règle différente et plus stricte : une interdiction d'implantation de certains types de bâtiments sensibles dans ces secteurs, ce qui va au-delà de la simple exigence d'isolement acoustique. Cette règle relève donc bien du périmètre diagBruit et constitue une règle autonome. La portée est zone_specifique car elle s'applique uniquement dans la zone réglementaire dont ce règlement de zone traite (à préciser via le zonage du document).",prescription,opposable en conformité,autre,validé,False,,2026-08-26
82eeb21b6a85ba624ac13526596f3b2d,2_67246_reglement_20260409.pdf,règlement écrit,https://www.geoportail-urbanisme.gouv.fr/api/document/82eeb21b6a85ba624ac13526596f3b2d/files/67246_reglement_20260409.pdf,alinea,Article 1.2.,,zone_specifique,"Les nouvelles constructions à destination d’établissements d'enseignement, de santé et d'action sociale à condition d’être situées en dehors des secteurs affectés par le bruit lié aux infrastructures de transport terrestre figurant en annexe du présent PLU.","…tions les usages et affectations des sols, constructions et activités suivants : 1. Les constructions, mentionnées dans le tableau de synthèse comme « autorisées sous condition », à condition d’être compatibles avec le voisinage d’habitation et de ne pas porter atteinte à la sécurité et la salubrité Les nouvelles constructions à destination d’établissements d'enseignement, de santé et d'action sociale à condition d’être situées en dehors des secteurs affectés par le bruit lié aux infrastructures de transport terrestre figurant en annexe du présent PLU. 4. Les affouillements et exhaussements du sol directement liés ou nécessaires à une occupation du sol autorisée dans la zone ou aux fouilles archéologiques. 23 * se reporter au lexique pour la définition",totale,"Le passage interdit (sauf condition) l'implantation de nouvelles constructions sensibles (établissements d'enseignement, de santé, d'action sociale) dans les secteurs affectés par le bruit des infrastructures de transport terrestre. Il ne s'agit pas d'un simple rappel de l'isolement acoustique renforcé prévu par le classement sonore, mais d'une règle différente et autonome : une interdiction/restriction d'usage (localisation des constructions) fondée sur ce zonage, ce qui va au-delà de la simple application de l'arrêté de classement sonore. Cette règle relève bien du périmètre diagBruit car elle concerne l'implantation de bâtiments sensibles. La portée est spécifique à la zone réglementaire dans laquelle ce passage s'insère (zone dont le tableau de synthèse est mentionné).",prescription,opposable en conformité,autre,validé,False,,2026-08-26
82eeb21b6a85ba624ac13526596f3b2d,3_67246_reglement_20260409.pdf,règlement écrit,https://www.geoportail-urbanisme.gouv.fr/api/document/82eeb21b6a85ba624ac13526596f3b2d/files/67246_reglement_20260409.pdf,alinea,Article 1.2.,secteurs affectés par le bruit lié aux infrastructures de transport terrestre (annexe PLU),zone_specifique,"Les nouvelles constructions à destination d’établissements d'enseignement, de santé et d'action sociale à condition d’être situées en dehors des secteurs affectés par le bruit lié aux infrastructures de transport terrestre figurant en annexe du présent PLU.","…voquer la formation de terrains enclavés ou de terrains délaissés inconstructibles. Sont autorisés sous conditions les usages et affectations des sols, constructions et activités suivants : 2. Les constructions, mentionnées dans le tableau de synthèse comme « autorisées sous condition », à condition Les nouvelles constructions à destination d’établissements d'enseignement, de santé et d'action sociale à condition d’être situées en dehors des secteurs affectés par le bruit lié aux infrastructures de transport terrestre figurant en annexe du présent PLU. dans la zone ou aux fouilles archéologiques. 48 * se reporter au lexique pour la définition",forte,"Le passage n'est pas un simple renvoi à l'isolement acoustique standard du classement sonore : il crée une règle différente et plus stricte, à savoir l'interdiction pure et simple des nouvelles constructions d'établissements d'enseignement, de santé et d'action sociale dans les secteurs affectés par le bruit des infrastructures de transport terrestre, sauf à être situées en dehors de ces secteurs. C'est donc une règle autonome, retenue avec confiance forte car la règle est claire mais la portée géométrique exacte du secteur doit être vérifiée en annexe.",prescription,opposable en conformité,autre,validé,False,,2026-08-26
931dce441c11b4256949000dafed91f0,1_67248_orientations_amenagement_20240219.pdf,OAP,https://www.geoportail-urbanisme.gouv.fr/api/document/931dce441c11b4256949000dafed91f0/files/67248_orientations_amenagement_20240219.pdf,page,page 5,zone IIAU / zone IIAUX,zone_specifique,L'urbanisation des zones AU devra maintenir la plus grande partie des boisements existants et plus particulièrement ceux situés le long de l’Ehn et entre la zone IIAU: et la zone IIAUX afin de préserver un tampon végétal atténuant le bruit le long de la zone d'activités.,"3. ELEMENTS DE PAYSAGE A PRESERVER ET DE PLANTATIONS A CONSERVER : L'urbanisation des zones AU devra maintenir la plus grande partie des boisements existants et plus particulièrement ceux situés le long de l’Ehn et entre la zone IIAU: et la zone IIAUX afin de préserver un tampon végétal atténuant le bruit le long de la zone d'activités. L'urbanisation des zones d'extension à vocation économique comprendra la création d’une frange verte s'appuyant sur
les écrans végétaux existant, lorsqu'ils existent, en vue de leur bonne intégration paysagère.",forte,"Le passage impose de conserver les boisements existants entre deux zones spécifiques afin de préserver un tampon végétal atténuant le bruit provenant de la zone d'activités, ce qui constitue une règle autonome d'urbanisme (protection paysagère à fonction acoustique) distincte du classement sonore ou du PEB. La règle s'applique à une zone précise (limite entre IIAU et IIAUX), d'où portee_geometrique=zone_specifique.",prescription,opposable en compatibilité,lutte_bruit_existant,validé,True,élevée,2026-08-26
d9f1902e01d10dfb16b87041193ba1c5,1_67252_padd_20250623.pdf,PADD,https://www.geoportail-urbanisme.gouv.fr/api/document/d9f1902e01d10dfb16b87041193ba1c5/files/67252_padd_20250623.pdf,page,page 20,,administrative,"l t e e v rr ie it r o s i r i e m s. portants de vitalité et d’attractivité des Exploitations agricoles c D h o a n m n u p e rb ê r a t u r i n e n e c à a d l’ r u e a x c v t i t e l è la n re g s i e on La préservation, la valorisation et, dans certains Espace urbain existant cas, la reconquête de ce paysage s’imposent comme un objectif central du PADD. En effet, le Equipements publics paysage, le cadre de vie, le calme et la sérénité","…ORIENTATION STRATÉGIQUE n°7 Valoriser le paysage, le patrimoine et l’inscription du village dans son site • Le paysage, support de cadre de vie et de bien-être chez soi Le choix d’évolution Le paysage et le patrimoine représentent à la fois des valeurs sociétales majeures et des de la forme urbaine l t e e v rr ie it r o s i r i e m s. portants de vitalité et d’attractivité des Exploitations agricoles c D h o a n m n u p e rb ê r a t u r i n e n e c à a d l’ r u e a x c v t i t e l è la n re g s i e on La préservation, la valorisation et, dans certains Espace urbain existant cas, la reconquête de ce paysage s’imposent comme un objectif central du PADD. En effet, le Equipements publics paysage, le cadre de vie, le calme et la sérénité des lieux constituent des objectifs et des leviers Le choix d’une extension majeurs du devenir communal. urbaine qui préserve le caractère champêtre Le PADD définit, au travers des cartes autour du village historique présentées ci-contre, un ensemble d’objectifs devant permettre à Kurtzenhouse de re…",faible,"Le passage évoque le calme et la sérénité des lieux comme objectifs et leviers majeurs du devenir communal, ce qui relève de la préservation d'une ambiance sonore calme. Cependant l'extrait est très fragmenté (texte OCR mal découpé, mélangeant plusieurs listes de légendes cartographiques comme 'Exploitations agricoles', 'Espace urbain existant', 'Equipements publics') et ne formule pas de règle précise ni localisée, d'où une confiance faible.",recommandation,non opposable,preservation_zone_calme,validé,False,,2026-08-26
d9f1902e01d10dfb16b87041193ba1c5,2_67252_padd_20250623.pdf,PADD,https://www.geoportail-urbanisme.gouv.fr/api/document/d9f1902e01d10dfb16b87041193ba1c5/files/67252_padd_20250623.pdf,page,page 27,,administrative,"Le PADD prévoit de : conception. • Prendre en compte les nuisances sonores des infrastructures de transports, ceci en évitant notamment de localiser l’extension urbaine du Le très haut débit étant également celui de la 5G, le PADD village à proximité de la voie ferrée. prévoit de pouvoir déployer localement les solutions techniques • Prévenir et prendre en compte les risques de coulée de boue et d’érosion nécessaires.","…risques recensés en compte et être l’occasion de renforcer d’aujourd’hui, le déploiement généralisé d’un réseau de l’information et la sensibilisation des habitants à ces risques. fibres optiques, le PADD prévoit que l’ensemble des projets d’aménagement intègre d’ores et déjà ce déploiement dès leur Le PADD prévoit de : conception. • Prendre en compte les nuisances sonores des infrastructures de transports, ceci en évitant notamment de localiser l’extension urbaine du Le très haut débit étant également celui de la 5G, le PADD village à proximité de la voie ferrée. prévoit de pouvoir déployer localement les solutions techniques • Prévenir et prendre en compte les risques de coulée de boue et d’érosion nécessaires. des sols dans la partie ouest du ban communal. • Prendre en compte le passage de l’oléoduc Total Petrochemicals France. • D’assurer la mémoire de l’ancienne décharge et de souligner les précautions d’usages qui en découlent. • Prendre en compte la problématique de santé publique liée à l’épandages d…",forte,"Le PADD prévoit de prendre en compte les nuisances sonores des infrastructures de transport en évitant de localiser l'extension urbaine du village à proximité de la voie ferrée. Il s'agit d'une orientation d'urbanisation en lien avec le bruit, applicable à l'ensemble de la commune (pas de zone réglementaire précise identifiée), donc portée administrative.",recommandation,non opposable,lutte_bruit_existant,validé,False,,2026-08-26
d9f1902e01d10dfb16b87041193ba1c5,1_67252_reglement_20250623.pdf,règlement écrit,https://www.geoportail-urbanisme.gouv.fr/api/document/d9f1902e01d10dfb16b87041193ba1c5/files/67252_reglement_20250623.pdf,page,page 15,Secteur Uep/Uj/Up,zone_specifique,SECTEUR transformation d’établissements de constructions et les aménagements emprise au sol maximale cumulée de toute nature - qu’ils comportent ou destinés : 50 mètres carrés par rapport à celle Uj non des installations classées - s’il •aux équipements d'intérêt existante au moment de en résulte une augmentation collectif et services publics. l’approbation du PLU. significative des nuisances SECTEUR (notamment sonores et olfactives) • La création d’un abris récréatif dans ‣,"…celle existante au • Les affouillements et exhaussements moment de l’approbation du PLU. • SECTEUR du sol autres que : ceux liés aux occupations et utilisations du sol Uep admises dans la zone. • • La création, l’extension ou la • La création, l’extension de • La création d’abris ou annexes d’une ‣ SECTEUR transformation d’établissements de constructions et les aménagements emprise au sol maximale cumulée de toute nature - qu’ils comportent ou destinés : 50 mètres carrés par rapport à celle Uj non des installations classées - s’il •aux équipements d'intérêt existante au moment de en résulte une augmentation collectif et services publics. l’approbation du PLU. significative des nuisances SECTEUR (notamment sonores et olfactives) • La création d’un abris récréatif dans ‣ Up pour le voisinage, ainsi que des la limite d’une emprise au sol totale risques accrus pour la salubrité et la cumulée de 50 mètres carrés. ‣ • sécurité publique. • Les commerces, sous réserve que leur surface de vente soit inférieure à • La création, l’extension de 300 mètres carrés. ‣ édifiées à…",moyenne,"Le passage évoque la création/extension d'établissements de toute nature (y compris installations classées) qui pourrait être interdite s'il en résulte une augmentation significative des nuisances, notamment sonores, pour le voisinage, ainsi que des risques accrus pour la salubrité et la sécurité publique. C'est une règle autonome liée au bruit dans un contexte d'urbanisation (établissements, constructions), donc dans le périmètre diagBruit. La règle s'applique à un secteur réglementaire spécifique du PLU (Uep/Uj/Up), non à l'ensemble du document.",prescription,opposable en conformité,autre,validé,False,,2026-08-26
d9f1902e01d10dfb16b87041193ba1c5,2_67252_reglement_20250623.pdf,règlement écrit,https://www.geoportail-urbanisme.gouv.fr/api/document/d9f1902e01d10dfb16b87041193ba1c5/files/67252_reglement_20250623.pdf,page,page 21,,administrative,"pour les espaces extérieurs devra privilégier les tons clairs caractérisés par un albédo* élevé. • EMERGENCES • Les éléments techniques extérieurs liés aux constructions (centrales de traitement d’air, unités extérieures de pompes à chaleur, unités de climatisation, pompe de traitements des eaux de ACOUSTIQUES piscine, etc.) devront être traités de manière à limiter l’émergence acoustique. 19 KURTZENHOUSE","…ement de couverture pour isolation thermique, sont autorisés en saillies des toitures à condition que leur L’ADAPTATION • volumétrie s’insère harmonieusement dans le cadre bâti environnant. CLIMATIQUE • Dans le cadre de la lutte contre le phénomène d’îlots de chaleur, l’emploi de revêtements de sols pour les espaces extérieurs devra privilégier les tons clairs caractérisés par un albédo* élevé. • EMERGENCES • Les éléments techniques extérieurs liés aux constructions (centrales de traitement d’air, unités extérieures de pompes à chaleur, unités de climatisation, pompe de traitements des eaux de ACOUSTIQUES piscine, etc.) devront être traités de manière à limiter l’émergence acoustique. 19 KURTZENHOUSE PPRRAAGGMMAA traiteMent environneMental a u6 rticle et paysager des espaces U6 TRAITEMENT ENVIRONNEMENTAL ET PAYSAGER DES ESPACES PLT CBS DISPOSITION COEFFICIENT DE BIOTOPE PAR SURFACE (CBS) Coefficient de Coefficient de GÉNÉRALE surface en pleine biotope par ET SURFACE DE PLEINE TERRE (PLT) terre s…",totale,"Le passage impose une prescription limitant les émergences acoustiques des équipements techniques extérieurs liés aux constructions (climatisation, pompes à chaleur, etc.), ce qui relève directement du périmètre diagBruit (bâtiments). Aucune zone réglementaire spécifique n'étant mentionnée, la règle s'applique à l'ensemble du zonage couvert par le document.",prescription,opposable en conformité,lutte_bruit_existant,validé,False,,2026-08-26
d9f1902e01d10dfb16b87041193ba1c5,3_67252_reglement_20250623.pdf,règlement écrit,https://www.geoportail-urbanisme.gouv.fr/api/document/d9f1902e01d10dfb16b87041193ba1c5/files/67252_reglement_20250623.pdf,alinea,Article AU1,,administrative,"une augmentation significative des nuisances (notamment sonores et • Les secteurs 2AUh, 2AUp et 2AUs sont SECTEURS olfactives) pour le voisinage, ainsi que inconstructibles. Leur constructibilité des risques accrus pour la salubrité et la 2AUh implique, par une procédure adaptée sécurité publique. (telle une modification ou une révision du PLU), 2AUp leur versement en secteurs 1AUh, 2AUs 1AUp et 1AUs respectivement.","…l’extension ou la • aux activités des secteurs surface de vente soit inférieure à 300 mètres carrés. transformation d’établissements de secondaire ou tertiaire (industrie, toute nature - qu’ils comportent ou non entrepôt, bureau) ; des installations classées - s’il en résulte • activités de service. une augmentation significative des nuisances (notamment sonores et • Les secteurs 2AUh, 2AUp et 2AUs sont SECTEURS olfactives) pour le voisinage, ainsi que inconstructibles. Leur constructibilité des risques accrus pour la salubrité et la 2AUh implique, par une procédure adaptée sécurité publique. (telle une modification ou une révision du PLU), 2AUp leur versement en secteurs 1AUh, 2AUs 1AUp et 1AUs respectivement. Cependant, y sont autorisés les équipements d’infrastructure d'intérêt collectif et services publics. • Les affouillements et exhaussements du • La création ou l’extension de • La création, l’extension ou la sol autres que : ceux liés aux constructions destinées aux transformation d’établissements d…",moyenne,"Le passage conditionne l'extension ou la transformation d'établissements (industrie, entrepôt, bureau, activités de service) au fait qu'il n'en résulte pas une augmentation significative des nuisances notamment sonores pour le voisinage. Cette règle concerne bien des bâtiments/activités et non une infrastructure de transport, elle est donc retenue avec une confiance correcte, bien que l'extrait soit un peu coupé du fait du découpage automatique.",prescription,opposable en conformité,lutte_bruit_existant,validé,False,,2026-08-26
d9f1902e01d10dfb16b87041193ba1c5,4_67252_reglement_20250623.pdf,règlement écrit,https://www.geoportail-urbanisme.gouv.fr/api/document/d9f1902e01d10dfb16b87041193ba1c5/files/67252_reglement_20250623.pdf,alinea,Article AU1,1AUp,zone_specifique,"admises dans la zone. services publics. non des installations classées – s’il en SECTEUR résulte une augmentation significative 1AUp des nuisances, sous condition de mettre en place des dispositifs de protection acoustiques au droit des habitations riveraines KURTZENHOUSE 23","…affouillements et exhaussements du • La création ou l’extension de • La création, l’extension ou la sol autres que : ceux liés aux constructions destinées aux transformation d’établissements de occupations et utilisations du sol équipements d'intérêt collectif et toute nature - qu’ils comportent ou admises dans la zone. services publics. non des installations classées – s’il en SECTEUR résulte une augmentation significative 1AUp des nuisances, sous condition de mettre en place des dispositifs de protection acoustiques au droit des habitations riveraines KURTZENHOUSE 23 PPRRAAGGMMAA a au2 iMplantation des constructions rticle AU2a ALIGNEMENT PAR RAPPORT AUX VOIES ET EMPRISES PUBLIQUES SECTEUR • L’implantation des constructions respectera un retrait minimum de 3 mètres par rapport à l’emprise des voies publiques. 1AUh • • SECTEURS • • 1AUe • L’implantation des const…",moyenne,"Le passage impose, dans le secteur 1AUp, la mise en place de dispositifs de protection acoustique au droit des habitations riveraines en cas d'augmentation significative des nuisances liées à la création/extension d'établissements de toute nature. C'est une règle autonome liée au bruit qui concerne directement la protection des bâtiments (habitations riveraines), donc pleinement dans le périmètre diagBruit. Le texte est cependant mal structuré (tableau éclaté par l'extraction PDF), ce qui limite la clarté de la citation.",prescription,opposable en conformité,autre,validé,False,,2026-08-26
d9f1902e01d10dfb16b87041193ba1c5,5_67252_reglement_20250623.pdf,règlement écrit,https://www.geoportail-urbanisme.gouv.fr/api/document/d9f1902e01d10dfb16b87041193ba1c5/files/67252_reglement_20250623.pdf,alinea,Article AU5,1AUp,zone_specifique,"dans le secteur 1AUp : • Par exception aux règles ci-dessus, les dispositifs de protection acoustiques (de type mur anti-bruit) valant clôture sont autorisés. Dans ce cas, ces dispositifs doivent être d’une hauteur inférieure à 4,5 mètres.","…, au droit du secteur Anc les limites séparatives seront constituées d’une haie vive « anti-dérive des produits phytosanitaires » d’au-moins 5 mètres de largeur. Cette mesure s’applique à tous les équipements de santé, les équipements scolaires, péri-scolaires, les équipements d’accueil de la petite dans le secteur 1AUp : • Par exception aux règles ci-dessus, les dispositifs de protection acoustiques (de type mur anti-bruit) valant clôture sont autorisés. Dans ce cas, ces dispositifs doivent être d’une hauteur inférieure à 4,5 mètres. essences. Leur nature peut être nourricière ou esthétique et privilégier : ESSENCES • une approche plus naturelle qui favorise les plantes champêtres mixtes ou mélangées composées d’essences VÉGÉTALES indigènes (voir tableau Palette végétale d'essences indigène en annexe 4). • De façon générale, tou…",totale,"Le passage autorise, dans le secteur 1AUp, des dispositifs de protection acoustique (murs anti-bruit) en lieu et place des haies imposées comme clôture, avec une limite de hauteur de 4,5 mètres. Il s'agit d'une règle autonome d'urbanisme concernant l'aménagement des clôtures/protections acoustiques des projets, sans lien avec le classement sonore ou le PEB, donc pleinement dans le périmètre diagBruit.",prescription,opposable en conformité,autre,validé,False,,2026-08-26
d9f1902e01d10dfb16b87041193ba1c5,6_67252_reglement_20250623.pdf,règlement écrit,https://www.geoportail-urbanisme.gouv.fr/api/document/d9f1902e01d10dfb16b87041193ba1c5/files/67252_reglement_20250623.pdf,alinea,Article AU5,,administrative,"extérieures de pompes à chaleur, unités de climatisation, pompe de traitements des eaux de piscine, etc) ACOUSTIQUES devront être traités de manière à limiter l’émergence acoustique. 28 Plan Local d’Urbanisme - Règlement","…le cadre de la lutte contre le phénomène d’îlots de chaleur, l’emploi de revêtements de sols pour les espaces extérieurs devra privilégier les tons clairs caractérisés par un albédo* élevé. EMERGENCES • Les éléments techniques extérieurs liés aux constructions (centrales de traitement d’air, unités extérieures de pompes à chaleur, unités de climatisation, pompe de traitements des eaux de piscine, etc) ACOUSTIQUES devront être traités de manière à limiter l’émergence acoustique. 28 Plan Local d’Urbanisme - Règlement traiteMent environneMental a au6 rticle et paysager des espaces AU6 TRAITEMENT ENVIRONNEMENTAL ET PAYSAGER DES ESPACES PLT CBS DISPOSITION COEFFICIENT DE BIOTOPE PAR SURFACE (CBS) Coefficient de Coefficient de GÉNÉRALE surface en pleine biotope par ET SURFACE DE PLEINE TERRE (PLT) terre surface SECT…",totale,"Le passage impose que les équipements techniques extérieurs liés aux constructions (climatisation, pompes à chaleur, traitement d'eau de piscine) soient traités pour limiter l'émergence acoustique. Il s'agit d'une règle autonome de limitation des nuisances sonores générées par les bâtiments, relevant du périmètre diagBruit, applicable de façon générale sans zone spécifique mentionnée.",prescription,opposable en conformité,autre,validé,False,,2026-08-26
d9f1902e01d10dfb16b87041193ba1c5,7_67252_reglement_20250623.pdf,règlement écrit,https://www.geoportail-urbanisme.gouv.fr/api/document/d9f1902e01d10dfb16b87041193ba1c5/files/67252_reglement_20250623.pdf,alinea,Article AU5,,administrative,"protégées du rayonnement solaire direct en été -, compactes, très isolées, mettant en L’ADAPTATION oeuvre des systèmes énergétiques efficaces et utilisant les énergies renouvelables. CLIMATIQUE EMERGENCES • Les éléments techniques extérieurs liés au bâtiment (centrales de traitement d’air, unités extérieures de pompes à chaleur, unités de climatisation…) devront être traités ACOUSTIQUES de manière à limiter l’émergence acoustique.","…a place des haies et alignements d’arbres dans la structure paysagère des espaces. DISPOSITIFS FAVORISANT LES ÉCONOMIES • La conception bioclimatique est recommandée pour les nouvelles constructions : des D’ÉNERGIE ET constructions bien orientées - bénéficiant d’apports solaires gratuits en hiver et protégées du rayonnement solaire direct en été -, compactes, très isolées, mettant en L’ADAPTATION oeuvre des systèmes énergétiques efficaces et utilisant les énergies renouvelables. CLIMATIQUE EMERGENCES • Les éléments techniques extérieurs liés au bâtiment (centrales de traitement d’air, unités extérieures de pompes à chaleur, unités de climatisation…) devront être traités ACOUSTIQUES de manière à limiter l’émergence acoustique. traiteMent environneMental a a6 rticle et paysager des espaces A6 TRAITEMENT ENVIRONNEMENTAL ET PAYSAGER DES ESPACES • Les constructions et aménagements veilleront à limiter leur impact sur l’imperméabilisation des sols et à favoriser la circulation de la biodiversité. Ensemble de la ZONE A • Dans l…",totale,"Le passage prescrit que les éléments techniques extérieurs liés aux bâtiments (climatisation, pompes à chaleur, etc.) doivent être traités pour limiter l'émergence acoustique. Il s'agit d'une règle autonome relative au bruit émis par les équipements des bâtiments, applicable à l'ensemble des constructions du document sans zone spécifique mentionnée.",prescription,opposable en conformité,lutte_bruit_existant,validé,False,,2026-08-26
d9f1902e01d10dfb16b87041193ba1c5,8_67252_reglement_20250623.pdf,règlement écrit,https://www.geoportail-urbanisme.gouv.fr/api/document/d9f1902e01d10dfb16b87041193ba1c5/files/67252_reglement_20250623.pdf,alinea,Article AU5,,administrative,"CLIMATIQUE EMERGENCES • Les éléments techniques extérieurs liés au bâtiment (centrales de traitement d’air, unités extérieures de pompes à chaleur, unités de climatisation…) devront être traités ACOUSTIQUES de manière à limiter l’émergence acoustique. 37 KURTZENHOUSE","…elles : des ÉCONOMIES D’ÉNERGIE constructions bien orientées - bénéficiant d’apports solaires gratuits en hiver et protégées du rayonnement solaire direct en été -, compactes, très isolées, mettant en ET L’ADAPTATION oeuvre des systèmes énergétiques efficaces et utilisant les énergies renouvelables. CLIMATIQUE EMERGENCES • Les éléments techniques extérieurs liés au bâtiment (centrales de traitement d’air, unités extérieures de pompes à chaleur, unités de climatisation…) devront être traités ACOUSTIQUES de manière à limiter l’émergence acoustique. 37 KURTZENHOUSE PPRRAAGGMMAA traiteMent environneMental a n6 rticle et paysager des espaces N6 BIODIVERSITÉ Ensemble • Dans les sites identifiés au plan de zonage au titre de l’article L.151-23 du code de l’urbanisme, de la ZONE N la gestion des espaces doit être réalisée de manière à garantir la préservation et la…",totale,"Le passage impose que les équipements techniques extérieurs des bâtiments (climatisation, pompes à chaleur, etc.) soient traités pour limiter l'émergence acoustique. C'est une règle autonome de lutte contre le bruit liée à la construction de bâtiments, applicable de manière générale sans zone spécifique mentionnée.",prescription,opposable en conformité,lutte_bruit_existant,validé,False,,2026-08-26
8ae18694b57b473bb4461d1d66380731,1_67261_reglement_20250505.pdf,règlement écrit,https://www.geoportail-urbanisme.gouv.fr/api/document/8ae18694b57b473bb4461d1d66380731/files/67261_reglement_20250505.pdf,page,page 15,,zone_specifique,"nuisances (notamment sonores et cumulée de 1500 mètres carrés par dessus, des constructions peuvent être SECTEUR olfactives) pour le voisinage, ainsi rapport à celle existante au moment Ut q sa u l e u b d r e it s é r e is t q la u e s s é c a u c r c it r é u s p u p b o l u iq r u la e . • L co a n c s r t é r a u t c io ti n o , n l s ’e e x t t e le n s s i a o m n é d n e a gements de l’approbation du PLU. Voir les schémas en grand format en annexe é sé d p ifi a é r e a s ti v à e m s d o…","…ts de toute nature - commerces, de restaurants, qu’ils comportent ou non des équipements sanitaires, de sports et installations classées - s’il en résulte de détente dans la limite d’une une augmentation significative des emprise au sol supplémentaire totale • En dérogation des alinéas présentés ci- nuisances (notamment sonores et cumulée de 1500 mètres carrés par dessus, des constructions peuvent être SECTEUR olfactives) pour le voisinage, ainsi rapport à celle existante au moment Ut q sa u l e u b d r e it s é r e is t q la u e s s é c a u c r c it r é u s p u p b o l u iq r u la e . • L co a n c s r t é r a u t c io ti n o , n l s ’e e x t t e le n s s i a o m n é d n e a gements de l’approbation du PLU. Voir les schémas en grand format en annexe é sé d p ifi a é r e a s ti v à e m s d o… destinés : • L se e r s v i l c o e g s e m lié e s n a ts u x d e é q fo u n ip c e ti m on e n o t u s de SECTEUR présentées ci-contre. • aux équipements d'intérêt • Les constructions sont libres d’implantation. collectif et services publics.. présents sur le site. Ui • Les équipements sportifs de…",faible,"Le passage, très mal segmenté par l'extraction PDF, évoque des constructions pouvant être autorisées en dérogation si elles ne génèrent pas de nuisances (notamment sonores et olfactives) significatives pour le voisinage, sous réserve de rester dans une limite d'emprise au sol supplémentaire. Il s'agit d'une règle propre au document d'urbanisme (pas un renvoi au classement sonore ou au PEB), concernant potentiellement des bâtiments (commerces, restaurants, équipements sportifs). La formulation est cependant très fragmentée et peu claire en raison du découpage OCR défaillant.",prescription,opposable en conformité,autre,validé,False,,2026-08-26
8ae18694b57b473bb4461d1d66380731,2_67261_reglement_20250505.pdf,règlement écrit,https://www.geoportail-urbanisme.gouv.fr/api/document/8ae18694b57b473bb4461d1d66380731/files/67261_reglement_20250505.pdf,page,page 16,,zone_specifique,"nuisances (notamment sonores et cumulée de 1500 mètres carrés par dessus, des constructions peuvent être SECTEUR olfactives) pour le voisinage, ainsi rapport à celle existante au moment","…ts de toute nature - commerces, de restaurants, qu’ils comportent ou non des équipements sanitaires, de sports et installations classées - s’il en résulte de détente dans la limite d’une une augmentation significative des emprise au sol supplémentaire totale • En dérogation des alinéas présentés ci- nuisances (notamment sonores et cumulée de 1500 mètres carrés par dessus, des constructions peuvent être SECTEUR olfactives) pour le voisinage, ainsi rapport à celle existante au moment destinés : • L se e r s v i l c o e g s e m lié e s n a ts u x d e é q fo u n ip c e ti m on e n o t u s de SECTEUR présentées ci-contre. • aux équipements d'intérêt • Les constructions sont libres d’implantation. collectif et services publics.. présents sur le site. Ui • Les équipements sportifs de…",faible,"Le texte, très mal découpé par l'OCR, mentionne une limitation des constructions générant des nuisances notamment sonores et olfactives pour le voisinage dans un secteur donné, avec une limite d'emprise au sol supplémentaire. C'est une règle autonome d'urbanisme (limitation d'activités bruyantes vis-à-vis du voisinage) distincte du classement sonore des infrastructures, mais l'extrait est fortement corrompu par le désordre du PDF, rendant la formulation peu claire.",prescription,opposable en conformité,autre,validé,False,,2026-08-26
8ae18694b57b473bb4461d1d66380731,3_67261_reglement_20250505.pdf,règlement écrit,https://www.geoportail-urbanisme.gouv.fr/api/document/8ae18694b57b473bb4461d1d66380731/files/67261_reglement_20250505.pdf,page,page 17,,zone_specifique,"nuisances (notamment sonores et cumulée de 1500 mètres carrés par dessus, des constructions peuvent être SECTEUR olfactives) pour le voisinage, ainsi rapport à celle existante au moment","…ts de toute nature - commerces, de restaurants, qu’ils comportent ou non des équipements sanitaires, de sports et installations classées - s’il en résulte de détente dans la limite d’une une augmentation significative des emprise au sol supplémentaire totale • En dérogation des alinéas présentés ci- nuisances (notamment sonores et cumulée de 1500 mètres carrés par dessus, des constructions peuvent être SECTEUR olfactives) pour le voisinage, ainsi rapport à celle existante au moment destinés : • L se e r s v i l c o e g s e m lié e s n a ts u x d e é q fo u n ip c e ti m on e n o t u s de SECTEUR présentées ci-contre. • aux équipements d'intérêt • Les constructions sont libres d’implantation. collectif et services publics.. présents sur le site. Ui • Les équipements sportifs de…",faible,"Le texte, très dégradé par l'extraction OCR, mentionne une limitation liée aux nuisances notamment sonores et olfactives pour le voisinage concernant des extensions/aménagements de constructions existantes (commerces, restaurants, sports) dans un secteur donné, avec une limite d'augmentation d'emprise au sol de 1500 m². Il s'agit d'une règle autonome du document d'urbanisme (pas un renvoi au classement sonore ou au PEB), mais le texte est tellement fragmenté que la formulation exacte de la prescription reste incertaine.",prescription,opposable en conformité,autre,validé,False,,2026-08-26
8ae18694b57b473bb4461d1d66380731,4_67261_reglement_20250505.pdf,règlement écrit,https://www.geoportail-urbanisme.gouv.fr/api/document/8ae18694b57b473bb4461d1d66380731/files/67261_reglement_20250505.pdf,page,page 18,Ue,administrative,"d’établissements de toute nature - commerces, de restaurants, qu’ils comportent ou non des équipements sanitaires, de sports et installations classées - s’il en résulte de détente dans la limite d’une une augmentation significative des emprise au sol supplémentaire totale • En dérogation des alinéas présentés ci- nuisances (notamment sonores et cumulée de 1500 mètres carrés par dessus, des constructions peuvent être","…r les schémas en grand format en annexe des mesures compensatoires de au moment de l’approbation du PLU. développement de la biodiversité. • Les équipements sportifs et de loisirs de plein air. • Excepté en secteur Ue, la création, l’extension ou la transformation • La construction ou l’extension de d’établissements de toute nature - commerces, de restaurants, qu’ils comportent ou non des équipements sanitaires, de sports et installations classées - s’il en résulte de détente dans la limite d’une une augmentation significative des emprise au sol supplémentaire totale • En dérogation des alinéas présentés ci- nuisances (notamment sonores et cumulée de 1500 mètres carrés par dessus, des constructions peuvent être SECTEUR olfactives) pour le voisinage, ainsi rapport à celle existante au moment Ut q sa u l e u b d r e it s é r e is t q la u e s s é c a u c r c it r é u s p u p b o l u iq r u la e . • L co a n c s r t é r a u t c io ti n o , n l s ’e e x t t e le n s s i a o m n é d n e a gements de l’approbati…",moyenne,"Le passage encadre la création, l'extension ou la transformation d'établissements (commerces, restaurants, sports/loisirs) en limitant l'augmentation d'emprise au sol si cela entraîne une augmentation significative des nuisances, notamment sonores, pour le voisinage. Il s'agit d'une règle autonome liée au bruit qui vise à protéger le voisinage des nuisances sonores générées par ces activités, indépendamment du classement sonore des voies ou du PEB. Le texte est cependant assez confus et fragmenté (mélange de plusieurs alinéas et exceptions), ce qui réduit la clarté de l'extrait.",prescription,opposable en conformité,autre,validé,False,,2026-08-26
8ae18694b57b473bb4461d1d66380731,5_67261_reglement_20250505.pdf,règlement écrit,https://www.geoportail-urbanisme.gouv.fr/api/document/8ae18694b57b473bb4461d1d66380731/files/67261_reglement_20250505.pdf,page,page 20,,administrative,"CLIMATIQUE pour isolation thermique, sont autorisés en saillies des toitures à condition que leur volumétrie s’insère harmonieusement dans le cadre bâti environnant. Ensemble • En cas de dépassement de la hauteur maximale définie EMERGENCES • Les éléments techniques extérieurs liés au bâtiment (centrales de traitement d’air, unités extérieures de de la - pour chacun des secteurs par une construction existante, ACOUSTIQUES pompes à chaleur, unités de climatisation) devront être traités de manière…","…surée en tous points par rapport au D’ÉNERGIE ET • Les dispositifs destinés à économiser de l’énergie ou à produire de l’énergie renouvelable dans les Utp terrain naturel préexistant. L’ADAPTATION constructions, tels que panneaux solaires, éoliennes, toitures végétalisées, rehaussement de couverture CLIMATIQUE pour isolation thermique, sont autorisés en saillies des toitures à condition que leur volumétrie s’insère harmonieusement dans le cadre bâti environnant. Ensemble • En cas de dépassement de la hauteur maximale définie EMERGENCES • Les éléments techniques extérieurs liés au bâtiment (centrales de traitement d’air, unités extérieures de de la - pour chacun des secteurs par une construction existante, ACOUSTIQUES pompes à chaleur, unités de climatisation) devront être traités de manière… la hauteur des extensions de cette dernière pourra être zone U inférieure ou égale à celle de la construction agrandie. Secteur Ue A D M E É S N C A L G Ô E T M U E R N E T S S • Dans le cas de dépôts de matériaux, ceux-ci seront rendus invisible ou faiblement visible depuis le domaine 18 ET DES ABO…",forte,"Le passage impose que les éléments techniques extérieurs liés au bâtiment (centrales de traitement d'air, pompes à chaleur, climatisation) soient traités pour limiter l'émergence acoustique. C'est une prescription autonome de limitation de nuisance sonore générée par les équipements des bâtiments, distincte du classement sonore ou du PEB, applicable semble-t-il à l'ensemble du zonage sans restriction géographique précisée.",prescription,opposable en conformité,autre,validé,False,,2026-08-26
8ae18694b57b473bb4461d1d66380731,6_67261_reglement_20250505.pdf,règlement écrit,https://www.geoportail-urbanisme.gouv.fr/api/document/8ae18694b57b473bb4461d1d66380731/files/67261_reglement_20250505.pdf,page,page 21,Ue,administrative,"L’ADAPTATION tels que panneaux solaires, éoliennes, toitures végétalisées, rehaussement de couverture pour isolation CLIMATIQUE thermique, sont autorisés en saillies des toitures à condition que leur volumétrie s’insère harmonieusement dans le cadre bâti environnant. EMERGENCES • Les éléments techniques extérieurs liés au bâtiment (centrales de traitement d’air, unités extérieures de pompes à ACOUSTIQUES chaleur, unités de climatisation) devront être traités de manière à limiter l’émergence acou…","…rayonnement solaire direct en été ‐, compactes, très isolées, mettant en oeuvre des systèmes LES ÉCONOMIES énergétiques efficaces et utilisant les énergies renouvelables. D’ÉNERGIE ET • Les dispositifs destinés à économiser de l’énergie ou à produire de l’énergie renouvelable dans les constructions, L’ADAPTATION tels que panneaux solaires, éoliennes, toitures végétalisées, rehaussement de couverture pour isolation CLIMATIQUE thermique, sont autorisés en saillies des toitures à condition que leur volumétrie s’insère harmonieusement dans le cadre bâti environnant. EMERGENCES • Les éléments techniques extérieurs liés au bâtiment (centrales de traitement d’air, unités extérieures de pompes à ACOUSTIQUES chaleur, unités de climatisation) devront être traités de manière à limiter l’émergence acou… Secteur Ue AMÉNAGEMENTS • Dans le cas de dépôts de matériaux, ceux‐ci seront rendus invisible ou faiblement visible depuis le domaine public par DES CLÔTURES ET la plantation adaptée d’arbres, haies ou bosquets. DES ABORDS 19 LAUTERBOURG",totale,"Le passage impose que les éléments techniques extérieurs liés au bâtiment (climatiseurs, pompes à chaleur, centrales de traitement d'air) soient traités pour limiter l'émergence acoustique. Il s'agit d'une règle autonome liée au bruit, concernant directement les bâtiments (nuisances sonores générées par leurs équipements techniques), donc bien dans le périmètre diagBruit. Aucune limite spatiale spécifique n'étant précisée dans le passage lui-même (le secteur Ue apparaît seulement dans le contexte après, associé à un autre sujet), la règle semble s'appliquer plus largement dans le document.",prescription,opposable en conformité,autre,validé,False,,2026-08-26
8ae18694b57b473bb4461d1d66380731,7_67261_reglement_20250505.pdf,règlement écrit,https://www.geoportail-urbanisme.gouv.fr/api/document/8ae18694b57b473bb4461d1d66380731/files/67261_reglement_20250505.pdf,alinea,Article au1,1AUte,zone_specifique,"toute nature - qu’ils comportent ou collectif et services publics. établissement d’hébergement 1AUh non des installations classées - s’il touristique et que la surface de 1AUp en résulte une augmentation plancher dédiée ne dépasse pas 100 significative des nuisances mètres carrés . (notamment sonores et olfactives) pour le voisinage, ainsi que des • La création, l’extension de • L’habitat dans la limite d’un logement","…es secteurs 1AUte admises dans la zone. l’hébergement hôtelier et inférieure à 150 mètres carrés. Uh et Ur. touristique. • La création, l’extension ou la • Les activités de commerces à la SECTEURS transformation d’établissements de • aux équipements d'intérêt condition qu’elles soient intégrées à un toute nature - qu’ils comportent ou collectif et services publics. établissement d’hébergement 1AUh non des installations classées - s’il touristique et que la surface de 1AUp en résulte une augmentation plancher dédiée ne dépasse pas 100 significative des nuisances mètres carrés . (notamment sonores et olfactives) pour le voisinage, ainsi que des • La création, l’extension de • L’habitat dans la limite d’un logement risques accrus pour la salubrité et la constructions et les aménagements par unité foncière sous réserve que la sécurité publique. destinés : construction de ce dernier soit SECTEUR intégrée au bâtiment principal de •aux équipements d'intérêt l’entreprise, ceci dans la limite d’une 1AUe collectif et…",forte,"Le passage évoque la création, l'extension ou la transformation d'établissements dont il pourrait résulter une augmentation significative des nuisances sonores et olfactives pour le voisinage, ce qui est une restriction liée au bruit encadrant l'implantation de constructions dans le secteur 1AUte. C'est une règle autonome distincte du classement sonore ou du PEB.",prescription,opposable en conformité,autre,validé,False,,2026-08-26
8ae18694b57b473bb4461d1d66380731,8_67261_reglement_20250505.pdf,règlement écrit,https://www.geoportail-urbanisme.gouv.fr/api/document/8ae18694b57b473bb4461d1d66380731/files/67261_reglement_20250505.pdf,alinea,Article au2,1AUte / secteurs concernés,zone_specifique,"toute nature - qu’ils comportent ou collectif et services publics. établissement d’hébergement 1AUh non des installations classées - s’il touristique et que la surface de 1AUp en résulte une augmentation plancher dédiée ne dépasse pas 100 significative des nuisances mètres carrés . (notamment sonores et olfactives) pour le voisinage, ainsi que des • La création, l’extension de • L’habitat dans la limite d’un logement","…es secteurs 1AUte admises dans la zone. l’hébergement hôtelier et inférieure à 150 mètres carrés. Uh et Ur. touristique. • La création, l’extension ou la • Les activités de commerces à la SECTEURS transformation d’établissements de • aux équipements d'intérêt condition qu’elles soient intégrées à un toute nature - qu’ils comportent ou collectif et services publics. établissement d’hébergement 1AUh non des installations classées - s’il touristique et que la surface de 1AUp en résulte une augmentation plancher dédiée ne dépasse pas 100 significative des nuisances mètres carrés . (notamment sonores et olfactives) pour le voisinage, ainsi que des • La création, l’extension de • L’habitat dans la limite d’un logement risques accrus pour la salubrité et la constructions et les aménagements par unité foncière sous réserve que la sécurité publique. destinés : construction de ce dernier soit SECTEUR intégrée au bâtiment principal de •aux équipements d'intérêt l’entreprise, ceci dans la limite d’une 1AUe collectif et…",forte,"Le passage mentionne que la création, l'extension ou la transformation d'établissements est conditionnée à l'absence d'augmentation significative des nuisances (notamment sonores) pour le voisinage. Cette règle concerne des bâtiments/activités et leur impact sonore sur le voisinage, ce qui relève du périmètre diagBruit. Elle s'applique à une zone spécifique identifiée dans le règlement.",prescription,opposable en conformité,autre,validé,False,,2026-08-26
8ae18694b57b473bb4461d1d66380731,9_67261_reglement_20250505.pdf,règlement écrit,https://www.geoportail-urbanisme.gouv.fr/api/document/8ae18694b57b473bb4461d1d66380731/files/67261_reglement_20250505.pdf,alinea,Article au2,,administrative,"toute nature - qu’ils comportent ou collectif et services publics. établissement d’hébergement 1AUh non des installations classées - s’il touristique et que la surface de 1AUp en résulte une augmentation plancher dédiée ne dépasse pas 100 significative des nuisances mètres carrés . (notamment sonores et olfactives) pour le voisinage, ainsi que des • La création, l’extension de • L’habitat dans la limite d’un logement","…es secteurs 1AUte admises dans la zone. l’hébergement hôtelier et inférieure à 150 mètres carrés. Uh et Ur. touristique. • La création, l’extension ou la • Les activités de commerces à la SECTEURS transformation d’établissements de • aux équipements d'intérêt condition qu’elles soient intégrées à un toute nature - qu’ils comportent ou collectif et services publics. établissement d’hébergement 1AUh non des installations classées - s’il touristique et que la surface de 1AUp en résulte une augmentation plancher dédiée ne dépasse pas 100 significative des nuisances mètres carrés . (notamment sonores et olfactives) pour le voisinage, ainsi que des • La création, l’extension de • L’habitat dans la limite d’un logement risques accrus pour la salubrité et la constructions et les aménagements par unité foncière sous réserve que la sécurité publique. destinés : construction de ce dernier soit SECTEUR intégrée au bâtiment principal de •aux équipements d'intérêt l’entreprise, ceci dans la limite d’une 1AUe collectif et…",forte,"Le passage mentionne une condition liée à l'absence d'augmentation significative des nuisances sonores et olfactives pour le voisinage, s'appliquant à la création, l'extension ou la transformation d'établissements de toute nature. C'est une règle générale conditionnant l'admission d'activités dans les zones concernées, en lien avec le bruit généré vers le voisinage, donc dans le périmètre diagBruit.",prescription,opposable en conformité,autre,validé,False,,2026-08-26
8ae18694b57b473bb4461d1d66380731,10_67261_reglement_20250505.pdf,règlement écrit,https://www.geoportail-urbanisme.gouv.fr/api/document/8ae18694b57b473bb4461d1d66380731/files/67261_reglement_20250505.pdf,alinea,Article au3,,administrative,"autorisés en saillies des toitures à condition que leur volumétrie s’insère harmonieusement dans le cadre bâti environnant. • Les éléments techniques extérieurs liés au bâtiment (centrales de traitement d’air, EMERGENCES ACOUSTIQUES unités extérieures de pompes à chaleur, unités de climatisation) devront être traités 26 de manière à limiter l’émergence acoustique. Plan local d’Urbanisme - règlement 5","…s renouvelables. ÉCONOMIES D’ÉNERGIE ET • Les dispositifs destinés à économiser de l’énergie ou à produire de l’énergie L’ADAPTATION CLIMATIQUE renouvelable dans les constructions, tels que panneaux solaires, éoliennes, toitures végétalisées, rehaussement de couverture pour isolation thermique, sont autorisés en saillies des toitures à condition que leur volumétrie s’insère harmonieusement dans le cadre bâti environnant. • Les éléments techniques extérieurs liés au bâtiment (centrales de traitement d’air, EMERGENCES ACOUSTIQUES unités extérieures de pompes à chaleur, unités de climatisation) devront être traités 26 de manière à limiter l’émergence acoustique. Plan local d’Urbanisme - règlement 5 article au4 stationneMent ARCHITECTURE ET PAYSAGE AU3 TOITURES HAUTEURS AU4 DESTINATION STATIONNEMENT AU5 INTÉGRATION ARCHITECTURALE ET PAYSAGÈRE DES PROJETS Les toitures doivent comprendre : Véhicules motorisés : • Les constructions, par leur situation, leur architecture, leur dimension ou leur • A…",totale,"Le règlement impose que les équipements techniques extérieurs liés aux bâtiments (climatisation, pompes à chaleur, centrales de traitement d'air) soient traités pour limiter leur émergence acoustique. Il s'agit d'une prescription autonome relative aux constructions, dans le périmètre de diagBruit, applicable de manière générale sans zone spécifique mentionnée.",prescription,opposable en conformité,lutte_bruit_existant,validé,False,,2026-08-26
8ae18694b57b473bb4461d1d66380731,11_67261_reglement_20250505.pdf,règlement écrit,https://www.geoportail-urbanisme.gouv.fr/api/document/8ae18694b57b473bb4461d1d66380731/files/67261_reglement_20250505.pdf,alinea,Article au4,,administrative,"autorisés en saillies des toitures à condition que leur volumétrie s’insère harmonieusement dans le cadre bâti environnant. • Les éléments techniques extérieurs liés au bâtiment (centrales de traitement d’air, EMERGENCES ACOUSTIQUES unités extérieures de pompes à chaleur, unités de climatisation) devront être traités 27 de manière à limiter l’émergence acoustique. LAUTERBOURG 5","…s renouvelables. ÉCONOMIES D’ÉNERGIE ET • Les dispositifs destinés à économiser de l’énergie ou à produire de l’énergie L’ADAPTATION CLIMATIQUE renouvelable dans les constructions, tels que panneaux solaires, éoliennes, toitures végétalisées, rehaussement de couverture pour isolation thermique, sont autorisés en saillies des toitures à condition que leur volumétrie s’insère harmonieusement dans le cadre bâti environnant. • Les éléments techniques extérieurs liés au bâtiment (centrales de traitement d’air, EMERGENCES ACOUSTIQUES unités extérieures de pompes à chaleur, unités de climatisation) devront être traités 27 de manière à limiter l’émergence acoustique. LAUTERBOURG 5 PPRRAAGGMMAA",totale,"Le passage impose une prescription concernant les équipements techniques extérieurs des bâtiments (climatisation, pompes à chaleur, centrales de traitement d'air) qui devront limiter leur émergence acoustique. C'est une règle autonome liée au bruit, applicable aux constructions, sans lien avec le classement sonore ou le PEB. Aucune limite spatiale spécifique n'étant précisée, la règle est considérée comme s'appliquant à l'ensemble du document.",prescription,opposable en conformité,autre,validé,False,,2026-08-26
8ae18694b57b473bb4461d1d66380731,12_67261_reglement_20250505.pdf,règlement écrit,https://www.geoportail-urbanisme.gouv.fr/api/document/8ae18694b57b473bb4461d1d66380731/files/67261_reglement_20250505.pdf,alinea,Article au5,,administrative,"autorisés en saillies des toitures à condition que leur volumétrie s’insère harmonieusement dans le cadre bâti environnant. • Les éléments techniques extérieurs liés au bâtiment (centrales de traitement d’air, EMERGENCES ACOUSTIQUES unités extérieures de pompes à chaleur, unités de climatisation) devront être traités de manière à limiter l’émergence acoustique. 28 Plan local d’Urbanisme - règlement 5","…s renouvelables. ÉCONOMIES D’ÉNERGIE ET • Les dispositifs destinés à économiser de l’énergie ou à produire de l’énergie L’ADAPTATION CLIMATIQUE renouvelable dans les constructions, tels que panneaux solaires, éoliennes, toitures végétalisées, rehaussement de couverture pour isolation thermique, sont autorisés en saillies des toitures à condition que leur volumétrie s’insère harmonieusement dans le cadre bâti environnant. • Les éléments techniques extérieurs liés au bâtiment (centrales de traitement d’air, EMERGENCES ACOUSTIQUES unités extérieures de pompes à chaleur, unités de climatisation) devront être traités de manière à limiter l’émergence acoustique. 28 Plan local d’Urbanisme - règlement 5 traiteMent environneMental",totale,"Le passage impose que les éléments techniques extérieurs liés au bâtiment (climatisation, pompes à chaleur, centrales de traitement d'air) soient traités pour limiter l'émergence acoustique, ce qui constitue une règle autonome liée au bruit dans le cadre de constructions, applicable semble-t-il à l'ensemble du zonage sans restriction géographique précisée.",prescription,opposable en conformité,autre,validé,False,,2026-08-26
8ae18694b57b473bb4461d1d66380731,13_67261_reglement_20250505.pdf,règlement écrit,https://www.geoportail-urbanisme.gouv.fr/api/document/8ae18694b57b473bb4461d1d66380731/files/67261_reglement_20250505.pdf,alinea,Article au6,,administrative,"Les éléments techniques extérieurs liés au bâtiment (centrales de traitement U6 TRAITEMENT ENVIRONNEMENTAL ET PAYSAGER DES ESPACES article a4 stationneMent EMERGENCES ACOUSTIQUES d’air, unités extérieures de pompes à chaleur, unités de climatisation…) devront être traités de manière à limiter l’émergence acoustique.","…es DISPOSITIFS FAVORISANT LES bâtiments neufs : des constructions bien orientées - bénéficiant d’apports ÉCONOMIES D’ÉNERGIE ET solaires gratuits en hiver et protégées du rayonnement solaire direct en été -, L’ADAPTATION CLIMATIQUE compactes, très isolées, mettant en oeuvre des systèmes énergétiques Les éléments techniques extérieurs liés au bâtiment (centrales de traitement U6 TRAITEMENT ENVIRONNEMENTAL ET PAYSAGER DES ESPACES article a4 stationneMent EMERGENCES ACOUSTIQUES d’air, unités extérieures de pompes à chaleur, unités de climatisation…) devront être traités de manière à limiter l’émergence acoustique. INTÉGRATION ARCHITECTURALE ET PAYSAGÈRE DES PROJETS PLT CBS • Les toitures des bâtiments d’exploitation et des abris de • Les constructions, par leur situation, leur architecture, leur dimension ou leur DISPOSITION COEFFICIENT DE BIOTOPE PAR SURFACE (CBS) pâtures doivent avoir une pente comprise ent…",forte,"Le passage impose que les éléments techniques extérieurs liés au bâtiment (climatisations, pompes à chaleur, centrales de traitement d'air) soient traités pour limiter leur émergence acoustique. Il s'agit d'une règle autonome concernant les équipements des bâtiments neufs, distincte du classement sonore ou du PEB, et relevant bien du périmètre diagBruit (construction de bâtiments).",prescription,opposable en conformité,autre,validé,False,,2026-08-26
8ae18694b57b473bb4461d1d66380731,14_67261_reglement_20250505.pdf,règlement écrit,https://www.geoportail-urbanisme.gouv.fr/api/document/8ae18694b57b473bb4461d1d66380731/files/67261_reglement_20250505.pdf,alinea,Article au6,,administrative,"Les éléments techniques extérieurs liés au bâtiment (centrales de traitement au coefficient de surface pleine terre (PLT) imposé. EMERGENCES ACOUSTIQUES d’air, unités extérieures de pompes à chaleur, unités de climatisation…) devront SECTEURS être traités de manière à limiter l’émergence acoustique.","…bien orientées - bénéficiant d’apports ➡ L’extension des constructions ou la création d’annexes devront ÉCONOMIES D’ÉNERGIE ET solaires gratuits en hiver et protégées du rayonnement solaire direct en été -, L’ADAPTATION CLIMATIQUE compactes, très isolées, mettant en oeuvre des systèmes énergétiques Les éléments techniques extérieurs liés au bâtiment (centrales de traitement au coefficient de surface pleine terre (PLT) imposé. EMERGENCES ACOUSTIQUES d’air, unités extérieures de pompes à chaleur, unités de climatisation…) devront SECTEURS être traités de manière à limiter l’émergence acoustique. 0,4 0,5 ➡ Dans le cas de parcelle disposant d’un CBS inférieur au minimum Ur- Ui - Un requis, l’extension des constructions, la création d’annexes et les aménagements ne pourront réduire le CBS existant sur la parcelle que dans les conditions suivantes : SECTEURS - pour des travaux de mise aux norme…",moyenne,"Le passage impose que les équipements techniques extérieurs liés au bâtiment (centrales de traitement d'air, unités extérieures de pompes à chaleur, unités de climatisation) soient traités pour limiter l'émergence acoustique. Cette règle concerne directement les bâtiments (traitement des équipements techniques liés aux constructions) et non une infrastructure de transport, elle relève donc pleinement du périmètre diagBruit. Aucune zone réglementaire spécifique n'est mentionnée pour cette prescription, elle semble s'appliquer de façon générale dans le règlement.",prescription,opposable en conformité,autre,validé,False,,2026-08-26
8ae18694b57b473bb4461d1d66380731,15_67261_reglement_20250505.pdf,règlement écrit,https://www.geoportail-urbanisme.gouv.fr/api/document/8ae18694b57b473bb4461d1d66380731/files/67261_reglement_20250505.pdf,alinea,Article au6,,administrative,"Les éléments techniques extérieurs liés au bâtiment (centrales de traitement EMERGENCES ACOUSTIQUES d’air, unités extérieures de pompes à chaleur, unités de climatisation…) devront être traités de manière à limiter l’émergence acoustique.","…es DISPOSITIFS FAVORISANT LES bâtiments neufs : des constructions bien orientées - bénéficiant d’apports ÉCONOMIES D’ÉNERGIE ET solaires gratuits en hiver et protégées du rayonnement solaire direct en été -, L’ADAPTATION CLIMATIQUE compactes, très isolées, mettant en oeuvre des systèmes énergétiques Les éléments techniques extérieurs liés au bâtiment (centrales de traitement EMERGENCES ACOUSTIQUES d’air, unités extérieures de pompes à chaleur, unités de climatisation…) devront être traités de manière à limiter l’émergence acoustique. article a6 et paysager des espaces A6 TRAITEMENT ENVIRONNEMENTAL ET PAYSAGER DES ESPACES • Les constructions et aménagements veilleront à limiter leur impact sur l’imperméabilisation des Ensemble de la ZONE A sols en limitant l'étanchéification des sols (dalles, enrobé, béton, etc) aux espaces où la…",forte,"Le passage impose que les équipements techniques extérieurs des bâtiments (climatisation, pompes à chaleur, centrales de traitement d'air) soient traités pour limiter l'émergence acoustique. Il s'agit d'une règle autonome de lutte contre le bruit généré par les équipements de bâtiments, dans le périmètre de diagBruit, sans lien avec le classement sonore ou le PEB. Aucune limite spatiale spécifique n'étant précisée dans ce passage, la portée est considérée comme administrative.",prescription,opposable en conformité,lutte_bruit_existant,validé,False,,2026-08-26
8ae18694b57b473bb4461d1d66380731,16_67261_reglement_20250505.pdf,règlement écrit,https://www.geoportail-urbanisme.gouv.fr/api/document/8ae18694b57b473bb4461d1d66380731/files/67261_reglement_20250505.pdf,alinea,Article au6,Secteur Ng (zone N),zone_specifique,"EMERGENCES ACOUSTIQUES d’air, unités extérieures de pompes à chaleur, unités de climatisation…) devront Ng • La hauteur maximale des constructions est limitée à 7 être traités de manière à limiter l’émergence acoustique. mètres. Ensemble • En cas de dépassement de la hauteur maximale définie de la - pour chacun des secteurs par une construction existante, la hauteur des extensions de cette dernière pourra être","…ON CLIMATIQUE compactes, très isolées, mettant en oeuvre des systèmes énergétiques efficaces et utilisant les énergies renouvelables. • La hauteur maximale des équipements et installations est SECTEUR limitée à 18 mètres. • Les éléments techniques extérieurs liés au bâtiment (centrales de traitement EMERGENCES ACOUSTIQUES d’air, unités extérieures de pompes à chaleur, unités de climatisation…) devront Ng • La hauteur maximale des constructions est limitée à 7 être traités de manière à limiter l’émergence acoustique. mètres. Ensemble • En cas de dépassement de la hauteur maximale définie de la - pour chacun des secteurs par une construction existante, la hauteur des extensions de cette dernière pourra être zone N inférieure ou égale à celle de la construction agrandie. 36 Plan local d’Urbanisme - règlement 10 10 11",forte,"Le passage prescrit un traitement des éléments techniques extérieurs liés au bâtiment (climatisation, pompes à chaleur) pour limiter l'émergence acoustique, dans un secteur spécifique (Ng) de la zone N. C'est une règle autonome de limitation du bruit émis par les équipements de bâtiments, distincte du classement sonore ou du PEB.",prescription,opposable en conformité,autre,validé,False,,2026-08-26
8ae18694b57b473bb4461d1d66380731,17_67261_reglement_20250505.pdf,règlement écrit,https://www.geoportail-urbanisme.gouv.fr/api/document/8ae18694b57b473bb4461d1d66380731/files/67261_reglement_20250505.pdf,alinea,Article au6,,administrative,"EMERGENCES ACOUSTIQUES • L d êt e ’ r a s e i r é , t r l u é a n m it i é t e é s n s d t e s e x t m t e é c a r h i n e n i u è iq r r e e u s e à d s l e i e m x p i t o t é e m r r i e p l’ u é e r m s s à e li r é c g s h e a a n u l c e e u b r â a , t c u im o n u i e t s é n t s t iq ( d u c e e e n . c t l r im al a e t s i s d a e ti o tr n a … ite ) m d e e n v t r ont","…tion harmonieuse dans le ÉCONOMIES D’ÉNERGIE ET solaires gratuits en hiver et protégées du rayonnement solaire direct en été -, existantes est limitée à la hauteur de ces dernières. • Non règlementé paysage. L’ADAPTATION CLIMATIQUE compactes, très isolées, mettant en oeuvre des systèmes énergétiques EMERGENCES ACOUSTIQUES • L d êt e ’ r a s e i r é , t r l u é a n m it i é t e é s n s d t e s e x t m t e é c a r h i n e n i u è iq r r e e u s e à d s l e i e m x p i t o t é e m r r i e p l’ u é e r m s s à e li r é c g s h e a a n u l c e e u b r â a , t c u im o n u i e t s é n t s t iq ( d u c e e e n . c t l r im al a e t s i s d a e ti o tr n a … ite ) m d e e n v t r ont Neq mètres. AMÉNAGEMENTS • La hauteur maximale des extensions des constructions • Seules sont admises les clôtures rendues indispensables pour des motifs de existantes est limitée à la hauteur de ces dernières. DES CLÔTURES sécurité. Dans ce cas, elles doivent être constituées d’une haie vive à feui…",faible,"Le passage évoque, dans une section intitulée 'ÉMERGENCES ACOUSTIQUES', une prescription limitant les émergences sonores générées par les équipements techniques (climatisation, extraction...) des constructions vis-à-vis du voisinage. Il s'agit d'une règle autonome liée au bruit émis par les bâtiments eux-mêmes, entrant dans le périmètre diagBruit. Le texte est cependant très corrompu par l'extraction OCR (lettres et mots dispersés), ce qui rend la citation difficile à isoler proprement malgré le sens globalement compréhensible.",prescription,opposable en conformité,autre,validé,False,,2026-08-26
8ae18694b57b473bb4461d1d66380731,18_67261_reglement_20250505.pdf,règlement écrit,https://www.geoportail-urbanisme.gouv.fr/api/document/8ae18694b57b473bb4461d1d66380731/files/67261_reglement_20250505.pdf,alinea,Article au6,"Zone N, secteur Ng",zone_specifique,"efficaces et utilisant les énergies renouvelables. • La hauteur maximale des équipements et installations est SECTEUR limitée à 18 mètres. • Les éléments techniques extérieurs liés au bâtiment (centrales de traitement EMERGENCES ACOUSTIQUES d’air, unités extérieures de pompes à chaleur, unités de climatisation…) devront Ng • La hauteur maximale des constructions est limitée à 7 être traités de manière à limiter l’émergence acoustique.","…ufs : des constructions bien orientées - bénéficiant d’apports Nbc limitée à 12 mètres. ÉCONOMIES D’ÉNERGIE ET solaires gratuits en hiver et protégées du rayonnement solaire direct en été -, • Non règlementé L’ADAPTATION CLIMATIQUE compactes, très isolées, mettant en oeuvre des systèmes énergétiques efficaces et utilisant les énergies renouvelables. • La hauteur maximale des équipements et installations est SECTEUR limitée à 18 mètres. • Les éléments techniques extérieurs liés au bâtiment (centrales de traitement EMERGENCES ACOUSTIQUES d’air, unités extérieures de pompes à chaleur, unités de climatisation…) devront Ng • La hauteur maximale des constructions est limitée à 7 être traités de manière à limiter l’émergence acoustique. mètres. Ensemble • En cas de dépassement de la hauteur maximale définie de la - pour chacun des secteurs par une construction existante, la hauteur des extensions de cette dernière pourra être zone N inférieure ou égale à celle de la construction agrandie. 37 LAUTERBOURG 11 11",forte,"Le passage prescrit que les éléments techniques extérieurs liés au bâtiment (climatisation, pompes à chaleur, etc.) doivent être traités pour limiter l'émergence acoustique, dans un secteur réglementaire spécifique (secteur Ng de la zone N). Cette règle concerne bien des équipements liés aux bâtiments, dans le périmètre diagBruit. Elle ne relève pas du classement sonore ni du PEB.",prescription,opposable en conformité,autre,validé,False,,2026-08-26
529d586585da83ff5a056d71c9c1c7eb,1_67266_reglement_20260706.pdf,règlement écrit,https://www.geoportail-urbanisme.gouv.fr/api/document/529d586585da83ff5a056d71c9c1c7eb/files/67266_reglement_20260706.pdf,alinea,Article 2.2.,,administrative,"Les pompes à chaleur et autres dispositifs de climatisation, ainsi que les équipements liés au fonctionnement des piscines devront être implantés de manière à présenter le moins possible de nuisances sonores pour le voisinage dans la mesure où les conditions techniques d'implantation le permettent.","* se reporter au lexique pour la définition Les pompes à chaleur et autres dispositifs de climatisation, ainsi que les équipements liés au fonctionnement des piscines devront être implantés de manière à présenter le moins possible de nuisances sonores pour le voisinage dans la mesure où les conditions techniques d'implantation le permettent. 4. Les pompes à chaleur ne devront pas être visibles depuis le domaine public, dans la mesure où les conditions
techniques d'implantation le permettent.",totale,"Le passage impose une implantation des pompes à chaleur, dispositifs de climatisation et équipements de piscines de manière à limiter les nuisances sonores pour le voisinage, sous réserve des contraintes techniques. C'est une règle autonome liée au bruit dans le cadre de projets de construction, applicable a priori à l'ensemble du zonage du document (aucune limite spatiale spécifique mentionnée).",prescription,opposable en conformité,autre,validé,True,élevée,2026-08-26
529d586585da83ff5a056d71c9c1c7eb,2_67266_reglement_20260706.pdf,règlement écrit,https://www.geoportail-urbanisme.gouv.fr/api/document/529d586585da83ff5a056d71c9c1c7eb/files/67266_reglement_20260706.pdf,alinea,Article 2.2.,,administrative,"Les pompes à chaleur et autres dispositifs de climatisation, ainsi que les équipements liés au fonctionnement des piscines devront être implantés de manière à présenter le moins possible de nuisances sonores pour le voisinage dans la mesure où les conditions techniques d'implantation le permettent.","que postes de transformation électrique dont l'implantation ne devra cependant pas nuire à la qualité des
alignements existants et du paysage urbain. Les pompes à chaleur et autres dispositifs de climatisation, ainsi que les équipements liés au fonctionnement des piscines devront être implantés de manière à présenter le moins possible de nuisances sonores pour le voisinage dans la mesure où les conditions techniques d'implantation le permettent. 6. Les pompes à chaleur ne devront pas être visibles depuis le domaine public, dans la mesure où les conditions
techniques d'implantation le permettent.",totale,"Le passage impose que les équipements techniques (pompes à chaleur, climatisation, équipements de piscine) soient implantés de manière à limiter les nuisances sonores pour le voisinage. C'est une règle autonome liée aux bâtiments (équipements annexes), formulée comme une recommandation conditionnée aux contraintes techniques, applicable semble-t-il à l'ensemble de la zone du règlement sans secteur spécifique mentionné.",recommandation,opposable en conformité,lutte_bruit_existant,validé,True,élevée,2026-08-26
529d586585da83ff5a056d71c9c1c7eb,3_67266_reglement_20260706.pdf,règlement écrit,https://www.geoportail-urbanisme.gouv.fr/api/document/529d586585da83ff5a056d71c9c1c7eb/files/67266_reglement_20260706.pdf,alinea,Article 2.2.,,administrative,"Les pompes à chaleur et autres dispositifs de climatisation, ainsi que les équipements liés au fonctionnement des piscines devront être implantés de manière à présenter le moins possible de nuisances sonores pour le voisinage dans la mesure où les conditions techniques d'implantation le permettent.","= Aux constructions et installations de faible emprise nécessaires à l'exploitation des réseaux publics tels
que postes de transformation électrique dont l'implantation ne devra cependant pas nuire à la qualité des
alignements existants et du paysage urbain. Les pompes à chaleur et autres dispositifs de climatisation, ainsi que les équipements liés au fonctionnement des piscines devront être implantés de manière à présenter le moins possible de nuisances sonores pour le voisinage dans la mesure où les conditions techniques d'implantation le permettent. 4. Les pompes à chaleur ne devront pas être visibles depuis le domaine public, dans la mesure où les conditions
techniques d'implantation le permettent.",forte,"Le passage impose une règle relative aux équipements techniques (pompes à chaleur, climatisation, équipements de piscine) qui doivent être implantés de manière à limiter les nuisances sonores pour le voisinage, dans la mesure où les conditions techniques le permettent. C'est une prescription/recommandation autonome liée au bruit dans le cadre de constructions, applicable à l'ensemble du zonage sans zone spécifique mentionnée.",recommandation,opposable en conformité,autre,validé,True,élevée,2026-08-26
6323ebfdb5e4067dc63f9a2c212d715b,1_67274_padd_20240314.pdf,PADD,https://www.geoportail-urbanisme.gouv.fr/api/document/6323ebfdb5e4067dc63f9a2c212d715b/files/67274_padd_20240314.pdf,alinea,alinéa 2,,administrative,la réduction des nuisances sonores,extraits du Code de l'Urbanisme la réduction des nuisances sonores Article L.123-5 du Code de l'Urbanisme :,faible,"Le passage cite un objectif général du Code de l'urbanisme (article L.121-1 type) incluant la réduction des nuisances sonores parmi les objectifs d'aménagement, sans zone précise ni mesure concrète. C'est une orientation générale rattachable au périmètre diagBruit (aménagement urbain), mais très peu précise, formulée comme un objectif législatif générique plutôt qu'une règle opérationnelle propre au document.",recommandation,non opposable,lutte_bruit_existant,validé,True,moyenne,2026-08-26
6323ebfdb5e4067dc63f9a2c212d715b,1_67274_reglement_20240314.pdf,règlement écrit,https://www.geoportail-urbanisme.gouv.fr/api/document/6323ebfdb5e4067dc63f9a2c212d715b/files/67274_reglement_20240314.pdf,alinea,Article 2,,zone_specifique,"Les constructions à usage dʼhébergement et dʼhabitation doivent en outre répondre aux exigences dʼisolement acoustique par rapport aux axes de transports terrestres bruyants, conformément à la réglementation en vigueur. Les zones concernées sont matérialisées au plan de zonage.","…es sur le territoire communal notamment : - Les articles du Code de l’Urbanisme en vigueur au moment de l’octroi des autorisations d’occupation et d’utilisation du sol - L’article L. 111-3 du Code Rural relatif à la réciprocité des règles d’éloignement entre les bâtiments agricoles et non agricoles. Les constructions à usage dʼhébergement et dʼhabitation doivent en outre répondre aux exigences dʼisolement acoustique par rapport aux axes de transports terrestres bruyants, conformément à la réglementation en vigueur. Les zones concernées sont matérialisées au plan de zonage. bruyants, conformément à la réglementation en vigueur. Les zones concernées sont matérialisées au plan de zonage.",forte,"Le passage impose une exigence d'isolement acoustique pour les constructions d'hébergement et d'habitation situées le long des axes de transports terrestres bruyants, avec des zones matérialisées au plan de zonage. Bien que cela renvoie à la réglementation en vigueur (classement sonore probable), la formulation ici cible spécifiquement une catégorie de constructions (hébergement/habitation) et fait référence à des zones matérialisées graphiquement, ce qui en fait une règle d'urbanisme identifiable localement, distincte d'un simple rappel générique. La portée est limitée aux zones spécifiques matérialisées au plan de zonage, non à l'ensemble du territoire.",prescription,opposable en conformité,autre,validé,False,,2026-08-26
6323ebfdb5e4067dc63f9a2c212d715b,1_67274_orientations_amenagement_20240314.pdf,OAP,https://www.geoportail-urbanisme.gouv.fr/api/document/6323ebfdb5e4067dc63f9a2c212d715b/files/67274_orientations_amenagement_20240314.pdf,alinea,alinéa 3,zone 2AU,zone_specifique,"Plutôt de d'imposer la contraintes sonore aux futurs habitants, et dans la but de valoriser l'entrée de village, cette bande inconstructible pourra être aménagée paysagèrement en accueillant le bassin.","- des rues secondaires permettent de desservir les différentes parcelles dans la «profondeur» de l'opération selon des axes Est-
Ouest. Plutôt de d'imposer la contraintes sonore aux futurs habitants, et dans la but de valoriser l'entrée de village, cette bande inconstructible pourra être aménagée paysagèrement en accueillant le bassin. - le découpage des parcelles devra permettre d'orienter les maisons au sud, dans un soucis d'optimisation des apports solaires et
de réduction des dépenses énergétiques de la maison.",forte,"Le passage traite d'une zone d'aménagement à proximité de la RD919 (route à grande circulation), pour laquelle un recul de 25m est imposé aux constructions. Ce recul n'est pas présenté comme découlant du classement sonore des voies bruyantes déjà couvert par diagBruit, mais du statut de route à grande circulation (article L111-6 du code de l'urbanisme, motif sécurité/urbanisme). Toutefois, le texte évoque explicitement la 'contrainte sonore' et recommande, plutôt que d'imposer cette contrainte aux futurs habitants, d'aménager la bande inconstructible en espace paysager accueillant un bassin de rétention - il s'agit donc bien d'une recommandation d'urbanisme visant à protéger les futurs habitants du bruit, en zone 2AU, à proximité de la RD919. La règle concerne l'aménagement urbain (localisation d'un bassin, inconstructibilité pour raison sonore) donc elle relève du périmètre diagBruit et n'est pas qu'une règle d'infrastructure.",recommandation,opposable en compatibilité,autre,validé,True,élevée,2026-08-26
6323ebfdb5e4067dc63f9a2c212d715b,2_67274_orientations_amenagement_20240314.pdf,OAP,https://www.geoportail-urbanisme.gouv.fr/api/document/6323ebfdb5e4067dc63f9a2c212d715b/files/67274_orientations_amenagement_20240314.pdf,alinea,alinéa 3,,zone_specifique,"on évite les passages automobiles dans les «voies de circulation douce»: celles-ci, préservées des nuisances sonores et des risques de la circulation, deviennent de véritables cours urbaines à l'usage des habitants, des enfants...","- le découpage des parcelles devra permettre d'orienter les maisons au sud, dans un soucis d'optimisation des apports solaires et
de réduction des dépenses énergétiques de la maison. on évite les passages automobiles dans les «voies de circulation douce»: celles-ci, préservées des nuisances sonores et des risques de la circulation, deviennent de véritables cours urbaines à l'usage des habitants, des enfants... Commune de Lorentzen // Elaboration du PLU // Orientations Particulières d'Aménagement",forte,"Le passage recommande de détacher le stationnement des parcelles et de le regrouper en tête de parcelle donnant sur les voies secondaires, afin notamment de préserver les 'voies de circulation douce' des nuisances sonores automobiles, en évitant les passages automobiles dans ces voies. C'est une règle d'aménagement urbain (organisation du stationnement et des voies) visant la préservation d'espaces calmes, donc dans le périmètre diagBruit. La portée est limitée aux voies de circulation douce identifiées dans cette OAP, donc zone spécifique.",recommandation,opposable en compatibilité,preservation_zone_calme,validé,True,élevée,2026-08-26
ad6748bd26d5270fed09bf7e8c200b8d,1_67275_reglement_20191211.pdf,règlement écrit,https://www.geoportail-urbanisme.gouv.fr/api/document/ad6748bd26d5270fed09bf7e8c200b8d/files/67275_reglement_20191211.pdf,page,page 6,UA,zone_specifique,"La création, l’extension ou la transformation d’établissements de toute nature - qu’ils comportent ou non des installations classées - s’il en résulte une augmentation significative des nuisances (notamment sonores et olfactives) pour le voisinage, ainsi que des risques accrus pour la salubrité et la sécurité publiques.","…ène. L’objectif d’aménagement est de préserver et de valoriser cette typicité de la zone UA. SECTION 1 - NATURE DE L’OCCUPATION ET DE L’UTILISATION DU SOL UA 1 : Occupations et utilisations du sol interdites 1.1. Les installations classées nouvelles, qu’elles soient soumises ou non à autorisation ou La création, l’extension ou la transformation d’établissements de toute nature - qu’ils comportent ou non des installations classées - s’il en résulte une augmentation significative des nuisances (notamment sonores et olfactives) pour le voisinage, ainsi que des risques accrus pour la salubrité et la sécurité publiques. • le stationnement de caravanes isolées ; • les garages collectifs de caravanes ; • les terrains de camping et de caravanage ; • les terrains d’accueil d’habitations légères de loisirs ; • les dépôts de ferrailles, de déchets, de gravats et de véhicules hors d’usage ; • les dépôts de véhicules susce…",totale,"Le règlement de la zone UA interdit les créations, extensions ou transformations d'établissements entraînant une augmentation significative des nuisances sonores pour le voisinage, ce qui constitue une règle autonome de limitation du bruit lié aux activités, distincte du classement sonore des voies ou du PEB.",prescription,opposable en conformité,lutte_bruit_existant,validé,False,,2026-08-26
ad6748bd26d5270fed09bf7e8c200b8d,2_67275_reglement_20191211.pdf,règlement écrit,https://www.geoportail-urbanisme.gouv.fr/api/document/ad6748bd26d5270fed09bf7e8c200b8d/files/67275_reglement_20191211.pdf,page,page 6,,administrative,"La transformation et l’extension des constructions agricoles sont autorisées à condition de ne pas accroître les nuisances olfactives et sonores, et sous réserve des dispositions applicables à ce type d’activités.","…pations et utilisations du sol soumises à des conditions particulières 2.1. Pour des motifs d’ordre esthétique ou sanitaire, l’autorisation de construire pourra être subordonnée à la démolition de tout ou partie de bâtiments existant sur le terrain où l’implantation de la construction est envisagée. La transformation et l’extension des constructions agricoles sont autorisées à condition de ne pas accroître les nuisances olfactives et sonores, et sous réserve des dispositions applicables à ce type d’activités. PLU de Lupstein Modification simplifiée n°1 5",forte,"Le passage impose une condition liée au bruit pour la transformation/extension des constructions agricoles : ne pas accroître les nuisances sonores (et olfactives), ainsi qu'une condition de compatibilité sonore lors d'un changement de destination vis-à-vis du voisinage des zones d'habitation. Il s'agit d'une règle autonome d'urbanisme concernant des bâtiments, distincte du classement sonore ou du PEB, applicable à l'ensemble de la zone du règlement (pas de secteur spécifique mentionné).",prescription,opposable en conformité,lutte_bruit_existant,validé,False,,2026-08-26
3a838b7e0825b454496a2bc46d118126,1_67283_padd_20210628.pdf,PADD,https://www.geoportail-urbanisme.gouv.fr/api/document/3a838b7e0825b454496a2bc46d118126/files/67283_padd_20210628.pdf,page,page 18,,zone_specifique,"Les zones urbaines en frange Est sont assujetties à la prise en compte des nuisances générées par l'important trafic de la RD1004 (nuisances acoustiques, émissions atmosphériques).","…s, la commune est soumise à des risques et des nuisances particulières : Une partie des zones urbaines du centre-bourg est exposée à un risque d'inondation ou de coulées d'eaux boueuses dû au ruissellement pluvial ; Les zones urbaines en frange Est sont assujetties à la prise en compte des nuisances Les zones urbaines en frange Est sont assujetties à la prise en compte des nuisances générées par l'important trafic de la RD1004 (nuisances acoustiques, émissions atmosphériques). PLAN LOCAL D'URBANISME Projet d'Aménagement et de Développement Durables Préserver les milieux naturels, les paysages et le cadre de vie, aussi bien en milieu urbain, qu'agricole ou naturel Objectifs Promouvoir l’équilibre entre les différentes entités paysagères (espaces bâtis, zones de vergers, zo…",moyenne,"Le PADD identifie les zones urbaines en frange Est comme exposées aux nuisances acoustiques de la RD1004 et pose un principe de prise en compte de ces nuisances dans l'aménagement urbain à proximité de cette voie, ce qui relève du périmètre diagBruit (bâtiments/aménagement). Ce n'est pas un simple renvoi au classement sonore existant mais une orientation propre du PADD identifiant une zone géographique spécifique (frange Est) à traiter. La formulation reste toutefois assez générale et peu prescriptive, d'où une confiance modérée.",recommandation,non opposable,lutte_bruit_existant,validé,False,,2026-08-26
793f094f1ffac726a071fb489baf0e43,1_67300_padd_20221220.pdf,PADD,https://www.geoportail-urbanisme.gouv.fr/api/document/793f094f1ffac726a071fb489baf0e43/files/67300_padd_20221220.pdf,page,page 16,,zone_specifique,"la collectivité entend ne pas y interdire les services de proximité ou l’activité tertiaire dès lors qu’ils ne génèrent pas de conflit d’usage ou ne perturbent pas la qualité de vie pour ces secteurs par leur fonctionnement (stockage, nuisances sonores, stationnement, …)","…S COMMUNICATIONS NUMERIQUES, L'EQUIPEMENT COMMERCIAL, LE DEVELOPPEMENT ECONOMIQUE ET LES LOISIRS Permettre la diffusion de certaines formes d’activités économiques dans les secteurs à forte dominante résidentielle Aujourd’hui, certains secteurs urbains, hors vieille ville, sont quasi exclusivement à la collectivité entend ne pas y interdire les services de proximité ou l’activité tertiaire dès lors qu’ils ne génèrent pas de conflit d’usage ou ne perturbent pas la qualité de vie pour ces secteurs par leur fonctionnement (stockage, nuisances sonores, stationnement, …) créations de petites structures uni-personnelles, …) et limite par là même les besoins fonciers nécessaires à ceux-ci. Le développement du potentiel touristique Forte d'un patrimoine culturel et historique de grande qualité, d'équipements hôteliers et de restauration, ainsi que d’une importante acti…",forte,"Le PADD exprime une orientation visant à permettre l'implantation d'activités économiques de proximité dans des secteurs résidentiels, à condition qu'elles ne génèrent pas de nuisances sonores perturbant la qualité de vie. Cette règle concerne bien l'urbanisation (mixité fonctionnelle bâtiments résidentiels/activités) et relève donc du périmètre diagBruit. La portée est limitée aux 'secteurs urbains, hors vieille ville, à forte dominante résidentielle', une zone spécifique non automatiquement délimitable.",recommandation,non opposable,lutte_bruit_existant,validé,False,,2026-08-26
2e782afabec0a8c1c78ec25955bff2c3,1_67308_padd_20211115.pdf,PADD,https://www.geoportail-urbanisme.gouv.fr/api/document/2e782afabec0a8c1c78ec25955bff2c3/files/67308_padd_20211115.pdf,page,page 29,Quartiers de Munchhausen exposés au bruit de la voie ferrée Strasbourg-Lauterbourg (secteur affecté par le bruit / classement sonore),zone_specifique,Orientation Stratégique n°9 Prévenir les risques naturels et tteecchhnnoollooggiiqquueess • Assurer le principe de pprrééccaauuttiioonn dans les • Assurer la prise en ccoommppttee des nuisances choix de développement et dd’’uurrbbaanniissaattiioonn sonores La protection des populations doit être une pprriioorriittéé des politiques Une partie des quartiers de MMuunncchhhhaauusseenn est fortement publiques. Le Plan Local d’Urbanisme ddooiitt pprreennddrree l’ensemble exposée aux nuisances ssoonnoo…,L’urbanisation future de Munchhausen et l’ensemble des objectifs paysagers du PADD visent à respecter cette dynamique écologique existante de la meilleure manière. 26 Plan local d’Urbanisme - Projet d’aménagement et de déveloPPement dUrable Orientation Stratégique n°9 Prévenir les risques naturels et tteecchhnnoollooggiiqquueess • Assurer le principe de pprrééccaauuttiioonn dans les • Assurer la prise en ccoommppttee des nuisances choix de développement et dd’’uurrbbaanniissaattiioonn sonores La protection des populations doit être une pprriioorriittéé des politiques Une partie des quartiers de MMuunncchhhhaauusseenn est fortement publiques. Le Plan Local d’Urbanisme ddooiitt pprreennddrree l’ensemble exposée aux nuisances ssoonnoo… des risques recensés en compte et être ll’’ooccccaassiioonn de renforcer Lauterbourg. Le PADD souligne llaa nécessaire prise en compte l’information et la sensibilisation des hhaabbiittaannttss à ces risques. de cette exposition par une iissoollaattiioonn acoustique adaptée pour l’ensemble des const…,forte,"Le PADD mentionne le secteur affecté par le bruit du classement sonore de la voie ferrée Strasbourg-Lauterbourg, mais va au-delà d'un simple renvoi : il souligne la nécessité d'une isolation acoustique adaptée pour l'ensemble des constructions dans ce secteur, ce qui constitue une orientation propre du document d'urbanisme dépassant le simple rappel de l'arrêté de classement sonore. La règle concerne bien les bâtiments (constructions), donc dans le périmètre diagBruit, avec une confiance forte car la formulation est assez claire malgré la coupure du texte.",recommandation,non opposable,lutte_bruit_existant,validé,False,,2026-08-26
2e782afabec0a8c1c78ec25955bff2c3,2_67308_padd_20211115.pdf,PADD,https://www.geoportail-urbanisme.gouv.fr/api/document/2e782afabec0a8c1c78ec25955bff2c3/files/67308_padd_20211115.pdf,page,page 29,secteur exposé aux nuisances sonores de la voie ferrée Strasbourg-Lauterbourg,zone_specifique,des risques recensés en compte et être ll’’ooccccaassiioonn de renforcer Lauterbourg. Le PADD souligne llaa nécessaire prise en compte l’information et la sensibilisation des hhaabbiittaannttss à ces risques. de cette exposition par une iissoollaattiioonn acoustique adaptée pour l’ensemble des constructions ccoonncceerrnnééeess.. • Prévenir les risques dd’’iinnoonnddaattiioonn • Prendre en ccoommppttee ééggaalleemmeenntt les autres,"…saattiioonn sonores La protection des populations doit être une pprriioorriittéé des politiques Une partie des quartiers de MMuunncchhhhaauusseenn est fortement publiques. Le Plan Local d’Urbanisme ddooiitt pprreennddrree l’ensemble exposée aux nuisances ssoonnoorreess de la voie ferrée Strasbourg - des risques recensés en compte et être ll’’ooccccaassiioonn de renforcer Lauterbourg. Le PADD souligne llaa nécessaire prise en compte l’information et la sensibilisation des hhaabbiittaannttss à ces risques. de cette exposition par une iissoollaattiioonn acoustique adaptée pour l’ensemble des constructions ccoonncceerrnnééeess.. • Prévenir les risques dd’’iinnoonnddaattiioonn • Prendre en ccoommppttee ééggaalleemmeenntt les autres MMuunncchhhhaauusseenn aa ééttéé hhiissttoorriiqquueemmeenntt eexxppoosséé àà ddeess rriissqquueess risques iimmppoorrttaannttss dd’’iinnoonnddaattiioonnss.. CCeeppeennddaanntt,, llaa ccaannaalliissaattiioonn dduu RRhhiinn,, ppuuiiss llaa rrééaalliissaattiioonn ddee ddiigguueess llee lloonngg ddeess…",forte,"Le PADD prescrit une isolation acoustique adaptée pour l'ensemble des constructions concernées dans les quartiers exposés au bruit de la voie ferrée. Il ne s'agit pas d'un simple renvoi au classement sonore existant : le texte souligne 'la nécessaire prise en compte de cette exposition par une isolation acoustique adaptée', ce qui constitue une orientation autonome du PADD applicable aux constructions dans le secteur concerné, donc pertinente pour diagBruit (bâtiments). La portée est limitée aux quartiers de Munchhausen exposés à cette voie ferrée, zone qui n'a pas de contour automatiquement disponible.",prescription,non opposable,lutte_bruit_existant,validé,False,,2026-08-26
2e782afabec0a8c1c78ec25955bff2c3,1_67308_reglement_20211115.pdf,règlement écrit,https://www.geoportail-urbanisme.gouv.fr/api/document/2e782afabec0a8c1c78ec25955bff2c3/files/67308_reglement_20211115.pdf,alinea,alinéa 4,,administrative,"CLIMATIQUE volumétrie s’insère harmonieusement dans le cadre bâti environnant. • Les éléments techniques extérieurs liés au bâtiment (centrales de traitement d’air, unités EMERGENCES extérieures de pompes à chaleur, unités de climatisation, pompe de traitements des eaux de ACOUSTIQUES piscine, etc) devront être traités de manière à limiter l’émergence acoustique. 19 PLAN LOCAL D’URBANISME DE MUNCHHAUSEN","…destinés à économiser de l’énergie ou à produire de l’énergie renouvelable dans les D’ÉNERGIE ET constructions, tels que panneaux solaires, éoliennes, toitures végétalisées, rehaussement de L’ADAPTATION couverture pour isolation thermique, sont autorisés en saillies des toitures à condition que leur CLIMATIQUE volumétrie s’insère harmonieusement dans le cadre bâti environnant. • Les éléments techniques extérieurs liés au bâtiment (centrales de traitement d’air, unités EMERGENCES extérieures de pompes à chaleur, unités de climatisation, pompe de traitements des eaux de ACOUSTIQUES piscine, etc) devront être traités de manière à limiter l’émergence acoustique. 19 PLAN LOCAL D’URBANISME DE MUNCHHAUSEN PRAGMA TRAITEMENT ENVIRONNEMENTAL ET",totale,"Le passage impose que les éléments techniques extérieurs liés aux bâtiments (climatisation, pompes à chaleur, traitement des eaux de piscine, etc.) soient traités pour limiter leur émergence acoustique. Il s'agit d'une règle autonome liée au bruit concernant les constructions, entrant pleinement dans le périmètre diagBruit, sans lien avec le classement sonore ou le PEB. Aucune limite spatiale spécifique n'étant précisée, la règle s'applique à l'ensemble du zonage couvert par le document.",prescription,opposable en conformité,autre,validé,False,,2026-08-26
2e782afabec0a8c1c78ec25955bff2c3,2_67308_reglement_20211115.pdf,règlement écrit,https://www.geoportail-urbanisme.gouv.fr/api/document/2e782afabec0a8c1c78ec25955bff2c3/files/67308_reglement_20211115.pdf,alinea,Article AU1,1AUh,zone_specifique,"en résulte une augmentation collectif et services publics. significative des nuisances (notamment sonores et olfactives) pour le voisinage, ainsi que des risques accrus pour la salubrité et la sécurité publique. 21 PLAN LOCAL D’URBANISME DE MUNCHHAUSEN","…SECTEUR • La création, l’extension ou la • à l’habitat (logement, constructions dédiées aux activités 1AUh transformation d’établissements de hébergement) ; soient inférieures à 100 mètres toute nature - qu’ils comportent ou carrées. non des installations classées - s’il • aux équipements d'intérêt en résulte une augmentation collectif et services publics. significative des nuisances (notamment sonores et olfactives) pour le voisinage, ainsi que des risques accrus pour la salubrité et la sécurité publique. 21 PLAN LOCAL D’URBANISME DE MUNCHHAUSEN PRAGMA",forte,"Le règlement interdit ou encadre dans le secteur 1AUh la création/extension/transformation d'établissements s'il en résulte une augmentation significative des nuisances sonores (et olfactives) pour le voisinage. Il s'agit d'une règle autonome propre au document d'urbanisme, distincte du classement sonore des voies ou du PEB, et qui concerne bien les bâtiments/activités et non une infrastructure de transport.",prescription,opposable en conformité,autre,validé,False,,2026-08-26
2e782afabec0a8c1c78ec25955bff2c3,3_67308_reglement_20211115.pdf,règlement écrit,https://www.geoportail-urbanisme.gouv.fr/api/document/2e782afabec0a8c1c78ec25955bff2c3/files/67308_reglement_20211115.pdf,alinea,Article AU5,,administrative,"CLIMATIQUE volumétrie s’insère harmonieusement dans le cadre bâti environnant. • Les éléments techniques extérieurs liés au bâtiment (centrales de traitement d’air, unités EMERGENCES extérieures de pompes à chaleur, unités de climatisation, pompe de traitements des eaux de ACOUSTIQUES piscine, etc) devront être traités de manière à limiter l’émergence acoustique. 25 PLAN LOCAL D’URBANISME DE MUNCHHAUSEN","…destinés à économiser de l’énergie ou à produire de l’énergie renouvelable dans les D’ÉNERGIE ET constructions, tels que panneaux solaires, éoliennes, toitures végétalisées, rehaussement de L’ADAPTATION couverture pour isolation thermique, sont autorisés en saillies des toitures à condition que leur CLIMATIQUE volumétrie s’insère harmonieusement dans le cadre bâti environnant. • Les éléments techniques extérieurs liés au bâtiment (centrales de traitement d’air, unités EMERGENCES extérieures de pompes à chaleur, unités de climatisation, pompe de traitements des eaux de ACOUSTIQUES piscine, etc) devront être traités de manière à limiter l’émergence acoustique. 25 PLAN LOCAL D’URBANISME DE MUNCHHAUSEN PRAGMA TRAITEMENT ENVIRONNEMENTAL ET",totale,"Le passage impose une prescription autonome visant à limiter l'émergence acoustique des équipements techniques extérieurs liés aux bâtiments (climatisation, pompes à chaleur, traitement d'air, etc.), applicable a priori à l'ensemble du zonage du PLU. Cette règle concerne directement les constructions et ne relève ni du classement sonore ni du PEB, elle est donc bien dans le périmètre diagBruit.",prescription,opposable en conformité,autre,validé,False,,2026-08-26
2e782afabec0a8c1c78ec25955bff2c3,4_67308_reglement_20211115.pdf,règlement écrit,https://www.geoportail-urbanisme.gouv.fr/api/document/2e782afabec0a8c1c78ec25955bff2c3/files/67308_reglement_20211115.pdf,alinea,Article AU6,,administrative,ACOUSTIQUES l’émergence acoustique.,"…E ET énergétiques efficaces et utilisant les énergies renouvelables. L’ADAPTATION CLIMATIQUE • Les éléments techniques extérieurs liés au bâtiment (centrales de traitement d’air, unités A1 EMERGENCES extérieures de pompes à chaleur, unités de climatisation…) devront être traités de manière à limiter ACOUSTIQUES l’émergence acoustique. ARTICLE A6 TRAITEMENT ENVIRONNEMENTAL ET PAYSAGER DES ESPACES A6 TRAITEMENT ENVIRONNEMENTAL ET PAYSAGER DES ESPACES • Les constructions et aménagements veilleront à limiter leur impact sur l’imperméabilisation des sols et à favoriser la circulation de la biodiversité. Ensemble de la zone A • Dans le…",forte,"Le passage prescrit que les équipements techniques extérieurs des bâtiments (climatisation, pompes à chaleur, etc.) soient traités pour limiter l'émergence acoustique, ce qui relève directement du périmètre diagBruit (bâtiments). Il n'y a pas de limite spatiale spécifique mentionnée, donc portée administrative par défaut.",prescription,opposable en conformité,autre,validé,False,,2026-08-26
2e782afabec0a8c1c78ec25955bff2c3,5_67308_reglement_20211115.pdf,règlement écrit,https://www.geoportail-urbanisme.gouv.fr/api/document/2e782afabec0a8c1c78ec25955bff2c3/files/67308_reglement_20211115.pdf,alinea,Article AU6,,administrative,"ÉCONOMIES constructions bien orientées - bénéficiant d’apports solaires gratuits en hiver et protégées du D’ÉNERGIE ET rayonnement solaire direct en été -, compactes, très isolées, mettant en œuvre des systèmes L’ADAPTATION énergétiques efficaces et utilisant les énergies renouvelables. CLIMATIQUE EMERGENCES • Les éléments techniques extérieurs liés au bâtiment (centrales de traitement d’air, unités ACOUSTIQUES extérieures de pompes à chaleur, unités de climatisation…) devront être traités de ma…","…ce dernier que vu depuis l’extérieur. Ce plan mettra également en perspective le respect et la valorisation de la présence de la nature et de la biodiversité au sein même du site. DISPOSITIFS FAVORISANT LES • La conception bioclimatique est recommandée pour la construction des bâtiments neufs : des ÉCONOMIES constructions bien orientées - bénéficiant d’apports solaires gratuits en hiver et protégées du D’ÉNERGIE ET rayonnement solaire direct en été -, compactes, très isolées, mettant en œuvre des systèmes L’ADAPTATION énergétiques efficaces et utilisant les énergies renouvelables. CLIMATIQUE EMERGENCES • Les éléments techniques extérieurs liés au bâtiment (centrales de traitement d’air, unités ACOUSTIQUES extérieures de pompes à chaleur, unités de climatisation…) devront être traités de ma… limiter l’émergence acoustique.",totale,"Le passage prescrit/recommande que les éléments techniques extérieurs liés au bâtiment (climatisation, pompes à chaleur, etc.) soient traités pour limiter l'émergence acoustique. Cette règle concerne directement les constructions de bâtiments, relève donc pleinement du périmètre diagBruit. Aucune limite spatiale spécifique n'étant mentionnée, la portée est considérée comme administrative.",recommandation,opposable en conformité,autre,validé,False,,2026-08-26
2e782afabec0a8c1c78ec25955bff2c3,6_67308_reglement_20211115.pdf,règlement écrit,https://www.geoportail-urbanisme.gouv.fr/api/document/2e782afabec0a8c1c78ec25955bff2c3/files/67308_reglement_20211115.pdf,alinea,Article AU6,,administrative,limiter l’émergence acoustique.,"…mes L’ADAPTATION énergétiques efficaces et utilisant les énergies renouvelables. CLIMATIQUE EMERGENCES • Les éléments techniques extérieurs liés au bâtiment (centrales de traitement d’air, unités ACOUSTIQUES extérieures de pompes à chaleur, unités de climatisation…) devront être traités de manière à limiter l’émergence acoustique. ARTICLE N6 TRAITEMENT ENVIRONNEMENTAL ET PAYSAGER DES ESPACES N6 TRAITEMENT ENVIRONNEMENTAL ET PAYSAGER DES ESPACES • Les constructions et aménagements veilleront à limiter leur impact sur l’imperméabilisation des sols et à favoriser la circulation de la biodiversité. Ensemble de la ZONE N • Dans le…",totale,"Le passage impose que les équipements techniques extérieurs liés au bâtiment (climatisation, pompes à chaleur, centrales de traitement d'air) soient traités pour limiter l'émergence acoustique. Il s'agit d'une règle autonome et générale relative aux constructions, applicable a priori à l'ensemble du document en l'absence de précision de zone spécifique dans cet extrait.",prescription,opposable en conformité,lutte_bruit_existant,validé,False,,2026-08-26
74a1152d00062069c9290dee2489e046,1_67311_padd_20241008.pdf,PADD,https://www.geoportail-urbanisme.gouv.fr/api/document/74a1152d00062069c9290dee2489e046/files/67311_padd_20241008.pdf,page,page 8,,administrative,"Préserver la population et les biens des risques et nuisances connus (inondation, bruit, ""pollution visuelle"", etc.) en évitant l'urbanisation des secteurs potentiellement concernés par ces risques, ou, à défaut, en ayant recours à des modes d'urbanisation et de construction adaptés afin de préserver la qualité de vie dans la commune.","…. Permettre le renouvellement urbain des secteurs d'urbanisation plus récente et garantir la qualité urbaine et environnementale du développement urbain, tant dans les opérations en cours que celles à venir. Finaliser l'enveloppe urbaine de Muttersholtz en poursuivant l'urbanisation du Bruchfeld, de Préserver la population et les biens des risques et nuisances connus (inondation, bruit, ""pollution visuelle"", etc.) en évitant l'urbanisation des secteurs potentiellement concernés par ces risques, ou, à défaut, en ayant recours à des modes d'urbanisation et de construction adaptés afin de préserver la qualité de vie dans la commune. ces risques, ou, à défaut, en ayant recours à des modes d'urbanisation et de construction adaptés afin de préserver la qualité de vie dans la commune. PLU de Muttersholtz I P.A.D.D. I Atelier [inSitu] - IupS - Oréade-Brèche I 28 mars 2019 I page 7",forte,"Le PADD affiche un objectif général de préservation de la population face aux nuisances sonores connues, en évitant l'urbanisation des secteurs concernés ou en adaptant les modes de construction. Il s'agit d'une orientation générale du PADD, non liée au classement sonore des infrastructures ni au PEB, et qui concerne bien l'urbanisation et la construction de bâtiments (périmètre diagBruit). La formulation reste toutefois assez générale et programmatique, typique d'un PADD, sans zone précise identifiée.",recommandation,non opposable,lutte_bruit_existant,validé,False,,2026-08-26
74a1152d00062069c9290dee2489e046,1_67311_reglement_20241008.pdf,règlement écrit,https://www.geoportail-urbanisme.gouv.fr/api/document/74a1152d00062069c9290dee2489e046/files/67311_reglement_20241008.pdf,alinea,Article 2,zones concernées matérialisées au plan des annexes (axes de transports terrestres bruyants),zone_specifique,"Les constructions à usage d'hébergement et d'habitation doivent en outre répondre aux exigences d'isolement acoustique par rapport aux axes de transports terrestres bruyants, conformément à la réglementation en vigueur. Les zones concernées sont matérialisées au plan des annexes","3. Les articles L. 1102-13, L311-2, L313-2, L424-1, L153-11 du code de l'urbanisme et
L331-6 du code de l'environnement, sur le fond desquels peut être opposé un
sursis à statuer. Les constructions à usage d'hébergement et d'habitation doivent en outre répondre aux exigences d'isolement acoustique par rapport aux axes de transports terrestres bruyants, conformément à la réglementation en vigueur. Les zones concernées sont matérialisées au plan des annexes 5. Les articles L.113-1 à L.113-2 et R. 113-1 à R.113-2 du code de l'urbanisme sont
applicables aux secteurs définis sur les plans par la trame « espace boisé classé à
conserve ou à créer».",forte,"Le passage impose une exigence d'isolement acoustique pour les constructions à usage d'hébergement et d'habitation à proximité des axes de transports terrestres bruyants, en renvoyant à un plan spécifique délimitant les zones concernées. Bien que la formulation évoque 'conformément à la réglementation en vigueur' (ce qui pourrait suggérer un simple rappel du classement sonore), le fait que ce soit intégré comme une règle propre du document d'urbanisme avec un plan dédié en annexe en fait une règle autonome à signaler, même si le contenu reste proche du dispositif réglementaire standard.",prescription,opposable en conformité,lutte_bruit_existant,validé,True,élevée,2026-08-26
74a1152d00062069c9290dee2489e046,1_67311_orientations_amenagement_1_20241008.pdf,OAP,https://www.geoportail-urbanisme.gouv.fr/api/document/74a1152d00062069c9290dee2489e046/files/67311_orientations_amenagement_1_20241008.pdf,page,page 22,zone d'activité limitrophe de l'habitat,zone_specifique,"un traitement paysager sera nécessaire pour délimiter et séparer l’activité de l’habitat, dans un souci de réduction des nuisances visuelles ou sonores liées aux activités","largeur minimale de 2,00 mètres et sera éventuellement doublé d'une bande plantée. 21 P L U d e M U T T E R S H O L T Z • • • O A P • • • A t e l i e r [ i n S i t u ] • I u p S • O r é a d e - B r è c h e • • • 2 8 m a r s 2 0 1 9 un traitement paysager sera nécessaire pour délimiter et séparer l’activité de l’habitat, dans un souci de réduction des nuisances visuelles ou sonores liées aux activités collectif et devra proposer une barrière visuelle entre activité et habitations de type ""merlon planté"", sur le modèle du merlon actuel en bordure Sud-Ouest du lotissement des Iris. L'emprise minimale cet aménagement paysager sera de 12 mètres. • Une frange Est sur le milieu agricole et naturel est…",forte,"Le passage impose un traitement paysager (espace vert, merlon planté) entre la zone d'activité et les habitations, explicitement pour réduire les nuisances sonores liées aux activités. Ceci constitue une règle autonome d'urbanisme (aménagement paysager anti-bruit), distincte du classement sonore des infrastructures de transport ou du PEB, et concerne bien l'aménagement urbain à proximité de bâtiments. La portée est limitée à cette zone spécifique d'interface activité/habitat.",recommandation,opposable en compatibilité,autre,validé,False,,2026-08-26
3b6464195e71f5bd0a3be8afedaf43be,1_67313_reglement_20260224.pdf,règlement écrit,https://www.geoportail-urbanisme.gouv.fr/api/document/3b6464195e71f5bd0a3be8afedaf43be/files/67313_reglement_20260224.pdf,alinea,Article Ua,"secteurs de nuisances acoustiques délimités au plan de contraintes, de part et d'autre de la voie de contournement",zone_specifique,"Dans les secteurs de nuisances acoustiques délimités au plan de contraintes en annexe nuisance acoustique, de part et d'autre de la voie de contournement, les constructions nouvelles à usage d'habitation, ainsi que les extensions de bâtiments d'habitation existants admises par le présent règlement doivent en raison de leur exposition au bruit, faire l'objet d'une isolation acoustique dans les conditions prévues par les dispositions législatives et réglementaires en matière d'urbanisme, de construction et d'habitat","…tensions du centre ancien. C'est une zone diversifiée tant par la présence d'habitat de type pavillonnaire et de quelques petits collectifs que par l'aspect des constructions. SECTION 1- NATURE DE L'OCCUPATION ET DE L'UTILISATION DU SOL L'édification des clôtures est soumise à déclaration préalable. Dans les secteurs de nuisances acoustiques délimités au plan de contraintes en annexe nuisance acoustique, de part et d'autre de la voie de contournement, les constructions nouvelles à usage d'habitation, ainsi que les extensions de bâtiments d'habitation existants admises par le présent règlement doivent en raison de leur exposition au bruit, faire l'objet d'une isolation acoustique dans les conditions prévues par les dispositions législatives et réglementaires en matière d'urbanisme, de construction et d'habitat extensions de bâtiments d'habitation existants admises par le présent règlement doivent en raison de leur exposition au bruit, faire l'objet d'une isolation acoustique dans les conditions prévues par les dispositions législatives et réglementaires en matière d'urbanisme, de construction et d'habitat…",forte,"Le passage définit un secteur de nuisances acoustiques propre au document d'urbanisme (plan de contraintes annexé), distinct du classement sonore national ou du PEB, imposant une isolation acoustique aux constructions nouvelles à usage d'habitation et aux extensions de bâtiments existants de part et d'autre d'une voie de contournement. Il s'agit donc d'une règle autonome relevant du périmètre diagBruit, applicable à une zone spécifique délimitée graphiquement en annexe et non à l'ensemble du territoire.",prescription,opposable en conformité,autre,validé,False,,2026-08-26
3b6464195e71f5bd0a3be8afedaf43be,2_67313_reglement_20260224.pdf,règlement écrit,https://www.geoportail-urbanisme.gouv.fr/api/document/3b6464195e71f5bd0a3be8afedaf43be/files/67313_reglement_20260224.pdf,alinea,Article Ua,"secteurs de nuisances acoustiques délimités au plan de contraintes en annexe nuisance acoustique, de part et d'autre de la voie de contournement",zone_specifique,"Dans les secteurs de nuisances acoustiques délimités au plan de contraintes en annexe nuisance acoustique, de part et d'autre de la voie de contournement, les constructions nouvelles à usage d'habitation, ainsi que les extensions de bâtiments d'habitation existants admises par le présent règlement doivent en raison de leur exposition au bruit, faire l'objet d'une isolation acoustique dans les conditions prévues par les dispositions législatives et réglementaires en matière d'urbanisme, de construction et d'habitation.","…au permis de démolir, conformément à l'article R. 421-28 du Code de l'Urbanisme. Dans les secteurs de nuisances acoustiques délimités au plan de contraintes en annexe nuisance acoustique, de part et d'autre de la voie de contournement, les constructions nouvelles à usage d'habitation, ainsi que les Dans les secteurs de nuisances acoustiques délimités au plan de contraintes en annexe nuisance acoustique, de part et d'autre de la voie de contournement, les constructions nouvelles à usage d'habitation, ainsi que les extensions de bâtiments d'habitation existants admises par le présent règlement doivent en raison de leur exposition au bruit, faire l'objet d'une isolation acoustique dans les conditions prévues par les dispositions législatives et réglementaires en matière d'urbanisme, de construction et d'habitation. France à l'intérieur des périmètres de protection des monuments historiques inscrits aux documents graphiques.",totale,"Ce passage ne relève pas du classement sonore des voies ni du PEB aéroportuaire déjà traités par diagBruit, mais d'un plan de contraintes propre au document d'urbanisme délimitant des secteurs de nuisances acoustiques autour d'une voie de contournement locale. Il impose une isolation acoustique aux constructions nouvelles d'habitation et extensions dans ce secteur spécifique, ce qui constitue une règle autonome liée au bruit et concernant bien des bâtiments (donc dans le périmètre diagBruit). La portée est une zone spécifique (le secteur délimité au plan de contraintes annexé), non l'ensemble du territoire.",prescription,opposable en conformité,lutte_bruit_existant,validé,False,,2026-08-26
3b6464195e71f5bd0a3be8afedaf43be,3_67313_reglement_20260224.pdf,règlement écrit,https://www.geoportail-urbanisme.gouv.fr/api/document/3b6464195e71f5bd0a3be8afedaf43be/files/67313_reglement_20260224.pdf,alinea,Article Ub,secteurs de nuisances acoustiques délimités de part et d'autre de la voie de contournement,zone_specifique,"Dans les secteurs de nuisances acoustiques délimités au plan joint en annexe de part et d'autre de la voie de contournement, les constructions nouvelles à usage d'habitation, ainsi que les extensions de bâtiments d'habitation existants admises par le présent règlement doivent en raison de leur exposition au bruit, faire l'objet d'une isolation acoustique dans les conditions prévues par les dispositions légi…","…t une zone peu diversifiée et composée principalement de petits collectifs. Elle comporte un sous-secteur Ucm correspondant à des logements collectifs destinés aux personnes âgées sur le site de l’ancienne malterie de la friche brassicole. SECTION 1- NATURE DE l'OCCUPATION ET DE L'UTILISATION DU SOL Dans les secteurs de nuisances acoustiques délimités au plan joint en annexe de part et d'autre de la voie de contournement, les constructions nouvelles à usage d'habitation, ainsi que les extensions de bâtiments d'habitation existants admises par le présent règlement doivent en raison de leur exposition au bruit, faire l'objet d'une isolation acoustique dans les conditions prévues par les dispositions légi… contournement, les constructions nouvelles à usage d'habitation, ainsi que les extensions de bâtiments d'habitation existants admises par le présent règlement doivent en raison de leur exposition au bruit, faire l'objet d'une isolation acoustique dans les conditions prévues par les dispositions légi…",forte,"Il s'agit ici d'un secteur de nuisances acoustiques lié à une voie de contournement, délimité par un plan annexé au règlement local, et non du classement sonore ou du PEB déjà traités ailleurs par diagBruit. Cette zone impose une isolation acoustique aux constructions nouvelles d'habitation et aux extensions de bâtiments existants, ce qui constitue une règle autonome propre au document d'urbanisme, concernant bien des bâtiments (périmètre diagBruit). La portée est limitée à ce secteur spécifique délimité au plan, non à l'ensemble du zonage.",prescription,opposable en conformité,autre,validé,False,,2026-08-26
3b6464195e71f5bd0a3be8afedaf43be,4_67313_reglement_20260224.pdf,règlement écrit,https://www.geoportail-urbanisme.gouv.fr/api/document/3b6464195e71f5bd0a3be8afedaf43be/files/67313_reglement_20260224.pdf,alinea,Article Ub,secteurs de nuisances acoustiques délimités au plan joint en annexe de part et d'autre de la voie de contournement,zone_specifique,"Dans les secteurs de nuisances acoustiques délimités au plan joint en annexe de part et d'autre de la voie de contournement, les constructions nouvelles à usage d'habitation, ainsi que les extensions de bâtiments d'habitation existants admises par le présent règlement doivent en raison de leur exposition au bruit, faire l'objet d'une isolation acoustique dans les conditions prévues par les dispositions législatives et réglementaires en matière d'urbanisme, de construction et d'habitation.","…les R421-13 et suivants du Code de l'Urbanisme. Les démolitions en tout ou partie d'un bâtiment sont soumises au permis de démolir, conformément à l'article R. 421-28 du Code de l'Urbanisme. Dans les secteurs de nuisances acoustiques délimités au plan joint en annexe de part et d'autre de la voie de Dans les secteurs de nuisances acoustiques délimités au plan joint en annexe de part et d'autre de la voie de contournement, les constructions nouvelles à usage d'habitation, ainsi que les extensions de bâtiments d'habitation existants admises par le présent règlement doivent en raison de leur exposition au bruit, faire l'objet d'une isolation acoustique dans les conditions prévues par les dispositions législatives et réglementaires en matière d'urbanisme, de construction et d'habitation. France à l'intérieur des périmètres de protection des monuments historiques inscrits au plan de servitude.",totale,"Il ne s'agit pas d'un secteur affecté par le bruit issu du classement sonore des voies bruyantes existantes ni d'un PEB, mais d'un périmètre spécifique lié à une voie de contournement (nouvelle infrastructure), délimité sur un plan annexé au règlement. Ce zonage impose une isolation acoustique aux constructions nouvelles et extensions d'habitation, ce qui constitue une règle autonome d'urbanisme distincte du classement sonore déjà traité par ailleurs. La règle concerne bien les bâtiments d'habitation et non l'infrastructure elle-même, donc pas de confiance faible pour ce motif.",prescription,opposable en conformité,autre,validé,False,,2026-08-26
3b6464195e71f5bd0a3be8afedaf43be,5_67313_reglement_20260224.pdf,règlement écrit,https://www.geoportail-urbanisme.gouv.fr/api/document/3b6464195e71f5bd0a3be8afedaf43be/files/67313_reglement_20260224.pdf,alinea,Article Uc,secteurs de nuisances acoustiques délimités au plan de zonage de part et d'autre de la voie de contournement,zone_specifique,"Dans les secteurs de nuisances acoustiques délimités au plan de zonage de part et d'autre de la voie de contournement, les constructions nouvelles à usage d'habitation, ainsi que les extensions de bâtiments d'habitation existants admises par le présent règlement doivent en raison de leur exposition au bruit, faire l'objet d'une isolation acoustique dans les conditions prévues par les dispositions législatives et réglementaires en matière d'urbanisme, de construction et d'habitation.","…de la commune sont soumis aux dispositions de l'article R111-2 du Code de l'Urbanisme qui seront notamment appliquées dans les périmètres grisés définissant un risque naturel. SECTION 1- NATURE DE l'OCCUPATION ET DE L'UTILISATION DU SOL L'édification des clôtures est soumise à déclaration préalable. Dans les secteurs de nuisances acoustiques délimités au plan de zonage de part et d'autre de la voie de contournement, les constructions nouvelles à usage d'habitation, ainsi que les extensions de bâtiments d'habitation existants admises par le présent règlement doivent en raison de leur exposition au bruit, faire l'objet d'une isolation acoustique dans les conditions prévues par les dispositions législatives et réglementaires en matière d'urbanisme, de construction et d'habitation. d'habitation existants admises par le présent règlement doivent en raison de leur exposition au bruit, faire l'objet d'une isolation acoustique dans les conditions prévues par les dispositions législatives et réglementaires en matière d'urbanisme, de construction et d'habitation. Les Autorisations d…",forte,"Le passage définit un secteur de nuisances acoustiques propre au document d'urbanisme (lié à une voie de contournement, non identifié comme classement sonore officiel), imposant une isolation acoustique aux constructions nouvelles à usage d'habitation et aux extensions. Il ne s'agit pas d'un simple renvoi au classement sonore mais d'une zone spécifique définie au plan de zonage local, donc portée géométrique zone_specifique.",prescription,opposable en conformité,autre,validé,False,,2026-08-26
3b6464195e71f5bd0a3be8afedaf43be,6_67313_reglement_20260224.pdf,règlement écrit,https://www.geoportail-urbanisme.gouv.fr/api/document/3b6464195e71f5bd0a3be8afedaf43be/files/67313_reglement_20260224.pdf,alinea,Article Uc,secteurs de nuisances acoustiques délimités au plan de zonage de part et d'autre de la voie de contournement,zone_specifique,"Dans les secteurs de nuisances acoustiques délimités au plan de zonage de part et d'autre de la voie de contournement, les constructions nouvelles à usage d'habitation, ainsi que les extensions de bâtiments d'habitation existants admises par le présent règlement doivent en raison de leur exposition au bruit, faire l'objet d'une isolation acoustique dans les conditions prévues par les dispositions législatives et réglementaires en matière d'urbanisme, de construction et d'habitation.","…ont soumises au permis de démolir, conformément à l'article R. 421-28 du Code de l'Urbanisme. Dans les secteurs de nuisances acoustiques délimités au plan de zonage de part et d'autre de la voie de contournement, les constructions nouvelles à usage d'habitation, ainsi que les extensions de bâtiments Dans les secteurs de nuisances acoustiques délimités au plan de zonage de part et d'autre de la voie de contournement, les constructions nouvelles à usage d'habitation, ainsi que les extensions de bâtiments d'habitation existants admises par le présent règlement doivent en raison de leur exposition au bruit, faire l'objet d'une isolation acoustique dans les conditions prévues par les dispositions législatives et réglementaires en matière d'urbanisme, de construction et d'habitation. ARTICLE Ue 1 - OCCUPATIONS ET UTILISATIONS DU SOL INTERDITES 1.1. La construction de nouveaux bâtiments agricoles, ou à usage principal d'activité artisanale, commerciale, tertiaire ou industrielle, 1.2. Les établissements, les activités et toute occupation et utilisation du sol qui peuvent porter a…",totale,"Le passage impose une isolation acoustique aux constructions nouvelles d'habitation et extensions dans des secteurs de nuisances acoustiques délimités au plan de zonage autour d'une voie de contournement (pas un classement sonore préfectoral classique ni un PEB). C'est une règle autonome propre au document d'urbanisme, avec une zone géométrique spécifique à tracer manuellement.",prescription,opposable en conformité,autre,validé,False,,2026-08-26
3b6464195e71f5bd0a3be8afedaf43be,7_67313_reglement_20260224.pdf,règlement écrit,https://www.geoportail-urbanisme.gouv.fr/api/document/3b6464195e71f5bd0a3be8afedaf43be/files/67313_reglement_20260224.pdf,alinea,Article Ue,secteurs de nuisances acoustiques délimités au plan de zonage de part et d'autre de la RD 1420,zone_specifique,"Dans les secteurs de nuisances acoustiques délimités au plan de zonage de part et d'autre de la RD 1420, les constructions nouvelles à usage d'habitation, ainsi que les extensions de bâtiments d'habitation existants admises par le présent règlement doivent en raison de leur exposition au bruit, faire l'objet d'une isolation acoustique","…OCCUPATION ET DE L'UTILISATION DU SOL L'édification des clôtures est soumise à déclaration préalable. L'édification de clôtures spécifiquement militaires et liées à l'activité sont autorisées. Les installations et travaux divers sont soumis à l'autorisation prévue aux articles R421-13 et suivants du Dans les secteurs de nuisances acoustiques délimités au plan de zonage de part et d'autre de la RD 1420, les constructions nouvelles à usage d'habitation, ainsi que les extensions de bâtiments d'habitation existants admises par le présent règlement doivent en raison de leur exposition au bruit, faire l'objet d'une isolation acoustique les conditions prévues par les dispositions législatives et réglementaires en matière d'urbanisme, de construction et d'habitation. Les Autorisations du Droit des Sols sont soumises à consultation préalable de !'Architecte des Bâtiments de France à l'intérieur des périmètres de protection des monume…",forte,"Le passage définit un secteur de nuisances acoustiques lié à la RD 1420, distinct du classement sonore réglementaire national des voies (aucune mention d'arrêté préfectoral de classement sonore). Il impose une isolation acoustique aux constructions neuves et extensions d'habitations dans ce secteur spécifique délimité au plan de zonage, ce qui constitue une règle autonome d'urbanisme applicable aux bâtiments, avec une portée géométrique circonscrite à une zone spécifique nécessitant un tracé manuel.",prescription,opposable en conformité,lutte_bruit_existant,validé,False,,2026-08-26
3b6464195e71f5bd0a3be8afedaf43be,8_67313_reglement_20260224.pdf,règlement écrit,https://www.geoportail-urbanisme.gouv.fr/api/document/3b6464195e71f5bd0a3be8afedaf43be/files/67313_reglement_20260224.pdf,alinea,Article Um,"secteurs de nuisances acoustiques délimités au plan annexé au rapport de présentation, de part et d'autre de la voie express",zone_specifique,"Dans les secteurs de nuisances acoustiques délimités au plan annexé au rapport de présentation de part et d'autre de la voie express, les constructions nouvelles à usage d'habitation, ainsi que les extensions de bâtiments d'habitation existants admises par le présent règlement doivent en raison de leur exposition au bruit, faire l'objet d'une isolation acoustique dans les conditions prévues par les dispositions législatives et réglementaires en matière d'urbanisme, de construction et d'habitation.","…DE L'UTILISATION DU SOL L'édification des clôtures est soumise à déclaration préalable. Les installations et travaux divers sont soumis à l'autorisation prévue aux articles R421-13 et suivants du Code de l'Urbanisme. Les démolitions en tout ou partie d'un bâtiment sont soumises au permis de démolir. Dans les secteurs de nuisances acoustiques délimités au plan annexé au rapport de présentation de part et d'autre de la voie express, les constructions nouvelles à usage d'habitation, ainsi que les extensions de bâtiments d'habitation existants admises par le présent règlement doivent en raison de leur exposition au bruit, faire l'objet d'une isolation acoustique dans les conditions prévues par les dispositions législatives et réglementaires en matière d'urbanisme, de construction et d'habitation. d'habitation existants admises par le présent règlement doivent en raison de leur exposition au bruit, faire l'objet d'une isolation acoustique dans les conditions prévues par les dispositions législatives et réglementaires en matière d'urbanisme, de construction et d'habitation.",totale,"Il ne s'agit pas ici d'un secteur affecté par le bruit issu du classement sonore officiel des infrastructures de transport (arrêté préfectoral), mais d'un secteur de nuisances acoustiques propre, délimité par un plan annexé au rapport de présentation du document d'urbanisme lui-même, de part et d'autre d'une voie express. Cette zone impose une obligation d'isolation acoustique aux constructions nouvelles à usage d'habitation et aux extensions de bâtiments d'habitation existants. Il s'agit donc d'une règle autonome du document d'urbanisme, avec une portée géométrique zone_specifique car elle ne s'applique qu'à ce secteur délimité au plan annexé, non à l'ensemble du territoire couvert par le règlement.",prescription,opposable en conformité,autre,validé,False,,2026-08-26
3b6464195e71f5bd0a3be8afedaf43be,9_67313_reglement_20260224.pdf,règlement écrit,https://www.geoportail-urbanisme.gouv.fr/api/document/3b6464195e71f5bd0a3be8afedaf43be/files/67313_reglement_20260224.pdf,alinea,Article Um,secteurs de nuisances acoustiques de part et d'autre de la voie express,zone_specifique,"Dans les secteurs de nuisances acoustiques délimités au plan annexé au rapport de présentation de part et d'autre de la voie express, les constructions nouvelles à usage d'habitation, ainsi que les extensions de bâtiments d'habitation existants admises par le présent règlement doivent en raison de leur exposition au bruit, faire l'objet d'une isolation acoustique dans les conditions prévues par les dispositions législatives et réglementaires en matière d'urbanisme, de construction et d'habitation.","…res de protection des monuments historiques inscrits aux documents graphiques. Dans les secteurs de nuisances acoustiques délimités au plan annexé au rapport de présentation de part et d'autre de la voie express, les constructions nouvelles à usage d'habitation, ainsi que les extensions de bâtiments Dans les secteurs de nuisances acoustiques délimités au plan annexé au rapport de présentation de part et d'autre de la voie express, les constructions nouvelles à usage d'habitation, ainsi que les extensions de bâtiments d'habitation existants admises par le présent règlement doivent en raison de leur exposition au bruit, faire l'objet d'une isolation acoustique dans les conditions prévues par les dispositions législatives et réglementaires en matière d'urbanisme, de construction et d'habitation. ARTICLE Ux 1 - OCCUPATIONS ET UTILISATIONS DU SOL INTERDITES OCCUPATIONS ET UTILISATIONS DU SOL interdites : 1.1. Les bâtiments agricoles, 1.2. Toute nouvelle construction à usage d'habitation, 1.3. Les opérations groupées à usage d'habitation exclusif, 1.4. Les établissements et activités et toute…",totale,"Le passage définit un secteur de nuisances acoustiques propre au document d'urbanisme (délimité au plan annexé au rapport de présentation, lié à une voie express spécifique), distinct du classement sonore réglementaire ou du PEB. Il impose une isolation acoustique aux constructions nouvelles d'habitation et extensions dans ce secteur. Il s'agit donc d'une règle autonome liée au bruit, avec une portée géométrique spécifique à ce secteur (non un simple renvoi au classement sonore national).",prescription,opposable en conformité,autre,validé,False,,2026-08-26
3b6464195e71f5bd0a3be8afedaf43be,10_67313_reglement_20260224.pdf,règlement écrit,https://www.geoportail-urbanisme.gouv.fr/api/document/3b6464195e71f5bd0a3be8afedaf43be/files/67313_reglement_20260224.pdf,alinea,Article Ux,Secteurs de nuisances acoustiques de part et d'autre de la RD 1420,zone_specifique,"Dans les secteurs de nuisances acoustiques délimités aux documents graphiques de part et d'autre de la RD 1420, voie de contournement., les constructions nouvelles à usage d'habitation, ainsi que les extensions de bâtiments d'habitation existants admises par le présent règlement doivent en raison de leur exposition au bruit, faire l'objet d'une isolation acoustique dans les conditions prévues par les dispositions législatives et réglementaires en matière d'urbanisme, de construction et d'habitation.","…e de l'article L.111-4 du code de l'urbanisme. SECTION 1- NATURE DE L'OCCUPATION ET DE L'UTILISATION DU SOL L'édification des clôtures est soumise à déclaration préalable. Les installations et travaux divers sont soumis à l'autorisation prévue aux articles R421-13 et suivants du Code de l'Urbanisme. Dans les secteurs de nuisances acoustiques délimités aux documents graphiques de part et d'autre de la RD 1420, voie de contournement., les constructions nouvelles à usage d'habitation, ainsi que les extensions de bâtiments d'habitation existants admises par le présent règlement doivent en raison de leur exposition au bruit, faire l'objet d'une isolation acoustique dans les conditions prévues par les dispositions législatives et réglementaires en matière d'urbanisme, de construction et d'habitation. réglementaires en matière d'urbanisme, de construction et d'habitation. 43/72 Jérôme ESPARGILIERE",totale,"Le passage définit un secteur de nuisances acoustiques lié à une voie routière (RD 1420) délimité aux documents graphiques du document d'urbanisme lui-même (pas le classement sonore préfectoral), et impose une obligation d'isolation acoustique aux constructions nouvelles à usage d'habitation et aux extensions. Il s'agit d'une règle autonome propre à ce document, distincte du classement sonore officiel, avec une portée géométrique limitée à un secteur spécifique délimité graphiquement.",prescription,opposable en conformité,lutte_bruit_existant,validé,False,,2026-08-26
ca84fda748e905528fde6670420367c7,1_67327_reglement_20231212.pdf,règlement écrit,https://www.geoportail-urbanisme.gouv.fr/api/document/ca84fda748e905528fde6670420367c7/files/67327_reglement_20231212.pdf,page,page 13,,administrative,"transformation d'établissements de
toute nature - qu'ils comportent ou
non des installations classées - s'il
en résulte une augmentation
significative des nuisances
{notamment sonores et olfactives)
pour le voisinage, ainsi que des
risques accrus pour la salubrité et la
sécurité publique.","+ La création, l’extension ou la transformation d'établissements de
toute nature - qu'ils comportent ou
non des installations classées - s'il
en résulte une augmentation
significative des nuisances
{notamment sonores et olfactives)
pour le voisinage, ainsi que des
risques accrus pour la salubrité et la
sécurité publique. NIERDERLAUTERBACH",forte,"Le passage établit une règle limitant la création, l'extension ou la transformation d'établissements générant une augmentation significative des nuisances sonores (et autres) pour le voisinage. Cette règle est autonome par rapport au classement sonore des voies ou au PEB, et concerne bien les bâtiments/établissements et leur impact sur le voisinage, ce qui relève du périmètre diagBruit. Aucune limite géographique spécifique n'étant précisée, la règle s'applique à l'ensemble du document.",prescription,opposable en conformité,lutte_bruit_existant,validé,True,élevée,2026-08-26
ca84fda748e905528fde6670420367c7,2_67327_reglement_20231212.pdf,règlement écrit,https://www.geoportail-urbanisme.gouv.fr/api/document/ca84fda748e905528fde6670420367c7/files/67327_reglement_20231212.pdf,page,page 22,,administrative,"La création, l'extension ou la transformation d'établissements de toute nature - qu'ils comportent ou non des installations classées - s'il en résulte une augmentation significative des nuisances {notamment sonores et olfactives) pour le voisinage, ainsi que des risques accrus pour la salubrité et la sécurité publique.","Les affouillements et exhaussements
du sol autres que ceux liés aux
occupations et utilisations du sol
admises dans la zone. La création, l'extension ou la transformation d'établissements de toute nature - qu'ils comportent ou non des installations classées - s'il en résulte une augmentation significative des nuisances {notamment sonores et olfactives) pour le voisinage, ainsi que des risques accrus pour la salubrité et la sécurité publique. + La création, l'extension de
constructions et les aménagements
destinés :",totale,"Le passage interdit la création, l'extension ou la transformation d'établissements générant une augmentation significative des nuisances sonores (et autres) pour le voisinage. Il s'agit d'une règle autonome liée au bruit dans le cadre de projets de constructions/aménagements urbains, applicable à l'ensemble de la zone concernée par ce règlement (portée administrative, aucune zone spécifique mentionnée).",prescription,opposable en conformité,lutte_bruit_existant,validé,True,élevée,2026-08-26
ca84fda748e905528fde6670420367c7,3_67327_reglement_20231212.pdf,règlement écrit,https://www.geoportail-urbanisme.gouv.fr/api/document/ca84fda748e905528fde6670420367c7/files/67327_reglement_20231212.pdf,page,page 27,,administrative,"Les éléments techniques extérieurs liés au bâtiment (centrales de traitement d'air, unités extérieures de pompes à chaleur, unités de climatisation) devront être traités de manière à limiter l'émergence acoustique.","…roduire de l'énergie
renouvelable dans es constructions, tels que panneaux solaires, éoliennes,
toitures végétalisées, rehaussement de couveriure pour isolation thermique, sont
autorisés en saillies des 1oïtures à condition que leur volumétrie s’insère
harmonieusement dans le cadre bâti environnant. Les éléments techniques extérieurs liés au bâtiment (centrales de traitement d'air, unités extérieures de pompes à chaleur, unités de climatisation) devront être traités de manière à limiter l'émergence acoustique. + Les éléments techniques extérieurs liés au bâtiment (centrales de traitement d'air,
unités extérieures de pompes à chaleur, unités de climatisation) devront être traités
de manière à limiter l'émergence acoustique.",totale,"Le passage prescrit un traitement des équipements techniques extérieurs des bâtiments (climatisation, pompes à chaleur, centrales de traitement d'air) afin de limiter les émergences acoustiques qu'ils génèrent. Il s'agit d'une règle autonome liée au bruit et directement rattachée aux constructions, donc dans le périmètre diagBruit. Aucune limite géographique spécifique n'est mentionnée, la règle s'applique donc à l'ensemble du document.",prescription,opposable en conformité,autre,validé,True,élevée,2026-08-26
ca84fda748e905528fde6670420367c7,4_67327_reglement_20231212.pdf,règlement écrit,https://www.geoportail-urbanisme.gouv.fr/api/document/ca84fda748e905528fde6670420367c7/files/67327_reglement_20231212.pdf,page,page 27,,administrative,"Les éléments techniques extérieurs liés au bâtiment (centrales de traitement d'air, unités extérieures de pompes à chaleur, unités de climatisation) devront être traités de manière à limiter l'émergence acoustique.","EMERGENCES ACOUSTIQUES Les éléments techniques extérieurs liés au bâtiment (centrales de traitement d'air, unités extérieures de pompes à chaleur, unités de climatisation) devront être traités de manière à limiter l'émergence acoustique. NIERDERLAUTERBACH",totale,"Le passage impose un traitement des équipements techniques extérieurs (climatisation, pompes à chaleur, VMC) pour limiter les émergences acoustiques vis-à-vis du voisinage. C'est une règle autonome relative aux constructions, applicable semble-t-il à l'ensemble du zonage sans secteur particulier précisé.",prescription,opposable en conformité,autre,validé,True,élevée,2026-08-26
ca84fda748e905528fde6670420367c7,5_67327_reglement_20231212.pdf,règlement écrit,https://www.geoportail-urbanisme.gouv.fr/api/document/ca84fda748e905528fde6670420367c7/files/67327_reglement_20231212.pdf,page,page 33,,administrative,"ou celles rendues indispensables pour des motifs de sécurité. Dans ce cas, elles
d'une haie vive à feulllage caduc, pouvant, ls cas
ET DES ABORDS échéant, être doublé d’un grillage posé côté intérieur de la haie.
+ Dans le cadre de l'implantation de bâtiments à usage agricole et de réalisation
d'aires de stockage, un projet d'intégration paysagère à partir d'implantation
Ensemble d'arbres à hautes tiges ou de haies vives, composées d’essences champêtres
(feuillus et fruitiers), sera exigé.
de la…","AMÉNAGEMENTS - Seules sont admises les clôtures précaires nécessaires à l'exploitation agricole
DES CLÔTURES doivent être constit! ou celles rendues indispensables pour des motifs de sécurité. Dans ce cas, elles
d'une haie vive à feulllage caduc, pouvant, ls cas
ET DES ABORDS échéant, être doublé d’un grillage posé côté intérieur de la haie.
+ Dans le cadre de l'implantation de bâtiments à usage agricole et de réalisation
d'aires de stockage, un projet d'intégration paysagère à partir d'implantation
Ensemble d'arbres à hautes tiges ou de haies vives, composées d’essences champêtres
(feuillus et fruitiers), sera exigé.
de la… ARTICLE A6 TRAITEMENT ENVIRONNEMENTAL
ET PAYSAGER DES ESPACES",totale,"Le passage impose que les éléments techniques extérieurs liés au bâtiment (centrales de traitement d'air, unités extérieures de pompes à chaleur, unités de climatisation, pompe de traitement des eaux de piscine) soient traités de manière à limiter l'émergence acoustique. Cette règle concerne directement les bâtiments (nouvelles constructions et équipements associés) et relève donc du périmètre diagBruit. Aucune limite spatiale spécifique n'est indiquée, la règle semble s'appliquer à l'ensemble de la zone réglementée par cet article (A6), traitée ici comme portée administrative faute de précision contraire.",prescription,opposable en conformité,autre,validé,True,élevée,2026-08-26
ca84fda748e905528fde6670420367c7,6_67327_reglement_20231212.pdf,règlement écrit,https://www.geoportail-urbanisme.gouv.fr/api/document/ca84fda748e905528fde6670420367c7/files/67327_reglement_20231212.pdf,page,page 36,,administrative,"ÉCONOMIES D'ÉNERGIE ET. gratuits en hiver et protégées du rayonnement solaire direct en été -, compactes, |
| L'ADAPTATION CLIMATIQUE très isolées, mettant en oeuvre des systèmes énergétiques efficaces et utilisant
| les énergies renouvelables. = = =
| * Les éléments techniques extérieurs liés au bâtiment (centrales de traitement d'air,
EMERGENCES ACOUSTIQUES unités extérieures de pompes à chaleur, unités de climatisation.) devront être
| traités de manière à limiter l'émergence acoustique.","_ | ÉCONOMIES D'ÉNERGIE ET. gratuits en hiver et protégées du rayonnement solaire direct en été -, compactes, |
| L'ADAPTATION CLIMATIQUE très isolées, mettant en oeuvre des systèmes énergétiques efficaces et utilisant
| les énergies renouvelables. = = =
| * Les éléments techniques extérieurs liés au bâtiment (centrales de traitement d'air,
EMERGENCES ACOUSTIQUES unités extérieures de pompes à chaleur, unités de climatisation.) devront être
| traités de manière à limiter l'émergence acoustique. EI PLAN LocaL D'URBANISME - RÈGLEMENT",totale,"Le passage impose que les éléments techniques extérieurs liés au bâtiment (climatisation, pompes à chaleur, centrales de traitement d'air) soient traités pour limiter les émergences acoustiques qu'ils génèrent. Il s'agit d'une règle autonome liée au bruit, concernant directement les bâtiments, sans lien avec le classement sonore ou le PEB. Aucune limite spatiale spécifique n'étant précisée, la règle est considérée comme applicable à l'ensemble du document.",prescription,opposable en conformité,autre,validé,True,élevée,2026-08-26
712f0fae0fee0e49bf7d0bbd7e3d0b47,1_67329_padd_20140710.pdf,PADD,https://www.geoportail-urbanisme.gouv.fr/api/document/712f0fae0fee0e49bf7d0bbd7e3d0b47/files/67329_padd_20140710.pdf,page,page 6,,administrative,"Acter les nuisances acoustiques et la pollution générées par la VRPV la RD 426, et tendre vers une réduction de ces nuisances et une exposition limitée des résidents.","…urels ou agricoles - Protéger les habitants et les constructions et installations des risques connus et notamment des risques d’inondation tout en respectant les champs d’expansion de crues situés sur le ban communal. - Au regard de l’impact visuel produit sur le paysage urbain par l’actuel comptoir Acter les nuisances acoustiques et la pollution générées par la VRPV la RD 426, et tendre vers une réduction de ces nuisances et une exposition limitée des résidents. 1.2 Vers une évolution concertée du patrimoine urbain - Maîtriser les évolutions du patrimoine architectural et urbain remarquable, dont notamment le château de Landsberg et ses abords (mur d’enceinte, douves, tour), ainsi que la Villa Reine. - Valoriser les potentialités de réutilisation du bâti an…",forte,"Le PADD acte les nuisances acoustiques générées par la VRPV et la RD 426 et fixe un objectif de réduction de ces nuisances et de limitation de l'exposition des résidents. Il s'agit d'une orientation générale du PADD, non liée à un classement sonore ou PEB, qui vise à limiter l'exposition des habitants au bruit routier existant à proximité des constructions - donc bien dans le périmètre diagBruit puisqu'elle concerne l'exposition des résidents et non la seule infrastructure. Portée non spatialement délimitée précisément, donc considérée comme administrative.",recommandation,non opposable,lutte_bruit_existant,validé,False,,2026-08-26
712f0fae0fee0e49bf7d0bbd7e3d0b47,2_67329_padd_20140710.pdf,PADD,https://www.geoportail-urbanisme.gouv.fr/api/document/712f0fae0fee0e49bf7d0bbd7e3d0b47/files/67329_padd_20140710.pdf,page,page 8,,zone_specifique,"Apaiser globalement la traversée du village par la RD 426, en vue d’une sécurité accrue des résidents et des usagers, et en vue d’une réduction des nuisances acoustiques et de la pollution générée par le trafic des véhicules.","…entre les secteurs d’habitation et les équipements de la commune. - Améliorer les liens entre le quartier Max de Reinach et le centre du village par des liaisons douces et la sécurisation de la traversée de la RD 426. - Apaiser globalement la traversée du village par la RD 426, en vue d’une sécurité Apaiser globalement la traversée du village par la RD 426, en vue d’une sécurité accrue des résidents et des usagers, et en vue d’une réduction des nuisances acoustiques et de la pollution générée par le trafic des véhicules. 2.3 Poursuivre le développement des technologies numériques - Profiter des opérations à venir d’aménagement urbain pour permettre le développement du réseau et mieux irriguer le territoire communal. - S’inscrire dans les démarches de modernisation et de renforcement de la desserte numérique initiées…",faible,"Le PADD exprime une orientation visant à apaiser la traversée du village par la RD 426, notamment pour réduire les nuisances acoustiques liées au trafic. Cette règle concerne principalement l'infrastructure routière elle-même (apaisement de la circulation sur la RD 426), sans mention explicite de bâtiments ou d'aménagements urbains à protéger, d'où une confiance faible malgré le fait que le contexte évoque aussi la sécurité des résidents. La portée est géographiquement limitée à la traversée du village par cette voie, donc zone_specifique.",recommandation,non opposable,lutte_bruit_existant,validé,False,,2026-08-26
4edabff809fffd143cf1e22662469284,1_67342_reglement_20190715.pdf,règlement écrit,https://www.geoportail-urbanisme.gouv.fr/api/document/4edabff809fffd143cf1e22662469284/files/67342_reglement_20190715.pdf,alinea,Article 2,Zones matérialisées au plan des annexes (secteurs affectés par le bruit des axes de transports terrestres),zone_specifique,"Les constructions à usage d’hébergement et d’habitation doivent en outre répondre aux exigences d’isolement acoustique par rapport aux axes de transports terrestres bruyants, conformément à la réglementation en vigueur. Les zones concernées sont matérialisées au plan des annexes.","…sur le territoire communal : 1. Les articles d’ordre public du Code de l’urbanisme : • R 111-2 : salubrité et sécurité publique ; • R 111-4 : conservation et mise en valeur d’un site ou vestige archéologique ; 2. Les articles L. 131-4 à L131-7 du Code de l’Urbanisme, imposant la compatibilité ou la Les constructions à usage d’hébergement et d’habitation doivent en outre répondre aux exigences d’isolement acoustique par rapport aux axes de transports terrestres bruyants, conformément à la réglementation en vigueur. Les zones concernées sont matérialisées au plan des annexes. matérialisées au plan des annexes. 5. Les articles L. 153-54 et L 421-6 du Code de l’Urbanisme concernant les opérations déclarées d’utilité publique. 6. L’article L. 600-2 du Code de l’Urbanisme relatif aux règles applicables en cas d’annulation d’une décision de refus de permis de construire. II.…",faible,"Le passage impose une exigence d'isolement acoustique aux constructions d'hébergement et d'habitation situées dans des zones spécifiques matérialisées au plan des annexes, en référence aux axes de transports terrestres bruyants. Cela correspond au classement sonore des voies déjà traité par ailleurs par diagBruit ; le texte semble se limiter à un simple renvoi à la réglementation en vigueur (l'arrêté de classement sonore) sans ajouter d'exigence différente ou supplémentaire. Toutefois, comme il s'agit d'une règle explicitement inscrite dans le règlement d'urbanisme visant les bâtiments d'habitation, elle est retenue par prudence, avec une confiance faible car on ne peut confirmer qu'elle dépasse le standard réglementaire.",prescription,opposable en conformité,lutte_bruit_existant,validé,False,,2026-08-26
fd419c1717ad13a6650f74fad3883435,1_67362_reglement_20250618.pdf,règlement écrit,https://www.geoportail-urbanisme.gouv.fr/api/document/fd419c1717ad13a6650f74fad3883435/files/67362_reglement_20250618.pdf,alinea,Article 4,,administrative,"6. Concernant la présence de radon, la commune d’Orschwiller est classée en zone 3 ( risque important)ce qui signiÞ e que le potentiel radon est signiÞ catif sur le territoire. 7. Le territoire communal est concerné par un risque lié au transport des matières dangereuses autorisées sur les voies routières qui traversent le territoire. 8. Le territoire communal est concerné par un risque lié aux nuisances sonores qui implique","5. La commune est concernée par le risque « coulée d’eaux boueuses ». éolis r è g l e m e n t é c r i t 12 ici et là commune d’ORSCHWILLER - Élaboration du Plan Local d’Urbanisme FloraGIS 6. Concernant la présence de radon, la commune d’Orschwiller est classée en zone 3 ( risque important)ce qui signiÞ e que le potentiel radon est signiÞ catif sur le territoire. 7. Le territoire communal est concerné par un risque lié au transport des matières dangereuses autorisées sur les voies routières qui traversent le territoire. 8. Le territoire communal est concerné par un risque lié aux nuisances sonores qui implique un isolement acoustique des bâtiments d’habitation. Les périmètres affectés par le bruit au voisinage des infrastructures de transports terrestres Þ gurent en annexe du PLU. Ci-après les dispositions communes à toutes les zones du PLU :",faible,"Le passage mentionne que le territoire communal est concerné par un risque lié aux nuisances sonores impliquant un isolement acoustique des bâtiments d'habitation, avec renvoi aux périmètres affectés par le bruit annexés au PLU. Ceci correspond au cas du 'simple renvoi' à l'isolement acoustique standard du classement sonore des infrastructures de transport terrestre - normalement à exclure. Cependant, la formulation ne précise pas explicitement qu'il s'agit du classement sonore réglementaire arrêté par le préfet, et le passage semble présenter cela comme une contrainte propre au PLU nécessitant un isolement acoustique, ce qui peut constituer une règle générale applicable à toute construction sur le territoire communal. Par prudence, je retiens cette occurrence mais avec une confiance faible car le texte est ambigu entre un simple rappel du classement sonore (à exclure) et une prescription propre du PLU.",prescription,opposable en conformité,autre,validé,False,,2026-08-26
fd419c1717ad13a6650f74fad3883435,2_67362_reglement_20250618.pdf,règlement écrit,https://www.geoportail-urbanisme.gouv.fr/api/document/fd419c1717ad13a6650f74fad3883435/files/67362_reglement_20250618.pdf,alinea,Article 4,,administrative,un isolement acoustique des bâtiments d’habitation. Les périmètres affectés par le bruit au voisinage des infrastructures de transports terrestres Þ gurent en annexe du PLU. Ci-après les dispositions communes à toutes les zones du PLU :,"…entiel radon est signiÞ catif sur le territoire. 7. Le territoire communal est concerné par un risque lié au transport des matières dangereuses autorisées sur les voies routières qui traversent le territoire. 8. Le territoire communal est concerné par un risque lié aux nuisances sonores qui implique un isolement acoustique des bâtiments d’habitation. Les périmètres affectés par le bruit au voisinage des infrastructures de transports terrestres Þ gurent en annexe du PLU. Ci-après les dispositions communes à toutes les zones du PLU : ARTICLE 1 : Conditions de desserte par les réseaux En matière d’eau potable : Le branchement sur le réseau public d’eau potable est obligatoire pour tout bâtiment d’habitation ou tout établissement occupant du personnel. En l’absence de réseau dans les zones agricoles et naturelles et forestières, l…",moyenne,"Le passage impose un isolement acoustique des bâtiments d'habitation dans les périmètres affectés par le bruit au voisinage des infrastructures de transports terrestres (classement sonore), figurant en annexe du PLU. Il s'agit ici d'une disposition commune à toutes les zones du PLU, ce qui suggère une règle générale rappelée dans le corps du règlement (et non un simple renvoi à l'annexe), applicable à l'ensemble du territoire communal couvert par le zonage. Comme le texte ne précise pas d'exigence allant au-delà du standard, il pourrait s'agir d'un simple renvoi, mais la formulation en fait une disposition commune explicite du règlement, ce qui justifie de la retenir avec une portée administrative.",prescription,opposable en conformité,autre,validé,False,,2026-08-26
07018dc02428aa20b32aad3b37241eb6,1_67364_reglement_20240423.pdf,règlement écrit,https://www.geoportail-urbanisme.gouv.fr/api/document/07018dc02428aa20b32aad3b37241eb6/files/67364_reglement_20240423.pdf,alinea,Article 2,secteurs de nuisances acoustiques des voies bruyantes,zone_specifique,"Dans les secteurs de nuisances acoustiques des voies bruyantes, les constructions à usage d’habitation feront l’objet de mesures d’isolation acoustique dans les conditions prévues par les dispositions réglementaires en matière d’urbanisme, de construction et d’habitation.","…n pour la même destination de tout bâtiment sinistré. 3.3. Les refuges ou abris ouverts destinés au bétail, à condition d’être nécessaires à l’ac- tivité agricole et dont la surface maximale n’excède pas 50 m2. 3.4. Les postes de transformation destinés aux exploitations agricoles existantes ou pro- Dans les secteurs de nuisances acoustiques des voies bruyantes, les constructions à usage d’habitation feront l’objet de mesures d’isolation acoustique dans les conditions prévues par les dispositions réglementaires en matière d’urbanisme, de construction et d’habitation. Article 3 A - Desserte des terrains par les voies publiques ou privées - Accès aux voies ouvertes au public 1. Conditions d’accès aux voies ouvertes au public 1.1. Le permis de construire ne peut être accordé sur des terrains qui ne seraient pas des- servis, soit directement, soit par l’intermédiair…",forte,"Le passage impose aux constructions à usage d'habitation situées dans les secteurs de nuisances acoustiques des voies bruyantes de faire l'objet de mesures d'isolation acoustique. Bien que la formulation renvoie aux dispositions réglementaires en vigueur (ce qui pourrait évoquer un simple renvoi au classement sonore), le texte ne mentionne pas explicitement le classement sonore des voies ni un arrêté préfectoral précis, et instaure une obligation générale d'isolation pour les constructions dans ce secteur spécifique du document d'urbanisme, ce qui en fait une règle autonome à signaler. Le secteur concerné n'est pas un contour administratif global mais une zone spécifique liée aux voies bruyantes, nécessitant un tracé manuel.",prescription,opposable en conformité,lutte_bruit_existant,validé,False,,2026-08-26
ec055b21f1e1c44724b7e03c7123129b,1_67366_reglement_20200309.pdf,règlement écrit,https://www.geoportail-urbanisme.gouv.fr/api/document/ec055b21f1e1c44724b7e03c7123129b/files/67366_reglement_20200309.pdf,page,page 10,RD 1004,zone_specifique,"Selon l'article R151-53 du Code de l'Urbanisme, le couloir d'isolation acoustique sera reporté graphiquement. • RD 1004 : soit une largeur maximale affectée par le bruit de 100 mètres part et d'autre de la voie.","…structions ou installations sont interdites dans une bande de 100 mètres de part et d'autre de l'axe des autoroutes, des routes express et des déviations au sens du code de la voirie routière et dans une bande de 75 mètres de part et d'autre de l'axe des autres routes classées à grande circulation."" Selon l'article R151-53 du Code de l'Urbanisme, le couloir d'isolation acoustique sera reporté graphiquement. • RD 1004 : soit une largeur maximale affectée par le bruit de 100 mètres part et d'autre de la voie. reporté graphiquement. • RD 1004 : soit une largeur maximale affectée par le bruit de 100 mètres part et d'autre de la voie. 5.9 Continuités écologiques La bonne prise en compte de la conservation, de la restauration et de la création des continuités écologiques dans les documents de planification e…",forte,"Le passage établit un couloir d'isolation acoustique le long de la RD 1004 (largeur maximale affectée par le bruit de 100 mètres de part et d'autre de la voie) en application de l'article R151-53 du Code de l'Urbanisme. Il ne s'agit pas d'un simple renvoi au classement sonore existant mais d'une règle spécifique du PLU définissant un couloir d'isolation acoustique reporté graphiquement, ce qui constitue une règle autonome affectant les constructions à proximité de cette infrastructure. La portée est zone_specifique car elle concerne une bande le long d'une voie précise (RD 1004), nécessitant un tracé manuel.",prescription,opposable en conformité,autre,validé,False,,2026-08-26
ec055b21f1e1c44724b7e03c7123129b,2_67366_reglement_20200309.pdf,règlement écrit,https://www.geoportail-urbanisme.gouv.fr/api/document/ec055b21f1e1c44724b7e03c7123129b/files/67366_reglement_20200309.pdf,page,page 10,RD 1004 - couloir d'isolation acoustique,zone_specifique,le couloir d'isolation acoustique sera reporté graphiquement. • RD 1004 : soit une largeur maximale affectée par le bruit de 100 mètres part et d'autre de la voie.,"…es dans le Plan Local d'Urbanisme, sont justifiées ou motivées par une étude au regard notamment des nuisances, de la sécurité, de la qualité architecturale, ainsi que de la qualité de l'urbanisme et des paysages. Selon l'article R151-53 du Code de l'Urbanisme, le couloir d'isolation acoustique sera le couloir d'isolation acoustique sera reporté graphiquement. • RD 1004 : soit une largeur maximale affectée par le bruit de 100 mètres part et d'autre de la voie. l'Environnement. Le règlement peut identifier et localiser des éléments de paysage à protéger pour des motifs d'ordre écologique selon l'article L151-23 du Code de l'Urbanisme. Le SDAGE impose de rendre inconstructible une bande de 6 mètres de part et d'autre des cours d'eau. 10",moyenne,"Le passage établit un couloir d'isolation acoustique de 100m de part et d'autre de la RD 1004, reporté graphiquement dans le PLU, en application de l'article R151-53 du Code de l'Urbanisme. Il ne s'agit pas d'un simple renvoi au classement sonore mais d'une définition propre au document d'urbanisme d'une bande d'isolement acoustique affectant les futures constructions à proximité de la voie, ce qui relève bien du périmètre diagBruit. La formulation reste cependant elliptique (fragment de liste, contexte partiellement coupé), d'où une confiance moyenne plutôt que totale.",prescription,opposable en conformité,autre,validé,False,,2026-08-26
5efb9b5e06dc686b9c2a2ac17632ff2d,1_67380_reglement_20200717.pdf,règlement écrit,https://www.geoportail-urbanisme.gouv.fr/api/document/5efb9b5e06dc686b9c2a2ac17632ff2d/files/67380_reglement_20200717.pdf,page,page 6,,administrative,"La création, l’extension ou la transformation d’établissements de toute nature - qu’ils comportent ou non des installations classées - s’il en résulte une augmentation significative des nuisances (notamment sonores et olfactives) pour le voisinage, ainsi que des risques accrus pour la salubrité et la sécurité publiques.","…: Occupations et utilisations du sol interdites 1.1 Les installations classées nouvelles, qu’elles soient soumises ou non à autorisation ou déclaration, incompatibles avec le voisinage des zones d’habitation. 1.2 La création, l’extension ou la transformation d’établissements de toute nature - qu’ils La création, l’extension ou la transformation d’établissements de toute nature - qu’ils comportent ou non des installations classées - s’il en résulte une augmentation significative des nuisances (notamment sonores et olfactives) pour le voisinage, ainsi que des risques accrus pour la salubrité et la sécurité publiques. - les terrains de camping et de caravanage ; - les dépôts de ferrailles, de déchets et de véhicules hors d’usage ; - les dépôts de véhicules susceptibles de contenir au moins dix unités ; - les affouillements et exhaussements du sol autres que ceux liés aux occupations et utilisations du sol admises…",forte,"Le passage interdit la création, l'extension ou la transformation d'établissements entraînant une augmentation significative des nuisances sonores (et autres) pour le voisinage. Cette règle relève du périmètre diagBruit car elle concerne la limitation des nuisances sonores liées à des établissements pouvant affecter des zones d'habitation, sans référence au classement sonore des voies ni au PEB. Aucune limite spatiale précise n'étant indiquée, la portée est considérée comme administrative.",prescription,opposable en conformité,autre,validé,False,,2026-08-26
5efb9b5e06dc686b9c2a2ac17632ff2d,2_67380_reglement_20200717.pdf,règlement écrit,https://www.geoportail-urbanisme.gouv.fr/api/document/5efb9b5e06dc686b9c2a2ac17632ff2d/files/67380_reglement_20200717.pdf,page,page 6,UA,zone_specifique,La transformation et l’extension des constructions agricoles à condition de ne pas accroître les nuisances olfactives et sonores.,…tés ; - les affouillements et exhaussements du sol autres que ceux liés aux occupations et utilisations du sol admises dans la zone. UA 2 : Occupations et utilisations du sol soumises à des conditions particulières 2.1 La démolition de tout ou partie d’une construction est soumise à l’obtention d’un La transformation et l’extension des constructions agricoles à condition de ne pas accroître les nuisances olfactives et sonores. respectant pas les dispositions des articles 6 et 10. 2.5 La réalisation des opérations inscrites sous forme d’emplacement réservé et reportées au plan de zonage n°3b. ADAUHR / COGIT-HABILIS P.L.U. de PRINTZHEIM 4 Décembre 2009 Règlement,forte,"Le règlement de la zone UA impose que la transformation et l'extension des constructions agricoles ne doivent pas accroître les nuisances sonores (ni olfactives) - il s'agit d'une règle autonome liée au bruit s'appliquant aux bâtiments dans cette zone spécifique, distincte du classement sonore ou du PEB.",prescription,opposable en conformité,lutte_bruit_existant,validé,False,,2026-08-26
a140daa327d42ef2ed7d0d1a0d4d14d7,1_67401_reglement_20251222.pdf,règlement écrit,https://www.geoportail-urbanisme.gouv.fr/api/document/a140daa327d42ef2ed7d0d1a0d4d14d7/files/67401_reglement_20251222.pdf,page,page 7,UA,zone_specifique,"Les établissements et installations de toutes natures destinés à accueillir des activités pouvant porter atteinte à la salubrité et à la sécurité, ou apporter une gêne matérielle, sonore, olfactive ou visuelle, ou qui engendrent des risques ou nuisances incompatibles avec le caractère de la zone (bruits, trépidations, odeurs…)","…e est réservée aux constructions à prédominance d'habitation, de commerce, de service et de bureau ainsi qu'à leurs dépendances. Articles UA 1 : Occupations et utilisations du sol interdites 1.1. Les établissements et installations de toutes natures destinés à accueillir des activités pouvant porter Les établissements et installations de toutes natures destinés à accueillir des activités pouvant porter atteinte à la salubrité et à la sécurité, ou apporter une gêne matérielle, sonore, olfactive ou visuelle, ou qui engendrent des risques ou nuisances incompatibles avec le caractère de la zone (bruits, trépidations, odeurs…) nuisances pour le voisinage des habitations ou une atteinte à la salubrité ou à la sécurité publique. 1.3. Les modes particuliers d'utilisation du sol suivants : - les parcs d'attraction et de jeux permanents, stands et champs de tir, aires aménagées pour la pratique des sports motorisés ; - les ter…",forte,"Le règlement interdit dans la zone UA les établissements et installations susceptibles d'apporter une gêne sonore ou d'engendrer des nuisances de bruit incompatibles avec le caractère résidentiel/commercial de la zone. C'est une règle autonome d'urbanisme (interdiction d'occupation du sol liée à la nuisance sonore), distincte du classement sonore ou du PEB, applicable spécifiquement à la zone UA.",prescription,opposable en conformité,autre,validé,False,,2026-08-26
a140daa327d42ef2ed7d0d1a0d4d14d7,2_67401_reglement_20251222.pdf,règlement écrit,https://www.geoportail-urbanisme.gouv.fr/api/document/a140daa327d42ef2ed7d0d1a0d4d14d7/files/67401_reglement_20251222.pdf,page,page 13,UB,zone_specifique,"Les établissements et installations de toutes natures destinés à accueillir des activités pouvant porter atteinte à la salubrité et à la sécurité, ou apporter une gêne matérielle, sonore, olfactive ou visuelle, ou qui engendrent des risques ou nuisances incompatibles avec le caractère de la zone (bruits, trépidations, odeurs…)","UA 15 : Obligations en matière de performances énergétiques et environnementales Néant. UA 16 : Obligations en matière de réseaux de communication électroniques Néant. 12 Les établissements et installations de toutes natures destinés à accueillir des activités pouvant porter atteinte à la salubrité et à la sécurité, ou apporter une gêne matérielle, sonore, olfactive ou visuelle, ou qui engendrent des risques ou nuisances incompatibles avec le caractère de la zone (bruits, trépidations, odeurs…) qui engendrent des risques ou nuisances incompatibles avec le caractère de la zone (bruits, trépidations, odeurs…), ou qui, par leur taille ou leur organisation sont incompatibles avec la structure architecturale ou urbaine de la zone ; 1.2. L'agrandissement des établissements existants s'il en résu…",forte,"Le règlement de la zone UB interdit les établissements et installations pouvant générer une gêne sonore ou des nuisances incompatibles avec le caractère de la zone. C'est une règle autonome d'urbanisme (interdiction d'occupations du sol bruyantes), sans lien avec le classement sonore des voies ou le PEB, applicable uniquement à la zone UB.",prescription,opposable en conformité,autre,validé,False,,2026-08-26
a140daa327d42ef2ed7d0d1a0d4d14d7,3_67401_reglement_20251222.pdf,règlement écrit,https://www.geoportail-urbanisme.gouv.fr/api/document/a140daa327d42ef2ed7d0d1a0d4d14d7/files/67401_reglement_20251222.pdf,page,page 13,UB,zone_specifique,"qui engendrent des risques ou nuisances incompatibles avec le caractère de la zone (bruits, trépidations, odeurs…)","…upes d'habitation). Articles UB 1 : Occupations et utilisations du sol interdites 1.1. Les établissements et installations de toutes natures destinés à accueillir des activités pouvant porter atteinte à la salubrité et à la sécurité, ou apporter une gêne matérielle, sonore, olfactive ou visuelle, ou qui engendrent des risques ou nuisances incompatibles avec le caractère de la zone (bruits, trépidations, odeurs…) 1.3. Les modes particuliers d'utilisation du sol suivants : - les parcs d'attraction et de jeux permanents, stands et champs de tir, aires aménagées pour la pratique des sports motorisés ; - les terrains de camping et de caravanage ; - les garages collectifs de caravanes de plus de 10 unités ; - les…",forte,"Le règlement de la zone UB interdit les établissements générant des nuisances sonores incompatibles avec le caractère de la zone, ainsi que l'agrandissement d'établissements existants entraînant une augmentation substantielle de nuisances (bruits, trépidations) pour le voisinage des habitations. Il s'agit d'une règle d'urbanisme autonome (interdiction d'occupations du sol) liée au bruit, distincte du classement sonore ou du PEB, et applicable spécifiquement à la zone UB.",prescription,opposable en conformité,autre,validé,False,,2026-08-26
95d1353266453723447fb10f024c31fa,1_67410_reglement_20180413.pdf,règlement écrit,https://www.geoportail-urbanisme.gouv.fr/api/document/95d1353266453723447fb10f024c31fa/files/67410_reglement_20180413.pdf,alinea,Article 2,,zone_specifique,"les constructions ou installations destinées à l’activité agricole, l’industrie, l’artisanat, au commerce à condition que l’activité ne crée pas de nuisances incompatibles avec le caractère de la zone (bruit, trépidations, odeurs, poussières, gaz, pollutions accidentelles ou chroniques…)","…utilisations du sol suivantes, si elles respectent les conditions ci-après : – les affouillements ou exhaussements du sol à condition d'être nécessaires à des constructions ou installations admises dans la zone ; – les dépôts à ciel ouvert de toute nature uniquement s’ils sont liés à une occupation les constructions ou installations destinées à l’activité agricole, l’industrie, l’artisanat, au commerce à condition que l’activité ne crée pas de nuisances incompatibles avec le caractère de la zone (bruit, trépidations, odeurs, poussières, gaz, pollutions accidentelles ou chroniques…) ou chroniques…) ; – l’édification de clôtures si celles-ci n’entraînent par l’obstruction de chemins et sentiers cadastrés existants. OTE INGÉNIERIE – CABINET ANDRES 19/58 PLU approuvé par DCM du 13/04/2018",forte,"Le passage conditionne l'admission de constructions ou installations agricoles, industrielles, artisanales ou commerciales dans la zone à l'absence de nuisances incompatibles avec le caractère de la zone, dont le bruit. C'est une règle autonome relative aux bâtiments/activités (pas une infrastructure de transport), applicable à une zone spécifique du règlement (dont le nom exact n'est pas précisé dans l'extrait).",prescription,opposable en conformité,autre,validé,False,,2026-08-26
95d1353266453723447fb10f024c31fa,2_67410_reglement_20180413.pdf,règlement écrit,https://www.geoportail-urbanisme.gouv.fr/api/document/95d1353266453723447fb10f024c31fa/files/67410_reglement_20180413.pdf,alinea,Article 2,,administrative,"à condition que l’activité ne crée pas de nuisances incompatibles avec le caractère de la zone (bruit, trépidations, odeurs, poussières, gaz, pollutions accidentelles ou chroniques…)","temporaire induite par un chantier, liés à une activité agricole existante dans la zone, à l’approvisionnement en combustibles d’une habitation ou à une activité implantée dans la zone ; 26/58 OTE INGÉNIERIE – CABINET ANDRES PLU approuvé par DCM du 13/04/2018 à condition que l’activité ne crée pas de nuisances incompatibles avec le caractère de la zone (bruit, trépidations, odeurs, poussières, gaz, pollutions accidentelles ou chroniques…) cadastrés existants. 2. En secteurs UBa et UBc, les constructions et installations devront être compatibles avec les orientations d’aménagement et de programmation définies et veiller à ne pas créer de terrains enclavés.",forte,"Le passage conditionne l'admission des constructions/installations agricoles, industrielles, artisanales ou commerciales dans les zones urbaines à l'absence de nuisances incompatibles avec le caractère de la zone, dont explicitement le bruit. Il s'agit d'une règle autonome liée au bruit dans le cadre de projets de construction, donc dans le périmètre diagBruit. Aucune limite spatiale spécifique n'étant précisée, la règle s'applique à l'ensemble des zones urbaines concernées du document.",prescription,opposable en conformité,lutte_bruit_existant,validé,False,,2026-08-26
55d11db5ff9148c968ca57e6e9952208,1_67420_reglement_20210923.pdf,règlement écrit,https://www.geoportail-urbanisme.gouv.fr/api/document/55d11db5ff9148c968ca57e6e9952208/files/67420_reglement_20210923.pdf,alinea,Article 2,,zone_specifique,"Les constructions à usage d’hébergement et d’habitation doivent en outre répondre aux exigences d’isolement acoustique par rapport aux axes de transports terrestres bruyants, conformément à la réglementation en vigueur. Les zones concernées sont matérialisées au plan des annexes.","…sur le territoire communal : 1. Les articles d’ordre public du Code de l’urbanisme : • R 111-2 : salubrité et sécurité publique ; • R 111-4 : conservation et mise en valeur d’un site ou vestige archéologique ; 2. Les articles L. 131-4 à L131-7 du Code de l’Urbanisme, imposant la compatibilité ou la Les constructions à usage d’hébergement et d’habitation doivent en outre répondre aux exigences d’isolement acoustique par rapport aux axes de transports terrestres bruyants, conformément à la réglementation en vigueur. Les zones concernées sont matérialisées au plan des annexes. matérialisées au plan des annexes. 5. Les articles L. 153-54 et L 421-6 du Code de l’Urbanisme concernant les opérations déclarées d’utilité publique. 6. L’article L. 600-2 du Code de l’Urbanisme relatif aux règles applicables en cas d’annulation d’une décision de refus de permis de construire. II.…",forte,"Le passage impose une exigence d'isolement acoustique pour les constructions à usage d'hébergement et d'habitation par rapport aux axes de transports terrestres bruyants. Bien que formulée comme un rappel de la réglementation en vigueur (ce qui pourrait suggérer un simple renvoi au classement sonore), le texte précise que les zones concernées sont matérialisées sur un plan d'annexes spécifique au document d'urbanisme, ce qui en fait une règle localisée nécessitant un tracé propre et non simplement le classement sonore déjà traité ailleurs. La portée est donc zone_specifique.",prescription,opposable en conformité,lutte_bruit_existant,validé,False,,2026-08-26
55d11db5ff9148c968ca57e6e9952208,2_67420_reglement_20210923.pdf,règlement écrit,https://www.geoportail-urbanisme.gouv.fr/api/document/55d11db5ff9148c968ca57e6e9952208/files/67420_reglement_20210923.pdf,alinea,Article 9,périmètres d'isolement acoustique des secteurs situés au voisinage des infrastructures de transports terrestres (plan des périmètres divers en annexes informatives du PLU),zone_specifique,"Dans les secteurs situés au voisinage des infrastructures de transports terrestres (routes, voies ferrées), les constructions neuves à destination d’habitation doivent être préservées contre le bruit. Est ainsi concerné, tout nouveau projet de construction situé dans un des ""périmètres d’isolement acoustique des secteurs situés au voisinage des infrastructures de transports terrestres"" repérés dans le plan des périmètres divers figurant en annexes informatives du PLU.","Article 8 : Risques naturels Risque d’inondation : Les règles du PLU ne seront admises que sous réserve du respect des prescriptions spéciales tenant compte du caractère inondable des terrains identifiés au Plan de Prévention des Risques d’Inondations de la Bruche (en cours d’approbation). Dans les secteurs situés au voisinage des infrastructures de transports terrestres (routes, voies ferrées), les constructions neuves à destination d’habitation doivent être préservées contre le bruit. Est ainsi concerné, tout nouveau projet de construction situé dans un des ""périmètres d’isolement acoustique des secteurs situés au voisinage des infrastructures de transports terrestres"" repérés dans le plan des périmètres divers figurant en annexes informatives du PLU. terrestres"" repérés dans le plan des périmètres divers figurant en annexes informatives du PLU.",forte,"Le passage impose une protection acoustique aux constructions neuves à destination d'habitation situées dans des périmètres d'isolement acoustique spécifiques repérés dans une annexe informative du PLU, distincts du classement sonore des voies classiques. Il s'agit d'une règle propre au document d'urbanisme (et non un simple renvoi au classement sonore), applicable aux constructions (bâtiments), donc bien dans le périmètre diagBruit. La zone concernée est un périmètre spécifique cartographié, non l'ensemble du territoire.",prescription,opposable en conformité,autre,validé,False,,2026-08-26
df3f10e0d71211fc007fed1d5a595587,1_67433_reglement_20260720.pdf,règlement écrit,https://www.geoportail-urbanisme.gouv.fr/api/document/df3f10e0d71211fc007fed1d5a595587/files/67433_reglement_20260720.pdf,alinea,Article 11,Ub (limite avec zone Ux2),zone_specifique,elles peuvent être constituées d’un mur plein enduit ou de tout autre matériau permettant la réduction des nuisances sonores liées aux activités,"…limitée à 2 mètres, sous réserve de ne pas entraver la visibilité depuis la voie publique. Qu’elles soient sur limite d’emprise publique ou sur limite séparative, elles devront être constituées de grilles ou de grillages sombres, pouvant être doublées d’une haie vive et accompagnées d’un mur bahut. elles peuvent être constituées d’un mur plein enduit ou de tout autre matériau permettant la réduction des nuisances sonores liées aux activités - qu’en toiture inclinée, ils soient implantés dans le(s) plan(s) de la toiture, ou parallèle à ce(s) plan(s) et n’en débordent pas. Ils peuvent également être autorisés en façade à condition d’être implantés - soit de manière symétrique par rapport à la façade ; - soit dans la continuité des rythme…",forte,"Le passage prescrit que les clôtures implantées en limite avec la zone Ub peuvent être constituées d'un mur plein ou d'un matériau permettant la réduction des nuisances sonores liées aux activités (probablement de la zone Ux). Il s'agit d'une règle autonome de traitement du bruit à la source par des dispositifs de clôture, distincte du classement sonore des voies ou du PEB, et applicable spécifiquement à la limite entre les zones Ux et Ub.",prescription,opposable en conformité,lutte_bruit_existant,validé,False,,2026-08-26
bd0a83691a574e653484e7c0565196c1,1_67437_padd_20240418.pdf,PADD,https://www.geoportail-urbanisme.gouv.fr/api/document/bd0a83691a574e653484e7c0565196c1/files/67437_padd_20240418.pdf,page,page 3,,administrative,la réduction des nuisances sonores,"…Il doit tenir compte en particulier de l'équilibre entre emploi et habitat, de la diversité commerciale et de la préservation des commerces de détail et de proximité ainsi que des moyens de transport et de la gestion des eaux. – Principe de protection : Le PLU doit veiller à une utilisation économe la réduction des nuisances sonores risques naturels prévisibles, des risques technologiques, des pollutions et des nuisances de toute nature. L’objectif général de ce document porte sur la maîtrise de l’urbanisation de la ville dans le cadre d’un développement démographique équilibré. Il se décline en 3 orientations générales d’aména…",moyenne,"Le passage énonce un principe général du PADD selon lequel le PLU doit veiller à la réduction des nuisances sonores, parmi d'autres objectifs environnementaux (qualité de l'air, eau, sol, paysages). C'est une orientation générale applicable à l'ensemble du territoire couvert par le document, formulée de façon assez large et programmatique plutôt que comme une prescription précise et opérationnelle, d'où une confiance modérée.",recommandation,non opposable,lutte_bruit_existant,validé,False,,2026-08-26
bd0a83691a574e653484e7c0565196c1,1_67437_reglement_20240418.pdf,règlement écrit,https://www.geoportail-urbanisme.gouv.fr/api/document/bd0a83691a574e653484e7c0565196c1/files/67437_reglement_20240418.pdf,alinea,Article 5-,secteurs de nuisance acoustique délimités au plan annexé au PLU,zone_specifique,"Dans les secteurs de nuisance acoustique délimités au plan annexé au PLU, les constructions à usage d’habitation, exposées au bruit et admises par le présent règlement de zone, feront l’objet de mesures d’isolation acoustique dans les conditions prévues par les dispositions législatives et réglementaires en matière d’urbanisme, de construction et d’habitation.","Article 4- Zone inondable Cette zone correspond aux secteurs soumis aux risques d'inondation de la Zorn. Pour tout projet d'aménagement, il conviendra de se référer au règlement du Plan de Prévention des Risques d'Inondation du bassin versant de la Zorn, annexé au PLU. Dans les secteurs de nuisance acoustique délimités au plan annexé au PLU, les constructions à usage d’habitation, exposées au bruit et admises par le présent règlement de zone, feront l’objet de mesures d’isolation acoustique dans les conditions prévues par les dispositions législatives et réglementaires en matière d’urbanisme, de construction et d’habitation. Indice G",totale,"Le passage définit des 'secteurs de nuisance acoustique' délimités par un plan spécifique annexé au PLU, distinct du classement sonore des voies ou du PEB (aucune référence à un arrêté préfectoral de classement sonore ou à un plan d'exposition au bruit aéroportuaire n'est faite). Il impose une obligation d'isolation acoustique pour les constructions à usage d'habitation exposées au bruit dans ces secteurs. Comme cette zone n'est pas le classement sonore déjà traité ailleurs par diagBruit mais une zone propre au PLU, il s'agit d'une règle autonome à retenir, avec une portée géométrique spécifique à tracer manuellement.",prescription,opposable en conformité,autre,validé,False,,2026-08-26
fc6bee104103d89651e5a0410d49cd49,1_67443_padd_20200303.pdf,PADD,https://www.geoportail-urbanisme.gouv.fr/api/document/fc6bee104103d89651e5a0410d49cd49/files/67443_padd_20200303.pdf,page,page 18,,administrative,"le paysage, le cadre de vie, le calme et la sérénité des lieux constituent des objectifs et des leviers majeurs du devenir communal","…être chez soi Le paysage et le patrimoine représentent à la fois des valeurs sociétales majeures et des leviers importants de vitalité et d’attractivité des territoires. La préservation, la valorisation et, dans certains cas, la reconquête de ce paysage s’imposent comme un objectif central du PADD. le paysage, le cadre de vie, le calme et la sérénité des lieux constituent des objectifs et des leviers majeurs du devenir communal Valoriser le paysage, le patrimoine et l’inscription du village dans son site Valoriser le paysage, le patrimoine et l’inscription du village dans son site Allemagne Ri p p d r i a s é p n y s a l s e v y r e s s v a a e d g r f e è o e r l n a t e c v - t m a i L o l a a o n u j r e t i é u s e c r…",moyenne,"Le passage mentionne explicitement le calme et la sérénité des lieux comme un objectif du PADD à préserver et renforcer, ce qui relève de la préservation d'une ambiance sonore de qualité (zone calme) à l'échelle communale. La formulation reste toutefois assez générale et programmatique, sans définir de zone spécifique ni de règle opérationnelle précise.",recommandation,non opposable,preservation_zone_calme,validé,False,,2026-08-26
fc6bee104103d89651e5a0410d49cd49,1_67443_reglement_20200303.pdf,règlement écrit,https://www.geoportail-urbanisme.gouv.fr/api/document/fc6bee104103d89651e5a0410d49cd49/files/67443_reglement_20200303.pdf,page,page 16,Uc1,zone_specifique,"(notamment sonores et olfactives) •aux équipements d'intérêt l’alignement à l’emprise publique peut se substituer à la construction en limite. Dans ce cas, l’ouverture d’entrée de hauteur inférieure ou égale à celle du bâtiment agrandi. SECTEUR pour le voisinage, ainsi que des collectif et services publics. propriété ne peut excéder une largeur de 4 mètres et les constructions peuvent être implantées sans contrainte de","…is pour le débord des significative des nuisances destinés : comprise entre 2,5 mètre et 3,5 mètres (hauteur maximale portée à 4,5 mètres pour la réalisation de porches) marquant gouttières caractéristique des passages usuellement nommé Schlupf), ceci sur une longueur maximale de 5 mètres et sur une (notamment sonores et olfactives) •aux équipements d'intérêt l’alignement à l’emprise publique peut se substituer à la construction en limite. Dans ce cas, l’ouverture d’entrée de hauteur inférieure ou égale à celle du bâtiment agrandi. SECTEUR pour le voisinage, ainsi que des collectif et services publics. propriété ne peut excéder une largeur de 4 mètres et les constructions peuvent être implantées sans contrainte de Uc1 risques accrus pour la salubrité et la •Commerce de détail, restauration, distance par rapport à l’emprise publique. sécurité publique. activités de services où s'effectue ‣ Dans le cas d’une construction comportant un décroché, seul un minimum de 50% de la façade sur rue doit respecter les l'ac…",faible,"Le passage mentionne des nuisances 'notamment sonores et olfactives' pour justifier l'implantation en retrait des équipements d'intérêt collectif et services publics, commerces, restauration et activités de service dans le secteur Uc1, en raison de risques accrus pour la salubrité et sécurité publique. C'est une règle d'urbanisme (implantation des bâtiments) liée au bruit, mais le texte est très fragmenté et la formulation exacte de la contrainte reste peu claire.",prescription,opposable en conformité,lutte_bruit_existant,validé,False,,2026-08-26
fc6bee104103d89651e5a0410d49cd49,2_67443_reglement_20200303.pdf,règlement écrit,https://www.geoportail-urbanisme.gouv.fr/api/document/fc6bee104103d89651e5a0410d49cd49/files/67443_reglement_20200303.pdf,page,page 17,Uc1,zone_specifique,"(notamment sonores et olfactives) •aux équipements d'intérêt l’alignement à l’emprise publique peut se substituer à la construction en limite. Dans ce cas, l’ouverture d’entrée de hauteur inférieure ou égale à celle du bâtiment agrandi. SECTEUR pour le voisinage, ainsi que des collectif et services publics.","…is pour le débord des significative des nuisances destinés : comprise entre 2,5 mètre et 3,5 mètres (hauteur maximale portée à 4,5 mètres pour la réalisation de porches) marquant gouttières caractéristique des passages usuellement nommé Schlupf), ceci sur une longueur maximale de 5 mètres et sur une (notamment sonores et olfactives) •aux équipements d'intérêt l’alignement à l’emprise publique peut se substituer à la construction en limite. Dans ce cas, l’ouverture d’entrée de hauteur inférieure ou égale à celle du bâtiment agrandi. SECTEUR pour le voisinage, ainsi que des collectif et services publics. Uc1 risques accrus pour la salubrité et la •Commerce de détail, restauration, distance par rapport à l’emprise publique. sécurité publique. activités de services où s'effectue ‣ Dans le cas d’une construction comportant un décroché, seul un minimum de 50% de la façade sur rue doit respecter les l'ac…",faible,"Le passage évoque, dans la zone Uc1, une limitation apportée à certains usages (commerce de détail, restauration, activités de services) en raison de nuisances notamment sonores et olfactives pour le voisinage, ainsi que des risques accrus pour la salubrité et la sécurité publique. Il s'agit d'une règle autonome liée aux nuisances sonores générées par des activités/constructions, distincte du classement sonore des voies ou du PEB. Le texte est toutefois très fragmenté et coupé, rendant la formulation exacte de la règle peu claire.",prescription,opposable en conformité,autre,validé,False,,2026-08-26
fc6bee104103d89651e5a0410d49cd49,3_67443_reglement_20200303.pdf,règlement écrit,https://www.geoportail-urbanisme.gouv.fr/api/document/fc6bee104103d89651e5a0410d49cd49/files/67443_reglement_20200303.pdf,page,page 18,Uc1,zone_specifique,"(notamment sonores et olfactives) •aux équipements d'intérêt l’alignement à l’emprise publique peut se substituer à la construction en limite. Dans ce cas, l’ouverture d’entrée de hauteur inférieure ou égale à celle du bâtiment agrandi. SECTEUR pour le voisinage, ainsi que des collectif et services publics. propriété ne peut excéder une largeur de 4 mètres et les constructions peuvent être implantées sans contrainte de","…is pour le débord des significative des nuisances destinés : comprise entre 2,5 mètre et 3,5 mètres (hauteur maximale portée à 4,5 mètres pour la réalisation de porches) marquant gouttières caractéristique des passages usuellement nommé Schlupf), ceci sur une longueur maximale de 5 mètres et sur une (notamment sonores et olfactives) •aux équipements d'intérêt l’alignement à l’emprise publique peut se substituer à la construction en limite. Dans ce cas, l’ouverture d’entrée de hauteur inférieure ou égale à celle du bâtiment agrandi. SECTEUR pour le voisinage, ainsi que des collectif et services publics. propriété ne peut excéder une largeur de 4 mètres et les constructions peuvent être implantées sans contrainte de Uc1 risques accrus pour la salubrité et la •Commerce de détail, restauration, distance par rapport à l’emprise publique. sécurité publique. activités de services où s'effectue ‣ Dans le cas d’une construction comportant un décroché, seul un minimum de 50% de la façade sur rue doit respecter les l'ac…",faible,"Le passage mentionne, dans une liste de motifs justifiant des règles d'implantation dans le secteur Uc1, la prise en compte des nuisances (notamment sonores et olfactives) pour le voisinage liées à certains usages (commerce, restauration, services). Il s'agit d'une règle autonome d'urbanisme (implantation des constructions par rapport au bruit potentiel généré par les activités) qui n'a pas de rapport avec le classement sonore des infrastructures de transport ni le PEB. Cependant l'extrait est très fragmenté et coupé, mélangeant plusieurs éléments réglementaires (hauteur, alignement, activités) sans qu'on distingue clairement la portée exacte de la règle liée au bruit, d'où une confiance faible.",prescription,opposable en conformité,autre,validé,False,,2026-08-26
fc6bee104103d89651e5a0410d49cd49,4_67443_reglement_20200303.pdf,règlement écrit,https://www.geoportail-urbanisme.gouv.fr/api/document/fc6bee104103d89651e5a0410d49cd49/files/67443_reglement_20200303.pdf,page,page 19,Uc1,zone_specifique,"(notamment sonores et olfactives) •aux équipements d'intérêt l’alignement à l’emprise publique peut se substituer à la construction en limite. Dans ce cas, l’ouverture d’entrée de hauteur inférieure ou égale à celle du bâtiment agrandi. SECTEUR pour le voisinage, ainsi que des collectif et services publics.","…is pour le débord des significative des nuisances destinés : comprise entre 2,5 mètre et 3,5 mètres (hauteur maximale portée à 4,5 mètres pour la réalisation de porches) marquant gouttières caractéristique des passages usuellement nommé Schlupf), ceci sur une longueur maximale de 5 mètres et sur une (notamment sonores et olfactives) •aux équipements d'intérêt l’alignement à l’emprise publique peut se substituer à la construction en limite. Dans ce cas, l’ouverture d’entrée de hauteur inférieure ou égale à celle du bâtiment agrandi. SECTEUR pour le voisinage, ainsi que des collectif et services publics. Uc1 risques accrus pour la salubrité et la •Commerce de détail, restauration, distance par rapport à l’emprise publique. sécurité publique. activités de services où s'effectue ‣ Dans le cas d’une construction comportant un décroché, seul un minimum de 50% de la façade sur rue doit respecter les l'ac…",faible,"Le passage mentionne un secteur Uc1 lié à des risques accrus pour le voisinage liés à des nuisances notamment sonores et olfactives, en lien avec des activités de commerce/services. Il s'agit d'une règle relative à l'implantation ou à la limitation de certaines activités générant des nuisances sonores dans une zone urbaine spécifique, donc dans le périmètre diagBruit. Toutefois le texte est très fragmenté et coupé, mélangeant plusieurs sujets (implantation des constructions, gabarits, activités), rendant la règle sonore peu nette.",prescription,opposable en conformité,autre,validé,False,,2026-08-26
fc6bee104103d89651e5a0410d49cd49,5_67443_reglement_20200303.pdf,règlement écrit,https://www.geoportail-urbanisme.gouv.fr/api/document/fc6bee104103d89651e5a0410d49cd49/files/67443_reglement_20200303.pdf,page,page 20,,administrative,"couverture pour isolation thermique, sont autorisés en saillies des toitures à condition que leur CLIMATIQUE volumétrie s’insère harmonieusement dans le cadre bâti environnant. EMERGENCES • Les éléments techniques extérieurs liés au bâtiment (centrales de traitement d’air, unités extérieures de pompes à chaleur, unités de climatisation, pompe de traitements des eaux de piscine, etc) 18 ACOUSTIQUES Plan local d’Urbanisme - règlement devront être traités de manière à limiter l’émergence acoustique…","…tèmes ÉCONOMIES énergétiques efficaces et utilisant les énergies renouvelables. D’ÉNERGIE ET • Les dispositifs destinés à économiser de l’énergie ou à produire de l’énergie renouvelable dans les L’ADAPTATION constructions, tels que panneaux solaires, éoliennes, toitures végétalisées, rehaussement de couverture pour isolation thermique, sont autorisés en saillies des toitures à condition que leur CLIMATIQUE volumétrie s’insère harmonieusement dans le cadre bâti environnant. EMERGENCES • Les éléments techniques extérieurs liés au bâtiment (centrales de traitement d’air, unités extérieures de pompes à chaleur, unités de climatisation, pompe de traitements des eaux de piscine, etc) 18 ACOUSTIQUES Plan local d’Urbanisme - règlement devront être traités de manière à limiter l’émergence acoustique… 2",totale,"Le passage impose que les éléments techniques extérieurs liés aux bâtiments (centrales de traitement d'air, pompes à chaleur, climatisation, etc.) soient traités pour limiter l'émergence acoustique. Il s'agit d'une règle autonome de limitation du bruit généré par les équipements des constructions, applicable à l'ensemble du zonage puisqu'aucune zone spécifique n'est mentionnée. Cela relève bien du périmètre diagBruit (bâtiments).",prescription,opposable en conformité,autre,validé,False,,2026-08-26
fc6bee104103d89651e5a0410d49cd49,6_67443_reglement_20200303.pdf,règlement écrit,https://www.geoportail-urbanisme.gouv.fr/api/document/fc6bee104103d89651e5a0410d49cd49/files/67443_reglement_20200303.pdf,page,page 21,,administrative,"couverture pour isolation thermique, sont autorisés en saillies des toitures à condition que leur CLIMATIQUE volumétrie s’insère harmonieusement dans le cadre bâti environnant. EMERGENCES • Les éléments techniques extérieurs liés au bâtiment (centrales de traitement d’air, unités extérieures de pompes à chaleur, unités de climatisation, pompe de traitements des eaux de piscine, etc) 19 ACOUSTIQUES SCHEIBENHARD devront être traités de manière à limiter l’émergence acoustique.","…tèmes ÉCONOMIES énergétiques efficaces et utilisant les énergies renouvelables. D’ÉNERGIE ET • Les dispositifs destinés à économiser de l’énergie ou à produire de l’énergie renouvelable dans les L’ADAPTATION constructions, tels que panneaux solaires, éoliennes, toitures végétalisées, rehaussement de couverture pour isolation thermique, sont autorisés en saillies des toitures à condition que leur CLIMATIQUE volumétrie s’insère harmonieusement dans le cadre bâti environnant. EMERGENCES • Les éléments techniques extérieurs liés au bâtiment (centrales de traitement d’air, unités extérieures de pompes à chaleur, unités de climatisation, pompe de traitements des eaux de piscine, etc) 19 ACOUSTIQUES SCHEIBENHARD devront être traités de manière à limiter l’émergence acoustique. 2",totale,"Le passage impose que les équipements techniques extérieurs liés aux bâtiments (climatisation, pompes à chaleur, etc.) soient traités pour limiter leur émergence acoustique. C'est une règle autonome concernant les constructions, distincte du classement sonore ou du PEB, applicable de façon générale sans zone spécifique mentionnée.",prescription,opposable en conformité,autre,validé,False,,2026-08-26
fc6bee104103d89651e5a0410d49cd49,7_67443_reglement_20200303.pdf,règlement écrit,https://www.geoportail-urbanisme.gouv.fr/api/document/fc6bee104103d89651e5a0410d49cd49/files/67443_reglement_20200303.pdf,page,page 22,,administrative,"couverture pour isolation thermique, sont autorisés en saillies des toitures à condition que leur CLIMATIQUE volumétrie s’insère harmonieusement dans le cadre bâti environnant. EMERGENCES • Les éléments techniques extérieurs liés au bâtiment (centrales de traitement d’air, unités extérieures de pompes à chaleur, unités de climatisation, pompe de traitements des eaux de piscine, etc) 20 ACOUSTIQUES Plan local d’Urbanisdmevero -nt rêtrèeg trlaeitmése dnet manière à limiter l’émergence acoustique.","…tèmes ÉCONOMIES énergétiques efficaces et utilisant les énergies renouvelables. D’ÉNERGIE ET • Les dispositifs destinés à économiser de l’énergie ou à produire de l’énergie renouvelable dans les L’ADAPTATION constructions, tels que panneaux solaires, éoliennes, toitures végétalisées, rehaussement de couverture pour isolation thermique, sont autorisés en saillies des toitures à condition que leur CLIMATIQUE volumétrie s’insère harmonieusement dans le cadre bâti environnant. EMERGENCES • Les éléments techniques extérieurs liés au bâtiment (centrales de traitement d’air, unités extérieures de pompes à chaleur, unités de climatisation, pompe de traitements des eaux de piscine, etc) 20 ACOUSTIQUES Plan local d’Urbanisdmevero -nt rêtrèeg trlaeitmése dnet manière à limiter l’émergence acoustique. 2",moyenne,"Le passage impose que les éléments techniques extérieurs liés au bâtiment (climatisation, pompes à chaleur, etc.) soient traités de manière à limiter l'émergence acoustique. C'est une règle autonome de limitation du bruit émis par les équipements des constructions, relevant directement du périmètre diagBruit, applicable à l'ensemble du zonage du document.",prescription,opposable en conformité,lutte_bruit_existant,validé,False,,2026-08-26
fc6bee104103d89651e5a0410d49cd49,8_67443_reglement_20200303.pdf,règlement écrit,https://www.geoportail-urbanisme.gouv.fr/api/document/fc6bee104103d89651e5a0410d49cd49/files/67443_reglement_20200303.pdf,page,page 23,,administrative,"couverture pour isolation thermique, sont autorisés en saillies des toitures à condition que leur CLIMATIQUE volumétrie s’insère harmonieusement dans le cadre bâti environnant. EMERGENCES • Les éléments techniques extérieurs liés au bâtiment (centrales de traitement d’air, unités extérieures de pompes à chaleur, unités de climatisation, pompe de traitements des eaux de piscine, etc) ACOUSTIQUES devront être traités de manière à limiter l’émergence acoustique.","…tèmes ÉCONOMIES énergétiques efficaces et utilisant les énergies renouvelables. D’ÉNERGIE ET • Les dispositifs destinés à économiser de l’énergie ou à produire de l’énergie renouvelable dans les L’ADAPTATION constructions, tels que panneaux solaires, éoliennes, toitures végétalisées, rehaussement de couverture pour isolation thermique, sont autorisés en saillies des toitures à condition que leur CLIMATIQUE volumétrie s’insère harmonieusement dans le cadre bâti environnant. EMERGENCES • Les éléments techniques extérieurs liés au bâtiment (centrales de traitement d’air, unités extérieures de pompes à chaleur, unités de climatisation, pompe de traitements des eaux de piscine, etc) ACOUSTIQUES devront être traités de manière à limiter l’émergence acoustique. 21 SCHEIBENHARD 2",totale,"Le passage impose une prescription visant à limiter les émergences acoustiques générées par les équipements techniques extérieurs des bâtiments (climatisation, pompes à chaleur, etc.), ce qui relève directement du périmètre diagBruit (nuisances liées aux constructions). Aucune limite spatiale spécifique n'étant précisée, la règle est considérée comme s'appliquant à l'ensemble du zonage du document.",prescription,opposable en conformité,autre,validé,False,,2026-08-26
fc6bee104103d89651e5a0410d49cd49,9_67443_reglement_20200303.pdf,règlement écrit,https://www.geoportail-urbanisme.gouv.fr/api/document/fc6bee104103d89651e5a0410d49cd49/files/67443_reglement_20200303.pdf,alinea,Article Au1,1AUh,zone_specifique,"toute nature - qu’ils comportent ou collectif et services publics. soient inférieures à 100 mètres carrées. voisinage au-moins égale à la hauteur du dit point non des installations classées - s’il divisée par deux. en résulte une augmentation significative des nuisances (notamment sonores et olfactives) pour le voisinage, ainsi que des • L’aménagement du secteur devra être mené dans le cadre d’opération","…s limites séparatives de voisinage. SECTEUR • La création, l’extension ou la •à l’habitat (logement, hébergement) ; constructions ou parties de 1AUh transformation d’établissements de •aux équipements d'intérêt constructions dédiées aux activités - une distance par rapport aux limites séparatives de toute nature - qu’ils comportent ou collectif et services publics. soient inférieures à 100 mètres carrées. voisinage au-moins égale à la hauteur du dit point non des installations classées - s’il divisée par deux. en résulte une augmentation significative des nuisances (notamment sonores et olfactives) pour le voisinage, ainsi que des • L’aménagement du secteur devra être mené dans le cadre d’opération risques accrus pour la salubrité et la d’ensemble sécurité publique. • Cependant, des constructions peuvent être édifiées à moins de 3 mètres des limites séparatives de voisinage selon les modalités présentées ci-contre. Cette disposition ne s’applique pas au droit des secteurs",moyenne,"Le passage évoque une règle limitant l'implantation d'établissements (y compris installations classées) qui entraîneraient une augmentation significative des nuisances sonores et olfactives pour le voisinage, dans le secteur 1AUh. C'est une règle autonome liant urbanisation et nuisances sonores, mais le texte est très fragmenté et difficile à reconstituer précisément (mélange de tableaux et de règles de recul), d'où une confiance limitée.",prescription,opposable en conformité,lutte_bruit_existant,validé,False,,2026-08-26
fc6bee104103d89651e5a0410d49cd49,10_67443_reglement_20200303.pdf,règlement écrit,https://www.geoportail-urbanisme.gouv.fr/api/document/fc6bee104103d89651e5a0410d49cd49/files/67443_reglement_20200303.pdf,alinea,Article Au2,1AUh,zone_specifique,"toute nature - qu’ils comportent ou collectif et services publics. soient inférieures à 100 mètres carrées. 24 Plan local d’Urbanisme - règlement voisinage au-moins égale à la hauteur du dit point non des installations classées - s’il divisée par deux. en résulte une augmentation significative des nuisances (notamment sonores et olfactives) pour le voisinage, ainsi que des • L’aménagement du secteur devra être mené dans le cadre d’opération","…s limites séparatives de voisinage. SECTEUR • La création, l’extension ou la •à l’habitat (logement, hébergement) ; constructions ou parties de 1AUh transformation d’établissements de •aux équipements d'intérêt constructions dédiées aux activités - une distance par rapport aux limites séparatives de toute nature - qu’ils comportent ou collectif et services publics. soient inférieures à 100 mètres carrées. 24 Plan local d’Urbanisme - règlement voisinage au-moins égale à la hauteur du dit point non des installations classées - s’il divisée par deux. en résulte une augmentation significative des nuisances (notamment sonores et olfactives) pour le voisinage, ainsi que des • L’aménagement du secteur devra être mené dans le cadre d’opération risques accrus pour la salubrité et la d’ensemble sécurité publique. • Cependant, des constructions peuvent être édifiées à moins de 3 mètres des limites séparatives de voisinage selon les modalités présentées ci-contre. • Dans le cas d’un projet architectural commun à deux unités foncières limitrop…",faible,"Le passage évoque une règle limitant l'implantation ou l'extension d'établissements générant une augmentation significative des nuisances sonores (et olfactives) pour le voisinage dans le secteur 1AUh. Le texte est cependant très fragmenté et mélange plusieurs sujets (distances aux limites séparatives, hauteur des constructions, aménagement d'ensemble), ce qui rend la formulation peu claire et difficile à isoler proprement.",prescription,opposable en conformité,lutte_bruit_existant,validé,False,,2026-08-26
fc6bee104103d89651e5a0410d49cd49,11_67443_reglement_20200303.pdf,règlement écrit,https://www.geoportail-urbanisme.gouv.fr/api/document/fc6bee104103d89651e5a0410d49cd49/files/67443_reglement_20200303.pdf,alinea,Article Au2,1AUh,zone_specifique,"toute nature - qu’ils comportent ou collectif et services publics. soient inférieures à 100 mètres carrées. voisinage au-moins égale à la hauteur du dit point non des installations classées - s’il divisée par deux. en résulte une augmentation significative des nuisances (notamment sonores et olfactives) pour le voisinage, ainsi que des • L’aménagement du secteur devra être mené dans le cadre d’opération","…s limites séparatives de voisinage. SECTEUR • La création, l’extension ou la •à l’habitat (logement, hébergement) ; constructions ou parties de 1AUh transformation d’établissements de •aux équipements d'intérêt constructions dédiées aux activités - une distance par rapport aux limites séparatives de toute nature - qu’ils comportent ou collectif et services publics. soient inférieures à 100 mètres carrées. voisinage au-moins égale à la hauteur du dit point non des installations classées - s’il divisée par deux. en résulte une augmentation significative des nuisances (notamment sonores et olfactives) pour le voisinage, ainsi que des • L’aménagement du secteur devra être mené dans le cadre d’opération risques accrus pour la salubrité et la d’ensemble sécurité publique. • Cependant, des constructions peuvent être édifiées à moins de 3 mètres des limites séparatives de voisinage selon les modalités présentées ci-contre. Cette disposition ne s’applique pas au droit des secteurs Uh et Ur. SECTEURS 1A…",faible,"Le passage évoque l'interdiction ou l'encadrement des établissements et installations classées dont l'activité entraînerait une augmentation significative des nuisances sonores (et olfactives) pour le voisinage, dans le secteur 1AUh. C'est une règle autonome liée aux nuisances sonores générées par des constructions/activités, distincte du classement sonore des infrastructures de transport. Le texte est cependant très fragmenté et difficile à reconstituer précisément (mélange de plusieurs bribes de phrases), d'où une confiance limitée dans l'extrait retenu.",prescription,opposable en conformité,autre,validé,False,,2026-08-26
fc6bee104103d89651e5a0410d49cd49,12_67443_reglement_20200303.pdf,règlement écrit,https://www.geoportail-urbanisme.gouv.fr/api/document/fc6bee104103d89651e5a0410d49cd49/files/67443_reglement_20200303.pdf,alinea,Article Au3,AU,zone_specifique,"extérieures de pompes à chaleur, unités de climatisation, pompe de traitements des eaux ACOUSTIQUES de piscine, etc) devront être traités de manière à limiter l’émergence acoustique. 5","…es, rehaussement de couverture pour isolation thermique, sont autorisés en CLIMATIQUE saillies des toitures à condition que leur volumétrie s’insère harmonieusement dans le cadre bâti environnant. EMERGENCES • Les éléments techniques extérieurs liés au bâtiment (centrales de traitement d’air, unités extérieures de pompes à chaleur, unités de climatisation, pompe de traitements des eaux ACOUSTIQUES de piscine, etc) devront être traités de manière à limiter l’émergence acoustique. 5 Article Au4 stAtionneMent ARCHITECTURE ET PAYSAGE AU3 TOITURES HAUTEURS AU4 DESTINATION STATIONNEMENT AU5 INTÉGRATION ARCHITECTURALE ET PAYSAGÈRE DES PROJETS Les toitures doivent comprendre : Véhicules motorisés : • Les constructions, par leur situation, leur architecture, leur dimension ou leur asp…",totale,"Le passage impose un traitement des équipements techniques extérieurs (climatisation, pompes à chaleur, etc.) pour limiter les émergences acoustiques, dans le cadre du règlement d'une zone AU. C'est une règle autonome liée au bruit visant les bâtiments, distincte du classement sonore ou du PEB, applicable à la zone AU concernée par ce règlement.",prescription,opposable en conformité,lutte_bruit_existant,validé,False,,2026-08-26
fc6bee104103d89651e5a0410d49cd49,13_67443_reglement_20200303.pdf,règlement écrit,https://www.geoportail-urbanisme.gouv.fr/api/document/fc6bee104103d89651e5a0410d49cd49/files/67443_reglement_20200303.pdf,alinea,Article Au4,,administrative,"extérieures de pompes à chaleur, unités de climatisation, pompe de traitements des eaux ACOUSTIQUES de piscine, etc) devront être traités de manière à limiter l’émergence acoustique. 5","…es, rehaussement de couverture pour isolation thermique, sont autorisés en CLIMATIQUE saillies des toitures à condition que leur volumétrie s’insère harmonieusement dans le cadre bâti environnant. EMERGENCES • Les éléments techniques extérieurs liés au bâtiment (centrales de traitement d’air, unités extérieures de pompes à chaleur, unités de climatisation, pompe de traitements des eaux ACOUSTIQUES de piscine, etc) devront être traités de manière à limiter l’émergence acoustique. 5 PPRRAAGGMMAA",totale,"La règle impose de traiter les équipements techniques extérieurs (climatisation, pompes à chaleur, etc.) liés aux bâtiments afin de limiter l'émergence acoustique. C'est une prescription autonome concernant les constructions, dans le périmètre de diagBruit, sans lien avec le classement sonore ou le PEB.",prescription,opposable en conformité,autre,validé,False,,2026-08-26
fc6bee104103d89651e5a0410d49cd49,14_67443_reglement_20200303.pdf,règlement écrit,https://www.geoportail-urbanisme.gouv.fr/api/document/fc6bee104103d89651e5a0410d49cd49/files/67443_reglement_20200303.pdf,alinea,Article Au5,,administrative,"extérieures de pompes à chaleur, unités de climatisation, pompe de traitements des eaux ACOUSTIQUES de piscine, etc) devront être traités de manière à limiter l’émergence acoustique. 5","…es, rehaussement de couverture pour isolation thermique, sont autorisés en CLIMATIQUE saillies des toitures à condition que leur volumétrie s’insère harmonieusement dans le cadre bâti environnant. EMERGENCES • Les éléments techniques extérieurs liés au bâtiment (centrales de traitement d’air, unités extérieures de pompes à chaleur, unités de climatisation, pompe de traitements des eaux ACOUSTIQUES de piscine, etc) devront être traités de manière à limiter l’émergence acoustique. 5 ARCHITECTURE ET PAYSAGE AU3 TOITURES HAUTEURS AU4 DESTINATION STATIONNEMENT AU5 INTÉGRATION ARCHITECTURALE ET PAYSAGÈRE DES PROJETS Les toitures doivent comprendre : Véhicules motorisés : • Les constructions, par leur situation, leur architecture, leur dimension ou leur aspect CONCEPTION extérieur n…",totale,"La règle impose que les équipements techniques extérieurs liés au bâtiment (climatisation, pompes à chaleur, traitement des eaux de piscine) soient traités pour limiter leurs émergences acoustiques. C'est une prescription autonome de lutte contre le bruit de voisinage lié aux équipements de bâtiments, sans lien avec le classement sonore ou le PEB. Rien n'indique une limitation à une zone particulière, donc portée administrative par défaut.",prescription,opposable en conformité,lutte_bruit_existant,validé,False,,2026-08-26
fc6bee104103d89651e5a0410d49cd49,15_67443_reglement_20200303.pdf,règlement écrit,https://www.geoportail-urbanisme.gouv.fr/api/document/fc6bee104103d89651e5a0410d49cd49/files/67443_reglement_20200303.pdf,alinea,Article Au5,,administrative,"extérieures de pompes à chaleur, unités de climatisation, pompe de traitements des eaux ACOUSTIQUES de piscine, etc) devront être traités de manière à limiter l’émergence acoustique. 29 SCHEIBENHARD 5","…es, rehaussement de couverture pour isolation thermique, sont autorisés en CLIMATIQUE saillies des toitures à condition que leur volumétrie s’insère harmonieusement dans le cadre bâti environnant. EMERGENCES • Les éléments techniques extérieurs liés au bâtiment (centrales de traitement d’air, unités extérieures de pompes à chaleur, unités de climatisation, pompe de traitements des eaux ACOUSTIQUES de piscine, etc) devront être traités de manière à limiter l’émergence acoustique. 29 SCHEIBENHARD 5 PPRRAAGGMMAA trAiteMent environneMentAl et",totale,"Le passage impose que les équipements techniques extérieurs liés aux bâtiments (climatisation, pompes à chaleur, traitement d'eau de piscine) soient traités pour limiter les émergences acoustiques. C'est une règle autonome concernant les constructions, relevant du périmètre diagBruit, applicable semble-t-il à l'ensemble du zonage sans limite spatiale précisée.",prescription,opposable en conformité,autre,validé,False,,2026-08-26
fc6bee104103d89651e5a0410d49cd49,16_67443_reglement_20200303.pdf,règlement écrit,https://www.geoportail-urbanisme.gouv.fr/api/document/fc6bee104103d89651e5a0410d49cd49/files/67443_reglement_20200303.pdf,alinea,Article Au6,,administrative,"des hangars et d’un usage obligatoire pour la réalisation des abris de pâture. CLIMATIQUE EMERGENCES • Les éléments techniques extérieurs liés au bâtiment (centrales de traitement d’air, unités extérieures de pompes à chaleur, unités de climatisation, pompe de traitements des eaux de ACOUSTIQUES piscine, etc) devront être traités de manière à limiter l’émergence acoustique. 7 7 8","…nnement solaire direct en été -, compactes, très isolées, mettant en oeuvre des systèmes 33 D’ÉNERGIE ET énergétiques efficaces et utilisant les énergies renouvelables. SCHEIBENHARD L’ADAPTATION • Dans un objectif à la fois paysager et d’éco-construction, le bois sera privilégié dans la construction des hangars et d’un usage obligatoire pour la réalisation des abris de pâture. CLIMATIQUE EMERGENCES • Les éléments techniques extérieurs liés au bâtiment (centrales de traitement d’air, unités extérieures de pompes à chaleur, unités de climatisation, pompe de traitements des eaux de ACOUSTIQUES piscine, etc) devront être traités de manière à limiter l’émergence acoustique. 7 7 8 PPRRAAGGMMAA",totale,"Le passage impose que les équipements techniques extérieurs liés aux bâtiments (climatisation, pompes à chaleur, traitement d'air, etc.) soient traités pour limiter l'émergence acoustique. Il s'agit d'une prescription autonome liée au bruit généré par les bâtiments, dans le périmètre diagBruit, sans lien avec le classement sonore ou le PEB. Aucune limite spatiale spécifique n'étant mentionnée, la règle est considérée comme applicable à l'ensemble du document.",prescription,opposable en conformité,autre,validé,False,,2026-08-26
fc6bee104103d89651e5a0410d49cd49,17_67443_reglement_20200303.pdf,règlement écrit,https://www.geoportail-urbanisme.gouv.fr/api/document/fc6bee104103d89651e5a0410d49cd49/files/67443_reglement_20200303.pdf,alinea,Article Au6,Zone A,zone_specifique,"ZONE A CONSTRUCTIONS des hangars et d’un usage obligatoire pour la réalisation des abris de pâture. CLIMATIQUE EMERGENCES • Les éléments techniques extérieurs liés au bâtiment (centrales de traitement d’air, unités AMÉNAGEMENTS • Seules sont admises les clôtures précaires nécessaires à l’exploitation agricole ou celles rendues ACOUSTIQUES extérieures de pompes à chaleur, unités de climatisation, pompe de traitements des eaux de","…uction en pente, ce seuil est ramené D’ÉNERGIE ET énergétiques efficaces et utilisant les énergies renouvelables. de la DES à 0,5 mètre côté amont, mais peut être dépassé côté aval. L’ADAPTATION • Dans un objectif à la fois paysager et d’éco-construction, le bois sera privilégié dans la construction ZONE A CONSTRUCTIONS des hangars et d’un usage obligatoire pour la réalisation des abris de pâture. CLIMATIQUE EMERGENCES • Les éléments techniques extérieurs liés au bâtiment (centrales de traitement d’air, unités AMÉNAGEMENTS • Seules sont admises les clôtures précaires nécessaires à l’exploitation agricole ou celles rendues ACOUSTIQUES extérieures de pompes à chaleur, unités de climatisation, pompe de traitements des eaux de DES CLÔTURES indispensables pour des motifs de sécurité. Dans ce dernier cas, elles doivent être constituées piscine, etc) devront être traités de manière à limiter l’émergence acoustique. d’une haie vive à feuillage caduc, pouvant, le cas échéant, être doublé d’un grillage posé coté ET DES ABORDS i…",totale,"Le passage prescrit que les éléments techniques extérieurs liés au bâtiment (climatisation, pompes à chaleur, traitement des eaux de piscine, etc.) soient traités pour limiter l'émergence acoustique en zone A. Il s'agit d'une règle autonome liée au bruit des équipements de bâtiments, dans le périmètre diagBruit, applicable à une zone réglementaire spécifique (zone A - agricole).",prescription,opposable en conformité,autre,validé,False,,2026-08-26
fc6bee104103d89651e5a0410d49cd49,18_67443_reglement_20200303.pdf,règlement écrit,https://www.geoportail-urbanisme.gouv.fr/api/document/fc6bee104103d89651e5a0410d49cd49/files/67443_reglement_20200303.pdf,alinea,Article Au6,,administrative,"DES CLÔTURES indispensables pour des motifs de sécurité. Dans ce dernier cas, elles doivent être constituées piscine, etc) devront être traités de manière à limiter l’émergence acoustique. d’une haie vive à feuillage caduc, pouvant, le cas échéant, être doublé d’un grillage posé coté ET DES ABORDS intérieur de la haie. DISPOSITIFS FAVORISANT LES • La conception bioclimatique est recommandée pour la construction des bâtiments neufs : des","…ments techniques extérieurs liés au bâtiment (centrales de traitement d’air, unités AMÉNAGEMENTS • Seules sont admises les clôtures précaires nécessaires à l’exploitation agricole ou celles rendues ACOUSTIQUES extérieures de pompes à chaleur, unités de climatisation, pompe de traitements des eaux de DES CLÔTURES indispensables pour des motifs de sécurité. Dans ce dernier cas, elles doivent être constituées piscine, etc) devront être traités de manière à limiter l’émergence acoustique. d’une haie vive à feuillage caduc, pouvant, le cas échéant, être doublé d’un grillage posé coté ET DES ABORDS intérieur de la haie. DISPOSITIFS FAVORISANT LES • La conception bioclimatique est recommandée pour la construction des bâtiments neufs : des constructions bien orientées - bénéficiant d’apports solaires gratuits en hiver et protégées du ÉCONOMIES rayonnement solaire direct en été -, compactes, très isolées, mettant en oeuvre des systèmes D’ÉNERGIE ET énergétiques efficaces et utilisant les énergies renouvelables. L’ADAPTATION • Dans un o…",totale,"Le passage prescrit que les équipements techniques extérieurs liés au bâtiment (climatisation, pompes à chaleur, traitement des eaux de piscine, etc.) soient traités pour limiter leur émergence acoustique, ce qui constitue une règle autonome liée au bruit dans le cadre de projets de construction, applicable sans limite spatiale précisée donc à l'ensemble du document.",prescription,opposable en conformité,lutte_bruit_existant,validé,False,,2026-08-26
fc6bee104103d89651e5a0410d49cd49,19_67443_reglement_20200303.pdf,règlement écrit,https://www.geoportail-urbanisme.gouv.fr/api/document/fc6bee104103d89651e5a0410d49cd49/files/67443_reglement_20200303.pdf,alinea,Article Au6,,administrative,"CLIMATIQUE EMERGENCES • Les éléments techniques extérieurs liés au bâtiment (centrales de traitement d’air, unités extérieures de pompes à chaleur, unités de climatisation, pompe de traitements des eaux de ACOUSTIQUES piscine, etc) devront être traités de manière à limiter l’émergence acoustique. 34 Plan local d’Urbanisme - règlement 8 8","…nt en oeuvre des systèmes D’ÉNERGIE ET énergétiques efficaces et utilisant les énergies renouvelables. L’ADAPTATION • Dans un objectif à la fois paysager et d’éco-construction, le bois sera privilégié dans la construction des hangars et d’un usage obligatoire pour la réalisation des abris de pâture. CLIMATIQUE EMERGENCES • Les éléments techniques extérieurs liés au bâtiment (centrales de traitement d’air, unités extérieures de pompes à chaleur, unités de climatisation, pompe de traitements des eaux de ACOUSTIQUES piscine, etc) devront être traités de manière à limiter l’émergence acoustique. 34 Plan local d’Urbanisme - règlement 8 8 trAiteMent environneMentAl et",forte,"Le passage impose que les équipements techniques extérieurs liés aux bâtiments (climatisation, pompes à chaleur, traitement d'air, etc.) soient traités pour limiter les émergences acoustiques. Il s'agit d'une prescription autonome de traitement environnemental du bâti, sans lien avec le classement sonore ou le PEB, et applicable à l'ensemble du zonage concerné par cette disposition (aucune zone spécifique mentionnée).",prescription,opposable en conformité,lutte_bruit_existant,validé,False,,2026-08-26
fc6bee104103d89651e5a0410d49cd49,20_67443_reglement_20200303.pdf,règlement écrit,https://www.geoportail-urbanisme.gouv.fr/api/document/fc6bee104103d89651e5a0410d49cd49/files/67443_reglement_20200303.pdf,alinea,Article Au6,ZONE N,administrative,"Les éléments techniques extérieurs liés au bâtiment (centrales de traitement EMERGENCES ACOUSTIQUES d’air, unités extérieures de pompes à chaleur, unités de climatisation…) devront être traités de manière à limiter l’émergence acoustique.","…antation d’arbres à hautes tiges ou de haies vives, composées ZONE N d’essences champêtres (feuillus et fruitiers), sera exigé. DISPOSITIFS FAVORISANT LES • La conception bioclimatique est recommandée pour la construction des bâtiments neufs : des constructions bien orientées - bénéficiant d’apports Les éléments techniques extérieurs liés au bâtiment (centrales de traitement EMERGENCES ACOUSTIQUES d’air, unités extérieures de pompes à chaleur, unités de climatisation…) devront être traités de manière à limiter l’émergence acoustique. être traités de manière à limiter l’émergence acoustique. 38 Plan local d’Urbanisme - règlement 10 10 11",forte,"Le passage impose que les éléments techniques extérieurs (climatisation, pompes à chaleur) soient traités pour limiter les émergences acoustiques, ce qui constitue une règle autonome de limitation du bruit à la source liée à des équipements de bâtiments, distincte du classement sonore ou du PEB.",prescription,opposable en conformité,lutte_bruit_existant,validé,False,,2026-08-26
fc6bee104103d89651e5a0410d49cd49,21_67443_reglement_20200303.pdf,règlement écrit,https://www.geoportail-urbanisme.gouv.fr/api/document/fc6bee104103d89651e5a0410d49cd49/files/67443_reglement_20200303.pdf,alinea,Article Au6,,administrative,"Les éléments techniques extérieurs liés au bâtiment (centrales de traitement EMERGENCES ACOUSTIQUES d’air, unités extérieures de pompes à chaleur, unités de climatisation…) devront être traités de manière à limiter l’émergence acoustique.","…mpactes, très isolées, mettant en oeuvre des systèmes énergétiques efficaces et utilisant les énergies renouvelables. • Les éléments techniques extérieurs liés au bâtiment (centrales de traitement EMERGENCES ACOUSTIQUES d’air, unités extérieures de pompes à chaleur, unités de climatisation…) devront Les éléments techniques extérieurs liés au bâtiment (centrales de traitement EMERGENCES ACOUSTIQUES d’air, unités extérieures de pompes à chaleur, unités de climatisation…) devront être traités de manière à limiter l’émergence acoustique. Article n4 stAtionneMent ARCHITECTURE ET PAYSAGE N3 TOITURES HAUTEURS N4 STATIONNEMENT N5 INTÉGRATION ARCHITECTURALE ET PAYSAGÈRE DES PROJETS • La hauteur maximale des constructions est limitée à 5 • Les constructions, par leur situation, leur architecture, leur dimension ou leur mètres, mesurée en…",forte,"Le passage impose que les éléments techniques extérieurs liés au bâtiment (climatisation, pompes à chaleur, centrales de traitement d'air) soient traités pour limiter l'émergence acoustique. Il s'agit d'une règle autonome relevant du périmètre diagBruit (construction de bâtiments), sans lien avec une infrastructure de transport ni avec le classement sonore ou le PEB.",prescription,opposable en conformité,autre,validé,False,,2026-08-26
fc6bee104103d89651e5a0410d49cd49,22_67443_reglement_20200303.pdf,règlement écrit,https://www.geoportail-urbanisme.gouv.fr/api/document/fc6bee104103d89651e5a0410d49cd49/files/67443_reglement_20200303.pdf,alinea,Article Au6,,administrative,"Article n5 Architecture et pAysAge EMERGENCES ACOUSTIQUES d’air, unités extérieures de pompes à chaleur, unités de climatisation…) devront être traités de manière à limiter l’émergence acoustique. ARCHITECTURE ET PAYSAGE N3 TOITURES HAUTEURS N4 STATIONNEMENT N5 INTÉGRATION ARCHITECTURALE ET PAYSAGÈRE DES PROJETS • La hauteur maximale des constructions est limitée à 5 • Les constructions, par leur situation, leur architecture, leur dimension ou leur","…laires gratuits en hiver et protégées du rayonnement solaire direct en été -, L’ADAPTATION CLIMATIQUE compactes, très isolées, mettant en oeuvre des systèmes énergétiques efficaces et utilisant les énergies renouvelables. • Les éléments techniques extérieurs liés au bâtiment (centrales de traitement Article n5 Architecture et pAysAge EMERGENCES ACOUSTIQUES d’air, unités extérieures de pompes à chaleur, unités de climatisation…) devront être traités de manière à limiter l’émergence acoustique. ARCHITECTURE ET PAYSAGE N3 TOITURES HAUTEURS N4 STATIONNEMENT N5 INTÉGRATION ARCHITECTURALE ET PAYSAGÈRE DES PROJETS • La hauteur maximale des constructions est limitée à 5 • Les constructions, par leur situation, leur architecture, leur dimension ou leur mètres, mesurée en tous points par rapport au terrain CONCEPTION GÉNÉRALE aspect extérieur ne doivent pas porter atteinte au caractère ou à l’intérêt des Ensemble naturel préexistant. Ensemble de la ZONE N • Sans objet DES PROJETS lieux environnants ainsi qu’aux sites et aux paysages naturels. A ce…",totale,"Le passage impose un traitement des éléments techniques extérieurs liés aux bâtiments (climatiseurs, pompes à chaleur, centrales de traitement d'air) pour limiter l'émergence acoustique, ce qui relève bien du périmètre diagBruit (construction de bâtiments). Aucune zone spécifique n'est mentionnée pour cette règle, elle semble s'appliquer de façon générale dans le règlement d'architecture et paysage.",prescription,opposable en conformité,autre,validé,False,,2026-08-26
fc6bee104103d89651e5a0410d49cd49,23_67443_reglement_20200303.pdf,règlement écrit,https://www.geoportail-urbanisme.gouv.fr/api/document/fc6bee104103d89651e5a0410d49cd49/files/67443_reglement_20200303.pdf,alinea,Article Au6,ZONE N,administrative,"bâtiments neufs : des constructions bien orientées - bénéficiant d’apports ÉCONOMES D’ÉNERGIE RT solaires gratuits en hiver et protégées du rayonnement solaire direct en été -, L’ADAPTATION CLIMATIQUE compactes, très isolées, mettant en oeuvre des systèmes énergétiques efficaces et utilisant les énergies renouvelables. • Les éléments techniques extérieurs liés au bâtiment (centrales de traitement EMERGENCES ACOUSTIQUES d’air, unités extérieures de pompes à chaleur, unités de climatisation…) devr…","…ments, un projet d’intégration paysagère à ESSENCES VÉGÉTALES partir d’implantation d’arbres à hautes tiges ou de haies vives, composées ZONE N d’essences champêtres (feuillus et fruitiers), sera exigé. DISPOSITIFS FAVORISANT LES • La conception bioclimatique est recommandée pour la construction des bâtiments neufs : des constructions bien orientées - bénéficiant d’apports ÉCONOMES D’ÉNERGIE RT solaires gratuits en hiver et protégées du rayonnement solaire direct en été -, L’ADAPTATION CLIMATIQUE compactes, très isolées, mettant en oeuvre des systèmes énergétiques efficaces et utilisant les énergies renouvelables. • Les éléments techniques extérieurs liés au bâtiment (centrales de traitement EMERGENCES ACOUSTIQUES d’air, unités extérieures de pompes à chaleur, unités de climatisation…) devr… être traités de manière à limiter l’émergence acoustique. 39 SCHEIBENHARD 11 11",totale,"Le passage impose que les équipements techniques extérieurs des bâtiments (climatisation, pompes à chaleur, traitement d'air) soient traités pour limiter l'émergence acoustique. C'est une règle autonome de construction liée au bruit, applicable aux constructions neuves de la zone N, sans lien avec le classement sonore ou le PEB.",prescription,opposable en conformité,lutte_bruit_existant,validé,False,,2026-08-26
fc6bee104103d89651e5a0410d49cd49,24_67443_reglement_20200303.pdf,règlement écrit,https://www.geoportail-urbanisme.gouv.fr/api/document/fc6bee104103d89651e5a0410d49cd49/files/67443_reglement_20200303.pdf,alinea,Article Au6,,administrative,être traités de manière à limiter l’émergence acoustique. 39 SCHEIBENHARD 11 11,"…mpactes, très isolées, mettant en oeuvre des systèmes énergétiques efficaces et utilisant les énergies renouvelables. • Les éléments techniques extérieurs liés au bâtiment (centrales de traitement EMERGENCES ACOUSTIQUES d’air, unités extérieures de pompes à chaleur, unités de climatisation…) devront être traités de manière à limiter l’émergence acoustique. 39 SCHEIBENHARD 11 11 PPRRAAGGMMAA trAiteMent environneMentAl et",totale,"Le passage prescrit que les éléments techniques extérieurs liés au bâtiment (climatisation, pompes à chaleur, etc.) soient traités pour limiter l'émergence acoustique - c'est une règle autonome de construction de bâtiments, dans le périmètre diagBruit. Aucune limite spatiale propre n'est précisée, donc portée administrative par défaut.",recommandation,opposable en conformité,autre,validé,False,,2026-08-26
b41a7e70e8fbeb0240065dde230a8ce6,1_67445_padd_20230228.pdf,PADD,https://www.geoportail-urbanisme.gouv.fr/api/document/b41a7e70e8fbeb0240065dde230a8ce6/files/67445_padd_20230228.pdf,page,page 7,,administrative," Encadrer le développement de la commune de façon à ce qu’il prenne en compte ces aléas naturels ► Limiter l’exposition aux risques technologiques, aux nuisances sonores et olfactives : La commune de Scherwiller se caractérise par des activités en développement. Le risque lié au transport de matières dangereuses est présent sur la commune du fait notamment des deux infrastructures qui traversent son ban communal (A35, et voie ferrée de la ligne Strasbourg – Bâle)"," Encadrer la constructibilité aux abords des cours d’eau. Révision PLU de Scherwiller – PADD Approbation – octobre 2013 4  Encadrer le développement de la commune de façon à ce qu’il prenne en compte ces aléas naturels ► Limiter l’exposition aux risques technologiques, aux nuisances sonores et olfactives : La commune de Scherwiller se caractérise par des activités en développement. Le risque lié au transport de matières dangereuses est présent sur la commune du fait notamment des deux infrastructures qui traversent son ban communal (A35, et voie ferrée de la ligne Strasbourg – Bâle) générant des nuisances sonores. La commune souhaite intégrer ces contraintes dans son choix de développement et dans les réflexions d’aménagement. C’est pourquoi elle entend : Orientation  Encadrer l’urbanisation autour des activités ou infrastructures génératrices de nuisances.  Prévoir des zones…",moyenne,"Le PADD exprime une orientation générale visant à encadrer l'urbanisation autour des infrastructures génératrices de nuisances sonores (A35, voie ferrée), ce qui concerne bien l'aménagement urbain et non uniquement l'infrastructure elle-même. Il s'agit d'une orientation politique (typique d'un PADD) plutôt que d'une prescription précise, à portée communale puisqu'aucune zone particulière n'est délimitée.",recommandation,non opposable,autre,validé,False,,2026-08-26
b41a7e70e8fbeb0240065dde230a8ce6,2_67445_padd_20230228.pdf,PADD,https://www.geoportail-urbanisme.gouv.fr/api/document/b41a7e70e8fbeb0240065dde230a8ce6/files/67445_padd_20230228.pdf,page,page 7,,administrative,"générant des nuisances sonores. La commune souhaite intégrer ces contraintes dans son choix de développement et dans les réflexions d’aménagement. C’est pourquoi elle entend : Orientation  Encadrer l’urbanisation autour des activités ou infrastructures génératrices de nuisances.  Prévoir des zones tampons entre les secteurs d’habitat, d’activité, y compris agricole et viticole. Révision PLU de Scherwiller – PADD","…es et olfactives : La commune de Scherwiller se caractérise par des activités en développement. Le risque lié au transport de matières dangereuses est présent sur la commune du fait notamment des deux infrastructures qui traversent son ban communal (A35, et voie ferrée de la ligne Strasbourg – Bâle) générant des nuisances sonores. La commune souhaite intégrer ces contraintes dans son choix de développement et dans les réflexions d’aménagement. C’est pourquoi elle entend : Orientation  Encadrer l’urbanisation autour des activités ou infrastructures génératrices de nuisances.  Prévoir des zones tampons entre les secteurs d’habitat, d’activité, y compris agricole et viticole. Révision PLU de Scherwiller – PADD Approbation – octobre 2013 5",forte,"Le PADD énonce une orientation générale d'encadrement de l'urbanisation autour des activités/infrastructures génératrices de nuisances sonores, avec prévision de zones tampons entre secteurs d'habitat et d'activité. Cette règle concerne directement l'aménagement urbain et la localisation des bâtiments par rapport aux nuisances, donc relève du périmètre diagBruit. Il ne s'agit pas d'un simple renvoi au classement sonore ou au PEB, mais d'une orientation propre au document. La portée n'étant pas limitée à une zone précise, elle est considérée comme applicable à l'ensemble de la commune.",recommandation,non opposable,autre,validé,False,,2026-08-26
b41a7e70e8fbeb0240065dde230a8ce6,1_67445_reglement_20230228.pdf,règlement écrit,https://www.geoportail-urbanisme.gouv.fr/api/document/b41a7e70e8fbeb0240065dde230a8ce6/files/67445_reglement_20230228.pdf,alinea,Article 2UC,,zone_specifique," sol admises dans la zone, à condition que soient mises en œuvre toutes les dispositions utiles pour les rendre compatibles avec le milieu environnant et qu’elles satisfassent à la réglementation en vigueur les concernant, Les constructions à usage d’artisanat, de commerce, de bureau ou de service à condition  que les activités exercées ne créent pas de nuisances (bruit, fumées, odeur, poussière, etc.)","…u règlement du sinistre, L’aménagement, la transformation ou l’extension des établissements industriels ou agricoles  existants à condition qu’il n’en résulte pas une aggravation des dangers ou des nuisances, Les installations classées ou non nouvelles nécessaires aux occupations et utilisations du  sol admises dans la zone, à condition que soient mises en œuvre toutes les dispositions utiles pour les rendre compatibles avec le milieu environnant et qu’elles satisfassent à la réglementation en vigueur les concernant, Les constructions à usage d’artisanat, de commerce, de bureau ou de service à condition  que les activités exercées ne créent pas de nuisances (bruit, fumées, odeur, poussière, etc.) ou de dangers incompatibles avec le caractère résidentiel de la zone, Les affouillements et exhaussements du sol, quelles que soient leurs dimensions, à  condition qu’ils soient liés aux occupations et utilisations du sol admises dans la zone. Dans les secteurs concernés par des risques technologiq…",forte,"Le passage conditionne l'admission des constructions à usage d'artisanat, commerce, bureau ou service à l'absence de nuisances (dont le bruit) incompatibles avec le caractère résidentiel de la zone. C'est une règle autonome liée au bruit, applicable à une zone réglementaire spécifique (probablement une zone à dominante résidentielle) non précisée par son nom dans l'extrait disponible.",prescription,opposable en conformité,lutte_bruit_existant,validé,False,,2026-08-26
b41a7e70e8fbeb0240065dde230a8ce6,2_67445_reglement_20230228.pdf,règlement écrit,https://www.geoportail-urbanisme.gouv.fr/api/document/b41a7e70e8fbeb0240065dde230a8ce6/files/67445_reglement_20230228.pdf,alinea,Article 2,zone résidentielle (secteur IAUk),zone_specifique,"Les constructions à usage d’artisanat, de commerce, de bureau ou de service à condition  que les activités exercées ne créent pas de nuisances (bruit, fumées, odeur, poussière, etc.) ou de dangers incompatibles avec le caractère résidentiel de la zone. Dans le secteur IAUk Dans le secteur de prescriptions particulières figurant au plan de règlement (représenté par les symboles οοο) ne sont admis que les bâtiments annexes et les piscines à condition que la","…du projet ne doit pas provoquer la formation de terrains enclavés ou de terrains  délaissés inconstructibles, Le terrain d'opération devra être contigu à des équipements publics existants ou  financièrement programmés. 3 - Occupations et utilisations du sol soumises à des conditions particulières Les constructions à usage d’artisanat, de commerce, de bureau ou de service à condition  que les activités exercées ne créent pas de nuisances (bruit, fumées, odeur, poussière, etc.) ou de dangers incompatibles avec le caractère résidentiel de la zone. Dans le secteur IAUk Dans le secteur de prescriptions particulières figurant au plan de règlement (représenté par les symboles οοο) ne sont admis que les bâtiments annexes et les piscines à condition que la surface de plancher totale cumulée n’excède pas 20m². Les coupes et abattages d’arbres sous réserve de leur remplacement. SECTION 2 : CONDITIONS DE L'OCCUPATION DU SOL",totale,"Le passage impose une condition d'admission des constructions à usage d'artisanat, commerce, bureau ou service : ces activités ne doivent pas créer de nuisances, dont le bruit, incompatibles avec le caractère résidentiel de la zone. Il s'agit d'une règle autonome d'urbanisme (limitation des activités admises selon leur impact sonore), distincte du classement sonore des voies ou du PEB, et concernant directement les bâtiments à vocation économique implantés dans la zone.",prescription,opposable en conformité,autre,validé,False,,2026-08-26
d0dd2ff09a9715dabbc034b0b9e0c4f7,1_67448_reglement_20250324.pdf,règlement écrit,https://www.geoportail-urbanisme.gouv.fr/api/document/d0dd2ff09a9715dabbc034b0b9e0c4f7/files/67448_reglement_20250324.pdf,alinea,Article 2,,zone_specifique,"les installations classées à condition qu’il n’en résulte pas de dangers ou de nuisances (bruits, fumées, odeurs, poussières, trépidations...) incompatibles avec le bon fonctionnement des autres occupations et utilisations du sol admises dans la zone et avec la caractère des zones d’habitation et de loisirs environnantes","…lles soient limitées à 1 logement et à 100 m2 au maximum de SHON à usage d'habitat, par activité ;  qu’elles soient intégrées à la construction à usage d’activité, sous réserve que les contraintes de sécurité le permettent ; 3. les constructions à usage d'équipements collectifs, tels que restaurant les installations classées à condition qu’il n’en résulte pas de dangers ou de nuisances (bruits, fumées, odeurs, poussières, trépidations...) incompatibles avec le bon fonctionnement des autres occupations et utilisations du sol admises dans la zone et avec la caractère des zones d’habitation et de loisirs environnantes environnantes, 5. les réseaux publics et d'intérêt général et les constructions et installations nécessaires à l’exploitation de ces réseaux ; P.L.U. Modification simplifiée n°2 Approuvé mars 2025 60",forte,"Le passage conditionne l'admission des installations classées dans la zone à l'absence de nuisances (dont le bruit) incompatibles avec le fonctionnement des autres occupations et le caractère résidentiel/loisirs des zones environnantes. C'est une règle autonome d'urbanisme (limitation des nuisances sonores générées par les activités admises dans la zone vis-à-vis de l'habitat), distincte du classement sonore des infrastructures de transport. La portée est limitée à la zone réglementaire concernée par cet article, non précisée dans l'extrait mais correspondant à un zonage spécifique du PLU.",prescription,opposable en conformité,lutte_bruit_existant,validé,False,,2026-08-26
d0dd2ff09a9715dabbc034b0b9e0c4f7,2_67448_reglement_20250324.pdf,règlement écrit,https://www.geoportail-urbanisme.gouv.fr/api/document/d0dd2ff09a9715dabbc034b0b9e0c4f7/files/67448_reglement_20250324.pdf,alinea,Article 2,,zone_specifique,"les installations classées à condition qu’il n'en résulte pas de dangers ou de nuisances (bruits, fumées, odeurs, poussières, trépidations...) incompatibles avec le bon fonctionnement des autres occupations et utilisations du sol admises dans la zone et avec la caractère des zones d’habitation et de loisirs environnantes","…la zone ;  les affouillements et exhaussements de sol à condition qu’ils soient nécessaires aux occupations et utilisations du sol admises dans la zone ;  les aires de jeux et de sport, ainsi que le mobilier urbain ; 2. les installations classées à condition qu’il n'en résulte pas de dangers ou de les installations classées à condition qu’il n'en résulte pas de dangers ou de nuisances (bruits, fumées, odeurs, poussières, trépidations...) incompatibles avec le bon fonctionnement des autres occupations et utilisations du sol admises dans la zone et avec la caractère des zones d’habitation et de loisirs environnantes 2.2.2. Dans le secteur IAU1a 1. les constructions à usage artisanal, commercial et tertiaire à condition : que ces activités soient compatibles avec l'habitat voisin et qu’elles n'entraînent pas de nuisances pour le voisinage ; 2. les entrepôts commerciaux à condition qu'ils soient liés à un commerc…",forte,"Le passage conditionne l'admission des installations classées dans la zone à l'absence de nuisances (dont le bruit) incompatibles avec le caractère résidentiel et de loisirs environnant. C'est une règle autonome d'urbanisme (non liée au classement sonore ni au PEB) qui limite les usages du sol en fonction du bruit généré, applicable à une zone réglementaire spécifique du document.",prescription,opposable en conformité,autre,validé,False,,2026-08-26
d0dd2ff09a9715dabbc034b0b9e0c4f7,3_67448_reglement_20250324.pdf,règlement écrit,https://www.geoportail-urbanisme.gouv.fr/api/document/d0dd2ff09a9715dabbc034b0b9e0c4f7/files/67448_reglement_20250324.pdf,alinea,Article 2,,zone_specifique,"les installations classées à condition qu’il n’en résulte pas de dangers ou de nuisances (bruits, filmées, odeurs, poussières, trépidations...) incompatibles avec le bon fonctionnement des autres occupations et utilisations du sol admises dans la zone et avec la caractère des zones d’habitation et de loisirs environnantes","…ents de fonction et de gardiennage en complément aux occupations et utilisation du sol admises dans la zone ;  qu’elles soient limitées à 1 logement et à 100 m2 au maximum de SHON à usage d’habitat, par activité ;  et qu’elles soient intégrées à la construction à usage d’activité, sous réserve que les installations classées à condition qu’il n’en résulte pas de dangers ou de nuisances (bruits, filmées, odeurs, poussières, trépidations...) incompatibles avec le bon fonctionnement des autres occupations et utilisations du sol admises dans la zone et avec la caractère des zones d’habitation et de loisirs environnantes fonctionnement des autres occupations et utilisations du sol admises dans la zone et avec la caractère des zones d’habitation et de loisirs environnantes ; 5. l’aménagement et l'extension limitée des constructions et activités existantes à condition que cette extension ne dépasse pas au total 30% de…",forte,"Le passage conditionne l'admission des installations classées à l'absence de nuisances incompatibles, dont le bruit, avec le caractère des zones environnantes. Il s'agit d'une règle autonome liée au bruit dans une zone réglementaire spécifique (probablement une zone d'activités), distincte du classement sonore des voies ou du PEB.",prescription,opposable en conformité,lutte_bruit_existant,validé,False,,2026-08-26
6be25972559a76cd8a0914542c4a57e1,1_67463_reglement_20251013.pdf,règlement écrit,https://www.geoportail-urbanisme.gouv.fr/api/document/6be25972559a76cd8a0914542c4a57e1/files/67463_reglement_20251013.pdf,alinea,Article 2,zones matérialisées au plan des annexes (axes de transports terrestres bruyants),zone_specifique,"Les constructions à usage d’hébergement et d’habitation doivent en outre répondre aux exigences d’isolement acoustique par rapport aux axes de transports terrestres bruyants, conformément à la réglementation en vigueur. Les zones concernées sont matérialisées au plan des annexes","…les Schémas de COhérence Territoriale (S.C.O.T.), les schémas de secteur et les Directives Territoriales d’Aménagement (D.T.A.). 3. Les articles L. 111-8, L. 111-9, L. 111-10, L. 111-11, L. 123-6, L. 313-2 et L. 421-4 du Code de l’Urbanisme, sur le fond desquels peut être opposé un sursis à statuer. Les constructions à usage d’hébergement et d’habitation doivent en outre répondre aux exigences d’isolement acoustique par rapport aux axes de transports terrestres bruyants, conformément à la réglementation en vigueur. Les zones concernées sont matérialisées au plan des annexes conserver ou à créer ». 6. Les articles L. 123-16 et L. 421-4 du Code de l’Urbanisme concernant les opérations déclarées d’utilité publique. 7. L’article L. 600-2 du Code de l’Urbanisme relatif aux règles applicables en cas d’annulation d’une décision de refus de permis de construire. PLU de SELTZ •…",forte,"Le passage impose une exigence d'isolement acoustique aux constructions d'habitation et d'hébergement situées dans des zones affectées par le bruit des axes de transports terrestres, matérialisées sur un plan annexe. Il ne s'agit pas ici d'un simple renvoi au classement sonore standard mais d'une prescription générale du règlement s'appliquant aux constructions, ce qui relève du périmètre diagBruit. La zone concernée nécessite un tracé spécifique (plan des annexes), d'où une portée géométrique de type zone_specifique.",prescription,opposable en conformité,autre,validé,False,,2026-08-26
ac4c30039ed8446e051bfb4b7194476e,1_67486_reglement_20241217.pdf,règlement écrit,https://www.geoportail-urbanisme.gouv.fr/api/document/ac4c30039ed8446e051bfb4b7194476e/files/67486_reglement_20241217.pdf,page,page 5,périmètres de nuisances de part et d'autre des infrastructures de transport terrestre classées par arrêté préfectoral du 19 Août 2013,zone_specifique,classées par arrêté préfectoral du 19 Août 2013 dans lesquels des prescriptions d’isolement acoustique s’appliquent en vertu de la loi 92-14444 du 31 décembre 1992 relative à la lutte contre le bruit. (cf plans et note en annexe) 5,"…licables au titre des législations spécifiques concernant les Servitudes d’Utilité Publiques (SUP) affectant l’occupation ou l’utilisation du sol. (cf plans et liste des SUP en annexe) Il est rappelé l’existence de périmètres de nuisances de part et d’autre des infrastructures de transport terrestre classées par arrêté préfectoral du 19 Août 2013 dans lesquels des prescriptions d’isolement acoustique s’appliquent en vertu de la loi 92-14444 du 31 décembre 1992 relative à la lutte contre le bruit. (cf plans et note en annexe) 5 Commune de Sundhouse Plan local d’urbanisme : Règlement écrit CHAPITRE 3 - DIVISION DU TERRITOIRE EN ZONES Le territoire couvert par le présent Plan Local d’Urbanisme est divisé en zones urbaines (zones U), en zones à urbaniser (zones AU), en zones agricoles (zones A) et en zones naturelles et fores…",faible,"Le passage rappelle l'existence de secteurs affectés par le bruit des infrastructures de transport terrestre (classement sonore) où s'appliquent des prescriptions d'isolement acoustique en vertu de la loi de 1992. Il s'agit ici d'un simple renvoi au classement sonore et à ses prescriptions d'isolement standard, sans règle d'urbanisme différente ou renforcée par rapport à ce que prévoit l'arrêté préfectoral. Toutefois, comme ce type de mention est à la limite du simple renvoi (le texte semble reformuler une obligation réglementaire déjà couverte par le classement sonore, sans ajouter d'exigence propre au PLU), je le retiens par prudence mais avec une confiance faible dans l'extrait car il ne fait que rappeler une servitude déjà traitée ailleurs par diagBruit et ne formule pas de règle autonome claire liée aux bâtiments.",prescription,opposable en conformité,lutte_bruit_existant,validé,False,,2026-08-26
7d848d9a8bbaa9897cd3c4e1350621c7,1_67501_reglement_20231218.pdf,règlement écrit,https://www.geoportail-urbanisme.gouv.fr/api/document/7d848d9a8bbaa9897cd3c4e1350621c7/files/67501_reglement_20231218.pdf,alinea,Article 2.2.,Ua,zone_specifique,"Les pompes à chaleur et autres dispositifs de climatisation, ainsi que les équipements liés au fonctionnement des piscines devront être implantés de manière à présenter le moins possible de nuisances sonores pour le voisinage dans la mesure où les conditions techniques d’implantation le permettent.","d'urbanisme en vigueur, sous réserve que les travaux d’isolation ne nuisent pas à l’aspect extérieur de la construction 14 * se reporter au lexique pour la définition Les pompes à chaleur et autres dispositifs de climatisation, ainsi que les équipements liés au fonctionnement des piscines devront être implantés de manière à présenter le moins possible de nuisances sonores pour le voisinage dans la mesure où les conditions techniques d’implantation le permettent. Article 2.3. Ua - Implantation des constructions les unes par rapport aux autres sur une même propriété Non règlementé.",totale,"Le passage impose une règle d'implantation pour limiter les nuisances sonores des pompes à chaleur et équipements de piscines vis-à-vis du voisinage, dans le cadre de la zone Ua. C'est une règle autonome liée au bruit, applicable aux constructions dans cette zone spécifique, distincte du classement sonore ou du PEB.",recommandation,opposable en conformité,autre,validé,False,,2026-08-26
7d848d9a8bbaa9897cd3c4e1350621c7,2_67501_reglement_20231218.pdf,règlement écrit,https://www.geoportail-urbanisme.gouv.fr/api/document/7d848d9a8bbaa9897cd3c4e1350621c7/files/67501_reglement_20231218.pdf,alinea,Article 2.2.,Ub,zone_specifique,"Les pompes à chaleur et autres dispositifs de climatisation, ainsi que les équipements liés au fonctionnement des piscines devront être implantés de manière à présenter le moins possible de nuisances sonores pour le voisinage dans la mesure où les conditions techniques d’implantation le permettent.","…les travaux portent sur la mise en place d'isolation extérieure en saillie des façades sur des constructions existantes à la date d'approbation du PLU, dans la limite d'un dépassement de 20 centimètres par rapport aux règles d'implantation des constructions autorisées par le règlement du plan local Les pompes à chaleur et autres dispositifs de climatisation, ainsi que les équipements liés au fonctionnement des piscines devront être implantés de manière à présenter le moins possible de nuisances sonores pour le voisinage dans la mesure où les conditions techniques d’implantation le permettent. Article 2.3. Ub - Implantation des constructions les unes par rapport aux autres sur une même propriété Non règlementé.",totale,"Le passage prescrit une implantation des pompes à chaleur, climatiseurs et équipements de piscine limitant les nuisances sonores pour le voisinage, dans la mesure des conditions techniques. C'est une règle autonome liée au bruit applicable aux constructions, dans le périmètre de diagBruit. Elle figure dans un article de la zone Ub (implantation), donc portée géométrique limitée à cette zone.",recommandation,opposable en conformité,lutte_bruit_existant,validé,False,,2026-08-26
7d848d9a8bbaa9897cd3c4e1350621c7,3_67501_reglement_20231218.pdf,règlement écrit,https://www.geoportail-urbanisme.gouv.fr/api/document/7d848d9a8bbaa9897cd3c4e1350621c7/files/67501_reglement_20231218.pdf,alinea,Article 2.2.,1AU,zone_specifique,"▪ Aux constructions et installations de faible emprise nécessaires à l'exploitation des réseaux publics tels que postes de transformation électrique. 4. Les pompes à chaleur et autres dispositifs de climatisation, ainsi que les équipements liés au fonctionnement des piscines devront être implantés de manière à présenter le moins possible de nuisances sonores pour le voisinage dans la mesure où les conditions techniques d’implantation le permettent.","…ci-dessus ne s’appliquent pas : ▪ Aux piscines, qui devront être implantées à une distance minimale de 1m des limites séparatives, mesurée depuis les bords du bassin. ▪ Aux abris (jardin, piscine, bois…) dont la hauteur maximale hors tout n’excède pas 2m et dont l’emprise au sol n’excède pas 15 m². ▪ Aux constructions et installations de faible emprise nécessaires à l'exploitation des réseaux publics tels que postes de transformation électrique. 4. Les pompes à chaleur et autres dispositifs de climatisation, ainsi que les équipements liés au fonctionnement des piscines devront être implantés de manière à présenter le moins possible de nuisances sonores pour le voisinage dans la mesure où les conditions techniques d’implantation le permettent. Article 2.3. 1AU - Implantation des constructions les unes par rapport aux autres sur une même propriété Non règlementé.",totale,"Le passage impose une recommandation d'implantation des pompes à chaleur, dispositifs de climatisation et équipements de piscines afin de limiter les nuisances sonores pour le voisinage. Il s'agit d'une règle autonome liée au bruit dans le cadre de constructions (bâtiments et équipements associés), donc dans le périmètre diagBruit. La formulation 'dans la mesure où les conditions techniques d'implantation le permettent' en fait une recommandation plutôt qu'une prescription stricte. Cette règle s'inscrit dans l'article 2.3 de la zone 1AU, donc portée géométrique zone_specifique.",recommandation,opposable en conformité,autre,validé,False,,2026-08-26
af81b900318ba97d31ca21fae4b03e6c,1_67505_PADD_20200731.pdf,PADD,https://www.geoportail-urbanisme.gouv.fr/api/document/af81b900318ba97d31ca21fae4b03e6c/files/67505_PADD_20200731.pdf,page,page 14,,administrative,Elles sont également de nature à diminuer les risques de nuisances sonores au sein du village,"…Le PADD vise à maintenir, en matière d’organisation des déplacements, les possibilités de parcours à pied ainsi que les gabarits étroits des voiries de desserte, incitant à des vitesses très modérées de circulation au sein du village. Ces options sont cohérentes avec l’objectif général d’utilisation Elles sont également de nature à diminuer les risques de nuisances sonores au sein du village performance énergétique des constructions. Compte tenu de l’ensoleillement exceptionnel dont bénéficie une partie de l’emprise bâtie de la commune, la mise en œuvre de principes de conception bioclimatique pour l’implantation des nouvelles constructions permettra également une utilisation plus ratio…",forte,"Le PADD énonce que le maintien de gabarits étroits et de vitesses modérées de circulation au sein du village a pour effet de diminuer les risques de nuisances sonores. C'est une orientation générale relative à l'organisation des déplacements et à l'aménagement du village, avec un objectif explicite de réduction du bruit, applicable à l'ensemble du village/commune sans zone réglementaire spécifique délimitée. La formulation reste cependant assez générale et orientée organisation des déplacements plutôt qu'une prescription précise sur le bâti.",recommandation,non opposable,lutte_bruit_existant,validé,False,,2026-08-26
af81b900318ba97d31ca21fae4b03e6c,1_67505_reglement_20200731.pdf,règlement écrit,https://www.geoportail-urbanisme.gouv.fr/api/document/af81b900318ba97d31ca21fae4b03e6c/files/67505_reglement_20200731.pdf,alinea,Article UA,UA,zone_specifique,"Les activités, constructions et installations de nature à entraîner des nuisances incompatibles avec le voisinage (nuisances sonores, olfactives, polluantes…) ou une atteinte à la salubrité et à la sécurité publique.","…ns publiques et assimilés Etablissements d’enseignement, de santé et d’action sociale Salles d’art et de spectacles Equipements sportifs Autres équipements recevant du public Légende : Int La sous-destination est interdite. La sous-destination est soumise à condition(s). Les numéros figurant dans la Les activités, constructions et installations de nature à entraîner des nuisances incompatibles avec le voisinage (nuisances sonores, olfactives, polluantes…) ou une atteinte à la salubrité et à la sécurité publique. résulte une augmentation de nuisances pour le milieu environnant ou une atteinte à la salubrité et à la sécurité publique. 1.4 Les nouvelles occupations et utilisations du sol suivantes : - les parcs d'attraction ouverts au public, - le stationnement de caravanes isolées, - les terrains de camping e…",forte,"Le règlement de la zone UA interdit les activités, constructions et installations de nature à entraîner des nuisances sonores incompatibles avec le voisinage, ainsi que l'agrandissement d'établissements augmentant ces nuisances. Il s'agit d'une règle autonome de limitation du bruit à la source pour les projets de construction, applicable spécifiquement dans la zone UA.",prescription,opposable en conformité,lutte_bruit_existant,validé,False,,2026-08-26
af81b900318ba97d31ca21fae4b03e6c,2_67505_reglement_20200731.pdf,règlement écrit,https://www.geoportail-urbanisme.gouv.fr/api/document/af81b900318ba97d31ca21fae4b03e6c/files/67505_reglement_20200731.pdf,alinea,Article UB,UB,zone_specifique,"Les activités, constructions et installations de nature à entraîner des nuisances incompatibles avec le voisinage (nuisances sonores, olfactives, polluantes…) ou une atteinte à la salubrité et à la sécurité publique.","…et d’action sociale Salles d’art et de spectacles Equipements sportifs Autres équipements recevant du public Légende : Int La sous-destination est interdite. La sous-destination est soumise à condition(s). Les numéros figurant dans la Si 2.X case renvoient aux conditions détaillées à l’article UB 2. Les activités, constructions et installations de nature à entraîner des nuisances incompatibles avec le voisinage (nuisances sonores, olfactives, polluantes…) ou une atteinte à la salubrité et à la sécurité publique. salubrité et à la sécurité publique. 1.4 Les nouvelles occupations et utilisations du sol suivantes : - les parcs d'attraction ouverts au public, - le stationnement de caravanes isolées, - les terrains de camping et de caravanage (hors UBb), - les garages collectifs de caravanes, - les terrains d'ac…",forte,"Le règlement de la zone UB interdit les activités, constructions et installations de nature à entraîner des nuisances sonores (entre autres) incompatibles avec le voisinage, ainsi que leur agrandissement s'il augmente ces nuisances. Il s'agit d'une règle autonome liée au bruit, propre à la zone UB, sans lien avec le classement sonore des voies ou le PEB.",prescription,opposable en conformité,autre,validé,False,,2026-08-26
d699ee12b61bc58eb849e550fac799eb,1_67523_padd_20191205.pdf,PADD,https://www.geoportail-urbanisme.gouv.fr/api/document/d699ee12b61bc58eb849e550fac799eb/files/67523_padd_20191205.pdf,page,page 14,Espace d'activité (partie est du site),zone_specifique,résidentiel du voisinage. La partie est du site est dédiée en particulier au développement des activités artisanales locales faiblement génératrices de flux de déplacement et sans conséquence olfactive ou acoustique sur les quartiers d’habitation voisins. 14 Projet d’Aménagement et de Développement Durables Centralité complémentaire d’avenir Coeur de village VVeerrss GGrriieess Espace d’activité,"…n du site à la sortie est du village en direction de Coeur Gries. de village La partie ouest du site jouxtant le secteur VVeerrss GGrriieess résidentiel du village est réservée aux implantations mixtes pouvant comprendre un logement et Espace d’activité d’une compatibilité maximale avec le caractère résidentiel du voisinage. La partie est du site est dédiée en particulier au développement des activités artisanales locales faiblement génératrices de flux de déplacement et sans conséquence olfactive ou acoustique sur les quartiers d’habitation voisins. 14 Projet d’Aménagement et de Développement Durables Centralité complémentaire d’avenir Coeur de village VVeerrss GGrriieess Espace d’activité • Conforter l’offre de commerces et de services • Sécuriser la vitalité de l’agriculture de coeur de village La vitalité de l’agriculture est une chose fondamentale tant d’un point Bourg de près de 3000 habitants, Weitbruch dispose d’un potentiel de de vue économique que de la sécurité alimentaire m…",forte,"Le PADD recommande que la zone d'activité artisanale à l'est du site soit développée sans conséquence acoustique sur les quartiers d'habitation voisins, ce qui constitue une orientation d'aménagement liée au bruit affectant l'implantation et l'organisation des activités par rapport aux zones résidentielles - relève du périmètre diagBruit (aménagement urbain). La portée est limitée à la zone d'activité spécifique identifiée dans le document, pas à l'ensemble du territoire.",recommandation,non opposable,autre,validé,False,,2026-08-26
d699ee12b61bc58eb849e550fac799eb,2_67523_padd_20191205.pdf,PADD,https://www.geoportail-urbanisme.gouv.fr/api/document/d699ee12b61bc58eb849e550fac799eb/files/67523_padd_20191205.pdf,page,page 16,,administrative,"le paysage, le cadre de vie, le calme et la serennité des lieux constituent des objectifs et des leviers majeurs du devenir communal","…ctifs paysagers, zoom sur la partie centrale du village (voir légende page ci-contre) • Le paysage, support d’attractivité et du bien-être chez soi (son village) Le paysage et le patrimoine représentent à la fois des valeurs sociétales majeures et des leviers importants de vitalité et d’attractivité le paysage, le cadre de vie, le calme et la serennité des lieux constituent des objectifs et des leviers majeurs du devenir communal Eglise préserver le patrimoine architectural et la forme Mairie urbaine constituée en particulier par le coeur historique de Weitbruch. 16 Projet d’Aménagement et de Développement Durables",moyenne,"Le passage évoque le calme et la sérénité des lieux comme un objectif majeur du PADD pour l'ensemble du territoire communal, ce qui relève de la préservation d'une ambiance sonore calme, mais l'expression est vague et non localisée précisément, sans zone réglementaire identifiée.",recommandation,non opposable,preservation_zone_calme,validé,False,,2026-08-26
d699ee12b61bc58eb849e550fac799eb,1_67523_reglement_20191205.pdf,règlement écrit,https://www.geoportail-urbanisme.gouv.fr/api/document/d699ee12b61bc58eb849e550fac799eb/files/67523_reglement_20191205.pdf,page,page 17,Uh - Ur,zone_specifique,Us (notamment sonores et olfactives) publics.,"…e d t ’ s in e f r r v a i s c t e ru s c ture d to ’u ta n le e c e u m m p u ri l s é e e a d u e s 4 o 0 l 0 s 0 u p m p è lé tr m es e ntaire • e D s a t n a s u l t e o r c i a sé s e d . e l’existence d’une construction en limite, l’adossement à la façade de la dite construction est autorisé, Us (notamment sonores et olfactives) publics. Up Cependant : •aux équipements d'intérêt ‣ Dans le cas d’une implantation en limite de rue de l’une ou des deux constructions mitoyennes, un mur d’une hauteur collectif et services publics. comprise entre 2,5 mètre et 3,5 mètres (hauteur maximale portée à 4,5 mètres pour la réalisation de porches)…",faible,"Le passage mentionne des nuisances sonores et olfactives comme critère d'interdiction ou d'encadrement de certaines constructions/aménagements dans les secteurs Uh-Ur, mais le texte est très fragmenté et coupé, rendant la règle précise difficile à reconstituer clairement.",prescription,opposable en conformité,autre,validé,False,,2026-08-26
d699ee12b61bc58eb849e550fac799eb,2_67523_reglement_20191205.pdf,règlement écrit,https://www.geoportail-urbanisme.gouv.fr/api/document/d699ee12b61bc58eb849e550fac799eb/files/67523_reglement_20191205.pdf,page,page 19,,administrative,"• soit une concession à long terme dans un parc public de stationnement existant ou EMERGENCES • Les éléments techniques extérieurs liés au bâtiment (centrales de traitement d’air, unités Toutes destinations en cours de réalisation et situé à moins de 200 mètres de l'opération ; ACOUSTIQUES extérieures de pompes à chaleur, unités de climatisation, pompe de traitements des eaux de • soit de l'acquisition des places dans un parc privé de stationnement répondant aux piscine, etc) devront être trait…","…re le phénomène d’îlots de chaleur, l’emploi de revêtements de sols mètres de l’opération. • Le constructeur peut également être tenu quitte de ses obligations en matière de pour les espaces extérieurs devra privilégier les tons clairs caractérisés par un albédo* élevé. stationnement en justifiant : • soit une concession à long terme dans un parc public de stationnement existant ou EMERGENCES • Les éléments techniques extérieurs liés au bâtiment (centrales de traitement d’air, unités Toutes destinations en cours de réalisation et situé à moins de 200 mètres de l'opération ; ACOUSTIQUES extérieures de pompes à chaleur, unités de climatisation, pompe de traitements des eaux de • soit de l'acquisition des places dans un parc privé de stationnement répondant aux piscine, etc) devront être trait… mêmes conditions existant ou en cours de réalisation et situé à moins de 200 mètres de l’opération. 19 WEITBRUCH 2 2",totale,"Le passage impose que les éléments techniques extérieurs liés aux bâtiments (climatisation, pompes à chaleur, etc.) soient traités pour limiter les émergences acoustiques. Cette règle concerne directement les bâtiments et leur impact sonore, ce qui relève bien du périmètre diagBruit. Aucune limite géographique spécifique n'est mentionnée, donc portée administrative par défaut.",prescription,opposable en conformité,autre,validé,False,,2026-08-26
d699ee12b61bc58eb849e550fac799eb,3_67523_reglement_20191205.pdf,règlement écrit,https://www.geoportail-urbanisme.gouv.fr/api/document/d699ee12b61bc58eb849e550fac799eb/files/67523_reglement_20191205.pdf,page,page 20,,administrative,"stationnement en justifiant : • soit une concession à long terme dans un parc public de stationnement existant ou EMERGENCES • Les éléments techniques extérieurs liés au bâtiment (centrales de traitement d’air, unités Toutes destinations en cours de réalisation et situé à moins de 200 mètres de l'opération ; ACOUSTIQUES extérieures de pompes à chaleur, unités de climatisation, pompe de traitements des eaux de","…ironnant. CLIMATIQUE • Dans le cadre de la lutte contre le phénomène d’îlots de chaleur, l’emploi de revêtements de sols • Le constructeur peut également être tenu quitte de ses obligations en matière de pour les espaces extérieurs devra privilégier les tons clairs caractérisés par un albédo* élevé. stationnement en justifiant : • soit une concession à long terme dans un parc public de stationnement existant ou EMERGENCES • Les éléments techniques extérieurs liés au bâtiment (centrales de traitement d’air, unités Toutes destinations en cours de réalisation et situé à moins de 200 mètres de l'opération ; ACOUSTIQUES extérieures de pompes à chaleur, unités de climatisation, pompe de traitements des eaux de • soit de l'acquisition des places dans un parc privé de stationnement répondant aux piscine, etc) devront être traités de manière à limiter l’émergence acoustique. mêmes conditions existant ou en cours de réalisation et situé à moins de 200 mètres de l’opération. 20 Plan local d’Urbanisme - règleme…",totale,"Le passage impose que les éléments techniques extérieurs liés aux bâtiments (climatisation, pompes à chaleur, traitement d'air, etc.) soient traités pour limiter les émergences sonores. Cette règle concerne directement les bâtiments et relève donc du périmètre diagBruit, sans lien avec le classement sonore ou le PEB. Aucune limite spatiale spécifique n'est mentionnée, la règle s'applique donc à l'ensemble du zonage.",prescription,opposable en conformité,autre,validé,False,,2026-08-26
d699ee12b61bc58eb849e550fac799eb,4_67523_reglement_20191205.pdf,règlement écrit,https://www.geoportail-urbanisme.gouv.fr/api/document/d699ee12b61bc58eb849e550fac799eb/files/67523_reglement_20191205.pdf,page,page 20,,administrative,"• soit de l'acquisition des places dans un parc privé de stationnement répondant aux piscine, etc) devront être traités de manière à limiter l’émergence acoustique. mêmes conditions existant ou en cours de réalisation et situé à moins de 200 mètres de l’opération. 20 Plan local d’Urbanisme - règlement 2","…u EMERGENCES • Les éléments techniques extérieurs liés au bâtiment (centrales de traitement d’air, unités Toutes destinations en cours de réalisation et situé à moins de 200 mètres de l'opération ; ACOUSTIQUES extérieures de pompes à chaleur, unités de climatisation, pompe de traitements des eaux de • soit de l'acquisition des places dans un parc privé de stationnement répondant aux piscine, etc) devront être traités de manière à limiter l’émergence acoustique. mêmes conditions existant ou en cours de réalisation et situé à moins de 200 mètres de l’opération. 20 Plan local d’Urbanisme - règlement 2 article u5 architecture et paysage ESPRIT DE LA RÈGLE : PRéSERvER ET vALoRISER LA DImEnSIon PATRImonIALE Du vILLAGE L'architecture et le paysage urbain de Weitbruch sont au coeur de l'identité du village. L'objectif de la règle est de maintenir les équilibres existants en exigeant notamment une pris…",totale,"Le passage prescrit que les éléments techniques extérieurs liés au bâtiment (centrales de traitement d'air, PAC, climatiseurs, pompes de traitement d'eaux de piscine) soient traités pour limiter l'émergence acoustique. Il s'agit d'une règle autonome concernant les équipements de bâtiments, dans le périmètre de diagBruit, sans mention de zone réglementaire spécifique, donc portée administrative par défaut.",prescription,opposable en conformité,autre,validé,False,,2026-08-26
d699ee12b61bc58eb849e550fac799eb,5_67523_reglement_20191205.pdf,règlement écrit,https://www.geoportail-urbanisme.gouv.fr/api/document/d699ee12b61bc58eb849e550fac799eb/files/67523_reglement_20191205.pdf,page,page 21,,administrative,"stationnement en justifiant : • soit une concession à long terme dans un parc public de stationnement existant ou EMERGENCES • Les éléments techniques extérieurs liés au bâtiment (centrales de traitement d’air, unités Toutes destinations en cours de réalisation et situé à moins de 200 mètres de l'opération ; ACOUSTIQUES extérieures de pompes à chaleur, unités de climatisation, pompe de traitements des eaux de","…ironnant. CLIMATIQUE • Dans le cadre de la lutte contre le phénomène d’îlots de chaleur, l’emploi de revêtements de sols • Le constructeur peut également être tenu quitte de ses obligations en matière de pour les espaces extérieurs devra privilégier les tons clairs caractérisés par un albédo* élevé. stationnement en justifiant : • soit une concession à long terme dans un parc public de stationnement existant ou EMERGENCES • Les éléments techniques extérieurs liés au bâtiment (centrales de traitement d’air, unités Toutes destinations en cours de réalisation et situé à moins de 200 mètres de l'opération ; ACOUSTIQUES extérieures de pompes à chaleur, unités de climatisation, pompe de traitements des eaux de • soit de l'acquisition des places dans un parc privé de stationnement répondant aux piscine, etc) devront être traités de manière à limiter l’émergence acoustique. mêmes conditions existant ou en cours de réalisation et situé à moins de 200 mètres de l’opération. 21 WEITBRUCH 2",totale,"Le passage impose que les équipements techniques extérieurs liés au bâtiment (climatisation, pompes à chaleur, traitement d'air, etc.) soient traités de manière à limiter les émergences acoustiques. C'est une règle autonome concernant les bâtiments, applicable de façon générale sans zone spécifique identifiée.",prescription,opposable en conformité,autre,validé,False,,2026-08-26
d699ee12b61bc58eb849e550fac799eb,6_67523_reglement_20191205.pdf,règlement écrit,https://www.geoportail-urbanisme.gouv.fr/api/document/d699ee12b61bc58eb849e550fac799eb/files/67523_reglement_20191205.pdf,page,page 21,,administrative,"• soit de l'acquisition des places dans un parc privé de stationnement répondant aux piscine, etc) devront être traités de manière à limiter l’émergence acoustique. mêmes conditions existant ou en cours de réalisation et situé à moins de 200 mètres de l’opération. 21 WEITBRUCH 2","…u EMERGENCES • Les éléments techniques extérieurs liés au bâtiment (centrales de traitement d’air, unités Toutes destinations en cours de réalisation et situé à moins de 200 mètres de l'opération ; ACOUSTIQUES extérieures de pompes à chaleur, unités de climatisation, pompe de traitements des eaux de • soit de l'acquisition des places dans un parc privé de stationnement répondant aux piscine, etc) devront être traités de manière à limiter l’émergence acoustique. mêmes conditions existant ou en cours de réalisation et situé à moins de 200 mètres de l’opération. 21 WEITBRUCH 2 PPRRAAGGMMAA traiteMent environneMental et",totale,"Le passage impose que les éléments techniques extérieurs liés au bâtiment (climatisation, pompes à chaleur, traitement d'air, etc.) soient traités pour limiter l'émergence acoustique. C'est une règle autonome liée au bruit concernant les bâtiments, dans le périmètre de diagBruit, et non un renvoi au classement sonore ou au PEB.",prescription,opposable en conformité,autre,validé,False,,2026-08-26
d699ee12b61bc58eb849e550fac799eb,7_67523_reglement_20191205.pdf,règlement écrit,https://www.geoportail-urbanisme.gouv.fr/api/document/d699ee12b61bc58eb849e550fac799eb/files/67523_reglement_20191205.pdf,alinea,Article au1,1AUe,zone_specifique,"en résulte une augmentation définie dans les OAP, la création, à 50% de cette dernière et d’une significative des nuisances l’extension de constructions et les surface habitable inférieure à 150 m2. • En dérogation des alinéas présentés ci-dessus, des SECTEUR (notamment sonores et olfactives) aménagements destinés : constructions peuvent être édifiées à moins de 3 mètres 1AUe pour le voisinage, ainsi que des •Au commerce et activités de • Dans la partie Est du site, tel que des limites séparativ…","…nsformation d’établissements de s'effectue l'accueil d’une clientèle) ; ce dernier soit attenante au bâtiment toute nature - qu’ils comportent ou principal de l’entreprise, ceci dans la non des installations classées - s’il • Dans la partie Est du site, tel que limite d’une emprise au sol inférieure en résulte une augmentation définie dans les OAP, la création, à 50% de cette dernière et d’une significative des nuisances l’extension de constructions et les surface habitable inférieure à 150 m2. • En dérogation des alinéas présentés ci-dessus, des SECTEUR (notamment sonores et olfactives) aménagements destinés : constructions peuvent être édifiées à moins de 3 mètres 1AUe pour le voisinage, ainsi que des •Au commerce et activités de • Dans la partie Est du site, tel que des limites séparativ… risques accrus pour la salubrité et la service (Artisanat, commerce de définie dans les OAP, l’habitat dans la présentées ci-contre. sécurité publique. d gr é o ta s, il , a r c e t s iv t i a té u s ra d ti e o n s , e c rv o ic m e m s e o r ù c e de l s im ou it s e r d é ’ s u e n r v lo e g q e…",moyenne,"Le passage traite de la limitation des extensions et créations d'activités (commerce, artisanat) dans le secteur 1AUe en raison d'une augmentation significative des nuisances sonores et olfactives pour le voisinage, ce qui constitue une règle d'urbanisme visant à limiter les nuisances sonores liées à des activités proches des bâtiments. Le texte est cependant fragmenté et difficile à reconstituer précisément en raison du découpage automatique du PDF.",prescription,opposable en conformité,lutte_bruit_existant,validé,False,,2026-08-26
d699ee12b61bc58eb849e550fac799eb,8_67523_reglement_20191205.pdf,règlement écrit,https://www.geoportail-urbanisme.gouv.fr/api/document/d699ee12b61bc58eb849e550fac799eb/files/67523_reglement_20191205.pdf,alinea,Article au2,1AUe,zone_specifique,"en résulte une augmentation définie dans les OAP, la création, à 50% de cette dernière et d’une significative des nuisances l’extension de constructions et les surface habitable inférieure à 150 m2. • En dérogation des alinéas présentés ci-dessus, des SECTEUR (notamment sonores et olfactives) aménagements destinés : constructions peuvent être édifiées à moins de 3 mètres 1AUe pour le voisinage, ainsi que des •Au commerce et activités de • Dans la partie Est du site, tel que des limites séparativ…","…nsformation d’établissements de s'effectue l'accueil d’une clientèle) ; ce dernier soit attenante au bâtiment toute nature - qu’ils comportent ou principal de l’entreprise, ceci dans la non des installations classées - s’il • Dans la partie Est du site, tel que limite d’une emprise au sol inférieure en résulte une augmentation définie dans les OAP, la création, à 50% de cette dernière et d’une significative des nuisances l’extension de constructions et les surface habitable inférieure à 150 m2. • En dérogation des alinéas présentés ci-dessus, des SECTEUR (notamment sonores et olfactives) aménagements destinés : constructions peuvent être édifiées à moins de 3 mètres 1AUe pour le voisinage, ainsi que des •Au commerce et activités de • Dans la partie Est du site, tel que des limites séparativ… risques accrus pour la salubrité et la service (Artisanat, commerce de définie dans les OAP, l’habitat dans la présentées ci-contre. sécurité publique. d gr é o ta s, il , a r c e t s iv t i a té u s ra d ti e o n s , e c rv o ic m e m s e o r ù c e de l s im ou it s e r d é ’ s u e n r v lo e g q e…",moyenne,"Le passage évoque un encadrement des constructions et aménagements destinés au commerce et activités de service dans le secteur 1AUe, en lien avec une augmentation des nuisances sonores et olfactives pour le voisinage. C'est une règle d'urbanisme (limitation de l'implantation de certaines activités générant du bruit) autonome et distincte du classement sonore des voies ou du PEB. Toutefois le texte est fortement corrompu (mots mélangés, coupures) rendant la citation difficile à isoler proprement.",prescription,opposable en conformité,lutte_bruit_existant,validé,False,,2026-08-26
d699ee12b61bc58eb849e550fac799eb,9_67523_reglement_20191205.pdf,règlement écrit,https://www.geoportail-urbanisme.gouv.fr/api/document/d699ee12b61bc58eb849e550fac799eb/files/67523_reglement_20191205.pdf,alinea,Article au2,1AUe,zone_specifique,"en résulte une augmentation définie dans les OAP, la création, à 50% de cette dernière et d’une significative des nuisances l’extension de constructions et les surface habitable inférieure à 150 m2. • En dérogation des alinéas présentés ci-dessus, des SECTEUR (notamment sonores et olfactives) aménagements destinés : constructions peuvent être édifiées à moins de 3 mètres 1AUe pour le voisinage, ainsi que des •Au commerce et activités de • Dans la partie Est du site, tel que des limites séparativ…","…nsformation d’établissements de s'effectue l'accueil d’une clientèle) ; ce dernier soit attenante au bâtiment toute nature - qu’ils comportent ou principal de l’entreprise, ceci dans la non des installations classées - s’il • Dans la partie Est du site, tel que limite d’une emprise au sol inférieure en résulte une augmentation définie dans les OAP, la création, à 50% de cette dernière et d’une significative des nuisances l’extension de constructions et les surface habitable inférieure à 150 m2. • En dérogation des alinéas présentés ci-dessus, des SECTEUR (notamment sonores et olfactives) aménagements destinés : constructions peuvent être édifiées à moins de 3 mètres 1AUe pour le voisinage, ainsi que des •Au commerce et activités de • Dans la partie Est du site, tel que des limites séparativ… risques accrus pour la salubrité et la service (Artisanat, commerce de définie dans les OAP, l’habitat dans la présentées ci-contre. sécurité publique. d gr é o ta s, il , a r c e t s iv t i a té u s ra d ti e o n s , e c rv o ic m e m s e o r ù c e de l s im ou it s e r d é ’ s u e n r v lo e g q e…",moyenne,"Le passage évoque une limitation des constructions/activités générant des nuisances sonores et olfactives pour le voisinage dans le secteur 1AUe, en lien avec l'accueil d'activités commerciales et artisanales. C'est une règle autonome d'urbanisme visant à limiter les nuisances sonores pour le voisinage, distincte du classement sonore des infrastructures de transport. Le texte est toutefois fragmenté et difficile à reconstituer précisément (mélange d'alinéas et de dérogations), d'où une confiance limitée.",prescription,opposable en conformité,lutte_bruit_existant,validé,False,,2026-08-26
d699ee12b61bc58eb849e550fac799eb,10_67523_reglement_20191205.pdf,règlement écrit,https://www.geoportail-urbanisme.gouv.fr/api/document/d699ee12b61bc58eb849e550fac799eb/files/67523_reglement_20191205.pdf,alinea,Article au3,,administrative,"CLIMATIQUE • Dans le cadre de la lutte contre le phénomène d’îlots de chaleur, l’emploi de revêtements de sols pour les espaces extérieurs devra privilégier les tons clairs caractérisés par un albédo* élevé. EMERGENCES • Les éléments techniques extérieurs liés au bâtiment (centrales de traitement d’air, unités extérieures de pompes à chaleur, unités de climatisation, pompe de traitements des eaux ACOUSTIQUES","…elable dans les constructions, tels que panneaux solaires, éoliennes, toitures D’ÉNERGIE RT végétalisées, rehaussement de couverture pour isolation thermique, sont autorisés en saillies des toitures à condition que leur volumétrie s’insère harmonieusement dans le L’ADAPTATION cadre bâti environnant. CLIMATIQUE • Dans le cadre de la lutte contre le phénomène d’îlots de chaleur, l’emploi de revêtements de sols pour les espaces extérieurs devra privilégier les tons clairs caractérisés par un albédo* élevé. EMERGENCES • Les éléments techniques extérieurs liés au bâtiment (centrales de traitement d’air, unités extérieures de pompes à chaleur, unités de climatisation, pompe de traitements des eaux ACOUSTIQUES de piscine, etc) devront être traités de manière à limiter l’émergence acoustique. 5",totale,"Le passage impose que les équipements techniques extérieurs liés aux bâtiments (climatisation, pompes à chaleur, traitement d'air, etc.) soient traités pour limiter l'émergence acoustique. Il s'agit d'une règle autonome liée au bruit, applicable aux constructions, et non d'un simple renvoi au classement sonore ou au PEB. Aucune limite spatiale spécifique n'étant mentionnée, la portée est considérée comme administrative.",prescription,opposable en conformité,autre,validé,False,,2026-08-26
d699ee12b61bc58eb849e550fac799eb,11_67523_reglement_20191205.pdf,règlement écrit,https://www.geoportail-urbanisme.gouv.fr/api/document/d699ee12b61bc58eb849e550fac799eb/files/67523_reglement_20191205.pdf,alinea,Article au3,,administrative,"de piscine, etc) devront être traités de manière à limiter l’émergence acoustique. 5","…pour les espaces extérieurs devra privilégier les tons clairs caractérisés par un albédo* élevé. EMERGENCES • Les éléments techniques extérieurs liés au bâtiment (centrales de traitement d’air, unités extérieures de pompes à chaleur, unités de climatisation, pompe de traitements des eaux ACOUSTIQUES de piscine, etc) devront être traités de manière à limiter l’émergence acoustique. 5 article au4 stationneMent ESPRIT DE LA RÈGLE : évITER L'omnIPRéSEnCE DE LA voITuRE DAnS LES RuES L'objectif d'aménagement est de privilégier une ambiance de rue (voir OAP), certes fonctionnelle pour les voitures, mais sans marquer leurs omniprésences dans l'espace. De ce fait, il importe de garantir…",forte,"La règle prescrit que les équipements techniques extérieurs liés au bâtiment (climatisation, pompes à chaleur, etc.) soient traités pour limiter l'émergence acoustique. C'est une règle autonome relative aux bâtiments, dans le périmètre de diagBruit, sans lien avec le classement sonore ou le PEB. Aucune limite spatiale spécifique n'étant précisée, elle s'applique à l'ensemble du document.",recommandation,opposable en conformité,autre,validé,False,,2026-08-26
d699ee12b61bc58eb849e550fac799eb,12_67523_reglement_20191205.pdf,règlement écrit,https://www.geoportail-urbanisme.gouv.fr/api/document/d699ee12b61bc58eb849e550fac799eb/files/67523_reglement_20191205.pdf,alinea,Article au4,,administrative,"CLIMATIQUE • Dans le cadre de la lutte contre le phénomène d’îlots de chaleur, l’emploi de revêtements de sols pour les espaces extérieurs devra privilégier les tons clairs caractérisés par un albédo* élevé. EMERGENCES • Les éléments techniques extérieurs liés au bâtiment (centrales de traitement d’air, unités extérieures de pompes à chaleur, unités de climatisation, pompe de traitements des eaux ACOUSTIQUES","…elable dans les constructions, tels que panneaux solaires, éoliennes, toitures D’ÉNERGIE RT végétalisées, rehaussement de couverture pour isolation thermique, sont autorisés en saillies des toitures à condition que leur volumétrie s’insère harmonieusement dans le L’ADAPTATION cadre bâti environnant. CLIMATIQUE • Dans le cadre de la lutte contre le phénomène d’îlots de chaleur, l’emploi de revêtements de sols pour les espaces extérieurs devra privilégier les tons clairs caractérisés par un albédo* élevé. EMERGENCES • Les éléments techniques extérieurs liés au bâtiment (centrales de traitement d’air, unités extérieures de pompes à chaleur, unités de climatisation, pompe de traitements des eaux ACOUSTIQUES de piscine, etc) devront être traités de manière à limiter l’émergence acoustique. 5",totale,"Le passage prescrit que les équipements techniques extérieurs liés au bâtiment (climatiseurs, pompes à chaleur, etc.) doivent être traités pour limiter l'émergence acoustique, ce qui est une règle autonome relative aux bâtiments, dans le périmètre de diagBruit. Aucune zone spécifique n'étant mentionnée, la règle s'applique à l'ensemble du document.",prescription,opposable en conformité,autre,validé,False,,2026-08-26
d699ee12b61bc58eb849e550fac799eb,13_67523_reglement_20191205.pdf,règlement écrit,https://www.geoportail-urbanisme.gouv.fr/api/document/d699ee12b61bc58eb849e550fac799eb/files/67523_reglement_20191205.pdf,alinea,Article au4,,administrative,"de piscine, etc) devront être traités de manière à limiter l’émergence acoustique. 5","…pour les espaces extérieurs devra privilégier les tons clairs caractérisés par un albédo* élevé. EMERGENCES • Les éléments techniques extérieurs liés au bâtiment (centrales de traitement d’air, unités extérieures de pompes à chaleur, unités de climatisation, pompe de traitements des eaux ACOUSTIQUES de piscine, etc) devront être traités de manière à limiter l’émergence acoustique. 5 PPRRAAGGMMAA",forte,"Le passage impose que les équipements techniques extérieurs liés au bâtiment (climatisation, PAC, traitement d'air/eaux de piscine) soient traités pour limiter l'émergence acoustique. Cette règle concerne directement les bâtiments et leurs équipements, donc relève pleinement du périmètre diagBruit, avec une portée qui semble s'appliquer à l'ensemble du zonage (aucune limite spatiale précisée).",prescription,opposable en conformité,lutte_bruit_existant,validé,False,,2026-08-26
d699ee12b61bc58eb849e550fac799eb,14_67523_reglement_20191205.pdf,règlement écrit,https://www.geoportail-urbanisme.gouv.fr/api/document/d699ee12b61bc58eb849e550fac799eb/files/67523_reglement_20191205.pdf,alinea,Article au5,,administrative,"ACOUSTIQUES de piscine, etc) devront être traités de manière à limiter l’émergence acoustique. 5","…nts de sols pour les espaces extérieurs devra privilégier les tons clairs caractérisés par un albédo* élevé. EMERGENCES • Les éléments techniques extérieurs liés au bâtiment (centrales de traitement d’air, unités extérieures de pompes à chaleur, unités de climatisation, pompe de traitements des eaux ACOUSTIQUES de piscine, etc) devront être traités de manière à limiter l’émergence acoustique. 5 ARCHITECTURE ET PAYSAGE AU3 TOITURES HAUTEURS AU4 DESTINATION STATIONNEMENT AU5 INTÉGRATION ARCHITECTURALE ET PAYSAGÈRE DES PROJETS Les toitures doivent comprendre : Véhicules motorisés : • Les constructions, par leur situation, leur architecture, leur dimension ou leur aspect CONCEPTION • Deux à tr…",totale,"Le passage impose que les équipements techniques extérieurs liés aux bâtiments (climatisation, pompes à chaleur, etc.) soient traités pour limiter les émergences acoustiques. C'est une règle autonome relative aux constructions, dans le périmètre diagBruit, sans lien avec le classement sonore ou le PEB. Aucune limite spatiale spécifique n'est mentionnée, donc portée administrative par défaut.",prescription,opposable en conformité,autre,validé,False,,2026-08-26
d699ee12b61bc58eb849e550fac799eb,15_67523_reglement_20191205.pdf,règlement écrit,https://www.geoportail-urbanisme.gouv.fr/api/document/d699ee12b61bc58eb849e550fac799eb/files/67523_reglement_20191205.pdf,alinea,Article au5,,administrative,"CLIMATIQUE • Dans le cadre de la lutte contre le phénomène d’îlots de chaleur, l’emploi de revêtements de sols pour les espaces extérieurs devra privilégier les tons clairs caractérisés par un albédo* élevé. EMERGENCES • Les éléments techniques extérieurs liés au bâtiment (centrales de traitement d’air, unités extérieures de pompes à chaleur, unités de climatisation, pompe de traitements des eaux ACOUSTIQUES","…elable dans les constructions, tels que panneaux solaires, éoliennes, toitures D’ÉNERGIE RT végétalisées, rehaussement de couverture pour isolation thermique, sont autorisés en saillies des toitures à condition que leur volumétrie s’insère harmonieusement dans le L’ADAPTATION cadre bâti environnant. CLIMATIQUE • Dans le cadre de la lutte contre le phénomène d’îlots de chaleur, l’emploi de revêtements de sols pour les espaces extérieurs devra privilégier les tons clairs caractérisés par un albédo* élevé. EMERGENCES • Les éléments techniques extérieurs liés au bâtiment (centrales de traitement d’air, unités extérieures de pompes à chaleur, unités de climatisation, pompe de traitements des eaux ACOUSTIQUES de piscine, etc) devront être traités de manière à limiter l’émergence acoustique. 31 WEITBRUCH 5",totale,"Le passage impose que les éléments techniques extérieurs liés au bâtiment (climatisation, pompes à chaleur, etc.) soient traités pour limiter l'émergence acoustique, ce qui est une règle autonome liée au bruit des équipements de bâtiment, dans le périmètre diagBruit. Aucune zone spécifique n'est mentionnée, la règle semble s'appliquer à toutes les constructions du document.",prescription,opposable en conformité,autre,validé,False,,2026-08-26
d699ee12b61bc58eb849e550fac799eb,16_67523_reglement_20191205.pdf,règlement écrit,https://www.geoportail-urbanisme.gouv.fr/api/document/d699ee12b61bc58eb849e550fac799eb/files/67523_reglement_20191205.pdf,alinea,Article au5,,administrative,"de piscine, etc) devront être traités de manière à limiter l’émergence acoustique. 31 WEITBRUCH 5","…pour les espaces extérieurs devra privilégier les tons clairs caractérisés par un albédo* élevé. EMERGENCES • Les éléments techniques extérieurs liés au bâtiment (centrales de traitement d’air, unités extérieures de pompes à chaleur, unités de climatisation, pompe de traitements des eaux ACOUSTIQUES de piscine, etc) devront être traités de manière à limiter l’émergence acoustique. 31 WEITBRUCH 5 PPRRAAGGMMAA traiteMent environneMental et",forte,"Le passage prescrit que les éléments techniques extérieurs liés aux bâtiments (climatisation, pompes à chaleur, etc.) doivent être traités pour limiter l'émergence acoustique. Cette règle concerne directement les bâtiments et relève du périmètre diagBruit. Aucune limite spatiale spécifique n'étant mentionnée, elle s'applique à l'ensemble du zonage du document.",prescription,opposable en conformité,lutte_bruit_existant,validé,False,,2026-08-26
d699ee12b61bc58eb849e550fac799eb,17_67523_reglement_20191205.pdf,règlement écrit,https://www.geoportail-urbanisme.gouv.fr/api/document/d699ee12b61bc58eb849e550fac799eb/files/67523_reglement_20191205.pdf,alinea,Article au6,,administrative,"hiver et protégées du rayonnement solaire direct en été -, compactes, très isolées, ET L’ADAPTATION mettant en oeuvre des systèmes énergétiques efficaces et utilisant les énergies CLIMATIQUE renouvelables. EMERGENCES • Les éléments techniques extérieurs liés au bâtiment (centrales de traitement d’air, unités extérieures de pompes à chaleur, unités de climatisation…) devront être traités ACOUSTIQUES de manière à limiter l’émergence acoustique.","…des haies et alignements d’arbres dans la structure paysagère des espaces. 35 DISPOSITIFS FAVORISANT • La conception bioclimatique est recommandée pour la construction des bâtiments WEITBRUCH LES ÉCONOMES D’ÉNERGIE neufs : des constructions bien orientées - bénéficiant d’apports solaires gratuits en hiver et protégées du rayonnement solaire direct en été -, compactes, très isolées, ET L’ADAPTATION mettant en oeuvre des systèmes énergétiques efficaces et utilisant les énergies CLIMATIQUE renouvelables. EMERGENCES • Les éléments techniques extérieurs liés au bâtiment (centrales de traitement d’air, unités extérieures de pompes à chaleur, unités de climatisation…) devront être traités ACOUSTIQUES de manière à limiter l’émergence acoustique. 7 7 8",totale,"Le passage impose que les éléments techniques extérieurs liés aux bâtiments (centrales de traitement d'air, pompes à chaleur, climatisation) soient traités pour limiter l'émergence acoustique. Il s'agit d'une règle autonome concernant les bâtiments, non liée au classement sonore ou au PEB, applicable semble-t-il à l'ensemble de la commune sans zone précisée.",prescription,opposable en conformité,autre,validé,False,,2026-08-26
d699ee12b61bc58eb849e550fac799eb,18_67523_reglement_20191205.pdf,règlement écrit,https://www.geoportail-urbanisme.gouv.fr/api/document/d699ee12b61bc58eb849e550fac799eb/files/67523_reglement_20191205.pdf,alinea,Article au6,Ur Ac - Acr,zone_specifique,"deux pans. Cette disposition cependant ne s’applique pas projection verticale de ce point sur le terrain naturel. SECTEUR Ur Ac - Acr éléments d’accompagnement d’architecture, tels les SOUBASSEMENT ET • Le niveau supérieur de la dalle du rez-de-chaussée ne pourra être supérieur à 0,8 mètre EMERGENCES • Les éléments techniques extérieurs liés au bâtiment (centrales de traitement d’air, ➡ L’extension des cAoenstruchcietniso-asnsiss, leos uco yalaux ect lreé luacatrnieos.n d’annexes C t e e d c t h…","…n o t le p s r é p s r e iv n i t lé e g r i u e n ra c l a e r a b c o t i è s r e e t s l o e i u g r n s é a e b t o e rd n s tr , e a te in n s u i . que ceux des aires de CLIMATIQUE m ren et o t u a v n e t l e a n b l o e e s. uvre des systèmes énergétiques efficaces et utilisant les énergies deux pans. Cette disposition cependant ne s’applique pas projection verticale de ce point sur le terrain naturel. SECTEUR Ur Ac - Acr éléments d’accompagnement d’architecture, tels les SOUBASSEMENT ET • Le niveau supérieur de la dalle du rez-de-chaussée ne pourra être supérieur à 0,8 mètre EMERGENCES • Les éléments techniques extérieurs liés au bâtiment (centrales de traitement d’air, ➡ L’extension des cAoenstruchcietniso-asnsiss, leos uco yalaux ect lreé luacatrnieos.n d’annexes C t e e d c t h… respecter le CBS appli•cCaonbcelrena nst lues rv olluam eps aannrecxees ldl’eun em emapriisse anu seol son te t l s p qu a e s de s s a o nte u nn m es o is u d e e s s c heminées. CONSTRUCTIONS dessous illustre les présentes modalités : inférieure à 30m2, les toitures doivent comprendre un ou Les e…",faible,"Le passage, bien que très abîmé par l'extraction OCR, contient une prescription concernant les émergences acoustiques liées aux équipements techniques extérieurs (climatisation, traitement d'air) qui devront être traités pour respecter un seuil acoustique, dans le secteur Ur Ac/Acr. Cette règle concerne les équipements des bâtiments et non une infrastructure de transport, donc pas de motif de confiance faible pour cette raison ; en revanche le texte est fortement corrompu par le découpage OCR, ce qui limite la clarté de l'extrait.",prescription,opposable en conformité,autre,validé,False,,2026-08-26
d699ee12b61bc58eb849e550fac799eb,19_67523_reglement_20191205.pdf,règlement écrit,https://www.geoportail-urbanisme.gouv.fr/api/document/d699ee12b61bc58eb849e550fac799eb/files/67523_reglement_20191205.pdf,alinea,Article au6,,administrative,"ACOUSTIQUES de manière à limiter l’émergence acoustique. d’emprise au sol*. Cette possibilité n’est applicable qu’une seule fois à compter de la date d’approbation du présent PLU. SECTEUR Us 0,7 0,8 36 Plan local d’Urbanisme - règlement ➡ La réalisation d’équipements d’infrastructures ou d’ouvrage publics de types réseaux n’est pas soumis aux coefficient de surface pleine terre (PLT) et au coefficient de biotope par surface (CBS).","…pprobation du présent PLU. CLIMATIQUE renouvelables. EMERGENCES • Les éléments techniques extérieurs liés au bâtiment (centrales de traitement d’air, - en secteur Up pour une extension inférieure ou égale à 150 m² unités extérieures de pompes à chaleur, unités de climatisation…) devront être traités ACOUSTIQUES de manière à limiter l’émergence acoustique. d’emprise au sol*. Cette possibilité n’est applicable qu’une seule fois à compter de la date d’approbation du présent PLU. SECTEUR Us 0,7 0,8 36 Plan local d’Urbanisme - règlement ➡ La réalisation d’équipements d’infrastructures ou d’ouvrage publics de types réseaux n’est pas soumis aux coefficient de surface pleine terre (PLT) et au coefficient de biotope par surface (CBS). Calcul du Coefficient de Biotope par Surface (CBS) Surface éco-aménagée CBS = Surface de la parcelle Coefficient d’éco-aménagement par type de surface Espaces verts en pleine terre 1 Arbres de hautes-tiges 0,5 Toitures ou terrasses Surfaces semi-ouvertes 0,5 0,2 végétalisées Surfaces imperméabilisée…",totale,"Le passage impose une prescription visant à limiter l'émergence acoustique des équipements techniques extérieurs des bâtiments (climatisation, pompes à chaleur, centrales de traitement d'air), ce qui relève bien du périmètre diagBruit (bâtiments). Cette règle semble s'appliquer de façon générale, sans limitation à une zone précise identifiée dans le passage.",prescription,opposable en conformité,autre,validé,False,,2026-08-26
d699ee12b61bc58eb849e550fac799eb,20_67523_reglement_20191205.pdf,règlement écrit,https://www.geoportail-urbanisme.gouv.fr/api/document/d699ee12b61bc58eb849e550fac799eb/files/67523_reglement_20191205.pdf,alinea,Article au6,,administrative,"RT L’ADAPTATION mettant en oeuvre des systèmes énergétiques efficaces et utilisant les énergies CLIMATIQUE renouvelables. EMERGENCES • Les éléments techniques extérieurs liés au bâtiment (centrales de traitement d’air, unités extérieures de pompes à chaleur, unités de climatisation…) devront être traités ACOUSTIQUES de manière à limiter l’émergence acoustique. 10 10 11","…es. DISPOSITIFS FAVORISANT • La conception bioclimatique est recommandée pour la construction des bâtiments LES ÉCONOMES D’ÉNERGIE neufs : des constructions bien orientées - bénéficiant d’apports solaires gratuits en hiver et protégées du rayonnement solaire direct en été -, compactes, très isolées, RT L’ADAPTATION mettant en oeuvre des systèmes énergétiques efficaces et utilisant les énergies CLIMATIQUE renouvelables. EMERGENCES • Les éléments techniques extérieurs liés au bâtiment (centrales de traitement d’air, unités extérieures de pompes à chaleur, unités de climatisation…) devront être traités ACOUSTIQUES de manière à limiter l’émergence acoustique. 10 10 11 article n4 stationneMent ESPRIT DE LA RÈGLE : LImITER LES InCIDEnCES SuR LES ESPACES voISInS L'objectif est de garantir pour chaque projet une offre de stationnement proportionnée aux besoins induits afin d'éviter une mobilisation inopportune des espaces voisins. ARCHITECTURE ET PAYSAGE N3 TOITURES…",totale,"Le passage impose que les équipements techniques extérieurs des bâtiments (climatisation, pompes à chaleur, etc.) soient conçus pour limiter l'émergence acoustique. Il s'agit d'une prescription autonome liée au bruit émis par les bâtiments, applicable à l'ensemble du territoire couvert par le règlement, sans référence à un classement sonore ou PEB.",prescription,opposable en conformité,lutte_bruit_existant,validé,False,,2026-08-26
d699ee12b61bc58eb849e550fac799eb,21_67523_reglement_20191205.pdf,règlement écrit,https://www.geoportail-urbanisme.gouv.fr/api/document/d699ee12b61bc58eb849e550fac799eb/files/67523_reglement_20191205.pdf,alinea,Article au6,,administrative,"unités extérieures de pompes à chaleur, unités de climatisation…) devront être traités • Sont admises les clôtures précaires nécessaires à l’activité agro-pastorale. ACOUSTIQUES de manière à limiter l’émergence acoustique. AMÉNAGEMENTS • Seules sont admises également les clôtures rendues indispensables pour des motifs de DES CLÔTURES sécurité. Celle-ci doivent être constituées d’une haie / bosquets support de biodiversité","…pente, ce seuil CLIMATIQUE renouvelables. naturel préexistant. est ramené à 0,5 mètre côté amont, mais peut être dépassé côté aval. Le schéma ci- CONSTRUCTIONS dessous illustre les présentes modalités : EMERGENCES • Les éléments techniques extérieurs liés au bâtiment (centrales de traitement d’air, unités extérieures de pompes à chaleur, unités de climatisation…) devront être traités • Sont admises les clôtures précaires nécessaires à l’activité agro-pastorale. ACOUSTIQUES de manière à limiter l’émergence acoustique. AMÉNAGEMENTS • Seules sont admises également les clôtures rendues indispensables pour des motifs de DES CLÔTURES sécurité. Celle-ci doivent être constituées d’une haie / bosquets support de biodiversité pouvant, le cas échéant, être doublée d’un grillage posé coté intérieur de la haie / ET DES ABORDS bosquets. Dans ce cas, la haie / bosquets devra disposer d’une hauteur supérieure au Ensemble dit grillage. de la • Dans le cadre de l’implantation de bâtiments un projet d’intégration paysagère à part…",totale,"Le passage prescrit que les éléments techniques extérieurs liés au bâtiment (centrales de traitement d'air, pompes à chaleur, climatisation) soient traités pour limiter l'émergence acoustique. C'est une règle autonome concernant les équipements des bâtiments, dans le périmètre diagBruit, sans lien avec une infrastructure de transport ni avec le classement sonore/PEB.",prescription,opposable en conformité,lutte_bruit_existant,validé,False,,2026-08-26
d699ee12b61bc58eb849e550fac799eb,22_67523_reglement_20191205.pdf,règlement écrit,https://www.geoportail-urbanisme.gouv.fr/api/document/d699ee12b61bc58eb849e550fac799eb/files/67523_reglement_20191205.pdf,alinea,Article au6,,administrative,"unités extérieures de pompes à chaleur, unités de climatisation…) devront être traités ACOUSTIQUES de manière à limiter l’émergence acoustique. 41 WEITBRUCH 11 11","…ver et protégées du rayonnement solaire direct en été -, compactes, très isolées, RT L’ADAPTATION mettant en oeuvre des systèmes énergétiques efficaces et utilisant les énergies CLIMATIQUE renouvelables. EMERGENCES • Les éléments techniques extérieurs liés au bâtiment (centrales de traitement d’air, unités extérieures de pompes à chaleur, unités de climatisation…) devront être traités ACOUSTIQUES de manière à limiter l’émergence acoustique. 41 WEITBRUCH 11 11 PPRRAAGGMMAA traiteMent environneMental et",totale,"Le passage prescrit que les éléments techniques extérieurs liés au bâtiment (climatisation, pompes à chaleur, etc.) doivent être traités pour limiter l'émergence acoustique. C'est une règle de construction de bâtiment relevant du périmètre diagBruit, sans limite spatiale précisée donc portée administrative par défaut.",prescription,opposable en conformité,autre,validé,False,,2026-08-26
69e9499a5872dc5f501e806714dcbe0f,1_67529_reglement_20260302.pdf,règlement écrit,https://www.geoportail-urbanisme.gouv.fr/api/document/69e9499a5872dc5f501e806714dcbe0f/files/67529_reglement_20260302.pdf,alinea,Article 2,Zones matérialisées au plan des annexes (secteurs affectés par le bruit des axes de transports terrestres),zone_specifique,"Les constructions à usage d’hébergement et d’habitation doivent en outre répondre aux exigences d’isolement acoustique par rapport aux axes de transports terrestres bruyants, conformément à la réglementation en vigueur. Les zones concernées sont matérialisées au plan des annexes.","…sur le territoire communal : 1. Les articles d’ordre public du Code de l’urbanisme : • R 111-2 : salubrité et sécurité publique ; • R 111-4 : conservation et mise en valeur d’un site ou vestige archéologique ; 2. Les articles L. 131-4 à L131-7 du Code de l’Urbanisme, imposant la compatibilité ou la Les constructions à usage d’hébergement et d’habitation doivent en outre répondre aux exigences d’isolement acoustique par rapport aux axes de transports terrestres bruyants, conformément à la réglementation en vigueur. Les zones concernées sont matérialisées au plan des annexes. matérialisées au plan des annexes. 5. Les articles L. 153-54 et L 421-6 du Code de l’Urbanisme concernant les opérations déclarées d’utilité publique. 6. L’article L. 600-2 du Code de l’Urbanisme relatif aux règles applicables en cas d’annulation d’une décision de refus de permis de construire. II.…",forte,"Le passage impose une exigence d'isolement acoustique renforcée pour les constructions à usage d'hébergement et d'habitation situées à proximité des axes de transports terrestres bruyants, avec renvoi à un plan des annexes délimitant des zones spécifiques. Bien que la référence à la 'réglementation en vigueur' évoque le classement sonore déjà traité par ailleurs, le fait que le règlement d'urbanisme reprenne explicitement cette obligation comme prescription applicable aux constructions en fait une règle autonome liée à l'urbanisation à proximité des infrastructures (donc bien dans le périmètre diagBruit, pas une règle limitée à l'infrastructure elle-même).",prescription,opposable en conformité,lutte_bruit_existant,validé,False,,2026-08-26
a60b03871e0f1df81f60b7bf62c5134b,1_67547_reglement_20250121.pdf,règlement écrit,https://www.geoportail-urbanisme.gouv.fr/api/document/a60b03871e0f1df81f60b7bf62c5134b/files/67547_reglement_20250121.pdf,page,page 5,,administrative,terrestre classées par arrêté préfectoral du 19 Août 2013 dans lesquels des prescriptions d’isolement acoustique s’appliquent en vertu de la loi 92-14444 du 31 décembre 1992 relative à la lutte contre le bruit. (Cf. plans et note en annexe) 5 * se reporter au lexique pour la définition,"…ons applicables au titre des législations spécifiques concernant les Servitudes d’Utilité Publiques (SUP) affectant l’occupation ou l’utilisation du sol. (Cf. plans et liste des SUP en annexe) ▪ Il est rappelé l’existence de périmètres de nuisances de part et d’autre des infrastructures de transport terrestre classées par arrêté préfectoral du 19 Août 2013 dans lesquels des prescriptions d’isolement acoustique s’appliquent en vertu de la loi 92-14444 du 31 décembre 1992 relative à la lutte contre le bruit. (Cf. plans et note en annexe) 5 * se reporter au lexique pour la définition Commune de Wittisheim Plan local d’urbanisme : Règlement écrit CHAPITRE 3 - DIVISION DU TERRITOIRE EN ZONES Le territoire couvert par le présent Plan Local d’Urbanisme est divisé en zones urbaines (zones U), en zones à urbaniser (zones AU), en zones agricoles (zones A) et en zones naturelles et fore…",,"Le passage rappelle l'existence de périmètres de nuisances de part et d'autre des infrastructures de transport terrestre classées par arrêté préfectoral, dans lesquels des prescriptions d'isolement acoustique s'appliquent en vertu de la loi de 1992. Il s'agit ici d'un simple rappel du classement sonore des infrastructures de transport terrestres, déjà couvert par ailleurs par diagBruit selon les consignes - cela correspond au cas 'simple renvoi' (retenu=false devrait s'appliquer). Cependant, en relisant attentivement, le texte ne fait que rappeler l'application des prescriptions d'isolement acoustique standard du classement sonore, sans ajouter de règle propre au document d'urbanisme ni de règle différente ou renforcée. C'est donc un simple renvoi.",prescription,opposable en conformité,lutte_bruit_existant,validé,False,,2026-08-26
b6db06b412549843d8e3b6c51b772e51,1_67554_padd_20260427.pdf,PADD,https://www.geoportail-urbanisme.gouv.fr/api/document/b6db06b412549843d8e3b6c51b772e51/files/67554_padd_20260427.pdf,page,page 2,,administrative,la réduction des nuisances sonores,"…des capacités de construction et de réhabilitation suffisantes pour la satisfaction, sans discrimination, des besoins présents et futurs en matière d’habitat, d’activités économiques, notamment commerciales, d’activités sportives ou culturelles et d’intérêt général ainsi que des moyens de transport la réduction des nuisances sonores remarquables et du patrimoine bâti, la prévention des risques naturels prévisibles, des risques technologiques, de pollutions et des nuisances de toute nature. (…) » L’ARTICLE L.123-1 DISPOSE QUE LES PLANS LOCAUX D’URBANISME : « … comportent un projet d’aménagement et de développement durable qui dé…",faible,"Ce passage cite un article de loi (L.121-1 sur le contenu des PLU) mentionnant de façon générale 'la réduction des nuisances sonores' parmi les objectifs à prendre en compte, sans définir de règle spatiale précise ni de zone particulière. C'est une orientation générale s'appliquant à l'ensemble du territoire couvert par le document, retenue comme règle autonome mais de portée très générale et peu opérationnelle.",recommandation,non opposable,lutte_bruit_existant,validé,False,,2026-08-26
b6db06b412549843d8e3b6c51b772e51,1_67554_reglement_20260427.pdf,règlement écrit,https://www.geoportail-urbanisme.gouv.fr/api/document/b6db06b412549843d8e3b6c51b772e51/files/67554_reglement_20260427.pdf,alinea,Article 2,UA,zone_specifique,"sous réserve qu'elles soient compatibles avec la proximité d abitations, c'est-à-dire quelles nengendrent pas de risques et de nuisances incompatibles avec le caractère de la zone (bruits, trépidations, odeurs nauséabonde","…isirs ; - les étangs, les carrières ou décharges ; - les déchets tels que gravats, carcasses de véhicules, ferraille ; - les terrains de camping aménagés ; - les terrains de caravaning ; - les parcs d'attractions permanents ; - les garages collectifs de caravanes ; - le stationnement de caravanes. - sous réserve qu'elles soient compatibles avec la proximité d abitations, c'est-à-dire quelles nengendrent pas de risques et de nuisances incompatibles avec le caractère de la zone (bruits, trépidations, odeurs nauséabonde PlanLocald'UrbanismedeWOLXHEIM Règlement_UA",forte,"Le règlement de la zone UA autorise les constructions industrielles, artisanales, commerciales et de bureaux sous réserve de compatibilité avec la proximité d'habitations, en excluant notamment les nuisances sonores (bruits, trépidations) incompatibles avec le caractère résidentiel de la zone. C'est une règle autonome propre au document d'urbanisme, applicable uniquement à la zone UA, distincte du classement sonore des voies.",prescription,opposable en conformité,lutte_bruit_existant,validé,False,,2026-08-26
b6db06b412549843d8e3b6c51b772e51,2_67554_reglement_20260427.pdf,règlement écrit,https://www.geoportail-urbanisme.gouv.fr/api/document/b6db06b412549843d8e3b6c51b772e51/files/67554_reglement_20260427.pdf,alinea,Article 2,UB,zone_specifique,"sous réserve qu'elles soient compatibles avec la proximité dhabitations, c'est-à-dire quelles nengendrent pas de risques et de nuisances incompatibles avec le caractère de la zone (bruits, trépidations, odeurs nauséabonde","…agricole et viticole, à condition quelles soient liées et nécessaires à une exploitation agricole existante dans la zone, et quelle soit située sur le terrain de cette exploitation, ainsi que aménagement et lextension des constructions à usage agricole (sous-entendu comprenant viticole) existantes ; sous réserve qu'elles soient compatibles avec la proximité dhabitations, c'est-à-dire quelles nengendrent pas de risques et de nuisances incompatibles avec le caractère de la zone (bruits, trépidations, odeurs nauséabonde la zone, à condition quelles soient compatibles avec le voisinage d abitation ; - les affouillements et exhaussements du sol à condition dêtre liés à la réalisation dune occupation ou utilisation du sol autorisée dans la zone ou dans le cas de fouilles archéologiques. Dans le sous-secteur UBi : Les…",forte,"Le passage conditionne l'admission des constructions industrielles, artisanales, commerciales, agricoles, de services et de bureaux, ainsi que des installations classées, à leur compatibilité avec la proximité d'habitations, en visant explicitement l'absence de nuisances incompatibles telles que le bruit. Il s'agit d'une règle autonome d'urbanisme (compatibilité d'usage) liée au bruit, propre à la zone UB (et son sous-secteur UBi), distincte du classement sonore des infrastructures.",prescription,opposable en conformité,autre,validé,False,,2026-08-26
12666ec8d6fb548ead67bc9c63776f94,,PADD,https://www.geoportail-urbanisme.gouv.fr/api/document/12666ec8d6fb548ead67bc9c63776f94/files/246700777_padd_20250704.pdf,,,,,,,,,,non opposable,,aucune occurrence trouvée,False,,2026-08-26
12666ec8d6fb548ead67bc9c63776f94,,OAP,https://www.geoportail-urbanisme.gouv.fr/api/document/12666ec8d6fb548ead67bc9c63776f94/files/246700777_orientations_amenagement_2_20250704.pdf,,,,,,,,,,opposable en compatibilité,,aucune occurrence trouvée,False,,2026-08-26
412b38543365d415503144f60d56898b,,PADD,https://www.geoportail-urbanisme.gouv.fr/api/document/412b38543365d415503144f60d56898b/files/67004_padd_20250522.pdf,,,,,,,,,,non opposable,,aucune occurrence trouvée,False,,2026-08-26
412b38543365d415503144f60d56898b,,OAP,https://www.geoportail-urbanisme.gouv.fr/api/document/412b38543365d415503144f60d56898b/files/67004_orientations_amenagement_20250522.pdf,,,,,,,,,,opposable en compatibilité,,aucune occurrence trouvée,False,,2026-08-26
5d8ce7c57a62b3545d243546281d2546,,PADD,https://www.geoportail-urbanisme.gouv.fr/api/document/5d8ce7c57a62b3545d243546281d2546/files/246700959_padd_20260716.pdf,,,,,,,,,,non opposable,,aucune occurrence trouvée,False,,2026-08-26
5d8ce7c57a62b3545d243546281d2546,,règlement écrit,https://www.geoportail-urbanisme.gouv.fr/api/document/5d8ce7c57a62b3545d243546281d2546/files/246700959_reglement_20260716.pdf,,,,,,,,,,opposable en conformité,,aucune occurrence trouvée,False,,2026-08-26
5d8ce7c57a62b3545d243546281d2546,,règlement écrit,https://www.geoportail-urbanisme.gouv.fr/api/document/5d8ce7c57a62b3545d243546281d2546/files/246700959_A8_PPRI_Zorn_reglement_20260716.pdf,,,,,,,,,,opposable en conformité,,aucune occurrence trouvée,True,élevée,2026-08-26
20a61be30f5ddb32c595001f8ac12cc9,,règlement écrit,https://www.geoportail-urbanisme.gouv.fr/api/document/20a61be30f5ddb32c595001f8ac12cc9/files/67008_reglement_20250519.pdf,,,,,,,,,,opposable en conformité,,aucune occurrence trouvée,False,,2026-08-26
20a61be30f5ddb32c595001f8ac12cc9,,règlement écrit,https://www.geoportail-urbanisme.gouv.fr/api/document/20a61be30f5ddb32c595001f8ac12cc9/files/67008_reglement_PPRi_20250519.pdf,,,,,,,,,,opposable en conformité,,aucune occurrence trouvée,False,,2026-08-26
20a61be30f5ddb32c595001f8ac12cc9,,OAP,https://www.geoportail-urbanisme.gouv.fr/api/document/20a61be30f5ddb32c595001f8ac12cc9/files/67008_orientations_amenagement_20250519.pdf,,,,,,,,,,opposable en compatibilité,,aucune occurrence trouvée,False,,2026-08-26
d6449f258395c61f12c79e468c6c994a,,PADD,https://www.geoportail-urbanisme.gouv.fr/api/document/d6449f258395c61f12c79e468c6c994a/files/200034270_padd_20260716.pdf,,,,,,,,,,non opposable,,aucune occurrence trouvée,False,,2026-08-26
d6449f258395c61f12c79e468c6c994a,,OAP,https://www.geoportail-urbanisme.gouv.fr/api/document/d6449f258395c61f12c79e468c6c994a/files/200034270_orientations_amenagement_20260716.pdf,,,,,,,,,,opposable en compatibilité,,aucune occurrence trouvée,False,,2026-08-26
284928e1449906994f1323c4fc818562,,règlement écrit,https://www.geoportail-urbanisme.gouv.fr/api/document/284928e1449906994f1323c4fc818562/files/200040178_reglement_20260629_A.pdf,,,,,,,,,,opposable en conformité,,aucune occurrence trouvée,False,,2026-08-26
813f994f377516c2348dce42f32bca39,,PADD,https://www.geoportail-urbanisme.gouv.fr/api/document/813f994f377516c2348dce42f32bca39/files/67016_padd_20240312.pdf,,,,,,,,,,non opposable,,aucune occurrence trouvée,True,élevée,2026-08-26
813f994f377516c2348dce42f32bca39,,règlement écrit,https://www.geoportail-urbanisme.gouv.fr/api/document/813f994f377516c2348dce42f32bca39/files/67016_reglement_20240312.pdf,,,,,,,,,,opposable en conformité,,aucune occurrence trouvée,False,,2026-08-26
813f994f377516c2348dce42f32bca39,,OAP,https://www.geoportail-urbanisme.gouv.fr/api/document/813f994f377516c2348dce42f32bca39/files/67016_orientations_amenagement_20240312.pdf,,,,,,,,,,opposable en compatibilité,,aucune occurrence trouvée,False,,2026-08-26
f99c666b1a03a166c7d8e745bb895fe9,,PADD,https://www.geoportail-urbanisme.gouv.fr/api/document/f99c666b1a03a166c7d8e745bb895fe9/files/67019_padd_20230525.pdf,,,,,,,,,,non opposable,,aucune occurrence trouvée,False,,2026-08-26
f99c666b1a03a166c7d8e745bb895fe9,,règlement écrit,https://www.geoportail-urbanisme.gouv.fr/api/document/f99c666b1a03a166c7d8e745bb895fe9/files/67019_reglement_20230525.pdf,,,,,,,,,,opposable en conformité,,aucune occurrence trouvée,False,,2026-08-26
f99c666b1a03a166c7d8e745bb895fe9,,OAP,https://www.geoportail-urbanisme.gouv.fr/api/document/f99c666b1a03a166c7d8e745bb895fe9/files/67019_orientations_amenagement_20230525.pdf,,,,,,,,,,opposable en compatibilité,,aucune occurrence trouvée,False,,2026-08-26
fdc72623e276646f5d15a0627ebe2bee,,PADD,https://www.geoportail-urbanisme.gouv.fr/api/document/fdc72623e276646f5d15a0627ebe2bee/files/67020_padd_20201029.pdf,,,,,,,,,,non opposable,,aucune occurrence trouvée,False,,2026-08-26
fdc72623e276646f5d15a0627ebe2bee,,règlement écrit,https://www.geoportail-urbanisme.gouv.fr/api/document/fdc72623e276646f5d15a0627ebe2bee/files/67020_reglement_20201029.pdf,,,,,,,,,,opposable en conformité,,aucune occurrence trouvée,False,,2026-08-26
fdc72623e276646f5d15a0627ebe2bee,,OAP,https://www.geoportail-urbanisme.gouv.fr/api/document/fdc72623e276646f5d15a0627ebe2bee/files/67020_orientations_amenagement_20201029.pdf,,,,,,,,,,opposable en compatibilité,,aucune occurrence trouvée,False,,2026-08-26
171518c6d5441a4ad41c30cf32dbe4ca,,OAP,https://www.geoportail-urbanisme.gouv.fr/api/document/171518c6d5441a4ad41c30cf32dbe4ca/files/200067874_orientations_amenagement_2_20260427.pdf,,,,,,,,,,opposable en compatibilité,,aucune occurrence trouvée,False,,2026-08-26
171518c6d5441a4ad41c30cf32dbe4ca,,OAP,https://www.geoportail-urbanisme.gouv.fr/api/document/171518c6d5441a4ad41c30cf32dbe4ca/files/200067874_orientations_amenagement_2_2_20260427.pdf,,,,,,,,,,opposable en compatibilité,,aucune occurrence trouvée,False,,2026-08-26
171518c6d5441a4ad41c30cf32dbe4ca,,OAP,https://www.geoportail-urbanisme.gouv.fr/api/document/171518c6d5441a4ad41c30cf32dbe4ca/files/200067874_orientations_amenagement_2_3_20260427.pdf,,,,,,,,,,opposable en compatibilité,,aucune occurrence trouvée,False,,2026-08-26
171518c6d5441a4ad41c30cf32dbe4ca,,OAP,https://www.geoportail-urbanisme.gouv.fr/api/document/171518c6d5441a4ad41c30cf32dbe4ca/files/200067874_orientations_amenagement_2_4_20260427.pdf,,,,,,,,,,opposable en compatibilité,,aucune occurrence trouvée,False,,2026-08-26
171518c6d5441a4ad41c30cf32dbe4ca,,OAP,https://www.geoportail-urbanisme.gouv.fr/api/document/171518c6d5441a4ad41c30cf32dbe4ca/files/200067874_orientations_amenagement_2_5_20260427.pdf,,,,,,,,,,opposable en compatibilité,,aucune occurrence trouvée,False,,2026-08-26
171518c6d5441a4ad41c30cf32dbe4ca,,OAP,https://www.geoportail-urbanisme.gouv.fr/api/document/171518c6d5441a4ad41c30cf32dbe4ca/files/200067874_orientations_amenagement_2_6_20260427.pdf,,,,,,,,,,opposable en compatibilité,,aucune occurrence trouvée,False,,2026-08-26
97f82206998e6053cdd813a283e12fa7,,PADD,https://www.geoportail-urbanisme.gouv.fr/api/document/97f82206998e6053cdd813a283e12fa7/files/67025_padd_20260305.pdf,,,,,,,,,,non opposable,,aucune occurrence trouvée,False,,2026-08-26
916b975c09a5ae9e3b9a2efb5859303d,,PADD,https://www.geoportail-urbanisme.gouv.fr/api/document/916b975c09a5ae9e3b9a2efb5859303d/files/67028_padd_20240703.pdf,,,,,,,,,,non opposable,,aucune occurrence trouvée,False,,2026-08-26
916b975c09a5ae9e3b9a2efb5859303d,,règlement écrit,https://www.geoportail-urbanisme.gouv.fr/api/document/916b975c09a5ae9e3b9a2efb5859303d/files/67028_reglement_20240703.pdf,,,,,,,,,,opposable en conformité,,aucune occurrence trouvée,False,,2026-08-26
916b975c09a5ae9e3b9a2efb5859303d,,règlement écrit,https://www.geoportail-urbanisme.gouv.fr/api/document/916b975c09a5ae9e3b9a2efb5859303d/files/67028_PPRi_reglement_20240703.pdf,,,,,,,,,,opposable en conformité,,aucune occurrence trouvée,False,,2026-08-26
916b975c09a5ae9e3b9a2efb5859303d,,règlement écrit,https://www.geoportail-urbanisme.gouv.fr/api/document/916b975c09a5ae9e3b9a2efb5859303d/files/67028_PPRi_zonage_reglementaire_20240703.pdf,,,,,,,,,,opposable en conformité,,aucune occurrence trouvée,True,élevée,2026-08-26
916b975c09a5ae9e3b9a2efb5859303d,,OAP,https://www.geoportail-urbanisme.gouv.fr/api/document/916b975c09a5ae9e3b9a2efb5859303d/files/67028_orientations_amenagement_18_00_20240703.pdf,,,,,,,,,,opposable en compatibilité,,aucune occurrence trouvée,False,,2026-08-26
d75c4bfff8833530a5df735561dca24c,,PADD,https://www.geoportail-urbanisme.gouv.fr/api/document/d75c4bfff8833530a5df735561dca24c/files/67031_padd_20191217.pdf,,,,,,,,,,non opposable,,aucune occurrence trouvée,True,élevée,2026-08-26
d75c4bfff8833530a5df735561dca24c,,règlement écrit,https://www.geoportail-urbanisme.gouv.fr/api/document/d75c4bfff8833530a5df735561dca24c/files/67031_reglement_20191217.pdf,,,,,,,,,,opposable en conformité,,aucune occurrence trouvée,True,élevée,2026-08-26
d75c4bfff8833530a5df735561dca24c,,OAP,https://www.geoportail-urbanisme.gouv.fr/api/document/d75c4bfff8833530a5df735561dca24c/files/67031_orientations_amenagement_20191217.pdf,,,,,,,,,,opposable en compatibilité,,aucune occurrence trouvée,True,élevée,2026-08-26
274e0297eee8a3b4d7650c9c8d2c950f,,PADD,https://www.geoportail-urbanisme.gouv.fr/api/document/274e0297eee8a3b4d7650c9c8d2c950f/files/200034635_padd_20251211.pdf,,,,,,,,,,non opposable,,aucune occurrence trouvée,False,,2026-08-26
274e0297eee8a3b4d7650c9c8d2c950f,,OAP,https://www.geoportail-urbanisme.gouv.fr/api/document/274e0297eee8a3b4d7650c9c8d2c950f/files/200034635_orientations_amenagement_1_20251211.pdf,,,,,,,,,,opposable en compatibilité,,aucune occurrence trouvée,False,,2026-08-26
274e0297eee8a3b4d7650c9c8d2c950f,,OAP,https://www.geoportail-urbanisme.gouv.fr/api/document/274e0297eee8a3b4d7650c9c8d2c950f/files/200034635_orientations_amenagement_2_20251211.pdf,,,,,,,,,,opposable en compatibilité,,aucune occurrence trouvée,False,,2026-08-26
ed7dc9c81a38e442eb1ff778ba9be0a2,,PADD,https://www.geoportail-urbanisme.gouv.fr/api/document/ed7dc9c81a38e442eb1ff778ba9be0a2/files/200067783_padd_20260202_A.pdf,,,,,,,,,,non opposable,,aucune occurrence trouvée,False,,2026-08-26
ed7dc9c81a38e442eb1ff778ba9be0a2,,règlement écrit,https://www.geoportail-urbanisme.gouv.fr/api/document/ed7dc9c81a38e442eb1ff778ba9be0a2/files/200067783_reglement_20260202_A.pdf,,,,,,,,,,opposable en conformité,,aucune occurrence trouvée,False,,2026-08-26
ed7dc9c81a38e442eb1ff778ba9be0a2,,règlement écrit,https://www.geoportail-urbanisme.gouv.fr/api/document/ed7dc9c81a38e442eb1ff778ba9be0a2/files/200067783_01_pvap_bouxwiller_4_reglement_ecrit_20260202_A.pdf,,,,,,,,,,opposable en conformité,,aucune occurrence trouvée,False,,2026-08-26
ed7dc9c81a38e442eb1ff778ba9be0a2,,OAP,https://www.geoportail-urbanisme.gouv.fr/api/document/ed7dc9c81a38e442eb1ff778ba9be0a2/files/200067783_orientations_amenagement_1_20260202_A.pdf,,,,,,,,,,opposable en compatibilité,,aucune occurrence trouvée,False,,2026-08-26
ed7dc9c81a38e442eb1ff778ba9be0a2,,OAP,https://www.geoportail-urbanisme.gouv.fr/api/document/ed7dc9c81a38e442eb1ff778ba9be0a2/files/200067783_orientations_amenagement_2_20260202_A.pdf,,,,,,,,,,opposable en compatibilité,,aucune occurrence trouvée,False,,2026-08-26
70fe46752c08fc68eb2f95c554562007,,PADD,https://www.geoportail-urbanisme.gouv.fr/api/document/70fe46752c08fc68eb2f95c554562007/files/67045_padd_20250908.pdf,,,,,,,,,,non opposable,,aucune occurrence trouvée,False,,2026-08-26
94f9f4e5ec6ea7ea1486a043770a393e,,PADD,https://www.geoportail-urbanisme.gouv.fr/api/document/94f9f4e5ec6ea7ea1486a043770a393e/files/67047_padd_20251217.pdf,,,,,,,,,,non opposable,,aucune occurrence trouvée,False,,2026-08-26
a13c1673dd3e753fb6e0466a75a29539,,PADD,https://www.geoportail-urbanisme.gouv.fr/api/document/a13c1673dd3e753fb6e0466a75a29539/files/67052_padd_20240909.pdf,,,,,,,,,,non opposable,,aucune occurrence trouvée,False,,2026-08-26
a13c1673dd3e753fb6e0466a75a29539,,règlement écrit,https://www.geoportail-urbanisme.gouv.fr/api/document/a13c1673dd3e753fb6e0466a75a29539/files/67052_reglement_20240909.pdf,,,,,,,,,,opposable en conformité,,aucune occurrence trouvée,False,,2026-08-26
43a432f0e5b50ad621c6d01bd8d9e8e2,,PADD,https://www.geoportail-urbanisme.gouv.fr/api/document/43a432f0e5b50ad621c6d01bd8d9e8e2/files/67055_padd_20250428.pdf,,,,,,,,,,non opposable,,aucune occurrence trouvée,False,,2026-08-26
43a432f0e5b50ad621c6d01bd8d9e8e2,,OAP,https://www.geoportail-urbanisme.gouv.fr/api/document/43a432f0e5b50ad621c6d01bd8d9e8e2/files/67055_orientations_amenagement_18_06_20250428.pdf,,,,,,,,,,opposable en compatibilité,,aucune occurrence trouvée,False,,2026-08-26
8c7d85e0ce9d2768c89bffdf60120b55,,règlement écrit,https://www.geoportail-urbanisme.gouv.fr/api/document/8c7d85e0ce9d2768c89bffdf60120b55/files/67073_reglement_20231012.pdf,,,,,,,,,,opposable en conformité,,aucune occurrence trouvée,False,,2026-08-26
c2e8753ac76f6b65769ace248d30f1ca,,PADD,https://www.geoportail-urbanisme.gouv.fr/api/document/c2e8753ac76f6b65769ace248d30f1ca/files/246700926_padd_20260601.pdf,,,,,,,,,,non opposable,,aucune occurrence trouvée,False,,2026-08-26
c2e8753ac76f6b65769ace248d30f1ca,,règlement écrit,https://www.geoportail-urbanisme.gouv.fr/api/document/c2e8753ac76f6b65769ace248d30f1ca/files/246700926_reglement_20260601.pdf,,,,,,,,,,opposable en conformité,,aucune occurrence trouvée,False,,2026-08-26
c2e8753ac76f6b65769ace248d30f1ca,,règlement écrit,https://www.geoportail-urbanisme.gouv.fr/api/document/c2e8753ac76f6b65769ace248d30f1ca/files/246700926_reglement_SECT01_20260601.pdf,,,,,,,,,,opposable en conformité,,aucune occurrence trouvée,False,,2026-08-26
c2e8753ac76f6b65769ace248d30f1ca,,OAP,https://www.geoportail-urbanisme.gouv.fr/api/document/c2e8753ac76f6b65769ace248d30f1ca/files/246700926_orientations_amenagement_SECT01_20260601.pdf,,,,,,,,,,opposable en compatibilité,,aucune occurrence trouvée,False,,2026-08-26
c2e8753ac76f6b65769ace248d30f1ca,,règlement écrit,https://www.geoportail-urbanisme.gouv.fr/api/document/c2e8753ac76f6b65769ace248d30f1ca/files/246700926_reglement_SECT02_20260601.pdf,,,,,,,,,,opposable en conformité,,aucune occurrence trouvée,False,,2026-08-26
c2e8753ac76f6b65769ace248d30f1ca,,OAP,https://www.geoportail-urbanisme.gouv.fr/api/document/c2e8753ac76f6b65769ace248d30f1ca/files/246700926_orientations_amenagement_SECT02_20260601.pdf,,,,,,,,,,opposable en compatibilité,,aucune occurrence trouvée,False,,2026-08-26
c2e8753ac76f6b65769ace248d30f1ca,,règlement écrit,https://www.geoportail-urbanisme.gouv.fr/api/document/c2e8753ac76f6b65769ace248d30f1ca/files/246700926_reglement_SECT03_20260601.pdf,,,,,,,,,,opposable en conformité,,aucune occurrence trouvée,False,,2026-08-26
c2e8753ac76f6b65769ace248d30f1ca,,OAP,https://www.geoportail-urbanisme.gouv.fr/api/document/c2e8753ac76f6b65769ace248d30f1ca/files/246700926_orientations_amenagement_SECT03_20260601.pdf,,,,,,,,,,opposable en compatibilité,,aucune occurrence trouvée,False,,2026-08-26
c2e8753ac76f6b65769ace248d30f1ca,,règlement écrit,https://www.geoportail-urbanisme.gouv.fr/api/document/c2e8753ac76f6b65769ace248d30f1ca/files/246700926_reglement_SECT04_20260601.pdf,,,,,,,,,,opposable en conformité,,aucune occurrence trouvée,False,,2026-08-26
c2e8753ac76f6b65769ace248d30f1ca,,OAP,https://www.geoportail-urbanisme.gouv.fr/api/document/c2e8753ac76f6b65769ace248d30f1ca/files/246700926_orientations_amenagement_SECT04_20260601.pdf,,,,,,,,,,opposable en compatibilité,,aucune occurrence trouvée,False,,2026-08-26
c2e8753ac76f6b65769ace248d30f1ca,,règlement écrit,https://www.geoportail-urbanisme.gouv.fr/api/document/c2e8753ac76f6b65769ace248d30f1ca/files/246700926_reglement_SECT05_20260601.pdf,,,,,,,,,,opposable en conformité,,aucune occurrence trouvée,False,,2026-08-26
c2e8753ac76f6b65769ace248d30f1ca,,OAP,https://www.geoportail-urbanisme.gouv.fr/api/document/c2e8753ac76f6b65769ace248d30f1ca/files/246700926_orientations_amenagement_SECT05_20260601.pdf,,,,,,,,,,opposable en compatibilité,,aucune occurrence trouvée,False,,2026-08-26
c2e8753ac76f6b65769ace248d30f1ca,,règlement écrit,https://www.geoportail-urbanisme.gouv.fr/api/document/c2e8753ac76f6b65769ace248d30f1ca/files/246700926_reglement_SECT06_20260601.pdf,,,,,,,,,,opposable en conformité,,aucune occurrence trouvée,False,,2026-08-26
c2e8753ac76f6b65769ace248d30f1ca,,OAP,https://www.geoportail-urbanisme.gouv.fr/api/document/c2e8753ac76f6b65769ace248d30f1ca/files/246700926_orientations_amenagement_SECT06_20260601.pdf,,,,,,,,,,opposable en compatibilité,,aucune occurrence trouvée,False,,2026-08-26
c2e8753ac76f6b65769ace248d30f1ca,,règlement écrit,https://www.geoportail-urbanisme.gouv.fr/api/document/c2e8753ac76f6b65769ace248d30f1ca/files/246700926_reglement_SECT07_20260601.pdf,,,,,,,,,,opposable en conformité,,aucune occurrence trouvée,False,,2026-08-26
c2e8753ac76f6b65769ace248d30f1ca,,OAP,https://www.geoportail-urbanisme.gouv.fr/api/document/c2e8753ac76f6b65769ace248d30f1ca/files/246700926_orientations_amenagement_SECT07_20260601.pdf,,,,,,,,,,opposable en compatibilité,,aucune occurrence trouvée,False,,2026-08-26
c2e8753ac76f6b65769ace248d30f1ca,,règlement écrit,https://www.geoportail-urbanisme.gouv.fr/api/document/c2e8753ac76f6b65769ace248d30f1ca/files/246700926_reglement_SECT08_20260601.pdf,,,,,,,,,,opposable en conformité,,aucune occurrence trouvée,False,,2026-08-26
c2e8753ac76f6b65769ace248d30f1ca,,règlement écrit,https://www.geoportail-urbanisme.gouv.fr/api/document/c2e8753ac76f6b65769ace248d30f1ca/files/246700926_reglement_SECT09_20260601.pdf,,,,,,,,,,opposable en conformité,,aucune occurrence trouvée,False,,2026-08-26
c2e8753ac76f6b65769ace248d30f1ca,,OAP,https://www.geoportail-urbanisme.gouv.fr/api/document/c2e8753ac76f6b65769ace248d30f1ca/files/246700926_orientations_amenagement_SECT09_20260601.pdf,,,,,,,,,,opposable en compatibilité,,aucune occurrence trouvée,False,,2026-08-26
c2e8753ac76f6b65769ace248d30f1ca,,règlement écrit,https://www.geoportail-urbanisme.gouv.fr/api/document/c2e8753ac76f6b65769ace248d30f1ca/files/246700926_reglement_SECT10_20260601.pdf,,,,,,,,,,opposable en conformité,,aucune occurrence trouvée,False,,2026-08-26
c2e8753ac76f6b65769ace248d30f1ca,,OAP,https://www.geoportail-urbanisme.gouv.fr/api/document/c2e8753ac76f6b65769ace248d30f1ca/files/246700926_orientations_amenagement_SECT10_20260601.pdf,,,,,,,,,,opposable en compatibilité,,aucune occurrence trouvée,False,,2026-08-26
c2e8753ac76f6b65769ace248d30f1ca,,règlement écrit,https://www.geoportail-urbanisme.gouv.fr/api/document/c2e8753ac76f6b65769ace248d30f1ca/files/246700926_reglement_SECT11_20260601.pdf,,,,,,,,,,opposable en conformité,,aucune occurrence trouvée,False,,2026-08-26
c2e8753ac76f6b65769ace248d30f1ca,,OAP,https://www.geoportail-urbanisme.gouv.fr/api/document/c2e8753ac76f6b65769ace248d30f1ca/files/246700926_orientations_amenagement_SECT11_20260601.pdf,,,,,,,,,,opposable en compatibilité,,aucune occurrence trouvée,False,,2026-08-26
c2e8753ac76f6b65769ace248d30f1ca,,règlement écrit,https://www.geoportail-urbanisme.gouv.fr/api/document/c2e8753ac76f6b65769ace248d30f1ca/files/246700926_reglement_SECT12_20260601.pdf,,,,,,,,,,opposable en conformité,,aucune occurrence trouvée,False,,2026-08-26
c2e8753ac76f6b65769ace248d30f1ca,,OAP,https://www.geoportail-urbanisme.gouv.fr/api/document/c2e8753ac76f6b65769ace248d30f1ca/files/246700926_orientations_amenagement_SECT12_20260601.pdf,,,,,,,,,,opposable en compatibilité,,aucune occurrence trouvée,False,,2026-08-26
7ba5c245843c439061a106418e9f4c9b,,OAP,https://www.geoportail-urbanisme.gouv.fr/api/document/7ba5c245843c439061a106418e9f4c9b/files/67076_orientations_amenagement_20170921.pdf,,,,,,,,,,opposable en compatibilité,,aucune occurrence trouvée,False,,2026-08-26
5f6131ac79d14ac08617c0cb7e1f9e89,,PADD,https://www.geoportail-urbanisme.gouv.fr/api/document/5f6131ac79d14ac08617c0cb7e1f9e89/files/67077_padd_20200123.pdf,,,,,,,,,,non opposable,,aucune occurrence trouvée,False,,2026-08-26
5f6131ac79d14ac08617c0cb7e1f9e89,,règlement écrit,https://www.geoportail-urbanisme.gouv.fr/api/document/5f6131ac79d14ac08617c0cb7e1f9e89/files/67077_reglement_20250131.pdf,,,,,,,,,,opposable en conformité,,aucune occurrence trouvée,False,,2026-08-26
5f6131ac79d14ac08617c0cb7e1f9e89,,règlement écrit,https://www.geoportail-urbanisme.gouv.fr/api/document/5f6131ac79d14ac08617c0cb7e1f9e89/files/67077_02_ppri_reglement_20250131.pdf,,,,,,,,,,opposable en conformité,,aucune occurrence trouvée,False,,2026-08-26
5f6131ac79d14ac08617c0cb7e1f9e89,,OAP,https://www.geoportail-urbanisme.gouv.fr/api/document/5f6131ac79d14ac08617c0cb7e1f9e89/files/67077_orientations_amenagement_1_20250131.pdf,,,,,,,,,,opposable en compatibilité,,aucune occurrence trouvée,False,,2026-08-26
cdb6d75af2a5bb92b64433525049065f,,PADD,https://www.geoportail-urbanisme.gouv.fr/api/document/cdb6d75af2a5bb92b64433525049065f/files/67080_padd_20260408.pdf,,,,,,,,,,non opposable,,aucune occurrence trouvée,False,,2026-08-26
0f531a175b4d150cfcabcdfd7a7cb304,,PADD,https://www.geoportail-urbanisme.gouv.fr/api/document/0f531a175b4d150cfcabcdfd7a7cb304/files/67081_padd_20231009.pdf,,,,,,,,,,non opposable,,aucune occurrence trouvée,False,,2026-08-26
0f531a175b4d150cfcabcdfd7a7cb304,,règlement écrit,https://www.geoportail-urbanisme.gouv.fr/api/document/0f531a175b4d150cfcabcdfd7a7cb304/files/67081_reglement_20231009.pdf,,,,,,,,,,opposable en conformité,,aucune occurrence trouvée,False,,2026-08-26
814f136f4faa17f4c90ac5067beb0446,,règlement écrit,https://www.geoportail-urbanisme.gouv.fr/api/document/814f136f4faa17f4c90ac5067beb0446/files/246701098_reglement_20260518.pdf,,,,,,,,,,opposable en conformité,,aucune occurrence trouvée,False,,2026-08-26
814f136f4faa17f4c90ac5067beb0446,,règlement écrit,https://www.geoportail-urbanisme.gouv.fr/api/document/814f136f4faa17f4c90ac5067beb0446/files/246701098_11_reglement_alea_PPRi_Moder_20260518.pdf,,,,,,,,,,opposable en conformité,,aucune occurrence trouvée,False,,2026-08-26
814f136f4faa17f4c90ac5067beb0446,,OAP,https://www.geoportail-urbanisme.gouv.fr/api/document/814f136f4faa17f4c90ac5067beb0446/files/246701098_orientations_amenagement_20260518.pdf,,,,,,,,,,opposable en compatibilité,,aucune occurrence trouvée,False,,2026-08-26
814f136f4faa17f4c90ac5067beb0446,,règlement écrit,https://www.geoportail-urbanisme.gouv.fr/api/document/814f136f4faa17f4c90ac5067beb0446/files/246701098_reglement_SECT01_20260518.pdf,,,,,,,,,,opposable en conformité,,aucune occurrence trouvée,False,,2026-08-26
814f136f4faa17f4c90ac5067beb0446,,règlement écrit,https://www.geoportail-urbanisme.gouv.fr/api/document/814f136f4faa17f4c90ac5067beb0446/files/246701098_reglement_SECT02_20260518.pdf,,,,,,,,,,opposable en conformité,,aucune occurrence trouvée,False,,2026-08-26
814f136f4faa17f4c90ac5067beb0446,,OAP,https://www.geoportail-urbanisme.gouv.fr/api/document/814f136f4faa17f4c90ac5067beb0446/files/246701098_orientations_amenagement_SECT02_20260518.pdf,,,,,,,,,,opposable en compatibilité,,aucune occurrence trouvée,False,,2026-08-26
814f136f4faa17f4c90ac5067beb0446,,règlement écrit,https://www.geoportail-urbanisme.gouv.fr/api/document/814f136f4faa17f4c90ac5067beb0446/files/246701098_reglement_SECT03_20260518.pdf,,,,,,,,,,opposable en conformité,,aucune occurrence trouvée,False,,2026-08-26
814f136f4faa17f4c90ac5067beb0446,,OAP,https://www.geoportail-urbanisme.gouv.fr/api/document/814f136f4faa17f4c90ac5067beb0446/files/246701098_orientations_amenagement_SECT03_20260518.pdf,,,,,,,,,,opposable en compatibilité,,aucune occurrence trouvée,False,,2026-08-26
814f136f4faa17f4c90ac5067beb0446,,règlement écrit,https://www.geoportail-urbanisme.gouv.fr/api/document/814f136f4faa17f4c90ac5067beb0446/files/246701098_reglement_SECT04_20260518.pdf,,,,,,,,,,opposable en conformité,,aucune occurrence trouvée,False,,2026-08-26
814f136f4faa17f4c90ac5067beb0446,,OAP,https://www.geoportail-urbanisme.gouv.fr/api/document/814f136f4faa17f4c90ac5067beb0446/files/246701098_orientations_amenagement_SECT04_20260518.pdf,,,,,,,,,,opposable en compatibilité,,aucune occurrence trouvée,False,,2026-08-26
814f136f4faa17f4c90ac5067beb0446,,règlement écrit,https://www.geoportail-urbanisme.gouv.fr/api/document/814f136f4faa17f4c90ac5067beb0446/files/246701098_reglement_SECT05_20260518.pdf,,,,,,,,,,opposable en conformité,,aucune occurrence trouvée,False,,2026-08-26
814f136f4faa17f4c90ac5067beb0446,,OAP,https://www.geoportail-urbanisme.gouv.fr/api/document/814f136f4faa17f4c90ac5067beb0446/files/246701098_orientations_amenagement_SECT05_20260518.pdf,,,,,,,,,,opposable en compatibilité,,aucune occurrence trouvée,False,,2026-08-26
814f136f4faa17f4c90ac5067beb0446,,règlement écrit,https://www.geoportail-urbanisme.gouv.fr/api/document/814f136f4faa17f4c90ac5067beb0446/files/246701098_reglement_SECT06_20260518.pdf,,,,,,,,,,opposable en conformité,,aucune occurrence trouvée,False,,2026-08-26
814f136f4faa17f4c90ac5067beb0446,,OAP,https://www.geoportail-urbanisme.gouv.fr/api/document/814f136f4faa17f4c90ac5067beb0446/files/246701098_orientations_amenagement_SECT06_20260518.pdf,,,,,,,,,,opposable en compatibilité,,aucune occurrence trouvée,False,,2026-08-26
814f136f4faa17f4c90ac5067beb0446,,règlement écrit,https://www.geoportail-urbanisme.gouv.fr/api/document/814f136f4faa17f4c90ac5067beb0446/files/246701098_reglement_SECT07_20260518.pdf,,,,,,,,,,opposable en conformité,,aucune occurrence trouvée,False,,2026-08-26
814f136f4faa17f4c90ac5067beb0446,,OAP,https://www.geoportail-urbanisme.gouv.fr/api/document/814f136f4faa17f4c90ac5067beb0446/files/246701098_orientations_amenagement_SECT07_20260518.pdf,,,,,,,,,,opposable en compatibilité,,aucune occurrence trouvée,False,,2026-08-26
814f136f4faa17f4c90ac5067beb0446,,règlement écrit,https://www.geoportail-urbanisme.gouv.fr/api/document/814f136f4faa17f4c90ac5067beb0446/files/246701098_reglement_SECT08_20260518.pdf,,,,,,,,,,opposable en conformité,,aucune occurrence trouvée,False,,2026-08-26
814f136f4faa17f4c90ac5067beb0446,,OAP,https://www.geoportail-urbanisme.gouv.fr/api/document/814f136f4faa17f4c90ac5067beb0446/files/246701098_orientations_amenagement_SECT08_20260518.pdf,,,,,,,,,,opposable en compatibilité,,aucune occurrence trouvée,False,,2026-08-26
814f136f4faa17f4c90ac5067beb0446,,règlement écrit,https://www.geoportail-urbanisme.gouv.fr/api/document/814f136f4faa17f4c90ac5067beb0446/files/246701098_reglement_SECT09_20260518.pdf,,,,,,,,,,opposable en conformité,,aucune occurrence trouvée,False,,2026-08-26
814f136f4faa17f4c90ac5067beb0446,,OAP,https://www.geoportail-urbanisme.gouv.fr/api/document/814f136f4faa17f4c90ac5067beb0446/files/246701098_orientations_amenagement_SECT09_20260518.pdf,,,,,,,,,,opposable en compatibilité,,aucune occurrence trouvée,False,,2026-08-26
814f136f4faa17f4c90ac5067beb0446,,règlement écrit,https://www.geoportail-urbanisme.gouv.fr/api/document/814f136f4faa17f4c90ac5067beb0446/files/246701098_reglement_SECT10_20260518.pdf,,,,,,,,,,opposable en conformité,,aucune occurrence trouvée,False,,2026-08-26
814f136f4faa17f4c90ac5067beb0446,,OAP,https://www.geoportail-urbanisme.gouv.fr/api/document/814f136f4faa17f4c90ac5067beb0446/files/246701098_orientations_amenagement_SECT10_20260518.pdf,,,,,,,,,,opposable en compatibilité,,aucune occurrence trouvée,False,,2026-08-26
814f136f4faa17f4c90ac5067beb0446,,règlement écrit,https://www.geoportail-urbanisme.gouv.fr/api/document/814f136f4faa17f4c90ac5067beb0446/files/246701098_reglement_SECT11_20260518.pdf,,,,,,,,,,opposable en conformité,,aucune occurrence trouvée,False,,2026-08-26
814f136f4faa17f4c90ac5067beb0446,,OAP,https://www.geoportail-urbanisme.gouv.fr/api/document/814f136f4faa17f4c90ac5067beb0446/files/246701098_orientations_amenagement_SECT11_20260518.pdf,,,,,,,,,,opposable en compatibilité,,aucune occurrence trouvée,False,,2026-08-26
814f136f4faa17f4c90ac5067beb0446,,règlement écrit,https://www.geoportail-urbanisme.gouv.fr/api/document/814f136f4faa17f4c90ac5067beb0446/files/246701098_reglement_SECT12_20260518.pdf,,,,,,,,,,opposable en conformité,,aucune occurrence trouvée,False,,2026-08-26
814f136f4faa17f4c90ac5067beb0446,,règlement écrit,https://www.geoportail-urbanisme.gouv.fr/api/document/814f136f4faa17f4c90ac5067beb0446/files/246701098_reglement_SECT13_20260518.pdf,,,,,,,,,,opposable en conformité,,aucune occurrence trouvée,False,,2026-08-26
09a8b681d6edbd395bc34d72e130cd3d,,PADD,https://www.geoportail-urbanisme.gouv.fr/api/document/09a8b681d6edbd395bc34d72e130cd3d/files/67085_padd_20200609.pdf,,,,,,,,,,non opposable,,aucune occurrence trouvée,False,,2026-08-26
09a8b681d6edbd395bc34d72e130cd3d,,règlement écrit,https://www.geoportail-urbanisme.gouv.fr/api/document/09a8b681d6edbd395bc34d72e130cd3d/files/67085_reglement_20200609.pdf,,,,,,,,,,opposable en conformité,,aucune occurrence trouvée,False,,2026-08-26
09a8b681d6edbd395bc34d72e130cd3d,,OAP,https://www.geoportail-urbanisme.gouv.fr/api/document/09a8b681d6edbd395bc34d72e130cd3d/files/67085_orientations_amenagement_20200609.pdf,,,,,,,,,,opposable en compatibilité,,aucune occurrence trouvée,False,,2026-08-26
52a7c80119aa99de78921616630187fa,,OAP,https://www.geoportail-urbanisme.gouv.fr/api/document/52a7c80119aa99de78921616630187fa/files/67086_orientations_amenagement_20200303.pdf,,,,,,,,,,opposable en compatibilité,,aucune occurrence trouvée,False,,2026-08-26
52a7c80119aa99de78921616630187fa,,PADD,https://www.geoportail-urbanisme.gouv.fr/api/document/52a7c80119aa99de78921616630187fa/files/67086_padd_20200303.pdf,,,,,,,,,,non opposable,,aucune occurrence trouvée,False,,2026-08-26
52a7c80119aa99de78921616630187fa,,règlement écrit,https://www.geoportail-urbanisme.gouv.fr/api/document/52a7c80119aa99de78921616630187fa/files/67086_reglement_20200303.pdf,,,,,,,,,,opposable en conformité,,aucune occurrence trouvée,False,,2026-08-26
1a06170e4506cd77d3a8a1fe53e71015,,PADD,https://www.geoportail-urbanisme.gouv.fr/api/document/1a06170e4506cd77d3a8a1fe53e71015/files/67090_padd_20210913.pdf,,,,,,,,,,non opposable,,aucune occurrence trouvée,False,,2026-08-26
1a06170e4506cd77d3a8a1fe53e71015,,OAP,https://www.geoportail-urbanisme.gouv.fr/api/document/1a06170e4506cd77d3a8a1fe53e71015/files/67090_orientations_amenagement_18_00_20210913.pdf,,,,,,,,,,opposable en compatibilité,,aucune occurrence trouvée,True,élevée,2026-08-26
cfb4d19a4564b50799d8db30bbc86138,,PADD,https://www.geoportail-urbanisme.gouv.fr/api/document/cfb4d19a4564b50799d8db30bbc86138/files/67091_padd_20210220.pdf,,,,,,,,,,non opposable,,aucune occurrence trouvée,False,,2026-08-26
cfb4d19a4564b50799d8db30bbc86138,,règlement écrit,https://www.geoportail-urbanisme.gouv.fr/api/document/cfb4d19a4564b50799d8db30bbc86138/files/67091_reglement_20210220.pdf,,,,,,,,,,opposable en conformité,,aucune occurrence trouvée,False,,2026-08-26
ec624f62847bd6a78218e46c026efad8,,PADD,https://www.geoportail-urbanisme.gouv.fr/api/document/ec624f62847bd6a78218e46c026efad8/files/67093_padd_20241113.pdf,,,,,,,,,,non opposable,,aucune occurrence trouvée,False,,2026-08-26
ec624f62847bd6a78218e46c026efad8,,règlement écrit,https://www.geoportail-urbanisme.gouv.fr/api/document/ec624f62847bd6a78218e46c026efad8/files/67093_reglement_20241113.pdf,,,,,,,,,,opposable en conformité,,aucune occurrence trouvée,False,,2026-08-26
ec624f62847bd6a78218e46c026efad8,,OAP,https://www.geoportail-urbanisme.gouv.fr/api/document/ec624f62847bd6a78218e46c026efad8/files/67093_orientations_amenagement_20241113.pdf,,,,,,,,,,opposable en compatibilité,,aucune occurrence trouvée,False,,2026-08-26
042bb10d8d0fff992a5bfa427b7ad295,,PADD,https://www.geoportail-urbanisme.gouv.fr/api/document/042bb10d8d0fff992a5bfa427b7ad295/files/67095_padd_20180528.pdf,,,,,,,,,,non opposable,,aucune occurrence trouvée,False,,2026-08-26
042bb10d8d0fff992a5bfa427b7ad295,,OAP,https://www.geoportail-urbanisme.gouv.fr/api/document/042bb10d8d0fff992a5bfa427b7ad295/files/67095_orientations_amenagement_20180528.pdf,,,,,,,,,,opposable en compatibilité,,aucune occurrence trouvée,False,,2026-08-26
d71b3839404100b88dafa21060814bcd,,règlement écrit,https://www.geoportail-urbanisme.gouv.fr/api/document/d71b3839404100b88dafa21060814bcd/files/67098_ppri_reglement_20240122.pdf,,,,,,,,,,opposable en conformité,,aucune occurrence trouvée,False,,2026-08-26
71be1d2fe04f069bd2638676c5c499ec,,PADD,https://www.geoportail-urbanisme.gouv.fr/api/document/71be1d2fe04f069bd2638676c5c499ec/files/67101_padd_20260706.pdf,,,,,,,,,,non opposable,,aucune occurrence trouvée,True,élevée,2026-08-26
71be1d2fe04f069bd2638676c5c499ec,,OAP,https://www.geoportail-urbanisme.gouv.fr/api/document/71be1d2fe04f069bd2638676c5c499ec/files/67101_orientations_amenagement_20260706.pdf,,,,,,,,,,opposable en compatibilité,,aucune occurrence trouvée,True,élevée,2026-08-26
b85c3157a3dc7eb3893231f3ba3aba47,,règlement écrit,https://www.geoportail-urbanisme.gouv.fr/api/document/b85c3157a3dc7eb3893231f3ba3aba47/files/67105_reglement_20211129.pdf,,,,,,,,,,opposable en conformité,,aucune occurrence trouvée,False,,2026-08-26
b85c3157a3dc7eb3893231f3ba3aba47,,OAP,https://www.geoportail-urbanisme.gouv.fr/api/document/b85c3157a3dc7eb3893231f3ba3aba47/files/67105_orientations_amenagement_20211129.pdf,,,,,,,,,,opposable en compatibilité,,aucune occurrence trouvée,True,élevée,2026-08-26
a914aaf88eb6760a8930bfce72a0b0c7,,PADD,https://www.geoportail-urbanisme.gouv.fr/api/document/a914aaf88eb6760a8930bfce72a0b0c7/files/67110_padd_20240516.pdf,,,,,,,,,,non opposable,,aucune occurrence trouvée,False,,2026-08-26
a914aaf88eb6760a8930bfce72a0b0c7,,règlement écrit,https://www.geoportail-urbanisme.gouv.fr/api/document/a914aaf88eb6760a8930bfce72a0b0c7/files/67110_reglement_20240516.pdf,,,,,,,,,,opposable en conformité,,aucune occurrence trouvée,False,,2026-08-26
a914aaf88eb6760a8930bfce72a0b0c7,,OAP,https://www.geoportail-urbanisme.gouv.fr/api/document/a914aaf88eb6760a8930bfce72a0b0c7/files/67110_orientations_amenagement_18_00_20240516.pdf,,,,,,,,,,opposable en compatibilité,,aucune occurrence trouvée,False,,2026-08-26
4d645e5c1f646b15acfb7bfa668fb181,,PADD,https://www.geoportail-urbanisme.gouv.fr/api/document/4d645e5c1f646b15acfb7bfa668fb181/files/67112_padd_20250618.pdf,,,,,,,,,,non opposable,,aucune occurrence trouvée,False,,2026-08-26
4d645e5c1f646b15acfb7bfa668fb181,,règlement écrit,https://www.geoportail-urbanisme.gouv.fr/api/document/4d645e5c1f646b15acfb7bfa668fb181/files/67112_reglement_20250618.pdf,,,,,,,,,,opposable en conformité,,aucune occurrence trouvée,False,,2026-08-26
c36b24e8099cdd81f6a3f59d4c7a05ae,,PADD,https://www.geoportail-urbanisme.gouv.fr/api/document/c36b24e8099cdd81f6a3f59d4c7a05ae/files/67113_padd_20251124.pdf,,,,,,,,,,non opposable,,aucune occurrence trouvée,False,,2026-08-26
c36b24e8099cdd81f6a3f59d4c7a05ae,,règlement écrit,https://www.geoportail-urbanisme.gouv.fr/api/document/c36b24e8099cdd81f6a3f59d4c7a05ae/files/67113_reglement_20251124.pdf,,,,,,,,,,opposable en conformité,,aucune occurrence trouvée,False,,2026-08-26
86e3aeb923c7874e80bd3455f01aac22,,PADD,https://www.geoportail-urbanisme.gouv.fr/api/document/86e3aeb923c7874e80bd3455f01aac22/files/67115_padd_20260303.pdf,,,,,,,,,,non opposable,,aucune occurrence trouvée,False,,2026-08-26
11f9934632fec3c03325e420a0237cd7,,PADD,https://www.geoportail-urbanisme.gouv.fr/api/document/11f9934632fec3c03325e420a0237cd7/files/67127_padd_20251113.pdf,,,,,,,,,,non opposable,,aucune occurrence trouvée,False,,2026-08-26
11f9934632fec3c03325e420a0237cd7,,règlement écrit,https://www.geoportail-urbanisme.gouv.fr/api/document/11f9934632fec3c03325e420a0237cd7/files/67127_reglement_20251113.pdf,,,,,,,,,,opposable en conformité,,aucune occurrence trouvée,False,,2026-08-26
11f9934632fec3c03325e420a0237cd7,,règlement écrit,https://www.geoportail-urbanisme.gouv.fr/api/document/11f9934632fec3c03325e420a0237cd7/files/67127_A1_reglement_ppri_20251113.pdf,,,,,,,,,,opposable en conformité,,aucune occurrence trouvée,False,,2026-08-26
f4556f23f75c5cfd9c4c839810510835,,PADD,https://www.geoportail-urbanisme.gouv.fr/api/document/f4556f23f75c5cfd9c4c839810510835/files/67128_padd_20211220.pdf,,,,,,,,,,non opposable,,aucune occurrence trouvée,False,,2026-08-26
f4556f23f75c5cfd9c4c839810510835,,OAP,https://www.geoportail-urbanisme.gouv.fr/api/document/f4556f23f75c5cfd9c4c839810510835/files/67128_orientations_amenagement_20211220.pdf,,,,,,,,,,opposable en compatibilité,,aucune occurrence trouvée,False,,2026-08-26
0fa5521e8d6c848b26e31a13cae992c1,,PADD,https://www.geoportail-urbanisme.gouv.fr/api/document/0fa5521e8d6c848b26e31a13cae992c1/files/67129_padd_20200626.pdf,,,,,,,,,,non opposable,,aucune occurrence trouvée,False,,2026-08-26
0fa5521e8d6c848b26e31a13cae992c1,,OAP,https://www.geoportail-urbanisme.gouv.fr/api/document/0fa5521e8d6c848b26e31a13cae992c1/files/67129_orientations_amenagement_18_00_20200626.pdf,,,,,,,,,,opposable en compatibilité,,aucune occurrence trouvée,False,,2026-08-26
a9bbdf43bf011015765405b8abff2a14,,PADD,https://www.geoportail-urbanisme.gouv.fr/api/document/a9bbdf43bf011015765405b8abff2a14/files/67130_padd_20251208.pdf,,,,,,,,,,non opposable,,aucune occurrence trouvée,False,,2026-08-26
a9bbdf43bf011015765405b8abff2a14,,règlement écrit,https://www.geoportail-urbanisme.gouv.fr/api/document/a9bbdf43bf011015765405b8abff2a14/files/67130_reglement_20251208.pdf,,,,,,,,,,opposable en conformité,,aucune occurrence trouvée,False,,2026-08-26
a9bbdf43bf011015765405b8abff2a14,,règlement écrit,https://www.geoportail-urbanisme.gouv.fr/api/document/a9bbdf43bf011015765405b8abff2a14/files/67130_PPRi_reglement_maj_20251208.pdf,,,,,,,,,,opposable en conformité,,aucune occurrence trouvée,True,élevée,2026-08-26
a9bbdf43bf011015765405b8abff2a14,,règlement écrit,https://www.geoportail-urbanisme.gouv.fr/api/document/a9bbdf43bf011015765405b8abff2a14/files/67130_RLP_20_00_reglement_20251208.pdf,,,,,,,,,,opposable en conformité,,aucune occurrence trouvée,False,,2026-08-26
a9bbdf43bf011015765405b8abff2a14,,OAP,https://www.geoportail-urbanisme.gouv.fr/api/document/a9bbdf43bf011015765405b8abff2a14/files/67130_orientations_amenagement_18_00_20251208.pdf,,,,,,,,,,opposable en compatibilité,,aucune occurrence trouvée,False,,2026-08-26
f34ac9ef79e7251a3a8526b438fe60c1,,PADD,https://www.geoportail-urbanisme.gouv.fr/api/document/f34ac9ef79e7251a3a8526b438fe60c1/files/67141_padd_20231116.pdf,,,,,,,,,,non opposable,,aucune occurrence trouvée,True,élevée,2026-08-26
f34ac9ef79e7251a3a8526b438fe60c1,,règlement écrit,https://www.geoportail-urbanisme.gouv.fr/api/document/f34ac9ef79e7251a3a8526b438fe60c1/files/67141_reglement_20231116.pdf,,,,,,,,,,opposable en conformité,,aucune occurrence trouvée,False,,2026-08-26
9659c684b42ce239c179221fe217486e,,PADD,https://www.geoportail-urbanisme.gouv.fr/api/document/9659c684b42ce239c179221fe217486e/files/67146_padd_20220118.pdf,,,,,,,,,,non opposable,,aucune occurrence trouvée,False,,2026-08-26
9659c684b42ce239c179221fe217486e,,règlement écrit,https://www.geoportail-urbanisme.gouv.fr/api/document/9659c684b42ce239c179221fe217486e/files/67146_reglement_20220118.pdf,,,,,,,,,,opposable en conformité,,aucune occurrence trouvée,False,,2026-08-26
dd7f71c81d64c5a110fd0eeaf2680f78,,PADD,https://www.geoportail-urbanisme.gouv.fr/api/document/dd7f71c81d64c5a110fd0eeaf2680f78/files/67154_padd_20170911.pdf,,,,,,,,,,non opposable,,aucune occurrence trouvée,True,élevée,2026-08-26
dd7f71c81d64c5a110fd0eeaf2680f78,,règlement écrit,https://www.geoportail-urbanisme.gouv.fr/api/document/dd7f71c81d64c5a110fd0eeaf2680f78/files/67154_reglement_20170911.pdf,,,,,,,,,,opposable en conformité,,aucune occurrence trouvée,True,élevée,2026-08-26
b2ff4834e7566ea92ff6ba64783a38b9,,PADD,https://www.geoportail-urbanisme.gouv.fr/api/document/b2ff4834e7566ea92ff6ba64783a38b9/files/67156_padd_20240322.pdf,,,,,,,,,,non opposable,,aucune occurrence trouvée,False,,2026-08-26
b2ff4834e7566ea92ff6ba64783a38b9,,règlement écrit,https://www.geoportail-urbanisme.gouv.fr/api/document/b2ff4834e7566ea92ff6ba64783a38b9/files/67156_reglement_20240322.pdf,,,,,,,,,,opposable en conformité,,aucune occurrence trouvée,False,,2026-08-26
b2ff4834e7566ea92ff6ba64783a38b9,,OAP,https://www.geoportail-urbanisme.gouv.fr/api/document/b2ff4834e7566ea92ff6ba64783a38b9/files/67156_orientations_amenagement_20240322.pdf,,,,,,,,,,opposable en compatibilité,,aucune occurrence trouvée,False,,2026-08-26
fc6221b63e5f08278b404450a8d9ee72,,OAP,https://www.geoportail-urbanisme.gouv.fr/api/document/fc6221b63e5f08278b404450a8d9ee72/files/67161_orientations_amenagement_18_01_20200204.pdf,,,,,,,,,,opposable en compatibilité,,aucune occurrence trouvée,False,,2026-08-26
fc6221b63e5f08278b404450a8d9ee72,,PADD,https://www.geoportail-urbanisme.gouv.fr/api/document/fc6221b63e5f08278b404450a8d9ee72/files/67161_padd_20200204.pdf,,,,,,,,,,non opposable,,aucune occurrence trouvée,False,,2026-08-26
fc6221b63e5f08278b404450a8d9ee72,,règlement écrit,https://www.geoportail-urbanisme.gouv.fr/api/document/fc6221b63e5f08278b404450a8d9ee72/files/67161_reglement_20200204.pdf,,,,,,,,,,opposable en conformité,,aucune occurrence trouvée,False,,2026-08-26
a39d43a19acccad27036f3a09c82b354,,PADD,https://www.geoportail-urbanisme.gouv.fr/api/document/a39d43a19acccad27036f3a09c82b354/files/67167_padd_20211208.pdf,,,,,,,,,,non opposable,,aucune occurrence trouvée,True,faible,2026-08-26
a39d43a19acccad27036f3a09c82b354,,règlement écrit,https://www.geoportail-urbanisme.gouv.fr/api/document/a39d43a19acccad27036f3a09c82b354/files/67167_reglement_20211208.pdf,,,,,,,,,,opposable en conformité,,aucune occurrence trouvée,False,,2026-08-26
a3b81f92d7de7491d24efd66e6384ba9,,PADD,https://www.geoportail-urbanisme.gouv.fr/api/document/a3b81f92d7de7491d24efd66e6384ba9/files/67168_padd_20250113.pdf,,,,,,,,,,non opposable,,aucune occurrence trouvée,False,,2026-08-26
a3b81f92d7de7491d24efd66e6384ba9,,règlement écrit,https://www.geoportail-urbanisme.gouv.fr/api/document/a3b81f92d7de7491d24efd66e6384ba9/files/67168_reglement_20250113.pdf,,,,,,,,,,opposable en conformité,,aucune occurrence trouvée,False,,2026-08-26
a3b81f92d7de7491d24efd66e6384ba9,,règlement écrit,https://www.geoportail-urbanisme.gouv.fr/api/document/a3b81f92d7de7491d24efd66e6384ba9/files/67168_reglement_PPRi_20250113.pdf,,,,,,,,,,opposable en conformité,,aucune occurrence trouvée,False,,2026-08-26
12698d5bb8b9e934adf7daff50eef625,,PADD,https://www.geoportail-urbanisme.gouv.fr/api/document/12698d5bb8b9e934adf7daff50eef625/files/67172_padd_20191213.pdf,,,,,,,,,,non opposable,,aucune occurrence trouvée,False,,2026-08-26
12698d5bb8b9e934adf7daff50eef625,,règlement écrit,https://www.geoportail-urbanisme.gouv.fr/api/document/12698d5bb8b9e934adf7daff50eef625/files/67172_reglement_20191213.pdf,,,,,,,,,,opposable en conformité,,aucune occurrence trouvée,False,,2026-08-26
12698d5bb8b9e934adf7daff50eef625,,OAP,https://www.geoportail-urbanisme.gouv.fr/api/document/12698d5bb8b9e934adf7daff50eef625/files/67172_orientations_amenagement_18_06_20191213.pdf,,,,,,,,,,opposable en compatibilité,,aucune occurrence trouvée,False,,2026-08-26
327fe4caaec3e723896a4fa2d9e1af80,,OAP,https://www.geoportail-urbanisme.gouv.fr/api/document/327fe4caaec3e723896a4fa2d9e1af80/files/67186_orientations_amenagement_20210107.pdf,,,,,,,,,,opposable en compatibilité,,aucune occurrence trouvée,False,,2026-08-26
5edf63b8118051e81a650e2a279541fd,,OAP,https://www.geoportail-urbanisme.gouv.fr/api/document/5edf63b8118051e81a650e2a279541fd/files/67188_orientations_amenagement_1_20251217.pdf,,,,,,,,,,opposable en compatibilité,,aucune occurrence trouvée,False,,2026-08-26
5edf63b8118051e81a650e2a279541fd,,OAP,https://www.geoportail-urbanisme.gouv.fr/api/document/5edf63b8118051e81a650e2a279541fd/files/67188_orientations_amenagement_2_20251217.pdf,,,,,,,,,,opposable en compatibilité,,aucune occurrence trouvée,False,,2026-08-26
eb0a09fe20c0a1d65085271042f0bb65,,PADD,https://www.geoportail-urbanisme.gouv.fr/api/document/eb0a09fe20c0a1d65085271042f0bb65/files/67191_padd_20210910.pdf,,,,,,,,,,non opposable,,aucune occurrence trouvée,False,,2026-08-26
eb0a09fe20c0a1d65085271042f0bb65,,règlement écrit,https://www.geoportail-urbanisme.gouv.fr/api/document/eb0a09fe20c0a1d65085271042f0bb65/files/67191_reglement_20210910.pdf,,,,,,,,,,opposable en conformité,,aucune occurrence trouvée,False,,2026-08-26
eb0a09fe20c0a1d65085271042f0bb65,,règlement écrit,https://www.geoportail-urbanisme.gouv.fr/api/document/eb0a09fe20c0a1d65085271042f0bb65/files/67191_A1_ppri_sarre_reglement_20210910.pdf,,,,,,,,,,opposable en conformité,,aucune occurrence trouvée,False,,2026-08-26
eb0a09fe20c0a1d65085271042f0bb65,,OAP,https://www.geoportail-urbanisme.gouv.fr/api/document/eb0a09fe20c0a1d65085271042f0bb65/files/67191_orientations_amenagement_20210910.pdf,,,,,,,,,,opposable en compatibilité,,aucune occurrence trouvée,False,,2026-08-26
3d7cbfa12357702dc77481a7e26719f4,,OAP,https://www.geoportail-urbanisme.gouv.fr/api/document/3d7cbfa12357702dc77481a7e26719f4/files/67192_orientations_amenagement_20191003.pdf,,,,,,,,,,opposable en compatibilité,,aucune occurrence trouvée,False,,2026-08-26
3d7cbfa12357702dc77481a7e26719f4,,PADD,https://www.geoportail-urbanisme.gouv.fr/api/document/3d7cbfa12357702dc77481a7e26719f4/files/67192_padd_20191003.pdf,,,,,,,,,,non opposable,,aucune occurrence trouvée,False,,2026-08-26
3d7cbfa12357702dc77481a7e26719f4,,règlement écrit,https://www.geoportail-urbanisme.gouv.fr/api/document/3d7cbfa12357702dc77481a7e26719f4/files/67192_reglement_20191003.pdf,,,,,,,,,,opposable en conformité,,aucune occurrence trouvée,False,,2026-08-26
f1062fdc3db934aa3440508de0c5f133,,PADD,https://www.geoportail-urbanisme.gouv.fr/api/document/f1062fdc3db934aa3440508de0c5f133/files/67196_padd_20260210.pdf,,,,,,,,,,non opposable,,aucune occurrence trouvée,False,,2026-08-26
f1062fdc3db934aa3440508de0c5f133,,règlement écrit,https://www.geoportail-urbanisme.gouv.fr/api/document/f1062fdc3db934aa3440508de0c5f133/files/67196_reglement_20260210.pdf,,,,,,,,,,opposable en conformité,,aucune occurrence trouvée,False,,2026-08-26
1575c6d1cade47b0d2c362eea629042e,,PADD,https://www.geoportail-urbanisme.gouv.fr/api/document/1575c6d1cade47b0d2c362eea629042e/files/67197_padd_20251218.pdf,,,,,,,,,,non opposable,,aucune occurrence trouvée,False,,2026-08-26
1575c6d1cade47b0d2c362eea629042e,,règlement écrit,https://www.geoportail-urbanisme.gouv.fr/api/document/1575c6d1cade47b0d2c362eea629042e/files/67197_reglement_20251218.pdf,,,,,,,,,,opposable en conformité,,aucune occurrence trouvée,False,,2026-08-26
1575c6d1cade47b0d2c362eea629042e,,OAP,https://www.geoportail-urbanisme.gouv.fr/api/document/1575c6d1cade47b0d2c362eea629042e/files/67197_orientations_amenagement_1_20251218.pdf,,,,,,,,,,opposable en compatibilité,,aucune occurrence trouvée,False,,2026-08-26
36ec473498c3ae5a14b4c61db4f79394,,règlement écrit,https://www.geoportail-urbanisme.gouv.fr/api/document/36ec473498c3ae5a14b4c61db4f79394/files/67200_reglement_20260216.pdf,,,,,,,,,,opposable en conformité,,aucune occurrence trouvée,False,,2026-08-26
c9722795c3e231844b4aae1adcb3327d,,PADD,https://www.geoportail-urbanisme.gouv.fr/api/document/c9722795c3e231844b4aae1adcb3327d/files/67205_padd_20250623.pdf,,,,,,,,,,non opposable,,aucune occurrence trouvée,False,,2026-08-26
bac30244fee876d81b11b1103b86dddc,,PADD,https://www.geoportail-urbanisme.gouv.fr/api/document/bac30244fee876d81b11b1103b86dddc/files/67216_padd_20260223.pdf,,,,,,,,,,non opposable,,aucune occurrence trouvée,True,élevée,2026-08-26
bac30244fee876d81b11b1103b86dddc,,règlement écrit,https://www.geoportail-urbanisme.gouv.fr/api/document/bac30244fee876d81b11b1103b86dddc/files/67216_reglement_20260223.pdf,,,,,,,,,,opposable en conformité,,aucune occurrence trouvée,False,,2026-08-26
bac30244fee876d81b11b1103b86dddc,,règlement écrit,https://www.geoportail-urbanisme.gouv.fr/api/document/bac30244fee876d81b11b1103b86dddc/files/67216_reglement_ppri_20260223.pdf,,,,,,,,,,opposable en conformité,,aucune occurrence trouvée,False,,2026-08-26
c061be10895aa90b36a60d7127fa24f0,,PADD,https://www.geoportail-urbanisme.gouv.fr/api/document/c061be10895aa90b36a60d7127fa24f0/files/67223_padd_20240219.pdf,,,,,,,,,,non opposable,,aucune occurrence trouvée,False,,2026-08-26
c061be10895aa90b36a60d7127fa24f0,,règlement écrit,https://www.geoportail-urbanisme.gouv.fr/api/document/c061be10895aa90b36a60d7127fa24f0/files/67223_reglement_20240219.pdf,,,,,,,,,,opposable en conformité,,aucune occurrence trouvée,False,,2026-08-26
c061be10895aa90b36a60d7127fa24f0,,OAP,https://www.geoportail-urbanisme.gouv.fr/api/document/c061be10895aa90b36a60d7127fa24f0/files/67223_orientations_amenagement_20240219.pdf,,,,,,,,,,opposable en compatibilité,,aucune occurrence trouvée,False,,2026-08-26
1dc2c1cd430a77da5b529fa65edf5a1f,,PADD,https://www.geoportail-urbanisme.gouv.fr/api/document/1dc2c1cd430a77da5b529fa65edf5a1f/files/67232_padd_20130607.pdf,,,,,,,,,,non opposable,,aucune occurrence trouvée,False,,2026-08-26
1dc2c1cd430a77da5b529fa65edf5a1f,,règlement écrit,https://www.geoportail-urbanisme.gouv.fr/api/document/1dc2c1cd430a77da5b529fa65edf5a1f/files/67232_reglement_20130607.pdf,,,,,,,,,,opposable en conformité,,aucune occurrence trouvée,False,,2026-08-26
1dc2c1cd430a77da5b529fa65edf5a1f,,OAP,https://www.geoportail-urbanisme.gouv.fr/api/document/1dc2c1cd430a77da5b529fa65edf5a1f/files/67232_orientations_amenagement_18_00_20130607.pdf,,,,,,,,,,opposable en compatibilité,,aucune occurrence trouvée,False,,2026-08-26
04a34ffb72087d96326c513ae52dc0d2,,PADD,https://www.geoportail-urbanisme.gouv.fr/api/document/04a34ffb72087d96326c513ae52dc0d2/files/67233_padd_20200314.pdf,,,,,,,,,,non opposable,,aucune occurrence trouvée,False,,2026-08-26
04a34ffb72087d96326c513ae52dc0d2,,règlement écrit,https://www.geoportail-urbanisme.gouv.fr/api/document/04a34ffb72087d96326c513ae52dc0d2/files/67233_reglement_20200314.pdf,,,,,,,,,,opposable en conformité,,aucune occurrence trouvée,False,,2026-08-26
04a34ffb72087d96326c513ae52dc0d2,,OAP,https://www.geoportail-urbanisme.gouv.fr/api/document/04a34ffb72087d96326c513ae52dc0d2/files/67233_orientations_amenagement_20200314.pdf,,,,,,,,,,opposable en compatibilité,,aucune occurrence trouvée,False,,2026-08-26
d2bd1c96b21d78ad156e542926b6506f,,PADD,https://www.geoportail-urbanisme.gouv.fr/api/document/d2bd1c96b21d78ad156e542926b6506f/files/67234_padd_20220216.pdf,,,,,,,,,,non opposable,,aucune occurrence trouvée,False,,2026-08-26
d2bd1c96b21d78ad156e542926b6506f,,règlement écrit,https://www.geoportail-urbanisme.gouv.fr/api/document/d2bd1c96b21d78ad156e542926b6506f/files/67234_reglement_20220216.pdf,,,,,,,,,,opposable en conformité,,aucune occurrence trouvée,True,élevée,2026-08-26
d2bd1c96b21d78ad156e542926b6506f,,règlement écrit,https://www.geoportail-urbanisme.gouv.fr/api/document/d2bd1c96b21d78ad156e542926b6506f/files/67234_4_Reglement_PPRI_20220216.pdf,,,,,,,,,,opposable en conformité,,aucune occurrence trouvée,True,élevée,2026-08-26
d2bd1c96b21d78ad156e542926b6506f,,OAP,https://www.geoportail-urbanisme.gouv.fr/api/document/d2bd1c96b21d78ad156e542926b6506f/files/67234_orientations_amenagement_20220216.pdf,,,,,,,,,,opposable en compatibilité,,aucune occurrence trouvée,False,,2026-08-26
b69e260ffc76830aef751103cbfd0f82,,règlement écrit,https://www.geoportail-urbanisme.gouv.fr/api/document/b69e260ffc76830aef751103cbfd0f82/files/67239_reglement_20260128.pdf,,,,,,,,,,opposable en conformité,,aucune occurrence trouvée,False,,2026-08-26
17cd7286dfcae35b7438498a09358adf,,PADD,https://www.geoportail-urbanisme.gouv.fr/api/document/17cd7286dfcae35b7438498a09358adf/files/67240_padd_20200228.pdf,,,,,,,,,,non opposable,,aucune occurrence trouvée,False,,2026-08-26
17cd7286dfcae35b7438498a09358adf,,règlement écrit,https://www.geoportail-urbanisme.gouv.fr/api/document/17cd7286dfcae35b7438498a09358adf/files/67240_reglement_20200228.pdf,,,,,,,,,,opposable en conformité,,aucune occurrence trouvée,False,,2026-08-26
17cd7286dfcae35b7438498a09358adf,,règlement écrit,https://www.geoportail-urbanisme.gouv.fr/api/document/17cd7286dfcae35b7438498a09358adf/files/67240_2_6_ppri_reglement_20200228.pdf,,,,,,,,,,opposable en conformité,,aucune occurrence trouvée,False,,2026-08-26
17cd7286dfcae35b7438498a09358adf,,OAP,https://www.geoportail-urbanisme.gouv.fr/api/document/17cd7286dfcae35b7438498a09358adf/files/67240_orientations_amenagement_20200228.pdf,,,,,,,,,,opposable en compatibilité,,aucune occurrence trouvée,False,,2026-08-26
931dce441c11b4256949000dafed91f0,,PADD,https://www.geoportail-urbanisme.gouv.fr/api/document/931dce441c11b4256949000dafed91f0/files/67248_padd_20240219.pdf,,,,,,,,,,non opposable,,aucune occurrence trouvée,True,élevée,2026-08-26
931dce441c11b4256949000dafed91f0,,règlement écrit,https://www.geoportail-urbanisme.gouv.fr/api/document/931dce441c11b4256949000dafed91f0/files/67248_reglement_20240219.pdf,,,,,,,,,,opposable en conformité,,aucune occurrence trouvée,False,,2026-08-26
d9f1902e01d10dfb16b87041193ba1c5,,OAP,https://www.geoportail-urbanisme.gouv.fr/api/document/d9f1902e01d10dfb16b87041193ba1c5/files/67252_orientations_amenagement_18_00_20250623.pdf,,,,,,,,,,opposable en compatibilité,,aucune occurrence trouvée,False,,2026-08-26
d3aa9b769f860d2eb137337e980def1d,,PADD,https://www.geoportail-urbanisme.gouv.fr/api/document/d3aa9b769f860d2eb137337e980def1d/files/67259_PADD_20200305.pdf,,,,,,,,,,non opposable,,aucune occurrence trouvée,False,,2026-08-26
d3aa9b769f860d2eb137337e980def1d,,règlement écrit,https://www.geoportail-urbanisme.gouv.fr/api/document/d3aa9b769f860d2eb137337e980def1d/files/67259_reglement_20200305.pdf,,,,,,,,,,opposable en conformité,,aucune occurrence trouvée,False,,2026-08-26
d3aa9b769f860d2eb137337e980def1d,,OAP,https://www.geoportail-urbanisme.gouv.fr/api/document/d3aa9b769f860d2eb137337e980def1d/files/67259_orientations_amenagement_20200305.pdf,,,,,,,,,,opposable en compatibilité,,aucune occurrence trouvée,False,,2026-08-26
6a23d3f9ed21d7d0ddedc85cdff71c1e,,PADD,https://www.geoportail-urbanisme.gouv.fr/api/document/6a23d3f9ed21d7d0ddedc85cdff71c1e/files/67260_padd_20220331.pdf,,,,,,,,,,non opposable,,aucune occurrence trouvée,False,,2026-08-26
6a23d3f9ed21d7d0ddedc85cdff71c1e,,règlement écrit,https://www.geoportail-urbanisme.gouv.fr/api/document/6a23d3f9ed21d7d0ddedc85cdff71c1e/files/67260_reglement_20220331.pdf,,,,,,,,,,opposable en conformité,,aucune occurrence trouvée,False,,2026-08-26
6a23d3f9ed21d7d0ddedc85cdff71c1e,,OAP,https://www.geoportail-urbanisme.gouv.fr/api/document/6a23d3f9ed21d7d0ddedc85cdff71c1e/files/67260_orientations_amenagement_20220331.pdf,,,,,,,,,,opposable en compatibilité,,aucune occurrence trouvée,False,,2026-08-26
8ae18694b57b473bb4461d1d66380731,,PADD,https://www.geoportail-urbanisme.gouv.fr/api/document/8ae18694b57b473bb4461d1d66380731/files/67261_padd_20250505.pdf,,,,,,,,,,non opposable,,aucune occurrence trouvée,False,,2026-08-26
8ae18694b57b473bb4461d1d66380731,,OAP,https://www.geoportail-urbanisme.gouv.fr/api/document/8ae18694b57b473bb4461d1d66380731/files/67261_orientations_amenagement_20250505.pdf,,,,,,,,,,opposable en compatibilité,,aucune occurrence trouvée,False,,2026-08-26
d161b780c866c1c390f3d420efb8e48f,,PADD,https://www.geoportail-urbanisme.gouv.fr/api/document/d161b780c866c1c390f3d420efb8e48f/files/67263_padd_20260127.pdf,,,,,,,,,,non opposable,,aucune occurrence trouvée,False,,2026-08-26
d161b780c866c1c390f3d420efb8e48f,,règlement écrit,https://www.geoportail-urbanisme.gouv.fr/api/document/d161b780c866c1c390f3d420efb8e48f/files/67263_reglement_20260127.pdf,,,,,,,,,,opposable en conformité,,aucune occurrence trouvée,False,,2026-08-26
d161b780c866c1c390f3d420efb8e48f,,OAP,https://www.geoportail-urbanisme.gouv.fr/api/document/d161b780c866c1c390f3d420efb8e48f/files/67263_orientations_amenagement_20260127.pdf,,,,,,,,,,opposable en compatibilité,,aucune occurrence trouvée,False,,2026-08-26
529d586585da83ff5a056d71c9c1c7eb,,PADD,https://www.geoportail-urbanisme.gouv.fr/api/document/529d586585da83ff5a056d71c9c1c7eb/files/67266_padd_20260706.pdf,,,,,,,,,,non opposable,,aucune occurrence trouvée,True,élevée,2026-08-26
ad6748bd26d5270fed09bf7e8c200b8d,,OAP,https://www.geoportail-urbanisme.gouv.fr/api/document/ad6748bd26d5270fed09bf7e8c200b8d/files/67275_orientations_amenagement_20191211.pdf,,,,,,,,,,opposable en compatibilité,,aucune occurrence trouvée,False,,2026-08-26
ad6748bd26d5270fed09bf7e8c200b8d,,PADD,https://www.geoportail-urbanisme.gouv.fr/api/document/ad6748bd26d5270fed09bf7e8c200b8d/files/67275_padd_20191211.pdf,,,,,,,,,,non opposable,,aucune occurrence trouvée,False,,2026-08-26
3a36cdc19d5e9f5776a864d1cfc09e54,,PADD,https://www.geoportail-urbanisme.gouv.fr/api/document/3a36cdc19d5e9f5776a864d1cfc09e54/files/67277_padd_20200203.pdf,,,,,,,,,,non opposable,,aucune occurrence trouvée,False,,2026-08-26
3a36cdc19d5e9f5776a864d1cfc09e54,,règlement écrit,https://www.geoportail-urbanisme.gouv.fr/api/document/3a36cdc19d5e9f5776a864d1cfc09e54/files/67277_reglement_20200203.pdf,,,,,,,,,,opposable en conformité,,aucune occurrence trouvée,True,élevée,2026-08-26
3a36cdc19d5e9f5776a864d1cfc09e54,,OAP,https://www.geoportail-urbanisme.gouv.fr/api/document/3a36cdc19d5e9f5776a864d1cfc09e54/files/67277_orientations_amenagement_20200203.pdf,,,,,,,,,,opposable en compatibilité,,aucune occurrence trouvée,False,,2026-08-26
17ea7c671fae36cad3dfe829cabe8989,,PADD,https://www.geoportail-urbanisme.gouv.fr/api/document/17ea7c671fae36cad3dfe829cabe8989/files/67281_padd_20260305.pdf,,,,,,,,,,non opposable,,aucune occurrence trouvée,False,,2026-08-26
17ea7c671fae36cad3dfe829cabe8989,,règlement écrit,https://www.geoportail-urbanisme.gouv.fr/api/document/17ea7c671fae36cad3dfe829cabe8989/files/67281_reglement_20260305.pdf,,,,,,,,,,opposable en conformité,,aucune occurrence trouvée,False,,2026-08-26
e8505c9b21a7672bf4fe62e4baae6541,,PADD,https://www.geoportail-urbanisme.gouv.fr/api/document/e8505c9b21a7672bf4fe62e4baae6541/files/67282_padd_20221128.pdf,,,,,,,,,,non opposable,,aucune occurrence trouvée,False,,2026-08-26
e8505c9b21a7672bf4fe62e4baae6541,,règlement écrit,https://www.geoportail-urbanisme.gouv.fr/api/document/e8505c9b21a7672bf4fe62e4baae6541/files/67282_reglement_20221128.pdf,,,,,,,,,,opposable en conformité,,aucune occurrence trouvée,False,,2026-08-26
e8505c9b21a7672bf4fe62e4baae6541,,règlement écrit,https://www.geoportail-urbanisme.gouv.fr/api/document/e8505c9b21a7672bf4fe62e4baae6541/files/67282_14_sup_reglement_PPRI_20221128.pdf,,,,,,,,,,opposable en conformité,,aucune occurrence trouvée,False,,2026-08-26
e8505c9b21a7672bf4fe62e4baae6541,,OAP,https://www.geoportail-urbanisme.gouv.fr/api/document/e8505c9b21a7672bf4fe62e4baae6541/files/67282_orientations_amenagement_18_00_20221128.pdf,,,,,,,,,,opposable en compatibilité,,aucune occurrence trouvée,False,,2026-08-26
3a838b7e0825b454496a2bc46d118126,,règlement écrit,https://www.geoportail-urbanisme.gouv.fr/api/document/3a838b7e0825b454496a2bc46d118126/files/67283_reglement_20210628.pdf,,,,,,,,,,opposable en conformité,,aucune occurrence trouvée,False,,2026-08-26
3a838b7e0825b454496a2bc46d118126,,OAP,https://www.geoportail-urbanisme.gouv.fr/api/document/3a838b7e0825b454496a2bc46d118126/files/67283_orientations_amenagement_20210628.pdf,,,,,,,,,,opposable en compatibilité,,aucune occurrence trouvée,False,,2026-08-26
2c99b98333df5e6daa4fab9472eb8f0a,,PADD,https://www.geoportail-urbanisme.gouv.fr/api/document/2c99b98333df5e6daa4fab9472eb8f0a/files/67285_padd_20210825.pdf,,,,,,,,,,non opposable,,aucune occurrence trouvée,False,,2026-08-26
2c99b98333df5e6daa4fab9472eb8f0a,,règlement écrit,https://www.geoportail-urbanisme.gouv.fr/api/document/2c99b98333df5e6daa4fab9472eb8f0a/files/67285_reglement_20210825.pdf,,,,,,,,,,opposable en conformité,,aucune occurrence trouvée,False,,2026-08-26
2c99b98333df5e6daa4fab9472eb8f0a,,règlement écrit,https://www.geoportail-urbanisme.gouv.fr/api/document/2c99b98333df5e6daa4fab9472eb8f0a/files/67285_ppri_ill_reglement_20210825.pdf,,,,,,,,,,opposable en conformité,,aucune occurrence trouvée,False,,2026-08-26
2c99b98333df5e6daa4fab9472eb8f0a,,règlement écrit,https://www.geoportail-urbanisme.gouv.fr/api/document/2c99b98333df5e6daa4fab9472eb8f0a/files/67285_ppri_ill_zonage_reglementaire_20210825.pdf,,,,,,,,,,opposable en conformité,,aucune occurrence trouvée,True,faible,2026-08-26
2c99b98333df5e6daa4fab9472eb8f0a,,OAP,https://www.geoportail-urbanisme.gouv.fr/api/document/2c99b98333df5e6daa4fab9472eb8f0a/files/67285_orientations_amenagement_20210825.pdf,,,,,,,,,,opposable en compatibilité,,aucune occurrence trouvée,False,,2026-08-26
db53fa8a615ab6ceab2b51a8653c545c,,PADD,https://www.geoportail-urbanisme.gouv.fr/api/document/db53fa8a615ab6ceab2b51a8653c545c/files/67288_padd_20250430.pdf,,,,,,,,,,non opposable,,aucune occurrence trouvée,False,,2026-08-26
db53fa8a615ab6ceab2b51a8653c545c,,règlement écrit,https://www.geoportail-urbanisme.gouv.fr/api/document/db53fa8a615ab6ceab2b51a8653c545c/files/67288_reglement_20250430.pdf,,,,,,,,,,opposable en conformité,,aucune occurrence trouvée,False,,2026-08-26
db53fa8a615ab6ceab2b51a8653c545c,,OAP,https://www.geoportail-urbanisme.gouv.fr/api/document/db53fa8a615ab6ceab2b51a8653c545c/files/67288_orientations_amenagement_18_00_20250430.pdf,,,,,,,,,,opposable en compatibilité,,aucune occurrence trouvée,True,élevée,2026-08-26
402e585250d20814137c2c9db5f5529a,,PADD,https://www.geoportail-urbanisme.gouv.fr/api/document/402e585250d20814137c2c9db5f5529a/files/67299_padd_20221219.pdf,,,,,,,,,,non opposable,,aucune occurrence trouvée,False,,2026-08-26
402e585250d20814137c2c9db5f5529a,,règlement écrit,https://www.geoportail-urbanisme.gouv.fr/api/document/402e585250d20814137c2c9db5f5529a/files/67299_reglement_20221219.pdf,,,,,,,,,,opposable en conformité,,aucune occurrence trouvée,False,,2026-08-26
402e585250d20814137c2c9db5f5529a,,OAP,https://www.geoportail-urbanisme.gouv.fr/api/document/402e585250d20814137c2c9db5f5529a/files/67299_orientations_amenagement_20221219.pdf,,,,,,,,,,opposable en compatibilité,,aucune occurrence trouvée,False,,2026-08-26
793f094f1ffac726a071fb489baf0e43,,règlement écrit,https://www.geoportail-urbanisme.gouv.fr/api/document/793f094f1ffac726a071fb489baf0e43/files/67300_reglement_20221220.pdf,,,,,,,,,,opposable en conformité,,aucune occurrence trouvée,False,,2026-08-26
793f094f1ffac726a071fb489baf0e43,,OAP,https://www.geoportail-urbanisme.gouv.fr/api/document/793f094f1ffac726a071fb489baf0e43/files/67300_orientations_amenagement_20221220.pdf,,,,,,,,,,opposable en compatibilité,,aucune occurrence trouvée,False,,2026-08-26
64d0b4127ea42b9de62a1e7ea87e5b22,,PADD,https://www.geoportail-urbanisme.gouv.fr/api/document/64d0b4127ea42b9de62a1e7ea87e5b22/files/67302_padd_20260709.pdf,,,,,,,,,,non opposable,,aucune occurrence trouvée,False,,2026-08-26
64d0b4127ea42b9de62a1e7ea87e5b22,,règlement écrit,https://www.geoportail-urbanisme.gouv.fr/api/document/64d0b4127ea42b9de62a1e7ea87e5b22/files/67302_reglement_20260709.pdf,,,,,,,,,,opposable en conformité,,aucune occurrence trouvée,False,,2026-08-26
58f0265aacb541d67e1eb088d94c3b33,,OAP,https://www.geoportail-urbanisme.gouv.fr/api/document/58f0265aacb541d67e1eb088d94c3b33/files/67303_orientations_amenagement_18_00_20150526.pdf,,,,,,,,,,opposable en compatibilité,,aucune occurrence trouvée,False,,2026-08-26
58f0265aacb541d67e1eb088d94c3b33,,PADD,https://www.geoportail-urbanisme.gouv.fr/api/document/58f0265aacb541d67e1eb088d94c3b33/files/67303_padd_20150526.pdf,,,,,,,,,,non opposable,,aucune occurrence trouvée,False,,2026-08-26
58f0265aacb541d67e1eb088d94c3b33,,règlement écrit,https://www.geoportail-urbanisme.gouv.fr/api/document/58f0265aacb541d67e1eb088d94c3b33/files/67303_reglement_20150526.pdf,,,,,,,,,,opposable en conformité,,aucune occurrence trouvée,False,,2026-08-26
2e782afabec0a8c1c78ec25955bff2c3,,OAP,https://www.geoportail-urbanisme.gouv.fr/api/document/2e782afabec0a8c1c78ec25955bff2c3/files/67308_orientations_amenagement_18_00_20211115.pdf,,,,,,,,,,opposable en compatibilité,,aucune occurrence trouvée,False,,2026-08-26
74a1152d00062069c9290dee2489e046,,règlement écrit,https://www.geoportail-urbanisme.gouv.fr/api/document/74a1152d00062069c9290dee2489e046/files/67311_reglement_PPRI_Ill_20241008.pdf,,,,,,,,,,opposable en conformité,,aucune occurrence trouvée,False,,2026-08-26
74a1152d00062069c9290dee2489e046,,OAP,https://www.geoportail-urbanisme.gouv.fr/api/document/74a1152d00062069c9290dee2489e046/files/67311_orientations_amenagement_2_20241008.pdf,,,,,,,,,,opposable en compatibilité,,aucune occurrence trouvée,False,,2026-08-26
3b6464195e71f5bd0a3be8afedaf43be,,PADD,https://www.geoportail-urbanisme.gouv.fr/api/document/3b6464195e71f5bd0a3be8afedaf43be/files/67313_padd_20260224.pdf,,,,,,,,,,non opposable,,aucune occurrence trouvée,False,,2026-08-26
3b6464195e71f5bd0a3be8afedaf43be,,règlement écrit,https://www.geoportail-urbanisme.gouv.fr/api/document/3b6464195e71f5bd0a3be8afedaf43be/files/67313_Reglement_ecrit_PPRi_20260224.pdf,,,,,,,,,,opposable en conformité,,aucune occurrence trouvée,False,,2026-08-26
31f78291a0bb24644dca69484d482c4f,,PADD,https://www.geoportail-urbanisme.gouv.fr/api/document/31f78291a0bb24644dca69484d482c4f/files/67315_padd_20240704.pdf,,,,,,,,,,non opposable,,aucune occurrence trouvée,False,,2026-08-26
31f78291a0bb24644dca69484d482c4f,,règlement écrit,https://www.geoportail-urbanisme.gouv.fr/api/document/31f78291a0bb24644dca69484d482c4f/files/67315_reglement_20240704.pdf,,,,,,,,,,opposable en conformité,,aucune occurrence trouvée,False,,2026-08-26
e24d5b7bfc109965942a09a4f9e01760,,PADD,https://www.geoportail-urbanisme.gouv.fr/api/document/e24d5b7bfc109965942a09a4f9e01760/files/67325_padd_20201102.pdf,,,,,,,,,,non opposable,,aucune occurrence trouvée,False,,2026-08-26
e24d5b7bfc109965942a09a4f9e01760,,règlement écrit,https://www.geoportail-urbanisme.gouv.fr/api/document/e24d5b7bfc109965942a09a4f9e01760/files/67325_reglement_20201102.pdf,,,,,,,,,,opposable en conformité,,aucune occurrence trouvée,False,,2026-08-26
e24d5b7bfc109965942a09a4f9e01760,,OAP,https://www.geoportail-urbanisme.gouv.fr/api/document/e24d5b7bfc109965942a09a4f9e01760/files/67325_orientations_amenagement_20201102.pdf,,,,,,,,,,opposable en compatibilité,,aucune occurrence trouvée,False,,2026-08-26
ca84fda748e905528fde6670420367c7,,PADD,https://www.geoportail-urbanisme.gouv.fr/api/document/ca84fda748e905528fde6670420367c7/files/67327_padd_20231212.pdf,,,,,,,,,,non opposable,,aucune occurrence trouvée,False,,2026-08-26
ca84fda748e905528fde6670420367c7,,OAP,https://www.geoportail-urbanisme.gouv.fr/api/document/ca84fda748e905528fde6670420367c7/files/67327_orientations_amenagement_20231212.pdf,,,,,,,,,,opposable en compatibilité,,aucune occurrence trouvée,False,,2026-08-26
712f0fae0fee0e49bf7d0bbd7e3d0b47,,règlement écrit,https://www.geoportail-urbanisme.gouv.fr/api/document/712f0fae0fee0e49bf7d0bbd7e3d0b47/files/67329_reglement_20230927.pdf,,,,,,,,,,opposable en conformité,,aucune occurrence trouvée,False,,2026-08-26
712f0fae0fee0e49bf7d0bbd7e3d0b47,,OAP,https://www.geoportail-urbanisme.gouv.fr/api/document/712f0fae0fee0e49bf7d0bbd7e3d0b47/files/67329_orientations_amenagement_20140710.pdf,,,,,,,,,,opposable en compatibilité,,aucune occurrence trouvée,False,,2026-08-26
16e0b404bc7bf3ab4a801444cb15281f,,PADD,https://www.geoportail-urbanisme.gouv.fr/api/document/16e0b404bc7bf3ab4a801444cb15281f/files/67336_padd_20260629.pdf,,,,,,,,,,non opposable,,aucune occurrence trouvée,False,,2026-08-26
16e0b404bc7bf3ab4a801444cb15281f,,règlement écrit,https://www.geoportail-urbanisme.gouv.fr/api/document/16e0b404bc7bf3ab4a801444cb15281f/files/67336_reglement_20260629.pdf,,,,,,,,,,opposable en conformité,,aucune occurrence trouvée,False,,2026-08-26
16e0b404bc7bf3ab4a801444cb15281f,,règlement écrit,https://www.geoportail-urbanisme.gouv.fr/api/document/16e0b404bc7bf3ab4a801444cb15281f/files/67336_PPRi_reglement_20260629.pdf,,,,,,,,,,opposable en conformité,,aucune occurrence trouvée,False,,2026-08-26
16e0b404bc7bf3ab4a801444cb15281f,,règlement écrit,https://www.geoportail-urbanisme.gouv.fr/api/document/16e0b404bc7bf3ab4a801444cb15281f/files/67336_PPRi_zonage_reglementaire_20260629.pdf,,,,,,,,,,opposable en conformité,,aucune occurrence trouvée,True,moyenne,2026-08-26
82f72a525a374f3b60f983d690608854,,PADD,https://www.geoportail-urbanisme.gouv.fr/api/document/82f72a525a374f3b60f983d690608854/files/67338_padd_20230310.pdf,,,,,,,,,,non opposable,,aucune occurrence trouvée,False,,2026-08-26
82f72a525a374f3b60f983d690608854,,règlement écrit,https://www.geoportail-urbanisme.gouv.fr/api/document/82f72a525a374f3b60f983d690608854/files/67338_reglement_20230310.pdf,,,,,,,,,,opposable en conformité,,aucune occurrence trouvée,False,,2026-08-26
82f72a525a374f3b60f983d690608854,,OAP,https://www.geoportail-urbanisme.gouv.fr/api/document/82f72a525a374f3b60f983d690608854/files/67338_orientations_amenagement_20230310.pdf,,,,,,,,,,opposable en compatibilité,,aucune occurrence trouvée,False,,2026-08-26
4edabff809fffd143cf1e22662469284,,PADD,https://www.geoportail-urbanisme.gouv.fr/api/document/4edabff809fffd143cf1e22662469284/files/67342_padd_20190715.pdf,,,,,,,,,,non opposable,,aucune occurrence trouvée,False,,2026-08-26
4edabff809fffd143cf1e22662469284,,OAP,https://www.geoportail-urbanisme.gouv.fr/api/document/4edabff809fffd143cf1e22662469284/files/67342_orientations_amenagement_20190715.pdf,,,,,,,,,,opposable en compatibilité,,aucune occurrence trouvée,False,,2026-08-26
5608d7490898dd51cae4466a03a53dc4,,PADD,https://www.geoportail-urbanisme.gouv.fr/api/document/5608d7490898dd51cae4466a03a53dc4/files/67348_padd_20071217.pdf,,,,,,,,,,non opposable,,aucune occurrence trouvée,True,élevée,2026-08-26
5608d7490898dd51cae4466a03a53dc4,,règlement écrit,https://www.geoportail-urbanisme.gouv.fr/api/document/5608d7490898dd51cae4466a03a53dc4/files/67348_reglement_20231114.pdf,,,,,,,,,,opposable en conformité,,aucune occurrence trouvée,False,,2026-08-26
5608d7490898dd51cae4466a03a53dc4,,OAP,https://www.geoportail-urbanisme.gouv.fr/api/document/5608d7490898dd51cae4466a03a53dc4/files/67348_orientations_amenagement_20170927.pdf,,,,,,,,,,opposable en compatibilité,,aucune occurrence trouvée,True,élevée,2026-08-26
ebd7767a1bbed1e10afd1cfc704d1784,,OAP,https://www.geoportail-urbanisme.gouv.fr/api/document/ebd7767a1bbed1e10afd1cfc704d1784/files/67353_orientations_amenagement_20190215.pdf,,,,,,,,,,opposable en compatibilité,,aucune occurrence trouvée,False,,2026-08-26
ebd7767a1bbed1e10afd1cfc704d1784,,PADD,https://www.geoportail-urbanisme.gouv.fr/api/document/ebd7767a1bbed1e10afd1cfc704d1784/files/67353_padd_20190215.pdf,,,,,,,,,,non opposable,,aucune occurrence trouvée,False,,2026-08-26
ebd7767a1bbed1e10afd1cfc704d1784,,règlement écrit,https://www.geoportail-urbanisme.gouv.fr/api/document/ebd7767a1bbed1e10afd1cfc704d1784/files/67353_reglement_20190215.pdf,,,,,,,,,,opposable en conformité,,aucune occurrence trouvée,False,,2026-08-26
bce6875707d6b004c7458a6eb6e9eb51,,PADD,https://www.geoportail-urbanisme.gouv.fr/api/document/bce6875707d6b004c7458a6eb6e9eb51/files/67354_padd_20240606.pdf,,,,,,,,,,non opposable,,aucune occurrence trouvée,False,,2026-08-26
bce6875707d6b004c7458a6eb6e9eb51,,règlement écrit,https://www.geoportail-urbanisme.gouv.fr/api/document/bce6875707d6b004c7458a6eb6e9eb51/files/67354_reglement_20240606.pdf,,,,,,,,,,opposable en conformité,,aucune occurrence trouvée,False,,2026-08-26
bce6875707d6b004c7458a6eb6e9eb51,,règlement écrit,https://www.geoportail-urbanisme.gouv.fr/api/document/bce6875707d6b004c7458a6eb6e9eb51/files/67354_15_ppri_reglement_20240606.pdf,,,,,,,,,,opposable en conformité,,aucune occurrence trouvée,False,,2026-08-26
bce6875707d6b004c7458a6eb6e9eb51,,OAP,https://www.geoportail-urbanisme.gouv.fr/api/document/bce6875707d6b004c7458a6eb6e9eb51/files/67354_orientations_amenagement_20240606.pdf,,,,,,,,,,opposable en compatibilité,,aucune occurrence trouvée,False,,2026-08-26
548c5cb943267914422c568633fdab33,,PADD,https://www.geoportail-urbanisme.gouv.fr/api/document/548c5cb943267914422c568633fdab33/files/67355_padd_20230711.pdf,,,,,,,,,,non opposable,,aucune occurrence trouvée,False,,2026-08-26
548c5cb943267914422c568633fdab33,,règlement écrit,https://www.geoportail-urbanisme.gouv.fr/api/document/548c5cb943267914422c568633fdab33/files/67355_reglement_20230711.pdf,,,,,,,,,,opposable en conformité,,aucune occurrence trouvée,False,,2026-08-26
548c5cb943267914422c568633fdab33,,OAP,https://www.geoportail-urbanisme.gouv.fr/api/document/548c5cb943267914422c568633fdab33/files/67355_orientations_amenagement_1_20230711.pdf,,,,,,,,,,opposable en compatibilité,,aucune occurrence trouvée,False,,2026-08-26
fd419c1717ad13a6650f74fad3883435,,PADD,https://www.geoportail-urbanisme.gouv.fr/api/document/fd419c1717ad13a6650f74fad3883435/files/67362_padd_20250618.pdf,,,,,,,,,,non opposable,,aucune occurrence trouvée,False,,2026-08-26
07018dc02428aa20b32aad3b37241eb6,,PADD,https://www.geoportail-urbanisme.gouv.fr/api/document/07018dc02428aa20b32aad3b37241eb6/files/67364_padd_20240423.pdf,,,,,,,,,,non opposable,,aucune occurrence trouvée,False,,2026-08-26
07018dc02428aa20b32aad3b37241eb6,,règlement écrit,https://www.geoportail-urbanisme.gouv.fr/api/document/07018dc02428aa20b32aad3b37241eb6/files/67364_reglement_ppri_20240423.pdf,,,,,,,,,,opposable en conformité,,aucune occurrence trouvée,False,,2026-08-26
07018dc02428aa20b32aad3b37241eb6,,OAP,https://www.geoportail-urbanisme.gouv.fr/api/document/07018dc02428aa20b32aad3b37241eb6/files/67364_orientations_amenagement_18_00_20240423.pdf,,,,,,,,,,opposable en compatibilité,,aucune occurrence trouvée,False,,2026-08-26
ec055b21f1e1c44724b7e03c7123129b,,PADD,https://www.geoportail-urbanisme.gouv.fr/api/document/ec055b21f1e1c44724b7e03c7123129b/files/67366_padd_20200309.pdf,,,,,,,,,,non opposable,,aucune occurrence trouvée,False,,2026-08-26
ec055b21f1e1c44724b7e03c7123129b,,OAP,https://www.geoportail-urbanisme.gouv.fr/api/document/ec055b21f1e1c44724b7e03c7123129b/files/67366_orientations_amenagement_20200309.pdf,,,,,,,,,,opposable en compatibilité,,aucune occurrence trouvée,False,,2026-08-26
dea866c46a22716ab9d17f611eb7a7d4,,PADD,https://www.geoportail-urbanisme.gouv.fr/api/document/dea866c46a22716ab9d17f611eb7a7d4/files/67367_padd_20260129.pdf,,,,,,,,,,non opposable,,aucune occurrence trouvée,False,,2026-08-26
dea866c46a22716ab9d17f611eb7a7d4,,règlement écrit,https://www.geoportail-urbanisme.gouv.fr/api/document/dea866c46a22716ab9d17f611eb7a7d4/files/67367_reglement_20260129.pdf,,,,,,,,,,opposable en conformité,,aucune occurrence trouvée,False,,2026-08-26
dea866c46a22716ab9d17f611eb7a7d4,,OAP,https://www.geoportail-urbanisme.gouv.fr/api/document/dea866c46a22716ab9d17f611eb7a7d4/files/67367_orientations_amenagement_20260129.pdf,,,,,,,,,,opposable en compatibilité,,aucune occurrence trouvée,False,,2026-08-26
5efb9b5e06dc686b9c2a2ac17632ff2d,,PADD,https://www.geoportail-urbanisme.gouv.fr/api/document/5efb9b5e06dc686b9c2a2ac17632ff2d/files/67380_padd_20200717.pdf,,,,,,,,,,non opposable,,aucune occurrence trouvée,False,,2026-08-26
5efb9b5e06dc686b9c2a2ac17632ff2d,,OAP,https://www.geoportail-urbanisme.gouv.fr/api/document/5efb9b5e06dc686b9c2a2ac17632ff2d/files/67380_orientations_amenagement_20200717.pdf,,,,,,,,,,opposable en compatibilité,,aucune occurrence trouvée,False,,2026-08-26
52c5d95532a99b5b37fbb562bcd48674,,PADD,https://www.geoportail-urbanisme.gouv.fr/api/document/52c5d95532a99b5b37fbb562bcd48674/files/67383_padd_20231220.pdf,,,,,,,,,,non opposable,,aucune occurrence trouvée,False,,2026-08-26
52c5d95532a99b5b37fbb562bcd48674,,règlement écrit,https://www.geoportail-urbanisme.gouv.fr/api/document/52c5d95532a99b5b37fbb562bcd48674/files/67383_reglement_20231220.pdf,,,,,,,,,,opposable en conformité,,aucune occurrence trouvée,False,,2026-08-26
52c5d95532a99b5b37fbb562bcd48674,,OAP,https://www.geoportail-urbanisme.gouv.fr/api/document/52c5d95532a99b5b37fbb562bcd48674/files/67383_orientations_amenagement_20231220.pdf,,,,,,,,,,opposable en compatibilité,,aucune occurrence trouvée,False,,2026-08-26
9a0a52b71cbf951553a3f2b986718b7d,,PADD,https://www.geoportail-urbanisme.gouv.fr/api/document/9a0a52b71cbf951553a3f2b986718b7d/files/67384_padd_20230515.pdf,,,,,,,,,,non opposable,,aucune occurrence trouvée,True,élevée,2026-08-26
9a0a52b71cbf951553a3f2b986718b7d,,règlement écrit,https://www.geoportail-urbanisme.gouv.fr/api/document/9a0a52b71cbf951553a3f2b986718b7d/files/67384_reglement_20230515.pdf,,,,,,,,,,opposable en conformité,,aucune occurrence trouvée,True,élevée,2026-08-26
e3fe0bfab4510a97f9895311d39df774,,PADD,https://www.geoportail-urbanisme.gouv.fr/api/document/e3fe0bfab4510a97f9895311d39df774/files/67385_padd_20221209.pdf,,,,,,,,,,non opposable,,aucune occurrence trouvée,False,,2026-08-26
e3fe0bfab4510a97f9895311d39df774,,règlement écrit,https://www.geoportail-urbanisme.gouv.fr/api/document/e3fe0bfab4510a97f9895311d39df774/files/67385_reglement_20221209.pdf,,,,,,,,,,opposable en conformité,,aucune occurrence trouvée,False,,2026-08-26
e3fe0bfab4510a97f9895311d39df774,,OAP,https://www.geoportail-urbanisme.gouv.fr/api/document/e3fe0bfab4510a97f9895311d39df774/files/67385_orientations_amenagement_20221209.pdf,,,,,,,,,,opposable en compatibilité,,aucune occurrence trouvée,False,,2026-08-26
367b738386dd46d1c0dc10f9e1dd1d8f,,PADD,https://www.geoportail-urbanisme.gouv.fr/api/document/367b738386dd46d1c0dc10f9e1dd1d8f/files/67394_padd_20250402.pdf,,,,,,,,,,non opposable,,aucune occurrence trouvée,False,,2026-08-26
367b738386dd46d1c0dc10f9e1dd1d8f,,règlement écrit,https://www.geoportail-urbanisme.gouv.fr/api/document/367b738386dd46d1c0dc10f9e1dd1d8f/files/67394_reglement_20250402.pdf,,,,,,,,,,opposable en conformité,,aucune occurrence trouvée,False,,2026-08-26
367b738386dd46d1c0dc10f9e1dd1d8f,,OAP,https://www.geoportail-urbanisme.gouv.fr/api/document/367b738386dd46d1c0dc10f9e1dd1d8f/files/67394_orientations_amenagement_18_00_20250402.pdf,,,,,,,,,,opposable en compatibilité,,aucune occurrence trouvée,True,élevée,2026-08-26
a140daa327d42ef2ed7d0d1a0d4d14d7,,PADD,https://www.geoportail-urbanisme.gouv.fr/api/document/a140daa327d42ef2ed7d0d1a0d4d14d7/files/67401_padd_20251222.pdf,,,,,,,,,,non opposable,,aucune occurrence trouvée,True,élevée,2026-08-26
a140daa327d42ef2ed7d0d1a0d4d14d7,,OAP,https://www.geoportail-urbanisme.gouv.fr/api/document/a140daa327d42ef2ed7d0d1a0d4d14d7/files/67401_orientations_amenagement_18_00_20251222.pdf,,,,,,,,,,opposable en compatibilité,,aucune occurrence trouvée,False,,2026-08-26
c1efdd663a79def1d7d8023cc670d1d6,,PADD,https://www.geoportail-urbanisme.gouv.fr/api/document/c1efdd663a79def1d7d8023cc670d1d6/files/67408_padd_20260310.pdf,,,,,,,,,,non opposable,,aucune occurrence trouvée,False,,2026-08-26
c1efdd663a79def1d7d8023cc670d1d6,,règlement écrit,https://www.geoportail-urbanisme.gouv.fr/api/document/c1efdd663a79def1d7d8023cc670d1d6/files/67408_reglement_20260310.pdf,,,,,,,,,,opposable en conformité,,aucune occurrence trouvée,False,,2026-08-26
c1efdd663a79def1d7d8023cc670d1d6,,règlement écrit,https://www.geoportail-urbanisme.gouv.fr/api/document/c1efdd663a79def1d7d8023cc670d1d6/files/67408_9_PPRI_Mossig_Reglement_20260310.pdf,,,,,,,,,,opposable en conformité,,aucune occurrence trouvée,True,élevée,2026-08-26
95d1353266453723447fb10f024c31fa,,OAP,https://www.geoportail-urbanisme.gouv.fr/api/document/95d1353266453723447fb10f024c31fa/files/67410_orientations_amenagement_1_20180413.pdf,,,,,,,,,,opposable en compatibilité,,aucune occurrence trouvée,False,,2026-08-26
95d1353266453723447fb10f024c31fa,,PADD,https://www.geoportail-urbanisme.gouv.fr/api/document/95d1353266453723447fb10f024c31fa/files/67410_padd_20180413.pdf,,,,,,,,,,non opposable,,aucune occurrence trouvée,False,,2026-08-26
f522633aaf74c2660da5a1e1c77fd9a8,,PADD,https://www.geoportail-urbanisme.gouv.fr/api/document/f522633aaf74c2660da5a1e1c77fd9a8/files/67411_padd_20250414.pdf,,,,,,,,,,non opposable,,aucune occurrence trouvée,False,,2026-08-26
f522633aaf74c2660da5a1e1c77fd9a8,,règlement écrit,https://www.geoportail-urbanisme.gouv.fr/api/document/f522633aaf74c2660da5a1e1c77fd9a8/files/67411_reglement_20250414.pdf,,,,,,,,,,opposable en conformité,,aucune occurrence trouvée,False,,2026-08-26
f522633aaf74c2660da5a1e1c77fd9a8,,OAP,https://www.geoportail-urbanisme.gouv.fr/api/document/f522633aaf74c2660da5a1e1c77fd9a8/files/67411_orientations_amenagement_20250414.pdf,,,,,,,,,,opposable en compatibilité,,aucune occurrence trouvée,False,,2026-08-26
38f819380a62ec6f648908ec00bae9b5,,PADD,https://www.geoportail-urbanisme.gouv.fr/api/document/38f819380a62ec6f648908ec00bae9b5/files/67412_padd_20210923.pdf,,,,,,,,,,non opposable,,aucune occurrence trouvée,True,élevée,2026-08-26
38f819380a62ec6f648908ec00bae9b5,,règlement écrit,https://www.geoportail-urbanisme.gouv.fr/api/document/38f819380a62ec6f648908ec00bae9b5/files/67412_reglement_20210923.pdf,,,,,,,,,,opposable en conformité,,aucune occurrence trouvée,True,élevée,2026-08-26
38f819380a62ec6f648908ec00bae9b5,,OAP,https://www.geoportail-urbanisme.gouv.fr/api/document/38f819380a62ec6f648908ec00bae9b5/files/67412_orientations_amenagement_18_00_20140313.pdf,,,,,,,,,,opposable en compatibilité,,aucune occurrence trouvée,False,,2026-08-26
55d11db5ff9148c968ca57e6e9952208,,PADD,https://www.geoportail-urbanisme.gouv.fr/api/document/55d11db5ff9148c968ca57e6e9952208/files/67420_padd_20210923.pdf,,,,,,,,,,non opposable,,aucune occurrence trouvée,False,,2026-08-26
55d11db5ff9148c968ca57e6e9952208,,règlement écrit,https://www.geoportail-urbanisme.gouv.fr/api/document/55d11db5ff9148c968ca57e6e9952208/files/67420_PPRi_reglement_20210923.pdf,,,,,,,,,,opposable en conformité,,aucune occurrence trouvée,False,,2026-08-26
55d11db5ff9148c968ca57e6e9952208,,OAP,https://www.geoportail-urbanisme.gouv.fr/api/document/55d11db5ff9148c968ca57e6e9952208/files/67420_orientations_amenagement_20210923.pdf,,,,,,,,,,opposable en compatibilité,,aucune occurrence trouvée,False,,2026-08-26
df3f10e0d71211fc007fed1d5a595587,,PADD,https://www.geoportail-urbanisme.gouv.fr/api/document/df3f10e0d71211fc007fed1d5a595587/files/67433_padd_20260720.pdf,,,,,,,,,,non opposable,,aucune occurrence trouvée,False,,2026-08-26
df3f10e0d71211fc007fed1d5a595587,,règlement écrit,https://www.geoportail-urbanisme.gouv.fr/api/document/df3f10e0d71211fc007fed1d5a595587/files/67433_reglement_PPRi_20260720.pdf,,,,,,,,,,opposable en conformité,,aucune occurrence trouvée,False,,2026-08-26
bd0a83691a574e653484e7c0565196c1,,OAP,https://www.geoportail-urbanisme.gouv.fr/api/document/bd0a83691a574e653484e7c0565196c1/files/67437_orientations_amenagement_20240418.pdf,,,,,,,,,,opposable en compatibilité,,aucune occurrence trouvée,False,,2026-08-26
c94af61fe2f76964237ffd045a7410ee,,PADD,https://www.geoportail-urbanisme.gouv.fr/api/document/c94af61fe2f76964237ffd045a7410ee/files/67438_padd_20250911.pdf,,,,,,,,,,non opposable,,aucune occurrence trouvée,False,,2026-08-26
c94af61fe2f76964237ffd045a7410ee,,règlement écrit,https://www.geoportail-urbanisme.gouv.fr/api/document/c94af61fe2f76964237ffd045a7410ee/files/67438_reglement_20250911.pdf,,,,,,,,,,opposable en conformité,,aucune occurrence trouvée,False,,2026-08-26
c94af61fe2f76964237ffd045a7410ee,,OAP,https://www.geoportail-urbanisme.gouv.fr/api/document/c94af61fe2f76964237ffd045a7410ee/files/67438_orientations_amenagement_1_20250911.pdf,,,,,,,,,,opposable en compatibilité,,aucune occurrence trouvée,False,,2026-08-26
96654dc58f57514e35f16c4f83bc592d,,PADD,https://www.geoportail-urbanisme.gouv.fr/api/document/96654dc58f57514e35f16c4f83bc592d/files/67442_padd_20240711.pdf,,,,,,,,,,non opposable,,aucune occurrence trouvée,False,,2026-08-26
96654dc58f57514e35f16c4f83bc592d,,règlement écrit,https://www.geoportail-urbanisme.gouv.fr/api/document/96654dc58f57514e35f16c4f83bc592d/files/67442_reglement_20240711.pdf,,,,,,,,,,opposable en conformité,,aucune occurrence trouvée,False,,2026-08-26
96654dc58f57514e35f16c4f83bc592d,,règlement écrit,https://www.geoportail-urbanisme.gouv.fr/api/document/96654dc58f57514e35f16c4f83bc592d/files/67442_reglement_zonage_ppri_20240711.pdf,,,,,,,,,,opposable en conformité,,aucune occurrence trouvée,False,,2026-08-26
96654dc58f57514e35f16c4f83bc592d,,OAP,https://www.geoportail-urbanisme.gouv.fr/api/document/96654dc58f57514e35f16c4f83bc592d/files/67442_orientations_amenagement_18_00_20240711.pdf,,,,,,,,,,opposable en compatibilité,,aucune occurrence trouvée,False,,2026-08-26
fc6bee104103d89651e5a0410d49cd49,,OAP,https://www.geoportail-urbanisme.gouv.fr/api/document/fc6bee104103d89651e5a0410d49cd49/files/67443_orientations_amenagement_20200303.pdf,,,,,,,,,,opposable en compatibilité,,aucune occurrence trouvée,False,,2026-08-26
b41a7e70e8fbeb0240065dde230a8ce6,,OAP,https://www.geoportail-urbanisme.gouv.fr/api/document/b41a7e70e8fbeb0240065dde230a8ce6/files/67445_orientations_amenagement_20230228.pdf,,,,,,,,,,opposable en compatibilité,,aucune occurrence trouvée,False,,2026-08-26
d0dd2ff09a9715dabbc034b0b9e0c4f7,,PADD,https://www.geoportail-urbanisme.gouv.fr/api/document/d0dd2ff09a9715dabbc034b0b9e0c4f7/files/67448_padd_20250324.pdf,,,,,,,,,,non opposable,,aucune occurrence trouvée,True,élevée,2026-08-26
d0dd2ff09a9715dabbc034b0b9e0c4f7,,règlement écrit,https://www.geoportail-urbanisme.gouv.fr/api/document/d0dd2ff09a9715dabbc034b0b9e0c4f7/files/67448_SUP_PPRI_3_Reglement_20250324.pdf,,,,,,,,,,opposable en conformité,,aucune occurrence trouvée,False,,2026-08-26
4a9aae89f672f8ee2745b3e1fbf32e22,,PADD,https://www.geoportail-urbanisme.gouv.fr/api/document/4a9aae89f672f8ee2745b3e1fbf32e22/files/67455_padd_20250225.pdf,,,,,,,,,,non opposable,,aucune occurrence trouvée,False,,2026-08-26
4a9aae89f672f8ee2745b3e1fbf32e22,,règlement écrit,https://www.geoportail-urbanisme.gouv.fr/api/document/4a9aae89f672f8ee2745b3e1fbf32e22/files/67455_reglement_20250225.pdf,,,,,,,,,,opposable en conformité,,aucune occurrence trouvée,False,,2026-08-26
4a9aae89f672f8ee2745b3e1fbf32e22,,OAP,https://www.geoportail-urbanisme.gouv.fr/api/document/4a9aae89f672f8ee2745b3e1fbf32e22/files/67455_orientations_amenagement_18_00_20250225.pdf,,,,,,,,,,opposable en compatibilité,,aucune occurrence trouvée,False,,2026-08-26
55aa85974c768b0532e5800423bc3f19,,PADD,https://www.geoportail-urbanisme.gouv.fr/api/document/55aa85974c768b0532e5800423bc3f19/files/67462_padd_20260716.pdf,,,,,,,,,,non opposable,,aucune occurrence trouvée,False,,2026-08-26
55aa85974c768b0532e5800423bc3f19,,règlement écrit,https://www.geoportail-urbanisme.gouv.fr/api/document/55aa85974c768b0532e5800423bc3f19/files/67462_reglement_20260716.pdf,,,,,,,,,,opposable en conformité,,aucune occurrence trouvée,False,,2026-08-26
6be25972559a76cd8a0914542c4a57e1,,PADD,https://www.geoportail-urbanisme.gouv.fr/api/document/6be25972559a76cd8a0914542c4a57e1/files/67463_padd_20251013.pdf,,,,,,,,,,non opposable,,aucune occurrence trouvée,False,,2026-08-26
6be25972559a76cd8a0914542c4a57e1,,OAP,https://www.geoportail-urbanisme.gouv.fr/api/document/6be25972559a76cd8a0914542c4a57e1/files/67463_orientations_amenagement_20251013.pdf,,,,,,,,,,opposable en compatibilité,,aucune occurrence trouvée,False,,2026-08-26
fb895f6d9da393ab005775b75a905c35,,PADD,https://www.geoportail-urbanisme.gouv.fr/api/document/fb895f6d9da393ab005775b75a905c35/files/67468_padd_20231120.pdf,,,,,,,,,,non opposable,,aucune occurrence trouvée,False,,2026-08-26
fb895f6d9da393ab005775b75a905c35,,règlement écrit,https://www.geoportail-urbanisme.gouv.fr/api/document/fb895f6d9da393ab005775b75a905c35/files/67468_reglement_20231120.pdf,,,,,,,,,,opposable en conformité,,aucune occurrence trouvée,False,,2026-08-26
fb895f6d9da393ab005775b75a905c35,,OAP,https://www.geoportail-urbanisme.gouv.fr/api/document/fb895f6d9da393ab005775b75a905c35/files/67468_orientations_amenagement_20231120.pdf,,,,,,,,,,opposable en compatibilité,,aucune occurrence trouvée,False,,2026-08-26
f7d95126a3f30f4c0fafa5c8bd05ca86,,PADD,https://www.geoportail-urbanisme.gouv.fr/api/document/f7d95126a3f30f4c0fafa5c8bd05ca86/files/67473_padd_20250708.pdf,,,,,,,,,,non opposable,,aucune occurrence trouvée,False,,2026-08-26
f7d95126a3f30f4c0fafa5c8bd05ca86,,règlement écrit,https://www.geoportail-urbanisme.gouv.fr/api/document/f7d95126a3f30f4c0fafa5c8bd05ca86/files/67473_reglement_20250708.pdf,,,,,,,,,,opposable en conformité,,aucune occurrence trouvée,True,élevée,2026-08-26
f7d95126a3f30f4c0fafa5c8bd05ca86,,règlement écrit,https://www.geoportail-urbanisme.gouv.fr/api/document/f7d95126a3f30f4c0fafa5c8bd05ca86/files/67473_ppri_reglement_20250708.pdf,,,,,,,,,,opposable en conformité,,aucune occurrence trouvée,False,,2026-08-26
f7d95126a3f30f4c0fafa5c8bd05ca86,,OAP,https://www.geoportail-urbanisme.gouv.fr/api/document/f7d95126a3f30f4c0fafa5c8bd05ca86/files/67473_orientations_amenagement_20250708.pdf,,,,,,,,,,opposable en compatibilité,,aucune occurrence trouvée,True,faible,2026-08-26
d3357caf08fc5236fcb66a3c6a40712c,,PADD,https://www.geoportail-urbanisme.gouv.fr/api/document/d3357caf08fc5236fcb66a3c6a40712c/files/67480_padd_20230303.pdf,,,,,,,,,,non opposable,,aucune occurrence trouvée,False,,2026-08-26
d3357caf08fc5236fcb66a3c6a40712c,,règlement écrit,https://www.geoportail-urbanisme.gouv.fr/api/document/d3357caf08fc5236fcb66a3c6a40712c/files/67480_reglement_20230303.pdf,,,,,,,,,,opposable en conformité,,aucune occurrence trouvée,False,,2026-08-26
d3357caf08fc5236fcb66a3c6a40712c,,OAP,https://www.geoportail-urbanisme.gouv.fr/api/document/d3357caf08fc5236fcb66a3c6a40712c/files/67480_orientations_amenagement_20230303.pdf,,,,,,,,,,opposable en compatibilité,,aucune occurrence trouvée,True,élevée,2026-08-26
ac4c30039ed8446e051bfb4b7194476e,,PADD,https://www.geoportail-urbanisme.gouv.fr/api/document/ac4c30039ed8446e051bfb4b7194476e/files/67486_padd_20241217.pdf,,,,,,,,,,non opposable,,aucune occurrence trouvée,False,,2026-08-26
ac4c30039ed8446e051bfb4b7194476e,,OAP,https://www.geoportail-urbanisme.gouv.fr/api/document/ac4c30039ed8446e051bfb4b7194476e/files/67486_orientations_amenagement_20241217.pdf,,,,,,,,,,opposable en compatibilité,,aucune occurrence trouvée,False,,2026-08-26
7d848d9a8bbaa9897cd3c4e1350621c7,,PADD,https://www.geoportail-urbanisme.gouv.fr/api/document/7d848d9a8bbaa9897cd3c4e1350621c7/files/67501_padd_20231218.pdf,,,,,,,,,,non opposable,,aucune occurrence trouvée,False,,2026-08-26
7d848d9a8bbaa9897cd3c4e1350621c7,,OAP,https://www.geoportail-urbanisme.gouv.fr/api/document/7d848d9a8bbaa9897cd3c4e1350621c7/files/67501_orientations_amenagement_20231218.pdf,,,,,,,,,,opposable en compatibilité,,aucune occurrence trouvée,False,,2026-08-26
af81b900318ba97d31ca21fae4b03e6c,,OAP,https://www.geoportail-urbanisme.gouv.fr/api/document/af81b900318ba97d31ca21fae4b03e6c/files/67505_orientations_amenagement_18_00_1_20200731.pdf,,,,,,,,,,opposable en compatibilité,,aucune occurrence trouvée,False,,2026-08-26
af81b900318ba97d31ca21fae4b03e6c,,OAP,https://www.geoportail-urbanisme.gouv.fr/api/document/af81b900318ba97d31ca21fae4b03e6c/files/67505_orientations_amenagement_18_00_2_20200731.pdf,,,,,,,,,,opposable en compatibilité,,aucune occurrence trouvée,False,,2026-08-26
1b036c646cffcd288762c28781cd4e38,,PADD,https://www.geoportail-urbanisme.gouv.fr/api/document/1b036c646cffcd288762c28781cd4e38/files/67520_padd_20260611.pdf,,,,,,,,,,non opposable,,aucune occurrence trouvée,False,,2026-08-26
1b036c646cffcd288762c28781cd4e38,,règlement écrit,https://www.geoportail-urbanisme.gouv.fr/api/document/1b036c646cffcd288762c28781cd4e38/files/67520_reglement_20260611.pdf,,,,,,,,,,opposable en conformité,,aucune occurrence trouvée,False,,2026-08-26
1b036c646cffcd288762c28781cd4e38,,règlement écrit,https://www.geoportail-urbanisme.gouv.fr/api/document/1b036c646cffcd288762c28781cd4e38/files/67520_7_reglement_modifie_PPRI_20260611.pdf,,,,,,,,,,opposable en conformité,,aucune occurrence trouvée,True,élevée,2026-08-26
1b036c646cffcd288762c28781cd4e38,,OAP,https://www.geoportail-urbanisme.gouv.fr/api/document/1b036c646cffcd288762c28781cd4e38/files/67520_orientations_amenagement_20260611.pdf,,,,,,,,,,opposable en compatibilité,,aucune occurrence trouvée,False,,2026-08-26
d699ee12b61bc58eb849e550fac799eb,,OAP,https://www.geoportail-urbanisme.gouv.fr/api/document/d699ee12b61bc58eb849e550fac799eb/files/67523_orientations_amenagement_20191205.pdf,,,,,,,,,,opposable en compatibilité,,aucune occurrence trouvée,True,élevée,2026-08-26
aea4a984a46ce4089732ca80804c0f4c,,PADD,https://www.geoportail-urbanisme.gouv.fr/api/document/aea4a984a46ce4089732ca80804c0f4c/files/67525_padd_20231207.pdf,,,,,,,,,,non opposable,,aucune occurrence trouvée,False,,2026-08-26
aea4a984a46ce4089732ca80804c0f4c,,règlement écrit,https://www.geoportail-urbanisme.gouv.fr/api/document/aea4a984a46ce4089732ca80804c0f4c/files/67525_reglement_20231207.pdf,,,,,,,,,,opposable en conformité,,aucune occurrence trouvée,False,,2026-08-26
aea4a984a46ce4089732ca80804c0f4c,,OAP,https://www.geoportail-urbanisme.gouv.fr/api/document/aea4a984a46ce4089732ca80804c0f4c/files/67525_orientations_amenagement_20231207.pdf,,,,,,,,,,opposable en compatibilité,,aucune occurrence trouvée,False,,2026-08-26
9ff601fbd5299c96ea3ba526bf4717cf,,OAP,https://www.geoportail-urbanisme.gouv.fr/api/document/9ff601fbd5299c96ea3ba526bf4717cf/files/67526_orientations_amenagement_1_20180904.pdf,,,,,,,,,,opposable en compatibilité,,aucune occurrence trouvée,False,,2026-08-26
9ff601fbd5299c96ea3ba526bf4717cf,,PADD,https://www.geoportail-urbanisme.gouv.fr/api/document/9ff601fbd5299c96ea3ba526bf4717cf/files/67526_padd_20180904.pdf,,,,,,,,,,non opposable,,aucune occurrence trouvée,False,,2026-08-26
9ff601fbd5299c96ea3ba526bf4717cf,,règlement écrit,https://www.geoportail-urbanisme.gouv.fr/api/document/9ff601fbd5299c96ea3ba526bf4717cf/files/67526_reglement_20180904.pdf,,,,,,,,,,opposable en conformité,,aucune occurrence trouvée,False,,2026-08-26
69e9499a5872dc5f501e806714dcbe0f,,PADD,https://www.geoportail-urbanisme.gouv.fr/api/document/69e9499a5872dc5f501e806714dcbe0f/files/67529_padd_20260302.pdf,,,,,,,,,,non opposable,,aucune occurrence trouvée,False,,2026-08-26
69e9499a5872dc5f501e806714dcbe0f,,règlement écrit,https://www.geoportail-urbanisme.gouv.fr/api/document/69e9499a5872dc5f501e806714dcbe0f/files/67529_sup_ppri_moder_reglement_20260302.pdf,,,,,,,,,,opposable en conformité,,aucune occurrence trouvée,False,,2026-08-26
69e9499a5872dc5f501e806714dcbe0f,,règlement écrit,https://www.geoportail-urbanisme.gouv.fr/api/document/69e9499a5872dc5f501e806714dcbe0f/files/67529_sup_ppri_zorn_reglement_20260302.pdf,,,,,,,,,,opposable en conformité,,aucune occurrence trouvée,True,élevée,2026-08-26
586b0dc5bac8a1ad1911c19a05ba2d37,,PADD,https://www.geoportail-urbanisme.gouv.fr/api/document/586b0dc5bac8a1ad1911c19a05ba2d37/files/67537_padd_20220914.pdf,,,,,,,,,,non opposable,,aucune occurrence trouvée,False,,2026-08-26
586b0dc5bac8a1ad1911c19a05ba2d37,,règlement écrit,https://www.geoportail-urbanisme.gouv.fr/api/document/586b0dc5bac8a1ad1911c19a05ba2d37/files/67537_reglement_20220914.pdf,,,,,,,,,,opposable en conformité,,aucune occurrence trouvée,False,,2026-08-26
586b0dc5bac8a1ad1911c19a05ba2d37,,OAP,https://www.geoportail-urbanisme.gouv.fr/api/document/586b0dc5bac8a1ad1911c19a05ba2d37/files/67537_orientations_amenagement_18_00_20220914.pdf,,,,,,,,,,opposable en compatibilité,,aucune occurrence trouvée,False,,2026-08-26
a3a811682e5daa0306307cb82ad16962,,PADD,https://www.geoportail-urbanisme.gouv.fr/api/document/a3a811682e5daa0306307cb82ad16962/files/67545_padd_20220623.pdf,,,,,,,,,,non opposable,,aucune occurrence trouvée,False,,2026-08-26
a3a811682e5daa0306307cb82ad16962,,règlement écrit,https://www.geoportail-urbanisme.gouv.fr/api/document/a3a811682e5daa0306307cb82ad16962/files/67545_reglement_20220623.pdf,,,,,,,,,,opposable en conformité,,aucune occurrence trouvée,False,,2026-08-26
a3a811682e5daa0306307cb82ad16962,,OAP,https://www.geoportail-urbanisme.gouv.fr/api/document/a3a811682e5daa0306307cb82ad16962/files/67545_orientations_amenagement_20220623.pdf,,,,,,,,,,opposable en compatibilité,,aucune occurrence trouvée,False,,2026-08-26
a60b03871e0f1df81f60b7bf62c5134b,,PADD,https://www.geoportail-urbanisme.gouv.fr/api/document/a60b03871e0f1df81f60b7bf62c5134b/files/67547_padd_20250121.pdf,,,,,,,,,,non opposable,,aucune occurrence trouvée,False,,2026-08-26
3815707d7fef5c923fe8684a1c398ddb,,PADD,https://www.geoportail-urbanisme.gouv.fr/api/document/3815707d7fef5c923fe8684a1c398ddb/files/67550_padd_20201127.pdf,,,,,,,,,,non opposable,,aucune occurrence trouvée,False,,2026-08-26
3815707d7fef5c923fe8684a1c398ddb,,règlement écrit,https://www.geoportail-urbanisme.gouv.fr/api/document/3815707d7fef5c923fe8684a1c398ddb/files/67550_reglement_20201127.pdf,,,,,,,,,,opposable en conformité,,aucune occurrence trouvée,False,,2026-08-26
3815707d7fef5c923fe8684a1c398ddb,,OAP,https://www.geoportail-urbanisme.gouv.fr/api/document/3815707d7fef5c923fe8684a1c398ddb/files/67550_orientations_amenagement_20201127.pdf,,,,,,,,,,opposable en compatibilité,,aucune occurrence trouvée,False,,2026-08-26
