id_gpu,id_occurrence,nom_document,communes,type_piece_source,lien_web_document,reference_type,reference_precise,numero_page,zone_reglementaire_mentionnee,portee_geometrique,extrait_significatif,contexte_documentaire,confiance_extrait,justification,nature_occurrence,nature_juridique_piece,nature_sonore_zone,statut_verification,ocr_utilise,ocr_confiance,priorite,doublon_probable_de,validation_manuelle_statut,validation_manuelle_commentaire,doublon_de_id_occurrence
20a61be30f5ddb32c595001f8ac12cc9,1_67008_padd_20250519.pdf,Plan Local d'Urbanisme (PLU) de la commune de ALTORF,Altorf,PADD,https://www.geoportail-urbanisme.gouv.fr/api/document/20a61be30f5ddb32c595001f8ac12cc9/files/67008_padd_20250519.pdf,page,page 5,5,,zone_specifique,prendre en compte les nuisances sonores générées par l’autoroute A 35,"…anisation sera limité. La zone d’activités intercommunale de l’Activeum, située à proximité de la gare, bénéficie d’une très bonne desserte en transport en commun. A plus long terme, les zones d’extensions urbaines envisageables pourraient se situer au sud de la commune à l’arrière des constructions prendre en compte les nuisances sonores générées par l’autoroute A 35 PLU D’ALTORF PADD PLU ARRETE PAGE 3",forte,"Le PADD recommande de prendre en compte les nuisances sonores générées par l'autoroute A35 lors de l'urbanisation future des zones d'extension situées au sud de la commune, le long de la route de Strasbourg. Il s'agit d'une orientation concernant l'aménagement urbain à proximité d'une infrastructure bruyante, donc bien dans le périmètre diagBruit (impact sur les futures constructions, pas seulement sur l'infrastructure elle-même). La zone concernée est géographiquement circonscrite (extension sud, le long de la route de Strasbourg), sans contour administratif global, d'où une portée zone_specifique.",recommandation,non opposable,autre,validé,False,,23,,rejeté,trop vague,
97f82206998e6053cdd813a283e12fa7,1_67025_reglement_20260305.pdf,Plan Local d'Urbanisme (PLU) de la commune de BEINHEIM,Beinheim,règlement écrit,https://www.geoportail-urbanisme.gouv.fr/api/document/97f82206998e6053cdd813a283e12fa7/files/67025_reglement_20260305.pdf,alinea,Article 2,6,zones matérialisées au plan des annexes (axes de transports terrestres bruyants),zone_specifique,"Les constructions à usage d’hébergement et d’habitation doivent en outre répondre aux exigences d’isolement acoustique par rapport aux axes de transports terrestres bruyants, conformément à la réglementation en vigueur. Les zones concernées sont matérialisées au plan des annexes","…Schéma de COhérence Territoriale (S.C.O.T.). 3. Les articles L. 102-13, L311-2, L313-2, L424-1, L153-11 du Code de l’Urbanisme et L331-6 du code de l'environnement, sur le fond desquels peut être opposé un sursis à statuer. 4. Les constructions à usage d’hébergement et d’habitation doivent en outre Les constructions à usage d’hébergement et d’habitation doivent en outre répondre aux exigences d’isolement acoustique par rapport aux axes de transports terrestres bruyants, conformément à la réglementation en vigueur. Les zones concernées sont matérialisées au plan des annexes restauration immobilière. 7. L’article L. 600-2 du Code de l’Urbanisme relatif aux règles applicables en cas d’annulation d’une décision de refus de permis de construire. II. Se superposent aux règles propres de ce Plan Local d’Urbanisme les dispositions législatives et réglementaires ci-après : - L…",moyenne,"Le passage impose aux constructions à usage d'hébergement et d'habitation de respecter des exigences d'isolement acoustique vis-à-vis des axes de transports terrestres bruyants, avec des zones matérialisées sur un plan annexe spécifique. Cela correspond au renvoi standard au classement sonore des voies (isolement acoustique réglementaire), ce qui normalement serait un simple renvoi non retenu. Mais ici, la formulation semble constituer une prescription du règlement local imposant cette isolation aux constructions d'habitation et d'hébergement, ce qui reste dans le périmètre diagBruit (bâtiments). Je le retiens avec une portée zone_specifique car les zones concernées sont matérialisées sur un plan annexe distinct.",prescription,opposable en conformité,lutte_bruit_existant,validé,False,,13,,rejeté,classement sonore,
70fe46752c08fc68eb2f95c554562007,3_67045_reglement_20250908.pdf,Plan Local d'Urbanisme (PLU) de la commune de BISCHOFFSHEIM,Bischoffsheim,règlement écrit,https://www.geoportail-urbanisme.gouv.fr/api/document/70fe46752c08fc68eb2f95c554562007/files/67045_reglement_20250908.pdf,alinea,Article 2,85,Zone de bruit D du PEB de l'aérodrome de Strasbourg-Entzheim,zone_specifique,"Les constructions, dans la zone de bruit D définie par le plan d’exposition aux bruits des aéronefs de l’aérodrome de Strasbourg-Entzheim, doivent faire l’objet de mesures d'isolation acoustique prévues à l’article L.147-6 du Code de l’Urbanisme.","- qu'elles soient nécessaires aux personnels dont la présence sur place est
directement liée à l'activité de l'exploitation agricole,
- qu’elles soient situées en dehors de la zone de risque ammoniac. Les constructions, dans la zone de bruit D définie par le plan d’exposition aux bruits des aéronefs de l’aérodrome de Strasbourg-Entzheim, doivent faire l’objet de mesures d'isolation acoustique prévues à l’article L.147-6 du Code de l’Urbanisme. Dans le secteur Ab",forte,"Le passage impose une mesure d'isolation acoustique au titre de l'article L.147-6 du Code de l'Urbanisme pour les constructions situées en zone D du PEB. Bien que le PEB soit déjà traité par ailleurs par diagBruit, ici l'exigence porte spécifiquement sur les constructions elles-mêmes (isolation acoustique), ce qui constitue une prescription applicable aux bâtiments et non un simple renvoi générique sans conséquence sur les projets de construction. Retenu comme règle autonome avec portée géométrique liée à la zone D du PEB.",prescription,opposable en conformité,autre,validé,True,élevée,22,1_67045_reglement_20250908.pdf,rejeté,PEB,
70fe46752c08fc68eb2f95c554562007,5_67045_reglement_20250908.pdf,Plan Local d'Urbanisme (PLU) de la commune de BISCHOFFSHEIM,Bischoffsheim,règlement écrit,https://www.geoportail-urbanisme.gouv.fr/api/document/70fe46752c08fc68eb2f95c554562007/files/67045_reglement_20250908.pdf,alinea,Article 2,113,Zone de bruit D (PEB Strasbourg-Entzheim) / secteur NSg1,zone_specifique,"- _- Dans la zone de bruit D, définie par le plan d’exposition aux bruits de l’aérodrome de Strasbourg-
Entzheim, les aménagements et extensions des habitations existantes admis doivent faire l’objet de
mesures d'isolation acoustique dans les conditions prévues par l’article L.146-7 du Code de
l'Urbanisme.","- Les aménagements et les extensions des bâtiments existants à condition que leur affectation reste
compatible avec les occupations et utilisations du sol admises dans ce secteur de zone. - _- Dans la zone de bruit D, définie par le plan d’exposition aux bruits de l’aérodrome de Strasbourg-
Entzheim, les aménagements et extensions des habitations existantes admis doivent faire l’objet de
mesures d'isolation acoustique dans les conditions prévues par l’article L.146-7 du Code de
l'Urbanisme. Dans le sous-secteur NSg1",forte,"Le passage mentionne bien le PEB, mais il ne se contente pas d'un simple renvoi implicite à l'isolement standard : il impose explicitement une obligation de mesures d'isolation acoustique pour les aménagements et extensions des habitations existantes dans la zone D, en la rattachant à l'article L.146-7 du Code de l'urbanisme. Cela constitue une prescription autonome rattachée au document d'urbanisme (et non une simple référence à l'arrêté de classement sonore), retenue avec une portée géométrique spécifique à la zone D du PEB.",prescription,opposable en conformité,autre,validé,True,élevée,22,4_67045_reglement_20250908.pdf,rejeté,PEB,
70fe46752c08fc68eb2f95c554562007,1_67045_reglement_20250908.pdf,Plan Local d'Urbanisme (PLU) de la commune de BISCHOFFSHEIM,Bischoffsheim,règlement écrit,https://www.geoportail-urbanisme.gouv.fr/api/document/70fe46752c08fc68eb2f95c554562007/files/67045_reglement_20250908.pdf,alinea,Article 2,4,zone D du PEB de l'aérodrome de Strasbourg-Entzheim,zone_specifique,"Les constructions, dans la zone de bruit D définie par le plan d’exposition aux bruits des aéronefs de l’aérodrome de Strasbourg-Entzheim, doivent faire l’objet de mesures d’isolation acoustique dans les conditions prévues à l’article L. 147-6 du Code de l'Urbanisme.","- Les constructions à usage d’habitation à la condition supplémentaire qu’elles soient
édifiées en dehors de la zone de risque liée à l’ammoniac des installations réfrigérantes
de la brasserie Kronenbourg. Les constructions, dans la zone de bruit D définie par le plan d’exposition aux bruits des aéronefs de l’aérodrome de Strasbourg-Entzheim, doivent faire l’objet de mesures d’isolation acoustique dans les conditions prévues à l’article L. 147-6 du Code de l'Urbanisme. Dans le secteur de zone UX3",totale,"Le passage impose une obligation de mesures d'isolation acoustique aux constructions situées dans la zone D du PEB. Contrairement à un simple renvoi, il s'agit ici d'une prescription qui vise explicitement les constructions (bâtiments), avec un renvoi à l'article L.147-6 du Code de l'urbanisme qui prévoit des règles d'isolement spécifiques au PEB — cela reste dans le périmètre diagBruit car cela concerne des projets de construction de bâtiments. La règle est autonome dans la mesure où elle formalise explicitement dans le règlement d'urbanisme une obligation qui pourrait sinon n'être qu'implicite. La portée est limitée à la zone D du PEB, qui nécessite un tracé spécifique.",prescription,opposable en conformité,autre,validé,True,élevée,32,3_67045_reglement_20250908.pdf,rejeté,PEB,
70fe46752c08fc68eb2f95c554562007,4_67045_reglement_20250908.pdf,Plan Local d'Urbanisme (PLU) de la commune de BISCHOFFSHEIM,Bischoffsheim,règlement écrit,https://www.geoportail-urbanisme.gouv.fr/api/document/70fe46752c08fc68eb2f95c554562007/files/67045_reglement_20250908.pdf,alinea,Article 2,85,Zone de bruit D du PEB de l'aérodrome de Strasbourg-Entzheim (secteur Ab),zone_specifique,"Dans la zone de bruit D définie par le plan d’exposition aux bruits des aéronefs de l’aérodrome de Strasbourg-Entzheim, les aménagements et les extensions des habitations existantes admis devront faire l’objet de mesures d’isolation acoustique dans les conditions prévues par l’article L.147-6 du Code de l’Urbanisme.","Dans le secteur Ab Dans la zone de bruit D définie par le plan d’exposition aux bruits des aéronefs de l’aérodrome de Strasbourg-Entzheim, les aménagements et les extensions des habitations existantes admis devront faire l’objet de mesures d’isolation acoustique dans les conditions prévues par l’article L.147-6 du Code de l’Urbanisme. Dans le sous-secteur Abn",totale,"Le passage ne se contente pas de rappeler l'isolement acoustique standard du PEB : il impose que les aménagements et extensions d'habitations existantes admis dans la zone D fassent l'objet de mesures d'isolation acoustique spécifiques selon l'article L.147-6 du Code de l'urbanisme. Cette règle concerne directement les bâtiments (habitations existantes) et leurs extensions/aménagements, donc relève bien du périmètre diagBruit et constitue une règle autonome liée à une zone réglementaire spécifique (secteur Ab).",prescription,opposable en conformité,autre,validé,True,élevée,32,5_67045_reglement_20250908.pdf,rejeté,PEB,
43a432f0e5b50ad621c6d01bd8d9e8e2,1_67055_reglement_20250428.pdf,Plan Local d'Urbanisme (PLU) de la commune de BOOFZHEIM,Boofzheim,règlement écrit,https://www.geoportail-urbanisme.gouv.fr/api/document/43a432f0e5b50ad621c6d01bd8d9e8e2/files/67055_reglement_20250428.pdf,alinea,Article 2,5,,zone_specifique,"Les constructions à usage d’hébergement et d’habitation doivent en outre répondre aux exigences d’isolement acoustique par rapport aux axes de transports terrestres bruyants, conformément à la réglementation en vigueur. Les zones concernées sont matérialisées au plan des annexes","…Sont et demeurent applicables sur le territoire communal : 1. Les articles d'ordre public du Code de l'Urbanisme : - R. 111-2 : salubrité et sécurité publique ; - R. 111-4: conservation et mise en valeur d'un site ou vestige archéologique ; - R. 111-15 : respect des préoccupations d'environnement ; Les constructions à usage d’hébergement et d’habitation doivent en outre répondre aux exigences d’isolement acoustique par rapport aux axes de transports terrestres bruyants, conformément à la réglementation en vigueur. Les zones concernées sont matérialisées au plan des annexes transports terrestres bruyants, conformément à la réglementation en vigueur. Les zones concernées sont matérialisées au plan des annexes 5. Les articles L. 113-1 à L. 113-2 et R. 113-1 à R. 113-2 du Code de l’Urbanisme sont applicables aux secteurs définis sur les plans par la trame « espace boisé c…",moyenne,"Le passage impose aux constructions à usage d'hébergement et d'habitation des exigences d'isolement acoustique par rapport aux axes de transports terrestres bruyants, avec des zones concernées matérialisées sur un plan des annexes. Comme le texte renvoie explicitement à 'la réglementation en vigueur' (conformité au classement sonore), il pourrait s'agir d'un simple renvoi ; cependant la mention d'un plan spécifique des annexes distinct du classement sonore classique laisse penser à une zone propre au document, justifiant de retenir cette occurrence avec une portée géométrique de type zone_specifique (la zone matérialisée sur le plan des annexes n'a pas de contour automatiquement disponible).",prescription,opposable en conformité,lutte_bruit_existant,validé,False,,13,,rejeté,classement sonore,
7ba5c245843c439061a106418e9f4c9b,1_67076_padd_20170921.pdf,Plan Local d'Urbanisme (PLU) de la commune de COLROY-LA-ROCHE,Colroy-la-Roche,PADD,https://www.geoportail-urbanisme.gouv.fr/api/document/7ba5c245843c439061a106418e9f4c9b/files/67076_padd_20170921.pdf,page,page 15,15,,administrative, Œuvrer en faveur de l’amélioration de la couverture du réseau de téléphonie mobile et d’internet tout en veillant à éviter les nuisances sonores et visuelles dans le cas d’installations techniques PLU de COLROY-LA-ROCHE – PADD,…r la liaison avec la gare de Saint-Blaise- la-Roche ORIENTATIONS GENERALES EN MATIERE DE DEVELOPPEMENT DES COMMUNICATIONS NUMERIQUES Axe 8 : L’amélioration de la couverture de la téléphonie mobile et d’internet  Respecter les objectifs du Schéma directeur territorial d’aménagement numérique (SDTAN)  Œuvrer en faveur de l’amélioration de la couverture du réseau de téléphonie mobile et d’internet tout en veillant à éviter les nuisances sonores et visuelles dans le cas d’installations techniques PLU de COLROY-LA-ROCHE – PADD 14 ORIENTATIONS GENERALES EN MATIERE DE DEVELOPPEMENT ECONOMIQUE ET D’EQUIPEMENT COMMERCIAL Axe 9 : La pérennisation et le développement des activités  Poursuivre l’optimisation foncière de la zone artisanale par la reconversion des friches et la pérennisation des activités présentes  Autoriser l’…,moyenne,"Le PADD recommande de veiller à éviter les nuisances sonores générées par les installations techniques de téléphonie mobile/internet. Cette recommandation concerne des installations techniques (antennes, équipements) et non directement des bâtiments d'habitation ou l'aménagement urbain au sens strict, ce qui limite sa pertinence pour diagBruit, mais elle reste liée à des équipements pouvant être implantés à proximité de zones urbanisées. Portée administrative car aucune zone spécifique n'est mentionnée, la règle s'applique à l'ensemble du territoire communal.",recommandation,non opposable,autre,validé,False,,13,,rejeté,"trop vague, pas construction classique",
d71b3839404100b88dafa21060814bcd,2_67098_reglement_20240122.pdf,Plan Local d'Urbanisme (PLU) de la commune de DINSHEIM-SUR-BRUCHE,Dinsheim-sur-Bruche,règlement écrit,https://www.geoportail-urbanisme.gouv.fr/api/document/d71b3839404100b88dafa21060814bcd/files/67098_reglement_20240122.pdf,page,page 6,6,Secteur affecté par le bruit - RD1420 (bande 250m) et RD392 (bande 30m),zone_specifique,"2, 3, 4, 5 sont annexés au présent PLU. A Dinsheim-sur-Bruche, la RD1420 est en catégorie 2 et la RD392 en catégorie 4. A l’intérieur du périmètre délimité par une bande de 250 mètres de part et d’autre du tronçon de la RD1420 (périmètre reporté aux documents graphiques du présent PLU), les bâtiments (habitation, enseignement, établissement de santé, hôtel) doivent respecter les normes d’isolement acoustique en vigueur.","…ecteurs affectés par le bruit le long de la RD1420 et de la RD392 : L’arrêté préfectoral du 19 août 2013 modifié, l’arrêté préfectoral du 19 juin 2015 modifiant l’arrêté du 19 août 2013 et l’annexe 1 ainsi que l’arrêté préfectoral du 10 novembre 2016 modifiant l’arrêté du 19 août 2013 et les annexes 2, 3, 4, 5 sont annexés au présent PLU. A Dinsheim-sur-Bruche, la RD1420 est en catégorie 2 et la RD392 en catégorie 4. A l’intérieur du périmètre délimité par une bande de 250 mètres de part et d’autre du tronçon de la RD1420 (périmètre reporté aux documents graphiques du présent PLU), les bâtiments (habitation, enseignement, établissement de santé, hôtel) doivent respecter les normes d’isolement acoustique en vigueur. A l’intérieur du périmètre délimité par une bande de 30 mètres de part et d’autre du tronçon de la RD392 (périmètre reporté aux documents graphiques du présent PLU), les bâtiments (habitation, enseignement, établissement de santé, hôtel) doivent respecter les normes d’isolement acoustique en vigueur…",faible,"Le passage rappelle que dans les bandes de 250m (RD1420) et 30m (RD392) définies par le classement sonore, les bâtiments sensibles doivent respecter les normes d'isolement acoustique en vigueur. Il s'agit d'un simple renvoi à l'application du classement sonore et de l'arrêté préfectoral déjà traité ailleurs par diagBruit : aucune règle différente ou renforcée par rapport à l'isolement standard n'est ajoutée. Ce cas correspond donc au 'simple renvoi' décrit dans les consignes, d'où retenu=false attendu — mais la présence d'un périmètre graphique spécifique (bande de 250m/30m) constitue une donnée géométrique propre au PLU non couverte automatiquement par le classement sonore national, ce qui justifie de la signaler avec une confiance faible tout en la retenant à titre de vigilance.",prescription,opposable en conformité,lutte_bruit_existant,validé,False,,3,,rejeté,classemement sonore,
d71b3839404100b88dafa21060814bcd,1_67098_padd_20240122.pdf,Plan Local d'Urbanisme (PLU) de la commune de DINSHEIM-SUR-BRUCHE,Dinsheim-sur-Bruche,PADD,https://www.geoportail-urbanisme.gouv.fr/api/document/d71b3839404100b88dafa21060814bcd/files/67098_padd_20240122.pdf,page,page 8,8,,administrative,"Prendre en compte les risques et nuisances affectant le territoire dans les choix d’aménagement : risque d’inondation, de coulées de boues, nuisances sonores liées aux infrastructures routières","…(rue du Camp) et ouest (vers Heiligenberg) 5) Limiter la progression de l’urbanisation sur les hauteurs en favorisant la mobilisation des secondes lignes situées au Sud de la rue du Général de Gaulle 6) Encadrer les gabarits des nouvelles constructions pour assurer une meilleure intégration dans le Prendre en compte les risques et nuisances affectant le territoire dans les choix d’aménagement : risque d’inondation, de coulées de boues, nuisances sonores liées aux infrastructures routières 6",moyenne,"Le PADD affiche un objectif général de prise en compte des nuisances sonores liées aux infrastructures routières dans les choix d'aménagement du territoire communal. Il ne s'agit pas d'un simple renvoi au classement sonore ni au PEB, mais d'une orientation générale du PADD à intégrer dans les choix d'aménagement futurs, applicable à l'ensemble du territoire communal. La formulation reste toutefois assez générale et programmatique, typique d'un PADD, sans précision sur la nature exacte de la mesure (isolement, recul, etc.).",recommandation,non opposable,autre,validé,False,,13,,rejeté,trop général,
d71b3839404100b88dafa21060814bcd,1_67098_reglement_20240122.pdf,Plan Local d'Urbanisme (PLU) de la commune de DINSHEIM-SUR-BRUCHE,Dinsheim-sur-Bruche,règlement écrit,https://www.geoportail-urbanisme.gouv.fr/api/document/d71b3839404100b88dafa21060814bcd/files/67098_reglement_20240122.pdf,page,page 6,6,Secteurs affectés par le bruit le long de la RD1420 et de la RD392,zone_specifique,"A l’intérieur du périmètre délimité par une bande de 250 mètres de part et d’autre du tronçon de la RD1420 (périmètre reporté aux documents graphiques du présent PLU), les bâtiment…","…veaux bâtiments et aux bâtiments anciens dans des conditions particulières. Le Plan de Prévention des Risques d’Inondation (PPRI) de la Bruche approuvé le 28 novembre 2019 constitue une servitude d’utilité publique. Les documents relatifs à ce PPRI sont annexés au présent dossier de PLU. Il convient A l’intérieur du périmètre délimité par une bande de 250 mètres de part et d’autre du tronçon de la RD1420 (périmètre reporté aux documents graphiques du présent PLU), les bâtiment… 2, 3, 4, 5 sont annexés au présent PLU. A Dinsheim-sur-Bruche, la RD1420 est en catégorie 2 et la RD392 en catégorie 4. A l’intérieur du périmètre délimité par une bande de 250 mètres de part et d’autre du tronçon de la RD1420 (périmètre reporté aux documents graphiques du présent PLU), les bâtiment…",moyenne,"Le passage annonce une règle liée au classement sonore des RD1420 et RD392, avec un périmètre de 250m reporté aux documents graphiques. Le contexte après indique que des règles spécifiques aux bâtiments s'appliquent dans ce périmètre (phrase coupée : 'les bâtiment...'). Comme le texte est tronqué, on ne peut pas vérifier avec certitude si cela dépasse le simple renvoi à l'isolement acoustique standard du classement sonore ou si cela ajoute une règle distincte (ex: restrictions de construction), mais la mention explicite du périmètre graphique et la suite tronquée suggèrent une règle propre au PLU allant au-delà du simple rappel de l'arrêté. Confiance modérée compte tenu de la troncature.",prescription,opposable en conformité,lutte_bruit_existant,validé,False,,13,,rejeté,classement sonore,
d71b3839404100b88dafa21060814bcd,1_67098_orientations_amenagement_20240122.pdf,Plan Local d'Urbanisme (PLU) de la commune de DINSHEIM-SUR-BRUCHE,Dinsheim-sur-Bruche,OAP,https://www.geoportail-urbanisme.gouv.fr/api/document/d71b3839404100b88dafa21060814bcd/files/67098_orientations_amenagement_20240122.pdf,page,page 10,10,secteurs affectés par le bruit (limite sud de la zone),zone_specifique,"Dans les secteurs affectés par le bruit (limite sud de la zone), respecter les normes de construction en vigueur concernant l’isolation acoustique des bâtiments (habitation, enseignement, santé, hôtel)","…s. ▪ Créer un ou plusieurs espaces verts au sein de la zone ▪ Réaliser une transition végétale sur la frange sud de la zone ▪ Privilégier les essences végétales locales ▪ Protéger les boisements et ripisylves le long du Muhlbach ▪ Prévoir la mise en place de dispositifs de gestion des eaux pluviales Dans les secteurs affectés par le bruit (limite sud de la zone), respecter les normes de construction en vigueur concernant l’isolation acoustique des bâtiments (habitation, enseignement, santé, hôtel) Commune de Dinsheim-sur-Bruche Plan local d’urbanisme – Orientations d’aménagement et de programmation Schéma d'aménagement 9",moyenne,"Le passage mentionne un secteur affecté par le bruit et impose le respect des normes d'isolation acoustique en vigueur, ce qui correspond a priori à un simple renvoi au classement sonore standard. Toutefois, la formulation ici précise explicitement les types de bâtiments concernés (habitation, enseignement, santé, hôtel), ce qui constitue une reformulation propre au document plutôt qu'un simple rappel générique, et sert de repère géographique localisé (limite sud de la zone) pour cette exigence. Je retiens donc la règle avec une portée géométrique spécifique (limite sud de la zone), la confiance étant moyenne car le texte reste proche d'un simple rappel réglementaire sans ajouter d'exigence supérieure clairement identifiée.",prescription,opposable en compatibilité,lutte_bruit_existant,validé,False,,13,,rejeté,classement sonor,
d71b3839404100b88dafa21060814bcd,3_67098_reglement_20240122.pdf,Plan Local d'Urbanisme (PLU) de la commune de DINSHEIM-SUR-BRUCHE,Dinsheim-sur-Bruche,règlement écrit,https://www.geoportail-urbanisme.gouv.fr/api/document/d71b3839404100b88dafa21060814bcd/files/67098_reglement_20240122.pdf,page,page 6,6,Bande de 30 mètres de part et d'autre du tronçon de la RD392,zone_specifique,"A l’intérieur du périmètre délimité par une bande de 30 mètres de part et d’autre du tronçon de la RD392 (périmètre reporté aux documents graphiques du présent PLU), les bâtiments (habitation, enseignement, établissement de santé, hôtel) doivent respecter les normes d’isolement acoustique en vigueur. 6","…’intérieur du périmètre délimité par une bande de 250 mètres de part et d’autre du tronçon de la RD1420 (périmètre reporté aux documents graphiques du présent PLU), les bâtiments (habitation, enseignement, établissement de santé, hôtel) doivent respecter les normes d’isolement acoustique en vigueur. A l’intérieur du périmètre délimité par une bande de 30 mètres de part et d’autre du tronçon de la RD392 (périmètre reporté aux documents graphiques du présent PLU), les bâtiments (habitation, enseignement, établissement de santé, hôtel) doivent respecter les normes d’isolement acoustique en vigueur. 6 Commune de Dinsheim-sur-Bruche Plan local d’urbanisme – Règlement écrit La bande d’inconstructibilité le long de la RD1420 : La RD1420 est classée route à grande circulation. En application de l’article L.111-6 du code de l’urbanisme, en dehors des secteurs urbanisés, les constructions doivent être…",totale,"Le passage impose une règle d'isolement acoustique aux bâtiments (habitation, enseignement, santé, hôtel) situés dans une bande de 30 mètres de part et d'autre de la RD392, définie par le PLU lui-même (et non par le classement sonore officiel des voies bruyantes ni par un PEB). Il s'agit donc d'une règle autonome du document d'urbanisme, avec une portée géométrique spécifique correspondant à un périmètre reporté aux documents graphiques.",prescription,opposable en conformité,autre,validé,False,,33,,rejeté,classement sonore,
71be1d2fe04f069bd2638676c5c499ec,1_67101_reglement_20260706.pdf,Plan Local d'Urbanisme (PLU) de la commune de DORLISHEIM,Dorlisheim,règlement écrit,https://www.geoportail-urbanisme.gouv.fr/api/document/71be1d2fe04f069bd2638676c5c499ec/files/67101_reglement_20260706.pdf,alinea,"Article 2, alinéa 1",9,secteurs situés au voisinage des infrastructures de transports terrestres (article L571-10),zone_specifique,"le périmètre des secteurs situés au voisinage des infrastructures de transports terrestres, dans lesquels des prescriptions d'isolement acoustique ont été édictées en application de l'article L571-10 du Code de l'Environnement","l) le périmètre des secteurs dans lesquels un programme d'aménagement d'ensemble a été
approuvé en application de l'article L332-9 ; le périmètre des secteurs situés au voisinage des infrastructures de transports terrestres, dans lesquels des prescriptions d'isolement acoustique ont été édictées en application de l'article L571-10 du Code de l'Environnement 2.7. Délivrance du permis de construire et réalisation d'aire de stationnement :",faible,"Le passage mentionne l'existence de secteurs affectés par le bruit des infrastructures de transports terrestres avec des prescriptions d'isolement acoustique édictées en application de l'article L571-10 du Code de l'Environnement. Ce mécanisme correspond au classement sonore des voies déjà traité par ailleurs dans diagBruit. Le passage ne fait que rappeler l'existence de ce périmètre réglementaire sans ajouter d'exigence propre au document d'urbanisme distincte de celle prévue par l'arrêté préfectoral. Il s'agit donc a priori d'un simple renvoi, mais le passage est très bref et ne permet pas de vérifier avec certitude qu'aucune règle spécifique n'est ajoutée par ce document local ; je le retiens par précaution avec une confiance faible car la formulation est trop elliptique pour distinguer clairement un simple renvoi d'une règle autonome.",prescription,opposable en conformité,lutte_bruit_existant,validé,True,élevée,2,,rejeté,classement sonore,
71be1d2fe04f069bd2638676c5c499ec,4_67101_reglement_20260706.pdf,Plan Local d'Urbanisme (PLU) de la commune de DORLISHEIM,Dorlisheim,règlement écrit,https://www.geoportail-urbanisme.gouv.fr/api/document/71be1d2fe04f069bd2638676c5c499ec/files/67101_reglement_20260706.pdf,alinea,Article 14-UA,26,secteurs de nuisances acoustiques délimités à l'annexe graphique de part et d'autre des infrastructures de transport terrestre,zone_specifique,"Dans les secteurs de nuisances acoustiques délimités à l'annexe graphique de part et d'autre des infrastructures de transport terrestre, les constructions nouvelles à usage d'habitation, ainsi que les extensions de bâtiments d'habitation existants admises par le présent règlement doivent en raison de leur exposition au bruit, faire l’objet d'une isolation acoustique dans les conditions prévues par les dispositions législatives et réglementaires en matière d'urbanisme, de construction et d'habitation.","Tout projet d'intervention sur le bâti répertorié comme bâtiment remarquable est soumis à l'examen et aux
prescriptions particulières du SDAP du Bas-Rhin. Dans les secteurs de nuisances acoustiques délimités à l'annexe graphique de part et d'autre des infrastructures de transport terrestre, les constructions nouvelles à usage d'habitation, ainsi que les extensions de bâtiments d'habitation existants admises par le présent règlement doivent en raison de leur exposition au bruit, faire l’objet d'une isolation acoustique dans les conditions prévues par les dispositions législatives et réglementaires en matière d'urbanisme, de construction et d'habitation. ARTICLE 1 -UB  OCCUPATIONS ET UTILISATIONS DU SOL INTERDITES",moyenne,"Le passage impose une isolation acoustique aux constructions nouvelles à usage d'habitation et aux extensions dans des secteurs de nuisances délimités le long des infrastructures de transport terrestre. Il s'agit très probablement du classement sonore des voies déjà traité ailleurs par diagBruit, mais l'isolation ici mentionnée renvoie simplement aux dispositions législatives et réglementaires en vigueur (donc un simple rappel de l'obligation standard). Toutefois, comme le document local formalise explicitement cette obligation dans son règlement d'urbanisme (et pas seulement par renvoi à l'arrêté préfectoral), on la retient par prudence, mais avec une confiance limitée car elle pourrait constituer un simple renvoi au classement sonore déjà couvert.",prescription,opposable en conformité,lutte_bruit_existant,validé,True,élevée,12,14_67101_reglement_20260706.pdf,rejeté,classement sonore,
71be1d2fe04f069bd2638676c5c499ec,2_67101_reglement_20260706.pdf,Plan Local d'Urbanisme (PLU) de la commune de DORLISHEIM,Dorlisheim,règlement écrit,https://www.geoportail-urbanisme.gouv.fr/api/document/71be1d2fe04f069bd2638676c5c499ec/files/67101_reglement_20260706.pdf,alinea,Article 7,16,secteurs de nuisances acoustiques délimités à l'annexe graphique de part et d'autre des infrastructures de transport terrestre,zone_specifique,"Dans les secteurs de nuisances acoustiques délimités à l'annexe graphique de part et d'autre des infrastructures de transport terrestre, les constructions nouvelles à usage d'habitation, ainsi que les extensions de bâtiments d'habitation existants admises par le présent règlement doivent en raison de leur exposition au bruit, faire l'objet d’une isolation acoustique dans les conditions prévues par les dispositions législatives et réglementaires en matière d'urbanisme, de construction et d'habitation.","Tout projet d'intervention sur le bâti répertorié comme bâtiment remarquable est soumis à l'examen et aux
prescriptions particulières du SDAP du Bas-Rhin. Dans les secteurs de nuisances acoustiques délimités à l'annexe graphique de part et d'autre des infrastructures de transport terrestre, les constructions nouvelles à usage d'habitation, ainsi que les extensions de bâtiments d'habitation existants admises par le présent règlement doivent en raison de leur exposition au bruit, faire l'objet d’une isolation acoustique dans les conditions prévues par les dispositions législatives et réglementaires en matière d'urbanisme, de construction et d'habitation. ARTICLE 1 -UA OCCUPATIONS ET UTILISATIONS DU SOL INTERDITES",forte,"Ce passage ne se limite pas à un simple renvoi au classement sonore des infrastructures de transport terrestre : il impose une obligation d'isolation acoustique pour les constructions nouvelles à usage d'habitation et les extensions d'habitations existantes dans les secteurs de nuisances délimités graphiquement. Bien que la formulation renvoie aux dispositions législatives et réglementaires générales (sans ajouter d'exigence chiffrée supérieure), la règle vise explicitement les bâtiments d'habitation et leur constructibilité, ce qui relève bien du périmètre diagBruit (bâtiments), contrairement à une règle qui ne concernerait que l'infrastructure elle-même. La zone géométrique concernée (secteurs délimités à l'annexe graphique) n'est pas un contour administratif standard et nécessitera un tracé manuel.",prescription,opposable en conformité,lutte_bruit_existant,validé,True,élevée,22,8_67101_reglement_20260706.pdf,rejeté,classmeent sonore,
71be1d2fe04f069bd2638676c5c499ec,5_67101_reglement_20260706.pdf,Plan Local d'Urbanisme (PLU) de la commune de DORLISHEIM,Dorlisheim,règlement écrit,https://www.geoportail-urbanisme.gouv.fr/api/document/71be1d2fe04f069bd2638676c5c499ec/files/67101_reglement_20260706.pdf,alinea,Article 2,27,zone résidentielle (non nommée précisément),zone_specifique,"Les constructions à usage d'activités économiques à condition que leur implantation n'engendre pas de risques et de nuisances incompatibles avec le caractère résidentiel de la zone (bruits, trépidations, odeurs .….).","prescription du présent PLU dès lors que le projet est en harmonie avec le bâtiment remarquable Les constructions à usage d'activités économiques à condition que leur implantation n'engendre pas de risques et de nuisances incompatibles avec le caractère résidentiel de la zone (bruits, trépidations, odeurs .….). — Les dépôts et stockages de toute nature à condition qu'ils soient dans des constructions closes
ou sur des espaces aménagés à cet effet.",forte,"Le passage conditionne l'implantation de constructions à usage d'activités économiques à l'absence de nuisances (dont le bruit) incompatibles avec le caractère résidentiel de la zone. C'est une règle autonome d'urbanisme visant à protéger l'ambiance sonore d'une zone résidentielle vis-à-vis de nouvelles constructions, ce qui relève bien du périmètre diagBruit. La zone concernée n'est pas nommée explicitement dans l'extrait mais correspond à une zone réglementaire spécifique du PLU.",prescription,opposable en conformité,autre,validé,True,élevée,22,,rejeté,doublon,
71be1d2fe04f069bd2638676c5c499ec,8_67101_reglement_20260706.pdf,Plan Local d'Urbanisme (PLU) de la commune de DORLISHEIM,Dorlisheim,règlement écrit,https://www.geoportail-urbanisme.gouv.fr/api/document/71be1d2fe04f069bd2638676c5c499ec/files/67101_reglement_20260706.pdf,alinea,Article 13,53,secteurs de nuisances acoustiques délimités à l'annexe graphique de part et d'autre des infrastructures de transport terrestre,zone_specifique,"Dans les secteurs de nuisances acoustiques délimités à l'annexe graphique de part et d'autre des infrastructures de transport terrestre, les constructions nouvelles à usage d'habitation, ainsi que les extensions de bâtiments d'habitation existants admises par le présent règlement doivent en raison de leur exposition au bruit, faire l'objet d'une isolation acoustique dans les conditions prévues par les dispositions législatives et réglementaires en matière d'urbanisme, de construction et d'habitation.","Tout projet d'intervention sur le bâti répertorié comme bâtiment remarquable est soumis à l'examen et aux
prescriptions particulières du SDAP du Bas-Rhin. Dans les secteurs de nuisances acoustiques délimités à l'annexe graphique de part et d'autre des infrastructures de transport terrestre, les constructions nouvelles à usage d'habitation, ainsi que les extensions de bâtiments d'habitation existants admises par le présent règlement doivent en raison de leur exposition au bruit, faire l'objet d'une isolation acoustique dans les conditions prévues par les dispositions législatives et réglementaires en matière d'urbanisme, de construction et d'habitation. ARTICLE 1 -UF OCCUPATIONS ET UTILISATIONS DU SOL INTERDITES",forte,"Le passage impose une isolation acoustique aux constructions nouvelles à usage d'habitation et aux extensions de bâtiments d'habitation existants situées dans des secteurs de nuisances acoustiques délimités à l'annexe graphique autour des infrastructures de transport terrestre. Il ne s'agit pas ici du classement sonore des voies (arrêté préfectoral classique visé par le Code de l'urbanisme/CCH) mais d'une délimitation graphique propre au PLU ('annexe graphique'), ce qui en fait potentiellement une zone distincte à tracer manuellement plutôt qu'un simple renvoi au classement sonore déjà traité ailleurs. La règle concerne directement les bâtiments d'habitation, donc bien dans le périmètre diagBruit.",prescription,opposable en conformité,lutte_bruit_existant,validé,True,élevée,22,10_67101_reglement_20260706.pdf,rejeté,classement sonore,
71be1d2fe04f069bd2638676c5c499ec,9_67101_reglement_20260706.pdf,Plan Local d'Urbanisme (PLU) de la commune de DORLISHEIM,Dorlisheim,règlement écrit,https://www.geoportail-urbanisme.gouv.fr/api/document/71be1d2fe04f069bd2638676c5c499ec/files/67101_reglement_20260706.pdf,alinea,Article 13-UXA,65,,zone_specifique,"Dans les secteurs de nuisances acoustiques délimités à l'annexe graphique de part et d'autre des infrastructures de transport terrestre, les constructions nouvelles à usage d'habitation, ainsi que les extensions de bâtiments d'habitation existants admises par le présent règlement doivent en raison de leur exposition au bruit, faire l'objet d'une isolation acoustique dans les conditions prévues par les dispositions législatives et réglementaires en matière d'urbanisme. de construction et d'habitation.","Les démolitions sont soumises à l'obtention d'un permis de démolir prévue par la délibération municipale du
10 juillet 2007. Dans les secteurs de nuisances acoustiques délimités à l'annexe graphique de part et d'autre des infrastructures de transport terrestre, les constructions nouvelles à usage d'habitation, ainsi que les extensions de bâtiments d'habitation existants admises par le présent règlement doivent en raison de leur exposition au bruit, faire l'objet d'une isolation acoustique dans les conditions prévues par les dispositions législatives et réglementaires en matière d'urbanisme. de construction et d'habitation. ARTICLE 1-UXB  OCCUPATIONS ET UTILISATIONS DU SOL INTERDITES",forte,"Le passage impose une isolation acoustique aux constructions nouvelles à usage d'habitation et extensions dans des secteurs de nuisances acoustiques délimités à l'annexe graphique de part et d'autre des infrastructures de transport terrestre. Il ne s'agit pas explicitement du classement sonore réglementaire (arrêté préfectoral) ni du PEB, mais d'un secteur propre au document d'urbanisme lui-même : c'est donc une règle autonome. La règle concerne bien des bâtiments d'habitation (dans le périmètre diagBruit), pas seulement l'infrastructure. La portée est géographiquement limitée aux secteurs délimités graphiquement, non précisés par une zone réglementaire nommée, donc à tracer manuellement (zone_specifique).",prescription,opposable en conformité,autre,validé,True,élevée,22,16_67101_reglement_20260706.pdf,rejeté,classement sonore,
71be1d2fe04f069bd2638676c5c499ec,11_67101_reglement_20260706.pdf,Plan Local d'Urbanisme (PLU) de la commune de DORLISHEIM,Dorlisheim,règlement écrit,https://www.geoportail-urbanisme.gouv.fr/api/document/71be1d2fe04f069bd2638676c5c499ec/files/67101_reglement_20260706.pdf,alinea,Article 13-UXD,87,,zone_specifique,"Dans les secteurs de nuisances acoustiques délimités à l'annexe graphique de part et d'autre des
infrastructures de transport terrestre, les constructions nouvelles à usage d'habitation, ainsi que les
extensions de bâtiments d'habitation existants admises par le présent règlement doivent en raison de leur
exposition au bruit, faire l’objet d’une isolation acoustique dans les conditions prévues par les dispositions
législatives et réglementaires en matière d'urbanisme, de construction et d'habita…","Les démolitions sont soumises à l'obtention d'un permis de démolir prévue par la délibération municipale du
10 juillet 2007. Dans les secteurs de nuisances acoustiques délimités à l'annexe graphique de part et d'autre des
infrastructures de transport terrestre, les constructions nouvelles à usage d'habitation, ainsi que les
extensions de bâtiments d'habitation existants admises par le présent règlement doivent en raison de leur
exposition au bruit, faire l’objet d’une isolation acoustique dans les conditions prévues par les dispositions
législatives et réglementaires en matière d'urbanisme, de construction et d'habita… ARTICLE 1 -1AU  OCCUPATIONS ET UTILISATIONS DU SOL INTERDITES",forte,"Cette règle concerne des secteurs de nuisances acoustiques liés aux infrastructures de transport terrestre, délimités graphiquement, distincts du classement sonore réglementaire classique (arrêté préfectoral) - il s'agit d'un secteur propre au règlement local. La règle impose une isolation acoustique aux constructions nouvelles d'habitation et extensions dans ces secteurs, ce qui concerne directement le périmètre diagBruit (bâtiments). Toutefois l'isolation est renvoyée aux dispositions législatives et réglementaires générales, sans exigence propre allant au-delà. La portée est zone_specifique car limitée aux secteurs délimités à l'annexe graphique, non fournie ici.",prescription,opposable en conformité,lutte_bruit_existant,validé,True,élevée,22,6_67101_reglement_20260706.pdf,rejeté,classement sonore,
71be1d2fe04f069bd2638676c5c499ec,13_67101_reglement_20260706.pdf,Plan Local d'Urbanisme (PLU) de la commune de DORLISHEIM,Dorlisheim,règlement écrit,https://www.geoportail-urbanisme.gouv.fr/api/document/71be1d2fe04f069bd2638676c5c499ec/files/67101_reglement_20260706.pdf,alinea,Article 13-1AU,97,secteurs de nuisances acoustiques délimités à l'annexe graphique de part et d'autre des infrastructures de transport terrestre,zone_specifique,"Dans les secteurs de nuisances acoustiques délimités à l'annexe graphique de part et d'autre des infrastructures de transport terrestre, les constructions nouvelles à usage d'habitation, ainsi que les extensions de bâtiments d'habitation existants admises par le présent règlement doivent en raison de leur exposition au bruit, faire l'objet d'une isolation acoustique dans les conditions prévues par les dispositions législatives et réglementaires en matière d'urbanisme, de construction et d'habitation.","Les démolitions sont soumises à l'obtention d'un permis de démolir prévue par la délibération municipale du
10 juillet 2007. Dans les secteurs de nuisances acoustiques délimités à l'annexe graphique de part et d'autre des infrastructures de transport terrestre, les constructions nouvelles à usage d'habitation, ainsi que les extensions de bâtiments d'habitation existants admises par le présent règlement doivent en raison de leur exposition au bruit, faire l'objet d'une isolation acoustique dans les conditions prévues par les dispositions législatives et réglementaires en matière d'urbanisme, de construction et d'habitation. ARTICLE 1 -1AUXA OCCUPATIONS ET UTILISATIONS DU SOL INTERDITES",forte,"Le passage impose une isolation acoustique aux constructions nouvelles à usage d'habitation et aux extensions dans des secteurs délimités graphiquement autour des infrastructures de transport terrestre. Il ne s'agit pas d'un simple renvoi au classement sonore réglementaire classique car le texte ne mentionne pas explicitement l'arrêté préfectoral de classement sonore ; il fait référence à des secteurs propres définis dans l'annexe graphique du document d'urbanisme, ce qui constitue une règle autonome localisée nécessitant un tracé manuel de la zone concernée.",prescription,opposable en conformité,lutte_bruit_existant,validé,True,élevée,22,8_67101_reglement_20260706.pdf,rejeté,classement sonore,
71be1d2fe04f069bd2638676c5c499ec,14_67101_reglement_20260706.pdf,Plan Local d'Urbanisme (PLU) de la commune de DORLISHEIM,Dorlisheim,règlement écrit,https://www.geoportail-urbanisme.gouv.fr/api/document/71be1d2fe04f069bd2638676c5c499ec/files/67101_reglement_20260706.pdf,alinea,Article 13-1AUXA,108,secteurs de nuisances acoustiques délimités à l'annexe graphique de part et d'autre des infrastructures de transport terrestre,zone_specifique,"Dans les secteurs de nuisances acoustiques délimités à l'annexe graphique de part et d'autre des infrastructures de transport terrestre, les constructions nouvelles à usage d'habitation, ainsi que les extensions de bâtiments d'habitation existants admises par le présent règlement doivent en raison de leur exposition au bruit, faire l’objet d'une isolation acoustique dans les conditions prévues par les dispositions législatives et réglementaires en matière d'urbanisme, de construction et d'habitation.","Les démolitions sont soumises à l'obtention d’un permis de démolir prévue par la délibération municipale du
10 juillet 2007. Dans les secteurs de nuisances acoustiques délimités à l'annexe graphique de part et d'autre des infrastructures de transport terrestre, les constructions nouvelles à usage d'habitation, ainsi que les extensions de bâtiments d'habitation existants admises par le présent règlement doivent en raison de leur exposition au bruit, faire l’objet d'une isolation acoustique dans les conditions prévues par les dispositions législatives et réglementaires en matière d'urbanisme, de construction et d'habitation. ARTICLE 1 -1AUXL OCCUPATIONS ET UTILISATIONS DU SOL INTERDITES",forte,"Le passage impose une isolation acoustique pour les constructions nouvelles à usage d'habitation et extensions dans des secteurs de nuisances acoustiques délimités à l'annexe graphique autour des infrastructures de transport terrestre. Il s'agit ici d'une référence au classement sonore des voies (secteurs affectés par le bruit), mais contrairement à un simple rappel générique, ce passage impose explicitement une obligation d'isolation acoustique liée à des bâtiments d'habitation neufs ou existants (extensions), ce qui relève bien du périmètre diagBruit (bâtiments). La zone est délimitée par une annexe graphique spécifique, non par un contour administratif standard, d'où une portée géométrique zone_specifique.",prescription,opposable en conformité,lutte_bruit_existant,validé,True,élevée,22,4_67101_reglement_20260706.pdf,rejeté,classement sonore,
71be1d2fe04f069bd2638676c5c499ec,16_67101_reglement_20260706.pdf,Plan Local d'Urbanisme (PLU) de la commune de DORLISHEIM,Dorlisheim,règlement écrit,https://www.geoportail-urbanisme.gouv.fr/api/document/71be1d2fe04f069bd2638676c5c499ec/files/67101_reglement_20260706.pdf,alinea,Article 14-2AU,131,secteurs de nuisances acoustiques délimités à l'annexe graphique de part et d'autre des infrastructures de transport terrestre,zone_specifique,"Dans les secteurs de nuisances acoustiques délimités à l'annexe graphique de part et d'autre des infrastructures de transport terrestre, les constructions nouvelles à usage d'habitation, ainsi que les extensions de bâtiments d'habitation existants admises par le présent règlement doivent en raison de leur exposition au bruit, faire l'objet d’une isolation acoustique dans les conditions prévues par les dispositions législatives et réglementaires en matière d'urbanisme, de construction et d'habitation.","Les démolitions sont soumises à l'obtention d'un permis de démolir prévue par la délibération municipale du
10 juillet 2007. Dans les secteurs de nuisances acoustiques délimités à l'annexe graphique de part et d'autre des infrastructures de transport terrestre, les constructions nouvelles à usage d'habitation, ainsi que les extensions de bâtiments d'habitation existants admises par le présent règlement doivent en raison de leur exposition au bruit, faire l'objet d’une isolation acoustique dans les conditions prévues par les dispositions législatives et réglementaires en matière d'urbanisme, de construction et d'habitation. ARTICLE 1 - A OCCUPATIONS ET UTILISATIONS DU SOL INTERDITES",forte,"Ce passage concerne des secteurs de nuisances acoustiques liés aux infrastructures de transport terrestre délimités par une annexe graphique spécifique au document d'urbanisme (pas explicitement le classement sonore réglementaire de l'arrêté préfectoral, bien que cela y ressemble). La règle impose une isolation acoustique pour les constructions nouvelles et extensions à usage d'habitation dans ces secteurs. Comme il n'est pas certain qu'il s'agisse strictement du classement sonore officiel déjà traité par ailleurs, et que la règle concerne bien des bâtiments d'habitation (donc dans le périmètre diagBruit), je retiens cette occurrence avec une portée géométrique zone_specifique car elle est limitée aux secteurs délimités graphiquement.",prescription,opposable en conformité,autre,validé,True,élevée,22,9_67101_reglement_20260706.pdf,rejeté,classement sonore,
71be1d2fe04f069bd2638676c5c499ec,6_67101_reglement_20260706.pdf,Plan Local d'Urbanisme (PLU) de la commune de DORLISHEIM,Dorlisheim,règlement écrit,https://www.geoportail-urbanisme.gouv.fr/api/document/71be1d2fe04f069bd2638676c5c499ec/files/67101_reglement_20260706.pdf,alinea,Article 13-UB,35,secteurs de nuisances acoustiques délimités à l'annexe graphique de part et d'autre des infrastructures de transport terrestre,zone_specifique,"Dans les secteurs de nuisances acoustiques délimités à l'annexe graphique de part et d'autre des
infrastructures de transport terrestre, les constructions nouvelles à usage d'habitation, ainsi que les
extensions de bâtiments d'habitation existants admises par le présent règlement doivent en raison de leur
exposition au bruit, faire l’objet d'une isolation acoustique dans les conditions prévues par les dispositions
législatives et réglementaires en matière d'urbanisme, de construction et d'habita…","Tout projet d'intervention sur le bâti répertorié comme bâtiment remarquable est soumis à l'examen et aux
prescriptions particulières du SDAP du Bas-Rhin. Dans les secteurs de nuisances acoustiques délimités à l'annexe graphique de part et d'autre des
infrastructures de transport terrestre, les constructions nouvelles à usage d'habitation, ainsi que les
extensions de bâtiments d'habitation existants admises par le présent règlement doivent en raison de leur
exposition au bruit, faire l’objet d'une isolation acoustique dans les conditions prévues par les dispositions
législatives et réglementaires en matière d'urbanisme, de construction et d'habita… ARTICLE 1 -UC OCCUPATIONS ET UTILISATIONS DU SOL INTERDITES",totale,"Le passage impose une isolation acoustique aux constructions nouvelles à usage d'habitation et aux extensions de bâtiments d'habitation existants dans des secteurs délimités graphiquement autour des infrastructures de transport terrestre. Il ne s'agit pas d'un simple renvoi au classement sonore standard car le texte ne fait pas explicitement référence à l'arrêté préfectoral de classement sonore, mais impose une obligation générale d'isolation selon les dispositions législatives et réglementaires - cela reste une règle relevant du périmètre diagBruit car elle concerne des bâtiments d'habitation. La zone est délimitée par une annexe graphique spécifique, non par un contour administratif standard.",prescription,opposable en conformité,lutte_bruit_existant,validé,True,élevée,32,11_67101_reglement_20260706.pdf,rejeté,classement sonore,
71be1d2fe04f069bd2638676c5c499ec,10_67101_reglement_20260706.pdf,Plan Local d'Urbanisme (PLU) de la commune de DORLISHEIM,Dorlisheim,règlement écrit,https://www.geoportail-urbanisme.gouv.fr/api/document/71be1d2fe04f069bd2638676c5c499ec/files/67101_reglement_20260706.pdf,alinea,Article 44-UXB,72,secteurs de nuisances acoustiques délimités à l'annexe graphique de part et d'autre des infrastructures de transport terrestre,zone_specifique,"Dans les secteurs de nuisances acoustiques délimités à l'annexe graphique de part et d'autre des infrastructures de transport terrestre, les constructions nouvelles à usage d'habitation, ainsi que les extensions de bâtiments d'habitation existants admises par le présent règlement doivent en raison de leur exposition au bruit, faire l'objet d'une isolation acoustique dans les conditions prévues par les dispositions législatives et réglementaires en matière d'urbanisme, de construction et d'habitation.","Les démolitions sont soumises à l'obtention d'un permis de démolir prévue par la délibération municipale du
10 juillet 2007. Dans les secteurs de nuisances acoustiques délimités à l'annexe graphique de part et d'autre des infrastructures de transport terrestre, les constructions nouvelles à usage d'habitation, ainsi que les extensions de bâtiments d'habitation existants admises par le présent règlement doivent en raison de leur exposition au bruit, faire l'objet d'une isolation acoustique dans les conditions prévues par les dispositions législatives et réglementaires en matière d'urbanisme, de construction et d'habitation. ARTICLE 1-UXC OCCUPATIONS ET UTILISATIONS DU SOL INTERDITES",totale,"Le passage impose une isolation acoustique aux constructions nouvelles à usage d'habitation et aux extensions dans des secteurs de nuisances acoustiques délimités graphiquement autour des infrastructures de transport terrestre. Il ne s'agit pas d'un simple renvoi au classement sonore : le texte formule une prescription propre au règlement d'urbanisme (obligation d'isolation pour les constructions et extensions autorisées), le secteur graphique servant de repère géométrique. Ce zonage spécifique n'a pas de contour automatiquement disponible, d'où une portée géométrique zone_specifique.",prescription,opposable en conformité,lutte_bruit_existant,validé,True,élevée,32,8_67101_reglement_20260706.pdf,rejeté,classement sonore,
71be1d2fe04f069bd2638676c5c499ec,15_67101_reglement_20260706.pdf,Plan Local d'Urbanisme (PLU) de la commune de DORLISHEIM,Dorlisheim,règlement écrit,https://www.geoportail-urbanisme.gouv.fr/api/document/71be1d2fe04f069bd2638676c5c499ec/files/67101_reglement_20260706.pdf,alinea,Article 13-1AUXM,125,secteurs de nuisances acoustiques délimités à l'annexe graphique de part et d'autre des infrastructures de transport terrestre,zone_specifique,"Dans les secteurs de nuisances acoustiques délimités à l'annexe graphique de part et d'autre des infrastructures de transport terrestre, les constructions nouvelles à usage d'habitation, ainsi que les extensions de bâtiments d'habitation existants admises par le présent règlement doivent en raison de leur exposition au bruit, faire l'objet d'une isolation acoustique dans les conditions prévues par les dispositions législatives et réglementaires en matière d'urbanisme, de construction et d'habitation.","Les démolitions sont soumises à l'obtention d'un permis de démolir prévue par la délibération municipale du
10 juillet 2007. Dans les secteurs de nuisances acoustiques délimités à l'annexe graphique de part et d'autre des infrastructures de transport terrestre, les constructions nouvelles à usage d'habitation, ainsi que les extensions de bâtiments d'habitation existants admises par le présent règlement doivent en raison de leur exposition au bruit, faire l'objet d'une isolation acoustique dans les conditions prévues par les dispositions législatives et réglementaires en matière d'urbanisme, de construction et d'habitation. Commune de Dorlisheim — Révision du Plan Local d'Urbanisme page 145/198
Approbation - Règlement — Mars 2009",totale,"Le passage impose une isolation acoustique pour les constructions nouvelles à usage d'habitation et extensions dans des secteurs de nuisances acoustiques liés aux infrastructures de transport terrestre, délimités sur une annexe graphique propre au PLU. Il ne s'agit pas ici du classement sonore des voies (arrêté préfectoral) ni du PEB, mais d'un zonage spécifique du document d'urbanisme lui-même, ce qui constitue une règle autonome à part entière concernant des bâtiments d'habitation. La règle s'applique à un secteur spécifique délimité graphiquement, non à l'ensemble du territoire.",prescription,opposable en conformité,lutte_bruit_existant,validé,True,élevée,32,8_67101_reglement_20260706.pdf,rejeté,classement sonore,
1413f9ce036f2b048fe492e3f46becd4,1_67108_reglement_20250624.pdf,Plan Local d'Urbanisme (PLU) de la commune de DUPPIGHEIM,Duppigheim,règlement écrit,https://www.geoportail-urbanisme.gouv.fr/api/document/1413f9ce036f2b048fe492e3f46becd4/files/67108_reglement_20250624.pdf,page,page 7,7,Périmètres de nuisances de part et d'autre des infrastructures de transport terrestre classées par arrêté préfectoral du 19 Août 2013,zone_specifique,terrestre classées par arrêté préfectoral du 19 Août 2013 dans lesquels des prescriptions d’isolement acoustique s’appliquent en vertu de la loi 92-1444 du 31 décembre 1992 relative à la lutte contre le bruit. (Cf. plans et note en annexe) 5,…ptions applicables au titre des législations spécifiques concernant les Servitudes d’Utilité Publiques (SUP) affectant l’occupation ou l’utilisation du sol. (cf plans et liste des SUP en annexe) Il est rappelé l’existence de périmètres de nuisances de part et d’autre des infrastructures de transport terrestre classées par arrêté préfectoral du 19 Août 2013 dans lesquels des prescriptions d’isolement acoustique s’appliquent en vertu de la loi 92-1444 du 31 décembre 1992 relative à la lutte contre le bruit. (Cf. plans et note en annexe) 5 Commune de Duppigheim Plan local d’urbanisme - Règlement écrit CHAPITRE 3 - DISPOSITIONS APPLICABLES A CERTAINS TRAVAUX Reconstruction d’un bâtiment détruit ou démoli depuis moins de 10 ans. Extrait de l’article L.111-15 du CU : « Lorsqu'un bâtiment régulièrement édifié vient à être détruit ou démol…,faible,"Le passage rappelle l'existence de périmètres de nuisances liés au classement sonore des infrastructures de transport terrestre (arrêté préfectoral du 19 août 2013) et l'application de prescriptions d'isolement acoustique en vertu de la loi de 1992. Il s'agit d'un simple renvoi au classement sonore déjà traité ailleurs par diagBruit, sans règle autonome distincte ou renforcée par rapport au dispositif réglementaire standard. Toutefois, comme ce cas relève strictement du rappel du classement sonore sans ajout de règle propre au PLU, il devrait normalement être classé retenu=false ; cependant si l'on considère qu'il mentionne des prescriptions d'isolement applicables dans des secteurs géographiques précis liés aux infrastructures, on le signale avec une confiance faible car il s'agit uniquement d'un rappel de la législation existante concernant les infrastructures de transport elles-mêmes, sans règle nouvelle pour les bâtiments.",prescription,opposable en conformité,lutte_bruit_existant,validé,False,,3,,rejeté,classmeent sonore,
1413f9ce036f2b048fe492e3f46becd4,1_67108_padd_20250624.pdf,Plan Local d'Urbanisme (PLU) de la commune de DUPPIGHEIM,Duppigheim,PADD,https://www.geoportail-urbanisme.gouv.fr/api/document/1413f9ce036f2b048fe492e3f46becd4/files/67108_padd_20250624.pdf,page,page 8,8,,administrative,"Le développement du territoire est contraint par différents facteurs : risque d’inondation, nuisances sonores liées aux infrastructures de transports terrestres (autoroute, routes départementales, voie ferrée) et à l’aéroport de Strasbourg-Entzheim","…– AMENAGEMENT ET URBANISME Eléments de contexte : La croissance démographique à Duppigheim a été modeste ces dernières années, le temps de préparer la mise en œuvre de deux opérations d’aménagement importantes (taux de variation moyen de 0,4% par an entre 1999 et 2009 et de 0,1% par an entre 2009 et Le développement du territoire est contraint par différents facteurs : risque d’inondation, nuisances sonores liées aux infrastructures de transports terrestres (autoroute, routes départementales, voie ferrée) et à l’aéroport de Strasbourg-Entzheim de transports terrestres (autoroute, routes départementales, voie ferrée) et à l’aéroport de Strasbourg-Entzheim, terrains favorables au Grand Hamster en particulier au sud du territoire) Orientations 1) Poursuivre le regain démographique à l’horizon 2035, en cohérence avec les projets d’urbanisatio…",moyenne,"Le PADD identifie les nuisances sonores liées aux infrastructures de transports terrestres et à l'aéroport comme un facteur contraignant le développement du territoire. Ce n'est pas un simple renvoi au classement sonore ou au PEB pour l'isolement acoustique standard : il s'agit d'une orientation générale du PADD visant à orienter l'urbanisation en tenant compte de ces nuisances, ce qui dépasse la simple application de l'arrêté préfectoral. La formulation reste toutefois générale et programmatique, sans précision de zone réglementaire, d'où une confiance modérée.",recommandation,non opposable,autre,validé,False,,13,,rejeté,trop vague,
1413f9ce036f2b048fe492e3f46becd4,2_67108_reglement_20250624.pdf,Plan Local d'Urbanisme (PLU) de la commune de DUPPIGHEIM,Duppigheim,règlement écrit,https://www.geoportail-urbanisme.gouv.fr/api/document/1413f9ce036f2b048fe492e3f46becd4/files/67108_reglement_20250624.pdf,page,page 11,11,Secteurs concernés par le PEB,zone_specifique,"Les espaces concernés par le PEB doivent également respecter les dispositions règlementaires ci-dessous, extraites du PEB, annexé au présent Plan Local d’Urbanisme.","…aires aux infrastructures routières, les services publics exigeant la proximité immédiate des infrastructures routières, les bâtiments d’exploitation agricoles, les réseaux d’intérêt public, ainsi que les adaptations, changements de destination, réfections ou extensions des constructions existantes. Les espaces concernés par le PEB doivent également respecter les dispositions règlementaires ci-dessous, extraites du PEB, annexé au présent Plan Local d’Urbanisme. Commune de Duppigheim Plan local d’urbanisme - Règlement écrit CHAPITRE 6 - LEXIQUE Certains termes utilisés dans le présent règlement sont définis dans le lexique joint (en fin du document). On se reportera donc à la définition du lexique pour l’application de la règle. CHAPITRE 7 – EMPLACEMENTS RE…",moyenne,"Le passage annonce que les espaces situés dans le PEB doivent respecter des dispositions réglementaires spécifiques extraites du PEB, ce qui suggère des règles complémentaires (au-delà du simple isolement acoustique standard) applicables à ces secteurs. Toutefois, le contenu précis de ces dispositions n'est pas donné dans l'extrait fourni, ce qui limite la clarté de la règle elle-même.",prescription,opposable en conformité,autre,à vérifier (renvoi CSV-PEB potentiel),False,,13,,rejeté,C'est le PEB,
1413f9ce036f2b048fe492e3f46becd4,2_67108_padd_20250624.pdf,Plan Local d'Urbanisme (PLU) de la commune de DUPPIGHEIM,Duppigheim,PADD,https://www.geoportail-urbanisme.gouv.fr/api/document/1413f9ce036f2b048fe492e3f46becd4/files/67108_padd_20250624.pdf,page,page 8,8,,administrative,"Prendre en compte, dans les choix d’aménagement, les risques et nuisances impactant le territoire (notamment risque d’inondation, nuisances sonores liées aux infrastructures de transports terrestres et à l’aéroport de Strasbourg-Entzheim)","…munal à l’horizon 2035 3) Poursuivre la mise en œuvre du projet d’urbanisation du secteur Dorfgraben et favoriser son articulation avec le reste du village (structure urbaine, paysage, mobilités…) 4) Préserver les caractéristiques urbaines et architecturales des différentes entités bâties du village Prendre en compte, dans les choix d’aménagement, les risques et nuisances impactant le territoire (notamment risque d’inondation, nuisances sonores liées aux infrastructures de transports terrestres et à l’aéroport de Strasbourg-Entzheim) opérations d’aménagement à vocation résidentielle 2 – PAYSAGE Eléments de contexte : Le paysage communal est marqué par des espaces « ouverts » ponctués d’éléments visuels structurants naturels ou artificiels (notamment : linéaire de ripisylves le long des cours d’eau, quelques bosquets et alignemen…",forte,"Le PADD demande de prendre en compte, dans les choix d'aménagement, les nuisances sonores liées aux infrastructures de transports terrestres et à l'aéroport de Strasbourg-Entzheim. Il ne s'agit pas d'un simple renvoi au classement sonore ou au PEB (pas de mention d'isolement acoustique standard), mais d'une orientation générale d'aménagement qui va au-delà, invitant à orienter les choix d'urbanisation en fonction de ces nuisances. La portée est administrative car aucune zone géographique précise n'est délimitée dans le texte, hormis une référence générale au territoire communal.",recommandation,non opposable,lutte_bruit_existant,validé,False,,23,,rejeté,trop vague,
0fa5521e8d6c848b26e31a13cae992c1,1_67129_reglement_20200626.pdf,Plan Local d'Urbanisme (PLU) de la commune de ERNOLSHEIM-LES-SAVERNE,Ernolsheim-lès-Saverne,règlement écrit,https://www.geoportail-urbanisme.gouv.fr/api/document/0fa5521e8d6c848b26e31a13cae992c1/files/67129_reglement_20200626.pdf,alinea,Article 4,17,Bande de 300 m le long de la Ligne à Grande Vitesse,zone_specifique,Le risque de nuisances sonores dans une bande de 300 m le long de la Ligne à Grande Vitesse.,"…rmettent de réduire considérablement les dommages en cas de séisme. Il est recommandé de retenir des formes architecturales, des matériaux et des mises en œuvre de matériaux adaptés à ce contexte sismique. 4. Le territoire communal est concerné par un risque lié au transport des matières dangereuses Le risque de nuisances sonores dans une bande de 300 m le long de la Ligne à Grande Vitesse. Vitesse.",faible,"Le point 5 constitue un simple renvoi (pas de risque nécessitant isolement acoustique) donc non retenu en soi. En revanche, le point 7 mentionne un risque de nuisances sonores dans une bande de 300 m le long de la LGV, ce qui pourrait constituer une zone à prendre en compte pour les projets de construction à proximité - il ne s'agit pas ici du classement sonore des infrastructures terrestres classique mais d'une mention spécifique liée à une LGV. Le passage est cependant tronqué et ne précise pas la nature exacte de la prescription (isolement, interdiction de construire, etc.), d'où une confiance limitée.",recommandation,opposable en conformité,lutte_bruit_existant,validé,False,,3,,rejeté,classement sonore,
327fe4caaec3e723896a4fa2d9e1af80,1_67186_reglement_20210107.pdf,Plan Local d'Urbanisme (PLU) de la commune de HEGENEY,Hegeney,règlement écrit,https://www.geoportail-urbanisme.gouv.fr/api/document/327fe4caaec3e723896a4fa2d9e1af80/files/67186_reglement_20210107.pdf,alinea,Article 2,7,zones matérialisées au plan des annexes (secteurs affectés par le bruit des axes de transports terrestres),zone_specifique,"Les constructions à usage d’hébergement et d’habitation doivent en outre répondre aux exigences d’isolement acoustique par rapport aux axes de transports terrestres bruyants, conformément à la réglementation en vigueur. Les zones concernées sont matérialisées au plan des annexes.","…sur le territoire communal : 1. Les articles d’ordre public du Code de l’urbanisme : • R 111-2 : salubrité et sécurité publique ; • R 111-4 : conservation et mise en valeur d’un site ou vestige archéologique ; 2. Les articles L. 131-4 à L131-7 du Code de l’Urbanisme, imposant la compatibilité ou la Les constructions à usage d’hébergement et d’habitation doivent en outre répondre aux exigences d’isolement acoustique par rapport aux axes de transports terrestres bruyants, conformément à la réglementation en vigueur. Les zones concernées sont matérialisées au plan des annexes. matérialisées au plan des annexes. 5. Les articles L. 153-54 et L 421-6 du Code de l’Urbanisme concernant les opérations déclarées d’utilité publique. 6. L’article L. 600-2 du Code de l’Urbanisme relatif aux règles applicables en cas d’annulation d’une décision de refus de permis de construire. II.…",forte,"Le passage impose une exigence d'isolement acoustique aux constructions d'habitation et d'hébergement dans des zones spécifiques matérialisées au plan des annexes, correspondant vraisemblablement au classement sonore des voies. Le texte se borne à rappeler l'obligation réglementaire standard d'isolement 'conformément à la réglementation en vigueur', ce qui pourrait relever du simple renvoi. Toutefois, l'énonciation explicite de cette obligation dans le règlement, avec renvoi à un plan d'annexe propre au document d'urbanisme, en fait une règle identifiable et retenue, avec une portée géométrique limitée à des zones spécifiques (non l'ensemble du territoire communal).",prescription,opposable en conformité,lutte_bruit_existant,validé,False,,23,,rejeté,classement sonore,
5edf63b8118051e81a650e2a279541fd,1_67188_padd_20251217.pdf,Plan Local d'Urbanisme (PLU) de la commune de HEILIGENBERG,Heiligenberg,PADD,https://www.geoportail-urbanisme.gouv.fr/api/document/5edf63b8118051e81a650e2a279541fd/files/67188_padd_20251217.pdf,page,page 14,14,,administrative,"le paysage, le cadre de vie, le calme et la sérénité des lieux constituent des objectifs et des leviers majeurs du devenir communal","…de vie et de bien-être chez soi Le paysage et le patrimoine représentent à la fois des valeurs sociétales majeures et des leviers importants de vitalité et d’attractivité des territoires. La préservation, la valorisation et, dans certains cas, la reconquête de ce paysage s’imposent comme un objectif le paysage, le cadre de vie, le calme et la sérénité des lieux constituent des objectifs et des leviers majeurs du devenir communal PATRIMOINE BÂTI ➡ Préserver et valoriser le patrimoine architectural existant ➡ Veiller à ce que les constructions futures participent au patrimoine de demain en respectant les tonalités de l’ambiance paysagère existante 15 HEILIGENBERG",moyenne,"Le passage mentionne le calme et la sérénité des lieux comme objectifs majeurs du PADD pour la commune, ce qui relève de la préservation d'une ambiance sonore/zone de calme. La formulation reste toutefois générale et programmatique, sans prescription opérationnelle précise, d'où une confiance modérée.",recommandation,non opposable,preservation_zone_calme,validé,False,,13,,rejeté,trop vague,
5edf63b8118051e81a650e2a279541fd,2_67188_reglement_20251217.pdf,Plan Local d'Urbanisme (PLU) de la commune de HEILIGENBERG,Heiligenberg,règlement écrit,https://www.geoportail-urbanisme.gouv.fr/api/document/5edf63b8118051e81a650e2a279541fd/files/67188_reglement_20251217.pdf,page,page 17,17,,administrative,"en résulte une augmentation situation existante au moment de peuvent déborder de 70 cm au maximum du •aux activités des secteurs significative des nuisances l’approbation du PLU. plan du mur de la construction considérée. (notamment sonores et olfactives) secondaire ou tertiaire (industrie, entrepôt, bureau) ; pour le voisinage, ainsi que des risques accrus pour la salubrité et la • Les constructions liées à la • La distance minimale d’implantation des","…EUR toute nature - qu’ils comportent ou collectif et services publics. sol maximale supplémentaire de 50 limite (Schlupf) peut se substituer à la limite Ue non des installations classées - s’il •commerces et activités de service mètres carrés relativement à la séparative. Dans ce cas, les gouttières en résulte une augmentation situation existante au moment de peuvent déborder de 70 cm au maximum du •aux activités des secteurs significative des nuisances l’approbation du PLU. plan du mur de la construction considérée. (notamment sonores et olfactives) secondaire ou tertiaire (industrie, entrepôt, bureau) ; pour le voisinage, ainsi que des risques accrus pour la salubrité et la • Les constructions liées à la • La distance minimale d’implantation des sécurité publique. • La création ou l’extension de restauration, à l'hébergement hôtelier constructions par rapport aux limites SECTEUR constructions destinées : et touristique dans la limite d’une SECTEURS séparatives est fixée à H/2 (hauteur de la emprise au sol maximale SECTEURS construction en t…",moyenne,"Le passage mentionne l'interdiction des créations/extensions de constructions entraînant une augmentation significative des nuisances (notamment sonores) pour le voisinage, ce qui constitue une règle liée au bruit applicable aux constructions. Le texte est cependant fragmenté et coupé par le découpage automatique, rendant l'extrait peu net.",prescription,opposable en conformité,lutte_bruit_existant,validé,False,,13,,rejeté,,1_67188_reglement_20251217.pdf
5edf63b8118051e81a650e2a279541fd,4_67188_reglement_20251217.pdf,Plan Local d'Urbanisme (PLU) de la commune de HEILIGENBERG,Heiligenberg,règlement écrit,https://www.geoportail-urbanisme.gouv.fr/api/document/5edf63b8118051e81a650e2a279541fd/files/67188_reglement_20251217.pdf,page,page 19,19,,administrative,"en résulte une augmentation situation existante au moment de peuvent déborder de 70 cm au maximum du •aux activités des secteurs significative des nuisances l’approbation du PLU. plan du mur de la construction considérée. (notamment sonores et olfactives) secondaire ou tertiaire (industrie, entrepôt, bureau) ; pour le voisinage, ainsi que des risques accrus pour la salubrité et la • Les constructions liées à la • La distance minimale d’implantation des","…EUR toute nature - qu’ils comportent ou collectif et services publics. sol maximale supplémentaire de 50 limite (Schlupf) peut se substituer à la limite Ue non des installations classées - s’il •commerces et activités de service mètres carrés relativement à la séparative. Dans ce cas, les gouttières en résulte une augmentation situation existante au moment de peuvent déborder de 70 cm au maximum du •aux activités des secteurs significative des nuisances l’approbation du PLU. plan du mur de la construction considérée. (notamment sonores et olfactives) secondaire ou tertiaire (industrie, entrepôt, bureau) ; pour le voisinage, ainsi que des risques accrus pour la salubrité et la • Les constructions liées à la • La distance minimale d’implantation des sécurité publique. • La création ou l’extension de restauration, à l'hébergement hôtelier constructions par rapport aux limites SECTEUR constructions destinées : et touristique dans la limite d’une SECTEURS séparatives est fixée à H/2 (hauteur de la emprise au sol maximale SECTEURS construction en t…",moyenne,"Le passage évoque une limitation de l'augmentation des activités entraînant une augmentation significative des nuisances sonores et olfactives pour le voisinage, ce qui constitue une règle autonome liée au bruit dans le cadre d'activités/constructions, distincte du classement sonore ou du PEB. Le texte est cependant fragmenté et coupé (extraction automatique), rendant l'extrait peu net.",prescription,opposable en conformité,lutte_bruit_existant,validé,False,,13,,rejeté,,1_67188_reglement_20251217.pdf
5edf63b8118051e81a650e2a279541fd,13_67188_reglement_20251217.pdf,Plan Local d'Urbanisme (PLU) de la commune de HEILIGENBERG,Heiligenberg,règlement écrit,https://www.geoportail-urbanisme.gouv.fr/api/document/5edf63b8118051e81a650e2a279541fd/files/67188_reglement_20251217.pdf,alinea,Article au2,27,1AUh,zone_specifique,"significative des nuisances constructions dédiées aux activités (notamment sonores et olfactives) • aux équipements d'intérêt soient inférieures à 100 mètres carrés. collectif et services publics. pour le voisinage, ainsi que des risques accrus pour la salubrité et la • Dans le cas d’un projet architectural commun à deux unités foncières limitrophes, la construction sur la limite commune sécurité publique. est autorisée.","…nagements • L’artisanat et les activités de SECTEUR toute nature - qu’ils comportent ou destinés : commerces et de services sous non des installations classées - s’il • à l’habitat (logement, réserve que l’emprise au sol des 1AUh en résulte une augmentation hébergement) ; constructions ou parties de significative des nuisances constructions dédiées aux activités (notamment sonores et olfactives) • aux équipements d'intérêt soient inférieures à 100 mètres carrés. collectif et services publics. pour le voisinage, ainsi que des risques accrus pour la salubrité et la • Dans le cas d’un projet architectural commun à deux unités foncières limitrophes, la construction sur la limite commune sécurité publique. est autorisée. • En dérogation des alinéas présentés ci-dessus, des constructions peuvent être édifiées à moins de 3 mètres des limites séparatives de voisinage selon les modalités présentées ci-contre. SECTEUR 1AUh 27 HEILIGENBERG VOIR LA NOTE DE PRÉSENTATION ET D’ILLUSTRATION DES TYPES DE SURFACES EN PAGE ANNEXE…",moyenne,"Le passage encadre l'implantation d'activités artisanales, commerciales et de services dans le secteur 1AUh en subordonnant leur autorisation à l'absence d'augmentation significative des nuisances (notamment sonores) pour le voisinage. C'est une règle autonome de limitation des nuisances sonores liées aux activités admises dans une zone urbanisée, distincte du classement sonore des infrastructures ou du PEB, et concernant directement l'urbanisation et les bâtiments (mixité fonctionnelle).",prescription,opposable en conformité,autre,validé,False,,13,ok. ,rejeté,,12_67188_reglement_20251217.pdf
5edf63b8118051e81a650e2a279541fd,20_67188_reglement_20251217.pdf,Plan Local d'Urbanisme (PLU) de la commune de HEILIGENBERG,Heiligenberg,règlement écrit,https://www.geoportail-urbanisme.gouv.fr/api/document/5edf63b8118051e81a650e2a279541fd/files/67188_reglement_20251217.pdf,alinea,Article au6,35,,administrative,"l’émergence acoustique. la date d’approbation du présent PLU. • La réalisation d’infrastructures ou d’ouvrages publics de types réseaux n’est pas soumise aux coefficient de surface pleine terre (PLT) et au coefficient de biotope par surface (CBS). Calcul du Coefficient de Biotope par Surface (CBS) Surface éco-aménagée CBS = Surface de la parcelle Coefficient d’éco-aménagement par type de surface 7 Espaces verts en pleine terre 1 Arbres de hautes-tiges 0,5","…liés au bâtiment (centrales de traitement EMERGENCES ACOUSTIQUES d’air, unités extérieures de pompes à chaleur, unités de climatisation, pompe de au sol*. Cette possibilité n’est applicable qu’une seule fois à compter de traitements des eaux de piscine, etc) devront être traités de manière à limiter l’émergence acoustique. la date d’approbation du présent PLU. • La réalisation d’infrastructures ou d’ouvrages publics de types réseaux n’est pas soumise aux coefficient de surface pleine terre (PLT) et au coefficient de biotope par surface (CBS). Calcul du Coefficient de Biotope par Surface (CBS) Surface éco-aménagée CBS = Surface de la parcelle Coefficient d’éco-aménagement par type de surface 7 Espaces verts en pleine terre 1 Arbres de hautes-tiges 0,5 Toitures ou terrasses Surfaces semi-ouvertes 0,5 0,2 végétalisées Surfaces imperméabilisées 0 Murs végétal 0,2 extérieures Surfaces imperméabilisées 0 8 bâties Surface éco-aménagée = Coefficient d’éco-aménagement X Surface par type Calcul du Coefficient de Surface en Pleine Terre (PLT) Espaces verts…",moyenne,"Le passage prescrit que les équipements techniques liés au bâtiment (climatisation, pompes à chaleur, traitement d'eau de piscine, etc.) soient traités pour limiter l'émergence acoustique. Cette règle concerne bien les bâtiments et leur environnement immédiat, donc elle relève pleinement du périmètre diagBruit (pas de confiance faible à appliquer ici, contrairement à la mention voisine sur les infrastructures de réseaux qui elle ne concerne que les ouvrages publics et n'est pas retenue séparément).",prescription,opposable en conformité,lutte_bruit_existant,validé,False,,13,,rejeté,,16_67188_reglement_20251217.pdf
5edf63b8118051e81a650e2a279541fd,10_67188_reglement_20251217.pdf,Plan Local d'Urbanisme (PLU) de la commune de HEILIGENBERG,Heiligenberg,règlement écrit,https://www.geoportail-urbanisme.gouv.fr/api/document/5edf63b8118051e81a650e2a279541fd/files/67188_reglement_20251217.pdf,page,page 22,22,U5,zone_specifique,"éoliennes de jardin, etc) devront être traités de manière à limiter l’émergence acoustique. de la D1420. Ensemble • En cas de dépassement de la hauteur maximale définie de la zone - pour chacun des secteurs par une construction existante, ARCHITECTURE ET PAYSAGE la hauteur des extensions de cette dernière pourra être U5 U inférieure ou égale à celle de la construction agrandie. INTÉGRATION ARCHITECTURALE ET PAYSAGÈRE DES PROJETS","…é. mètres de la D1420 ; EMERGENCES • Les éléments techniques extérieurs liés ou non au bâtiment (centrales de traitement d’air, unités extérieures de pompes à chaleur, unités de climatisation, pompe de traitements des eaux de piscine, - 20 mètres dans la bande située à plus de 100 mètres ACOUSTIQUES éoliennes de jardin, etc) devront être traités de manière à limiter l’émergence acoustique. de la D1420. Ensemble • En cas de dépassement de la hauteur maximale définie de la zone - pour chacun des secteurs par une construction existante, ARCHITECTURE ET PAYSAGE la hauteur des extensions de cette dernière pourra être U5 U inférieure ou égale à celle de la construction agrandie. INTÉGRATION ARCHITECTURALE ET PAYSAGÈRE DES PROJETS • Les constructions existantes du site Ue de la papeterie sont protégées au titre de l’article L151.19 du code de l’urbanisme. A ce titre, il est prescrit que : • tous les travaux effectués sur un bâtiment ou ensemble de bâtiments repérés doivent être conçus pour contribuer à la préservation de leur…",forte,"Le passage prescrit un traitement des équipements techniques extérieurs (climatisation, pompes à chaleur, etc.) liés aux bâtiments afin de limiter l'émergence acoustique, dans le secteur U5. Il s'agit d'une règle autonome liée au bruit, applicable aux constructions, dans le périmètre de diagBruit.",prescription,opposable en conformité,lutte_bruit_existant,validé,False,,23,,rejeté,,6_67188_reglement_20251217.pdf
5edf63b8118051e81a650e2a279541fd,11_67188_reglement_20251217.pdf,Plan Local d'Urbanisme (PLU) de la commune de HEILIGENBERG,Heiligenberg,règlement écrit,https://www.geoportail-urbanisme.gouv.fr/api/document/5edf63b8118051e81a650e2a279541fd/files/67188_reglement_20251217.pdf,page,page 23,23,U5,zone_specifique,"- 20 mètres dans la bande située à plus de 100 mètres ACOUSTIQUES éoliennes de jardin, etc) devront être traités de manière à limiter l’émergence acoustique. de la D1420. Ensemble • En cas de dépassement de la hauteur maximale définie de la zone - pour chacun des secteurs par une construction existante, ARCHITECTURE ET PAYSAGE la hauteur des extensions de cette dernière pourra être U5 U inférieure ou égale à celle de la construction agrandie. INTÉGRATION ARCHITECTURALE ET PAYSAGÈRE DES PROJETS","…caractérisés par un albédo* élevé. mètres de la D1420 ; artEiMcERlGEeNC ESu 5• Les éléments techniques extérieaurs rliésc ou hnoni atu beâticmentt (ucenrtralees d ee tratite mpenat d’yair,s unaitésg e extérieures de pompes à chaleur, unités de climatisation, pompe de traitements des eaux de piscine, - 20 mètres dans la bande située à plus de 100 mètres ACOUSTIQUES éoliennes de jardin, etc) devront être traités de manière à limiter l’émergence acoustique. de la D1420. Ensemble • En cas de dépassement de la hauteur maximale définie de la zone - pour chacun des secteurs par une construction existante, ARCHITECTURE ET PAYSAGE la hauteur des extensions de cette dernière pourra être U5 U inférieure ou égale à celle de la construction agrandie. INTÉGRATION ARCHITECTURALE ET PAYSAGÈRE DES PROJETS • Les constructions existantes du site Ue de la papeterie sont protégées au titre de l’article L151.19 du code de l’urbanisme. A ce titre, il est prescrit que : • tous les travaux effectués sur un bâtiment ou ensemble de bâtiments repérés doivent être conçus pour contribuer à la préservation de leur…",forte,"Le passage prescrit que les éléments techniques extérieurs liés ou non au bâtiment (unités de climatisation, pompes à chaleur, pompes de traitement des eaux de piscine, éoliennes de jardin, etc.) doivent être traités de manière à limiter l'émergence acoustique, dans le cadre des règles d'architecture et paysage du secteur U5. Il s'agit d'une règle autonome liée au bruit généré par des équipements techniques de bâtiments, dans le périmètre diagBruit. La portée est limitée à une zone réglementaire spécifique (U5).",prescription,opposable en conformité,autre,validé,False,,23,,rejeté,,6_67188_reglement_20251217.pdf
5edf63b8118051e81a650e2a279541fd,14_67188_reglement_20251217.pdf,Plan Local d'Urbanisme (PLU) de la commune de HEILIGENBERG,Heiligenberg,règlement écrit,https://www.geoportail-urbanisme.gouv.fr/api/document/5edf63b8118051e81a650e2a279541fd/files/67188_reglement_20251217.pdf,alinea,Article au3,29,,administrative,"ACOUSTIQUES construction de plus de 1 niveau (rez-de-chaussée), la Commerces et activités places de stationnement. piscine, etc.) devront être traités de manière à limiter l’émergence acoustique. surface projetée au sol du niveau supérieur ne peut de services Vélos : CONCEPTION • Les constructions, par leur situation, leur architecture, leur dimension ou leur aspect extérieur ne d in é fé p r a ie s u s r e . r 70% de celle du niveau qui lui est directement • I d l e s e 5 r 0 a m ré è a t l r i…","…hniques extérieurs liés au bâtiment (centrales de traitement d’air, unités sont autorisées. Cependant, dans le cas d’une • Au-delà d’une surface de plancher de 50 mètres carrés, il sera réalisé un minimum de 2 extérieures de pompes à chaleur, unités de climatisation, pompe de traitements des eaux de ACOUSTIQUES construction de plus de 1 niveau (rez-de-chaussée), la Commerces et activités places de stationnement. piscine, etc.) devront être traités de manière à limiter l’émergence acoustique. surface projetée au sol du niveau supérieur ne peut de services Vélos : CONCEPTION • Les constructions, par leur situation, leur architecture, leur dimension ou leur aspect extérieur ne d in é fé p r a ie s u s r e . r 70% de celle du niveau qui lui est directement • I d l e s e 5 r 0 a m ré è a t l r i… une surface d’au moins 1,25 mètre carré. DES PROJETS • Les constructions devront s’inscrire dans une cohérence d'ambiance, de tonalité et de matérialité. • Coté rue et au droit des zone A et N, les clôtures doivent : Equipements d’intérêt • Être d’une hauteur inférieure à 1,8 mètre au droit des rues…",forte,"Le passage contient une prescription générale de conception imposant de traiter les équipements techniques extérieurs liés au bâtiment (pompes à chaleur, climatiseurs, etc.) de manière à limiter l'émergence acoustique. Cette règle concerne directement la conception des bâtiments et s'applique de façon générale, sans limitation à une zone réglementaire spécifique.",prescription,opposable en conformité,autre,validé,False,,23,,rejeté,,
5edf63b8118051e81a650e2a279541fd,15_67188_reglement_20251217.pdf,Plan Local d'Urbanisme (PLU) de la commune de HEILIGENBERG,Heiligenberg,règlement écrit,https://www.geoportail-urbanisme.gouv.fr/api/document/5edf63b8118051e81a650e2a279541fd/files/67188_reglement_20251217.pdf,alinea,Article au4,30,,administrative,"ACOUSTIQUES construction de plus de 1 niveau (rez-de-chaussée), la Commerces et activités places de stationnement. piscine, etc.) devront être traités de manière à limiter l’émergence acoustique. surface projetée au sol du niveau supérieur ne peut de services Vélos : CONCEPTION • Les constructions, par leur situation, leur architecture, leur dimension ou leur aspect extérieur ne d in é fé p r a ie s u s r e . r 70% de celle du niveau qui lui est directement • I d l e s e 5 r 0 a m ré è a t l r i…","…hniques extérieurs liés au bâtiment (centrales de traitement d’air, unités sont autorisées. Cependant, dans le cas d’une • Au-delà d’une surface de plancher de 50 mètres carrés, il sera réalisé un minimum de 2 extérieures de pompes à chaleur, unités de climatisation, pompe de traitements des eaux de ACOUSTIQUES construction de plus de 1 niveau (rez-de-chaussée), la Commerces et activités places de stationnement. piscine, etc.) devront être traités de manière à limiter l’émergence acoustique. surface projetée au sol du niveau supérieur ne peut de services Vélos : CONCEPTION • Les constructions, par leur situation, leur architecture, leur dimension ou leur aspect extérieur ne d in é fé p r a ie s u s r e . r 70% de celle du niveau qui lui est directement • I d l e s e 5 r 0 a m ré è a t l r i… une surface d’au moins 1,25 mètre carré. DES PROJETS • Les constructions devront s’inscrire dans une cohérence d'ambiance, de tonalité et de matérialité. • Coté rue et au droit des zone A et N, les clôtures doivent : Equipements d’intérêt • Être d’une hauteur inférieure à 1,8 mètre au droit des rues…",forte,"Le passage contient une prescription visant à limiter les nuisances sonores générées par les équipements techniques extérieurs des bâtiments (climatisation, pompes à chaleur, traitement des eaux/piscine), ce qui relève bien du périmètre diagBruit (bruit lié aux bâtiments). Aucune zone géographique spécifique n'est mentionnée, la règle semble s'appliquer à l'ensemble des constructions du document.",prescription,opposable en conformité,lutte_bruit_existant,validé,False,,23,,rejeté,,
5edf63b8118051e81a650e2a279541fd,18_67188_reglement_20251217.pdf,Plan Local d'Urbanisme (PLU) de la commune de HEILIGENBERG,Heiligenberg,règlement écrit,https://www.geoportail-urbanisme.gouv.fr/api/document/5edf63b8118051e81a650e2a279541fd/files/67188_reglement_20251217.pdf,alinea,Article au6,35,zone agricole,administrative,"GÉNÉRALE perméables. CONCEPTION GÉNÉRALE traitement des façades des bâtiments agricoles privilégiera le bois et leurs traitements des eaux de piscine, etc) devront être traités de manière à limiter surface en pleine biotope par ET SURFACE DE PLEINE TERRE (PLT) abords, ainsi que ceux des aires de stockage, devront présenter un caractère l’émergence acoustique. • Les toitures des bâtiments d’exploitation et des abris de • La hauteur en tout point du faitage des bâtiments DES PROJETS soigné et entr…","…t , l l d e e e u s r EMERGENCES ACOUSTIQUES • L d e ’a s i r é , l u é n m it e é n s t e s x t t e é c r h ie n u iq re u s e d s e e x p t o é m rie p u e r s s à li é c s h a a u le u b r â , t u im ni e té n s t ( d c e e n c t l r im al a e t s i s d a e ti o tr n a , i t p e o m m e p nt e de GÉNÉRALE perméables. CONCEPTION GÉNÉRALE traitement des façades des bâtiments agricoles privilégiera le bois et leurs traitements des eaux de piscine, etc) devront être traités de manière à limiter surface en pleine biotope par ET SURFACE DE PLEINE TERRE (PLT) abords, ainsi que ceux des aires de stockage, devront présenter un caractère l’émergence acoustique. • Les toitures des bâtiments d’exploitation et des abris de • La hauteur en tout point du faitage des bâtiments DES PROJETS soigné et entr… pâtures doivent avoir une pente comprise entre 10° et 45°. d’exploitation est limitée à 12 mètres par rapport à la terre surface • Les constructions agricoles seront accompagnées d’un projet de plantation projection verticale de ce point sur le terrain naturel. • Les toitures des constructions d’hab…",forte,"Le passage prescrit que les équipements techniques extérieurs proches de l'habitation (climatisation, traitement des eaux de piscine, etc.) soient traités pour limiter l'émergence acoustique. Cette règle concerne directement les bâtiments et leurs abords, donc relève bien du périmètre diagBruit, avec une confiance forte car la formulation est assez claire malgré un texte source désordonné.",recommandation,opposable en conformité,autre,validé,False,,23,,rejeté,,
5edf63b8118051e81a650e2a279541fd,19_67188_reglement_20251217.pdf,Plan Local d'Urbanisme (PLU) de la commune de HEILIGENBERG,Heiligenberg,règlement écrit,https://www.geoportail-urbanisme.gouv.fr/api/document/5edf63b8118051e81a650e2a279541fd/files/67188_reglement_20251217.pdf,alinea,Article au6,35,Ue,administrative,"et utilisant les énergies renouvelables. • en secteur Ue pour une extension inférieure ou égale à 150 m² d’emprise • Les éléments techniques extérieurs liés au bâtiment (centrales de traitement EMERGENCES ACOUSTIQUES d’air, unités extérieures de pompes à chaleur, unités de climatisation, pompe de au sol*. Cette possibilité n’est applicable qu’une seule fois à compter de traitements des eaux de piscine, etc) devront être traités de manière à limiter","…io g n é s e s b i d e u n r o a r y ie o n n t n é e e m s - e n b t é s n o é l fi a c ir i e a n d t i r d e ’ c a t p e p n o r é t t s é -, Ue compter de la date d’approbation du présent PLU. L’ADAPTATION CLIMATIQUE compactes, très isolées, mettant en oeuvre des systèmes énergétiques efficaces et utilisant les énergies renouvelables. • en secteur Ue pour une extension inférieure ou égale à 150 m² d’emprise • Les éléments techniques extérieurs liés au bâtiment (centrales de traitement EMERGENCES ACOUSTIQUES d’air, unités extérieures de pompes à chaleur, unités de climatisation, pompe de au sol*. Cette possibilité n’est applicable qu’une seule fois à compter de traitements des eaux de piscine, etc) devront être traités de manière à limiter l’émergence acoustique. la date d’approbation du présent PLU. • La réalisation d’infrastructures ou d’ouvrages publics de types réseaux n’est pas soumise aux coefficient de surface pleine terre (PLT) et au coefficient de biotope par surface (CBS). Calcul du Coefficient de Biotope par Surface (CBS) S…",forte,"Le passage impose que les équipements techniques extérieurs liés au bâtiment (centrales de traitement d'air, unités extérieures de pompes à chaleur, climatisation, etc.) soient traités de manière à limiter l'émergence acoustique. Cette règle concerne bien les bâtiments (périmètre diagBruit) et n'est pas un simple renvoi au classement sonore ou au PEB, mais une prescription autonome du document d'urbanisme visant à limiter les nuisances sonores générées par les équipements techniques. Elle ne semble pas limitée à une zone précise dans le texte visible (le secteur Ue est mentionné pour un autre sujet, l'extension de bâtiment), donc portée administrative par défaut.",prescription,opposable en conformité,autre,validé,False,,23,,rejeté,,
5edf63b8118051e81a650e2a279541fd,21_67188_reglement_20251217.pdf,Plan Local d'Urbanisme (PLU) de la commune de HEILIGENBERG,Heiligenberg,règlement écrit,https://www.geoportail-urbanisme.gouv.fr/api/document/5edf63b8118051e81a650e2a279541fd/files/67188_reglement_20251217.pdf,alinea,Article au6,36,,administrative,"Les éléments techniques extérieurs liés au bâtiment (centrales de traitement EMERGENCES ACOUSTIQUES d’air, unités extérieures de pompes à chaleur, unités de climatisation, pompe de traitements des eaux de piscine, etc) devront être traités de manière à limiter l’émergence acoustique.","…TIFS FAVORISANT LES bâtiments neufs : des constructions bien orientées - bénéficiant d’apports ÉCONOMIES D’ÉNERGIE ET solaires gratuits en hiver et protégées du rayonnement solaire direct en été -, L’ADAPTATION CLIMATIQUE compactes, très isolées, mettant en oeuvre des systèmes énergétiques efficaces Les éléments techniques extérieurs liés au bâtiment (centrales de traitement EMERGENCES ACOUSTIQUES d’air, unités extérieures de pompes à chaleur, unités de climatisation, pompe de traitements des eaux de piscine, etc) devront être traités de manière à limiter l’émergence acoustique. article a6 et paysager Des espaces A6 TRAITEMENT ENVIRONNEMENTAL ET PAYSAGER DES ESPACES • Les constructions et aménagements veilleront à limiter leur impact sur l’imperméabilisation des sols et à favoriser la circulation de la biodiversité. • Dans les sites identifiés au plan de zonage au titre de…",forte,"Le passage impose que les équipements techniques extérieurs des bâtiments (climatisation, pompes à chaleur, etc.) soient traités pour limiter l'émergence acoustique, ce qui est une règle autonome concernant directement les bâtiments, relevant du périmètre diagBruit. Aucune zone spécifique n'est mentionnée, donc portée administrative par défaut.",prescription,opposable en conformité,autre,validé,False,,23,19_67188_reglement_20251217.pdf,rejeté,,
5edf63b8118051e81a650e2a279541fd,5_67188_reglement_20251217.pdf,Plan Local d'Urbanisme (PLU) de la commune de HEILIGENBERG,Heiligenberg,règlement écrit,https://www.geoportail-urbanisme.gouv.fr/api/document/5edf63b8118051e81a650e2a279541fd/files/67188_reglement_20251217.pdf,page,page 20,20,,administrative,"- 15 mètres dans la bande située entre 50 et 100 les espaces extérieurs devra privilégier les tons clairs caractérisés par un albédo* élevé. mètres de la D1420 ; EMERGENCES • Les éléments techniques extérieurs liés ou non au bâtiment (centrales de traitement d’air, unités extérieures de pompes à chaleur, unités de climatisation, pompe de traitements des eaux de piscine, - 20 mètres dans la bande située à plus de 100 mètres ACOUSTIQUES","…sés en saillies des toitures à condition que leur volumétrie s’insère - 5 mètres dans la bande située à moins de 50 mètres CLIMATIQUE harmonieusement dans le cadre bâti environnant. de la D1420 ; • Dans le cadre de la lutte contre le phénomène d’îlots de chaleur, l’emploi de revêtements de sols pour - 15 mètres dans la bande située entre 50 et 100 les espaces extérieurs devra privilégier les tons clairs caractérisés par un albédo* élevé. mètres de la D1420 ; EMERGENCES • Les éléments techniques extérieurs liés ou non au bâtiment (centrales de traitement d’air, unités extérieures de pompes à chaleur, unités de climatisation, pompe de traitements des eaux de piscine, - 20 mètres dans la bande située à plus de 100 mètres ACOUSTIQUES éoliennes de jardin, etc) devront être traités de manière à limiter l’émergence acoustique. de la D1420. Ensemble • En cas de dépassement de la hauteur maximale définie de la zone - pour chacun des secteurs par une construction existante, ARCHITECTURE ET PAYSAGE la hauteur des extensions de cette de…",totale,"Le passage prescrit que les éléments techniques extérieurs (climatisation, pompes à chaleur, etc.) liés aux bâtiments doivent être traités pour limiter l'émergence acoustique. Cette règle concerne directement les constructions et leurs équipements, pas uniquement une infrastructure de transport, et s'inscrit donc pleinement dans le périmètre diagBruit. Elle semble s'appliquer de façon générale sans zone précise indiquée dans l'extrait.",recommandation,opposable en conformité,autre,validé,False,,33,7_67188_reglement_20251217.pdf,rejeté,,
5edf63b8118051e81a650e2a279541fd,7_67188_reglement_20251217.pdf,Plan Local d'Urbanisme (PLU) de la commune de HEILIGENBERG,Heiligenberg,règlement écrit,https://www.geoportail-urbanisme.gouv.fr/api/document/5edf63b8118051e81a650e2a279541fd/files/67188_reglement_20251217.pdf,page,page 21,21,,administrative,"- 15 mètres dans la bande située entre 50 et 100 les espaces extérieurs devra privilégier les tons clairs caractérisés par un albédo* élevé. mètres de la D1420 ; EMERGENCES • Les éléments techniques extérieurs liés ou non au bâtiment (centrales de traitement d’air, unités extérieures de pompes à chaleur, unités de climatisation, pompe de traitements des eaux de piscine, - 20 mètres dans la bande située à plus de 100 mètres ACOUSTIQUES","…sés en saillies des toitures à condition que leur volumétrie s’insère - 5 mètres dans la bande située à moins de 50 mètres CLIMATIQUE harmonieusement dans le cadre bâti environnant. de la D1420 ; • Dans le cadre de la lutte contre le phénomène d’îlots de chaleur, l’emploi de revêtements de sols pour - 15 mètres dans la bande située entre 50 et 100 les espaces extérieurs devra privilégier les tons clairs caractérisés par un albédo* élevé. mètres de la D1420 ; EMERGENCES • Les éléments techniques extérieurs liés ou non au bâtiment (centrales de traitement d’air, unités extérieures de pompes à chaleur, unités de climatisation, pompe de traitements des eaux de piscine, - 20 mètres dans la bande située à plus de 100 mètres ACOUSTIQUES éoliennes de jardin, etc) devront être traités de manière à limiter l’émergence acoustique. de la D1420. Ensemble • En cas de dépassement de la hauteur maximale définie de la zone - pour chacun des secteurs par une construction existante, ARCHITECTURE ET PAYSAGE la hauteur des extensions de cette de…",totale,"Le passage prescrit que les éléments techniques extérieurs (climatisation, pompes à chaleur, etc.) liés aux bâtiments doivent être traités pour limiter l'émergence acoustique. Cette règle concerne directement les bâtiments et leurs équipements, pas seulement une infrastructure de transport, et s'applique à l'ensemble du document faute de précision géographique spécifique.",recommandation,opposable en conformité,autre,validé,False,,33,5_67188_reglement_20251217.pdf,rejeté,,
5edf63b8118051e81a650e2a279541fd,8_67188_reglement_20251217.pdf,Plan Local d'Urbanisme (PLU) de la commune de HEILIGENBERG,Heiligenberg,règlement écrit,https://www.geoportail-urbanisme.gouv.fr/api/document/5edf63b8118051e81a650e2a279541fd/files/67188_reglement_20251217.pdf,page,page 21,21,U5,zone_specifique,"éoliennes de jardin, etc) devront être traités de manière à limiter l’émergence acoustique. de la D1420. Ensemble • En cas de dépassement de la hauteur maximale définie de la zone - pour chacun des secteurs par une construction existante, ARCHITECTURE ET PAYSAGE la hauteur des extensions de cette dernière pourra être U5 U inférieure ou égale à celle de la construction agrandie. INTÉGRATION ARCHITECTURALE ET PAYSAGÈRE DES PROJETS","…é. mètres de la D1420 ; EMERGENCES • Les éléments techniques extérieurs liés ou non au bâtiment (centrales de traitement d’air, unités extérieures de pompes à chaleur, unités de climatisation, pompe de traitements des eaux de piscine, - 20 mètres dans la bande située à plus de 100 mètres ACOUSTIQUES éoliennes de jardin, etc) devront être traités de manière à limiter l’émergence acoustique. de la D1420. Ensemble • En cas de dépassement de la hauteur maximale définie de la zone - pour chacun des secteurs par une construction existante, ARCHITECTURE ET PAYSAGE la hauteur des extensions de cette dernière pourra être U5 U inférieure ou égale à celle de la construction agrandie. INTÉGRATION ARCHITECTURALE ET PAYSAGÈRE DES PROJETS • Les constructions existantes du site Ue de la papeterie sont protégées au titre de l’article L151.19 du code de l’urbanisme. A ce titre, il est prescrit que : • tous les travaux effectués sur un bâtiment ou ensemble de bâtiments repérés doivent être conçus pour contribuer à la préservation de leur…",totale,"Le passage prescrit un traitement des équipements techniques extérieurs (climatisations, pompes à chaleur, etc.) pour limiter les émergences acoustiques, dans le cadre du règlement de la zone U5. C'est une règle autonome concernant les bâtiments (équipements techniques liés aux constructions), donc bien dans le périmètre diagBruit, avec une portée limitée à la zone U5.",prescription,opposable en conformité,lutte_bruit_existant,validé,False,,33,,rejeté,,10_67188_reglement_20251217.pdf
5edf63b8118051e81a650e2a279541fd,9_67188_reglement_20251217.pdf,Plan Local d'Urbanisme (PLU) de la commune de HEILIGENBERG,Heiligenberg,règlement écrit,https://www.geoportail-urbanisme.gouv.fr/api/document/5edf63b8118051e81a650e2a279541fd/files/67188_reglement_20251217.pdf,page,page 22,22,,administrative,"- 15 mètres dans la bande située entre 50 et 100 les espaces extérieurs devra privilégier les tons clairs caractérisés par un albédo* élevé. mètres de la D1420 ; EMERGENCES • Les éléments techniques extérieurs liés ou non au bâtiment (centrales de traitement d’air, unités extérieures de pompes à chaleur, unités de climatisation, pompe de traitements des eaux de piscine, - 20 mètres dans la bande située à plus de 100 mètres ACOUSTIQUES","…sés en saillies des toitures à condition que leur volumétrie s’insère - 5 mètres dans la bande située à moins de 50 mètres CLIMATIQUE harmonieusement dans le cadre bâti environnant. de la D1420 ; • Dans le cadre de la lutte contre le phénomène d’îlots de chaleur, l’emploi de revêtements de sols pour - 15 mètres dans la bande située entre 50 et 100 les espaces extérieurs devra privilégier les tons clairs caractérisés par un albédo* élevé. mètres de la D1420 ; EMERGENCES • Les éléments techniques extérieurs liés ou non au bâtiment (centrales de traitement d’air, unités extérieures de pompes à chaleur, unités de climatisation, pompe de traitements des eaux de piscine, - 20 mètres dans la bande située à plus de 100 mètres ACOUSTIQUES éoliennes de jardin, etc) devront être traités de manière à limiter l’émergence acoustique. de la D1420. Ensemble • En cas de dépassement de la hauteur maximale définie de la zone - pour chacun des secteurs par une construction existante, ARCHITECTURE ET PAYSAGE la hauteur des extensions de cette de…",totale,"Le passage prescrit un traitement des éléments techniques extérieurs (climatiseurs, pompes à chaleur, etc.) liés aux bâtiments afin de limiter les émergences acoustiques. Cela concerne directement les constructions de bâtiments, donc relève du périmètre diagBruit. Aucune zone réglementaire spécifique n'est mentionnée pour cette règle, elle semble s'appliquer de façon générale dans le règlement.",recommandation,opposable en conformité,autre,validé,False,,33,,rejeté,,5_67188_reglement_20251217.pdf
c9722795c3e231844b4aae1adcb3327d,16_67205_reglement_20250623.pdf,Plan Local d'Urbanisme (PLU) de la commune de HOERDT,Hœrdt,règlement écrit,https://www.geoportail-urbanisme.gouv.fr/api/document/c9722795c3e231844b4aae1adcb3327d/files/67205_reglement_20250623.pdf,alinea,Article 2,74,secteurs de nuisance acoustique délimités au plan de zonage le long de l'A35,zone_specifique,"Dans les secteurs de nuisance acoustique délimités au plan de zonage, le long de l’A35 assimilée à une voie de type I, à deux files de circulation, les nouvelles constructions principales à usage d’habitation exposées au bruit et admises au présent règlement de zone, feront l’objet de mesures d’isolation acoustique dans les conditions prévues par les dispositions législatives et réglementaires en vigueur en matière d’urbanisme, de construction et d’habitation.","…mite de 50 m² d’emprise au sol cumulée pour l’ensemble des annexes sur une même unité foncière, piscines y compris. 5.4. Les constructions de type «serre» liées et nécessaires aux activités maraîchères et horticoles dont la hauteur maximale n’excède pas 4 mètres sous chéneaux et 5 mètres au faîtage. Dans les secteurs de nuisance acoustique délimités au plan de zonage, le long de l’A35 assimilée à une voie de type I, à deux files de circulation, les nouvelles constructions principales à usage d’habitation exposées au bruit et admises au présent règlement de zone, feront l’objet de mesures d’isolation acoustique dans les conditions prévues par les dispositions législatives et réglementaires en vigueur en matière d’urbanisme, de construction et d’habitation. dispositions législatives et réglementaires en vigueur en matière d’urbanisme, de construction et d’habitation. 5.6. Les canalisations, travaux et installations linéaires souterraines (câbles, gazoducs, oléoducs, canalisations d’eau et d’assainissement) et aériennes (pylônes téléphoniques...) et les…",moyenne,"Le passage définit un secteur de nuisance acoustique lié à une voie routière (A35, assimilée à voie de type I) délimité spécifiquement au plan de zonage local, distinct du classement sonore réglementaire classique évoqué par son vocabulaire mais présenté ici comme un zonage propre au document d'urbanisme. La règle impose une isolation acoustique aux nouvelles constructions à usage d'habitation dans ce secteur, ce qui concerne bien des bâtiments (périmètre diagBruit). Toutefois le renvoi final aux 'dispositions législatives et réglementaires en vigueur' laisse penser que l'isolement exigé reste celui du droit commun sans aller au-delà - la confiance est donc modérée sur le caractère réellement autonome de l'exigence.",prescription,opposable en conformité,autre,validé,False,,13,9_67205_reglement_20250623.pdf,rejeté,classement sonore,
c9722795c3e231844b4aae1adcb3327d,1_67205_reglement_20250623.pdf,Plan Local d'Urbanisme (PLU) de la commune de HOERDT,Hœrdt,règlement écrit,https://www.geoportail-urbanisme.gouv.fr/api/document/c9722795c3e231844b4aae1adcb3327d/files/67205_reglement_20250623.pdf,alinea,Article 2,10,secteurs de nuisances acoustiques de part et d'autre de la RD 37 (100 m type III et 30 m type IV),zone_specifique,"Dans les secteurs de nuisances acoustiques de part et d’autre de la RD 37 (voie de type III - 100 mètres et de type IV - 30 mètres), les nouvelles constructions principales à usage d’habitation feront l’objet de mesures d’isolation acoustique dans les conditions prévues par les dispositions réglementaires en vigueur en matière d’urbanisme, de construction et d’habitation.","…aériennes (pylônes téléphoniques...) et les ouvrages techniques liés à ces équipements, ainsi que la modification ou le renouvellement des lignes électriques existantes sous réserve d’emprunter les chemins et voies existants ou à créer, sous réserve de ne pas compromettre l’aménagement ultérieur de Dans les secteurs de nuisances acoustiques de part et d’autre de la RD 37 (voie de type III - 100 mètres et de type IV - 30 mètres), les nouvelles constructions principales à usage d’habitation feront l’objet de mesures d’isolation acoustique dans les conditions prévues par les dispositions réglementaires en vigueur en matière d’urbanisme, de construction et d’habitation. par les dispositions réglementaires en vigueur en matière d’urbanisme, de construction et d’habitation. SECTION II - CONDITIONS D’OCCUPATION DU SOL",forte,"Le passage impose des mesures d'isolation acoustique pour les nouvelles constructions d'habitation dans des secteurs définis autour de la RD 37, en fonction de types de voies (III et IV) qui semblent correspondre à un classement sonore. Il ne s'agit pas d'un simple renvoi passif : le document identifie explicitement un secteur géographique (bandes de 100m et 30m) et impose une règle de construction (isolation acoustique) qui concerne bien les bâtiments, dans le périmètre diagBruit. C'est donc une règle autonome liée à l'urbanisation à proximité d'une infrastructure bruyante, avec une portée géométrique spécifique à ces bandes le long de la RD 37.",prescription,opposable en conformité,autre,validé,False,,23,2_67205_reglement_20250623.pdf,rejeté,classement sonore,
c9722795c3e231844b4aae1adcb3327d,2_67205_reglement_20250623.pdf,Plan Local d'Urbanisme (PLU) de la commune de HOERDT,Hœrdt,règlement écrit,https://www.geoportail-urbanisme.gouv.fr/api/document/c9722795c3e231844b4aae1adcb3327d/files/67205_reglement_20250623.pdf,alinea,Article 2,21,"Secteurs de nuisances acoustiques de part et d'autre de la RD 37 (100m type III, 30m type IV)",zone_specifique,"Dans les secteurs de nuisances acoustiques de part et d’autre de la RD 37 (voie de type III - 100 mètres et de type IV - 30 mètres), les nouvelles constructions principales à usage d’habitation feront l’objet de mesures d’isolation acoustique dans les conditions prévues par les dispositions réglementaires en vigueur en matière d’urbanisme, de construction et d’habitation.","…aériennes (pylônes téléphoniques...) et les ouvrages techniques liés à ces équipements, ainsi que la modification ou le renouvellement des lignes électriques existantes sous réserve d’emprunter les chemins et voies existants ou à créer, sous réserve de ne pas compromettre l’aménagement ultérieur de Dans les secteurs de nuisances acoustiques de part et d’autre de la RD 37 (voie de type III - 100 mètres et de type IV - 30 mètres), les nouvelles constructions principales à usage d’habitation feront l’objet de mesures d’isolation acoustique dans les conditions prévues par les dispositions réglementaires en vigueur en matière d’urbanisme, de construction et d’habitation. par les dispositions réglementaires en vigueur en matière d’urbanisme, de construction et d’habitation. SECTION II - CONDITIONS D’OCCUPATION DU SOL",forte,"Le passage impose des mesures d'isolation acoustique aux nouvelles constructions à usage d'habitation dans des secteurs définis par la distance à la RD 37, en référence au classement sonore des voies (types III et IV). Il ne s'agit pas d'un simple renvoi générique sans contenu propre, mais d'une prescription qui cible spécifiquement les constructions d'habitation à l'intérieur de bandes précises - ce qui est cohérent avec le classement sonore mais reformulé comme règle du document d'urbanisme lui-même, avec des largeurs de bande explicites (100m et 30m), ce qui apporte une précision géométrique propre au document. La règle concerne bien des bâtiments (constructions à usage d'habitation), donc elle relève du périmètre diagBruit et n'est pas limitée aux infrastructures de transport.",prescription,opposable en conformité,autre,validé,False,,23,1_67205_reglement_20250623.pdf,rejeté,classement sonore,
c9722795c3e231844b4aae1adcb3327d,3_67205_reglement_20250623.pdf,Plan Local d'Urbanisme (PLU) de la commune de HOERDT,Hœrdt,règlement écrit,https://www.geoportail-urbanisme.gouv.fr/api/document/c9722795c3e231844b4aae1adcb3327d/files/67205_reglement_20250623.pdf,alinea,Article 2,30,secteurs de nuisances acoustiques de part et d'autre de l'autoroute A35 et de la RD 37,zone_specifique,"Dans les secteurs de nuisances acoustiques de part et d’autre de l’autoroute A 35 (voie de type III - 100 mètres) et de la RD 37, les nouvelles constructions principales à usage d’habitation feront l’objet de mesures d’isolation acoustique dans les conditions prévues par les dispositions réglementaires en vigueur en matière d’urbanisme, de construction et d’habitation.","…ônes téléphoniques...) et les ouvrages techniques liés à ces équipements sous réserve d’emprunter les chemins et voies existants ou à créer et à condition d’être liés à des aménagements ultérieurs ainsi que la modification ou le renouvellement des lignes de transport d’énergie électriques existantes Dans les secteurs de nuisances acoustiques de part et d’autre de l’autoroute A 35 (voie de type III - 100 mètres) et de la RD 37, les nouvelles constructions principales à usage d’habitation feront l’objet de mesures d’isolation acoustique dans les conditions prévues par les dispositions réglementaires en vigueur en matière d’urbanisme, de construction et d’habitation. d’habitation. 4.7. L’aménagement et l’adaptation des infrastructures routières existantes. SECTION II - CONDITIONS D’OCCUPATION DU SOL",forte,"Le passage définit un secteur de nuisances acoustiques propre (bande de 100 m le long de l'A35, et zone le long de la RD37) qui n'est pas explicitement le classement sonore réglementaire des voies (même si cela y ressemble fortement), et impose une isolation acoustique aux constructions d'habitation nouvelles dans ce secteur. Comme il n'est pas certain qu'il s'agisse exactement du même secteur que celui déjà couvert par le classement sonore national, et que l'isolation prescrite ne semble pas dépasser les normes standards, on retient la règle par prudence mais elle pourrait recouper un simple rappel du classement sonore existant.",prescription,opposable en conformité,lutte_bruit_existant,validé,False,,23,7_67205_reglement_20250623.pdf,rejeté,classement sonore,
c9722795c3e231844b4aae1adcb3327d,5_67205_reglement_20250623.pdf,Plan Local d'Urbanisme (PLU) de la commune de HOERDT,Hœrdt,règlement écrit,https://www.geoportail-urbanisme.gouv.fr/api/document/c9722795c3e231844b4aae1adcb3327d/files/67205_reglement_20250623.pdf,alinea,Article 2,45,Secteurs de nuisances acoustiques de part et d'autre de la RD 37 (voie de type III - 100 mètres),zone_specifique,"Dans les secteurs de nuisances acoustiques de part et d’autre de la RD 37 (voie de type III - 100 mètres), les nouvelles constructions principales à usage d’habitation feront l’objet de mesures d’isolation acoustique dans les conditions prévues par les dispositions réglementaires en vigueur en matière d’urbanisme, de construction et d’habitation.","…t de l’ensemble de la zone. 8. Les canalisations, travaux et installations linéaires souterraines (câbles, lignes, gazoducs, oléoducs, canalisations d’eau et d’assainissement) et aériennes (pylônes téléphoniques...) et leurs ouvrages techniques liés à ces équipements, ainsi que la modification ou le Dans les secteurs de nuisances acoustiques de part et d’autre de la RD 37 (voie de type III - 100 mètres), les nouvelles constructions principales à usage d’habitation feront l’objet de mesures d’isolation acoustique dans les conditions prévues par les dispositions réglementaires en vigueur en matière d’urbanisme, de construction et d’habitation. mesures d’isolation acoustique dans les conditions prévues par les dispositions réglementaires en vigueur en matière d’urbanisme, de construction et d’habitation. 10. Nonobstant les dispositions précitées, sont autorisés les travaux d’amélioration de bâtiments existants. SECTION II - CONDITIONS D’OC…",forte,"Le passage impose une mesure d'isolation acoustique pour les nouvelles constructions d'habitation dans une bande de 100 mètres de part et d'autre de la RD 37, définie comme voie de type III. Bien que cela évoque le classement sonore des infrastructures de transport terrestre, le renvoi est fait aux 'dispositions réglementaires en vigueur' sans que l'on puisse confirmer qu'il s'agit exactement de l'arrêté préfectoral de classement sonore - la règle définit elle-même le secteur (100m) et le type de voie, ce qui constitue une règle propre au document d'urbanisme identifiant une zone géométrique spécifique nécessitant un tracé manuel.",prescription,opposable en conformité,autre,validé,False,,23,4_67205_reglement_20250623.pdf,rejeté,classement sonore,
c9722795c3e231844b4aae1adcb3327d,7_67205_reglement_20250623.pdf,Plan Local d'Urbanisme (PLU) de la commune de HOERDT,Hœrdt,règlement écrit,https://www.geoportail-urbanisme.gouv.fr/api/document/c9722795c3e231844b4aae1adcb3327d/files/67205_reglement_20250623.pdf,alinea,Article 2,55,secteurs de nuisances acoustiques de part et d'autre de l'autoroute A 35 et de la RD 37 (voies de type III - 100 mètres),zone_specifique,"Dans les secteurs de nuisances acoustiques de part et d’autre de l’autoroute A 35 et de la RD 37 (voies de type III - 100 mètres), les nouvelles constructions principales à usage d’habitation feront l’objet de mesures d’isolation acoustique dans les conditions prévues par les dispositions réglementaires en vigueur en matière d’urbanisme, de construction et d’habitation.","…aux réseaux d’eau, d’assainissement, de voirie et d’électricité. Ces raccordements doivent être compatibles avec les réseaux projetés, 6.5. Nonobstant les dispositions précitées sont autorisés : les aménagements et transformations de bâtiments existants sous réserve de s’intégrer à l’environnement. Dans les secteurs de nuisances acoustiques de part et d’autre de l’autoroute A 35 et de la RD 37 (voies de type III - 100 mètres), les nouvelles constructions principales à usage d’habitation feront l’objet de mesures d’isolation acoustique dans les conditions prévues par les dispositions réglementaires en vigueur en matière d’urbanisme, de construction et d’habitation. d’aggraver le danger ou les inconvénients résultant de leur fonctionnement pour le voisinage, sous réserve de s’intégrer à l’environnement. 6.8. Les canalisations, travaux et installations linéaires souterraines (câbles, gazoducs, oléoducs, canalisations d’eau et d’assainissement) et aériennes (pylô…",forte,"Le passage impose une isolation acoustique aux nouvelles constructions à usage d'habitation dans une bande de 100 mètres de part et d'autre de voies classées bruyantes. Bien que la référence soit au classement sonore, la règle définit ici un secteur géométrique propre (bande de 100m) et cible spécifiquement les constructions d'habitation, ce qui constitue une règle d'urbanisme distincte rappelant l'application du classement sonore dans ce périmètre précis, à retenir dans le périmètre diagBruit.",prescription,opposable en conformité,lutte_bruit_existant,validé,False,,23,6_67205_reglement_20250623.pdf,rejeté,classement sonore,
c9722795c3e231844b4aae1adcb3327d,8_67205_reglement_20250623.pdf,Plan Local d'Urbanisme (PLU) de la commune de HOERDT,Hœrdt,règlement écrit,https://www.geoportail-urbanisme.gouv.fr/api/document/c9722795c3e231844b4aae1adcb3327d/files/67205_reglement_20250623.pdf,alinea,Article 2,67,Secteurs de nuisances acoustiques de part et d'autre de l'A35 et de la RD37 (voies de type III - 100 mètres),zone_specifique,"Dans les secteurs de nuisances acoustiques de part et d’autre de l’autoroute A 35 et de la RD 37 (voies de type III - 100 mètres), les nouvelles constructions principales à usage d’habitation feront l’objet de mesures d’isolation acoustique dans les conditions prévues par les dispositions réglementaires en vigueur en matière d’urbanisme, de construction et d’habitation.","…uterraines (câbles, gazoducs, oléoducs, canalisations d’eau et d’assainissement) et aériennes (pylônes téléphoniques...) et les ouvrages techniques liés à ces équipements sous réserve d’emprunter les chemins et voies existants ou à créer et à condition d’être liés à des aménagements ultérieurs ainsi Dans les secteurs de nuisances acoustiques de part et d’autre de l’autoroute A 35 et de la RD 37 (voies de type III - 100 mètres), les nouvelles constructions principales à usage d’habitation feront l’objet de mesures d’isolation acoustique dans les conditions prévues par les dispositions réglementaires en vigueur en matière d’urbanisme, de construction et d’habitation. par les dispositions réglementaires en vigueur en matière d’urbanisme, de construction et d’habitation. 9 Zone d’Aménagement Concerté P.L.U de HOERDT Règlement Mai 2025 Modification n°4",forte,"Le passage définit un secteur de nuisances acoustiques lié au classement sonore des voies (A35, RD37, voie de type III à 100m), mais impose une règle d'isolation acoustique pour les nouvelles constructions à usage d'habitation qui semble reprendre le renvoi standard aux dispositions réglementaires en vigueur (contexte après). Il s'agit donc essentiellement d'un simple renvoi au classement sonore déjà traité ailleurs, mais la mention explicite d'une prescription de mesures d'isolation constitue une règle formalisée dans le document d'urbanisme, ce qui justifie de la retenir avec une portée géométrique spécifique au secteur défini par les distances aux voies.",prescription,opposable en conformité,autre,validé,False,,23,5_67205_reglement_20250623.pdf,rejeté,classement sonore,
c9722795c3e231844b4aae1adcb3327d,9_67205_reglement_20250623.pdf,Plan Local d'Urbanisme (PLU) de la commune de HOERDT,Hœrdt,règlement écrit,https://www.geoportail-urbanisme.gouv.fr/api/document/c9722795c3e231844b4aae1adcb3327d/files/67205_reglement_20250623.pdf,alinea,Article 2,71,secteurs de nuisance acoustique délimités au plan de zonage le long de l'A35,zone_specifique,"Dans les secteurs de nuisance acoustique délimités au plan de zonage, le long de l’A35 assimilée à une voie de type I, à deux files de circulation, les nouvelles constructions principales à usage d’habitation exposées au bruit et admises au présent règlement de zone, feront l’objet de mesures d’isolation acoustique dans les conditions prévues par les dispositions législatives et réglementaires en vigueur en matière d’urbanisme, de construction et d’habitation.","…a surface n’excède pas 30 m² 1.4. Les constructions de type «serre» liées et nécessaires aux activités maraîchères et horticoles dont la hauteur maximale n’excède pas 4 mètres sous chéneaux et 5 mètres au faîtage. Les serres doivent être installées ou équipées afin de ne pas occasionner d’écoulement Dans les secteurs de nuisance acoustique délimités au plan de zonage, le long de l’A35 assimilée à une voie de type I, à deux files de circulation, les nouvelles constructions principales à usage d’habitation exposées au bruit et admises au présent règlement de zone, feront l’objet de mesures d’isolation acoustique dans les conditions prévues par les dispositions législatives et réglementaires en vigueur en matière d’urbanisme, de construction et d’habitation. feront l’objet de mesures d’isolation acoustique dans les conditions prévues par les dispositions législatives et réglementaires en vigueur en matière d’urbanisme, de construction et d’habitation. 1.7. Les canalisations, travaux et installations linéaires souterraines (câbles, gazoducs, oléoducs, ca…",forte,"Ce passage définit un secteur de nuisance acoustique spécifique lié à l'A35 dans le plan de zonage local, distinct du classement sonore préfectoral classique (il s'agit d'un zonage propre au document d'urbanisme). La règle impose des mesures d'isolation acoustique aux nouvelles constructions à usage d'habitation dans ce secteur, ce qui constitue une prescription applicable aux bâtiments, donc dans le périmètre diagBruit. Ce n'est pas un simple renvoi au classement sonore national mais un secteur propre défini par le document local, même si les mesures d'isolation renvoient aux dispositions réglementaires en vigueur.",prescription,opposable en conformité,autre,validé,False,,23,13_67205_reglement_20250623.pdf,rejeté,classement sonore,
c9722795c3e231844b4aae1adcb3327d,10_67205_reglement_20250623.pdf,Plan Local d'Urbanisme (PLU) de la commune de HOERDT,Hœrdt,règlement écrit,https://www.geoportail-urbanisme.gouv.fr/api/document/c9722795c3e231844b4aae1adcb3327d/files/67205_reglement_20250623.pdf,alinea,Article 2,71,secteurs de nuisance acoustique délimités au plan de zonage le long de l'A35,zone_specifique,"Dans les secteurs de nuisance acoustique délimités au plan de zonage, le long de l’A35 assimilée à une voie de type I, à deux files de circulation, les nouvelles constructions principales à usage d’habitation exposées au bruit et admises au présent règlement de zone, feront l’objet de mesures d’isolation acoustique dans les conditions prévues par les dispositions législatives et réglementaires en vigueur en matière d’urbanisme, de construction et d’habitation.","…e est lié à une inondation. 1.6. Dans les secteurs de nuisance acoustique délimités au plan de zonage, le long de l’A35 assimilée à une voie de type I, à deux files de circulation, les nouvelles constructions principales à usage d’habitation exposées au bruit et admises au présent règlement de zone, Dans les secteurs de nuisance acoustique délimités au plan de zonage, le long de l’A35 assimilée à une voie de type I, à deux files de circulation, les nouvelles constructions principales à usage d’habitation exposées au bruit et admises au présent règlement de zone, feront l’objet de mesures d’isolation acoustique dans les conditions prévues par les dispositions législatives et réglementaires en vigueur en matière d’urbanisme, de construction et d’habitation. existants ou à créer et à condition d’être liés à des aménagements ultérieurs ainsi que la modification ou le renouvellement des lignes de transport d’énergie électriques existantes sous réserve de ne pas compromettre l’aménagement ultérieur de la zone. P.L.U de HOERDT Règlement Mai 2025 Modificatio…",forte,"Le passage impose des mesures d'isolation acoustique pour les nouvelles constructions à usage d'habitation dans un secteur de nuisance délimité au plan de zonage le long de l'A35, assimilée à une voie de type I. Il ne s'agit pas d'un simple renvoi au classement sonore classique traité ailleurs par diagBruit, mais d'une règle propre au PLU qui délimite un secteur spécifique au plan de zonage local (distinct du périmètre réglementaire standard du classement sonore) et impose une obligation d'isolation aux constructions concernées, ce qui relève bien du périmètre diagBruit (bâtiments à proximité d'infrastructure bruyante).",prescription,opposable en conformité,lutte_bruit_existant,validé,False,,23,19_67205_reglement_20250623.pdf,rejeté,classement sonore,
c9722795c3e231844b4aae1adcb3327d,11_67205_reglement_20250623.pdf,Plan Local d'Urbanisme (PLU) de la commune de HOERDT,Hœrdt,règlement écrit,https://www.geoportail-urbanisme.gouv.fr/api/document/c9722795c3e231844b4aae1adcb3327d/files/67205_reglement_20250623.pdf,alinea,Article 2,72,"secteurs de nuisance acoustique délimités au plan de zonage, le long de l'A35",zone_specifique,"cumul des surfaces n’excède pas 30m² (emprise au sol) par unité foncière. 2.4. Les constructions de type «serre» liées et nécessaires aux activités maraîchères et horticoles dont la hauteur maximale n’excède pas 4 mètres sous chéneaux et 5 mètres au faîtage. Les serres doivent être installées ou équipées afin de ne pas occasionner d’écoulement d’eau sur les parcelles voisines. 2.5. Dans les secteurs de nuisance acoustique délimités au plan de zonage, le long de l’A35","…t pas 10 % de la surface hors œuvre nette (SHON) à la date d’approbation du PLU. 2.2. Les constructions et installations liées et nécessaires aux activités existantes de valorisation des produits agricoles. 2.3. Les abris à bois, de jardins, mobiles et démontables, sans fondation en béton et dont le cumul des surfaces n’excède pas 30m² (emprise au sol) par unité foncière. 2.4. Les constructions de type «serre» liées et nécessaires aux activités maraîchères et horticoles dont la hauteur maximale n’excède pas 4 mètres sous chéneaux et 5 mètres au faîtage. Les serres doivent être installées ou équipées afin de ne pas occasionner d’écoulement d’eau sur les parcelles voisines. 2.5. Dans les secteurs de nuisance acoustique délimités au plan de zonage, le long de l’A35 assimilée à une voie de type I, à deux files de circulation, les nouvelles constructions principales à usage d’habitation exposées au bruit et admises au présent règlement de zone, feront l’objet de mesures d’isolation acoustique dans les conditions prévues par les dispositions législatives et régle…",forte,"Le passage définit un secteur de nuisance acoustique le long de l'A35, distinct du classement sonore réglementaire habituel (il ne mentionne pas l'arrêté préfectoral de classement sonore mais un zonage propre au PLU), imposant des mesures d'isolation acoustique pour les nouvelles constructions à usage d'habitation. Il s'agit donc d'une règle autonome liée à l'urbanisation à proximité d'une infrastructure, concernant bien des bâtiments (constructions à usage d'habitation), donc dans le périmètre diagBruit avec une portée géométrique spécifique (secteur délimité au plan de zonage).",prescription,opposable en conformité,autre,validé,False,,23,17_67205_reglement_20250623.pdf,rejeté,classement sonore,
c9722795c3e231844b4aae1adcb3327d,12_67205_reglement_20250623.pdf,Plan Local d'Urbanisme (PLU) de la commune de HOERDT,Hœrdt,règlement écrit,https://www.geoportail-urbanisme.gouv.fr/api/document/c9722795c3e231844b4aae1adcb3327d/files/67205_reglement_20250623.pdf,alinea,Article 2,72,Secteur de nuisance acoustique le long de l'A35,zone_specifique,"les nouvelles constructions principales à usage d’habitation exposées au bruit et admises au présent règlement de zone, feront l’objet de mesures d’isolation acoustique dans les conditions prévues par les dispositions législatives et réglementaires en vigueur en matière d’urbanisme, de construction et d’habitation","…es dont la hauteur maximale n’excède pas 4 mètres sous chéneaux et 5 mètres au faîtage. Les serres doivent être installées ou équipées afin de ne pas occasionner d’écoulement d’eau sur les parcelles voisines. 2.5. Dans les secteurs de nuisance acoustique délimités au plan de zonage, le long de l’A35 les nouvelles constructions principales à usage d’habitation exposées au bruit et admises au présent règlement de zone, feront l’objet de mesures d’isolation acoustique dans les conditions prévues par les dispositions législatives et réglementaires en vigueur en matière d’urbanisme, de construction et d’habitation canalisations d’eau et d’assainissement) et aériennes (pylônes téléphoniques...) et les ouvrages techniques liés à ces équipements sous réserve d’emprunter les chemins et voies existants ou à créer et à condition d’être liés à des aménagements ultérieurs ainsi que la modification ou le renouvellemen…",forte,"Le règlement définit un secteur de nuisance acoustique le long de l'A35, distinct du classement sonore des voies (aucune référence à un arrêté de classement sonore n'est faite), et impose une exigence d'isolation acoustique pour les nouvelles constructions à usage d'habitation exposées au bruit. Il s'agit donc d'une règle autonome propre au document d'urbanisme, avec une portée géométrique spécifique à ce secteur délimité au plan de zonage.",prescription,opposable en conformité,lutte_bruit_existant,validé,False,,23,10_67205_reglement_20250623.pdf,rejeté,classement sonore,
c9722795c3e231844b4aae1adcb3327d,13_67205_reglement_20250623.pdf,Plan Local d'Urbanisme (PLU) de la commune de HOERDT,Hœrdt,règlement écrit,https://www.geoportail-urbanisme.gouv.fr/api/document/c9722795c3e231844b4aae1adcb3327d/files/67205_reglement_20250623.pdf,alinea,Article 2,72,secteurs de nuisance acoustique délimités au plan de zonage le long de l'A35,zone_specifique,"Dans les secteurs de nuisance acoustique délimités au plan de zonage, le long de l’A35 assimilée à une voie de type I, à deux files de circulation, les nouvelles constructions principales à usage d’habitation exposées au bruit et admises au présent règlement de zone, feront l’objet de mesures d’isolation acoustique dans les conditions prévues par les dispositions législatives et réglementaires en vigueur en matière d’urbanisme, de construction et d’habitation.","…ions agricoles ainsi que leurs aménagements, transformations et extensions, à l’exclusion des maisons d’habitation. 3.2. Les constructions de type «serre» liées et nécessaires aux activités maraîchères et horticoles dont la hauteur maximale n’excède pas 4 mètres sous chéneaux et 5 mètres au faîtage. Dans les secteurs de nuisance acoustique délimités au plan de zonage, le long de l’A35 assimilée à une voie de type I, à deux files de circulation, les nouvelles constructions principales à usage d’habitation exposées au bruit et admises au présent règlement de zone, feront l’objet de mesures d’isolation acoustique dans les conditions prévues par les dispositions législatives et réglementaires en vigueur en matière d’urbanisme, de construction et d’habitation. dispositions législatives et réglementaires en vigueur en matière d’urbanisme, de construction et d’habitation. 3.4. Les canalisations, travaux et installations linéaires souterraines (câbles, gazoducs, oléoducs, canalisations d’eau et d’assainissement) et aériennes (pylônes téléphoniques...) et les…",forte,"Le passage définit un secteur de nuisance acoustique lié à l'A35 (voie de type I) délimité au plan de zonage local, distinct du classement sonore préfectoral standard puisqu'il s'agit d'un zonage propre au document d'urbanisme communal. La règle impose une isolation acoustique aux nouvelles constructions à usage d'habitation dans ce secteur. Bien que les mesures d'isolation renvoient aux dispositions législatives et réglementaires en vigueur (ce qui pourrait sembler être un simple renvoi), la délimitation du secteur elle-même constitue une règle autonome propre au document local puisqu'elle définit un périmètre spécifique à la commune, différent du zonage administratif classique de l'arrêté préfectoral de classement sonore. La portée est donc zone_specifique car ce secteur nécessite un tracé manuel.",prescription,opposable en conformité,autre,validé,False,,23,9_67205_reglement_20250623.pdf,rejeté,classement sonore,
c9722795c3e231844b4aae1adcb3327d,14_67205_reglement_20250623.pdf,Plan Local d'Urbanisme (PLU) de la commune de HOERDT,Hœrdt,règlement écrit,https://www.geoportail-urbanisme.gouv.fr/api/document/c9722795c3e231844b4aae1adcb3327d/files/67205_reglement_20250623.pdf,alinea,Article 2,73,"secteurs de nuisance acoustique délimités au plan de zonage, le long de l'A35",zone_specifique,"Dans les secteurs de nuisance acoustique délimités au plan de zonage, le long de l’A35 assimilée à une voie de type I, à deux files de circulation, les nouvelles constructions principales à usage d’habitation exposées au bruit et admises au présent règlement de zone, feront l’objet de mesures d’isolation acoustique dans les conditions prévues par les dispositions législatives et régle","…d’activités soient préexistants ou concomitants, - la surface hors œuvre nette du logement de fonction ne pourra être supérieure au tiers de la surface bâtie servant à l’activité sans excéder 250 m2 de SHON. 4.4. Les annexes aux logements de fonction dans la limite de 50 m² d’emprise au sol cumulée Dans les secteurs de nuisance acoustique délimités au plan de zonage, le long de l’A35 assimilée à une voie de type I, à deux files de circulation, les nouvelles constructions principales à usage d’habitation exposées au bruit et admises au présent règlement de zone, feront l’objet de mesures d’isolation acoustique dans les conditions prévues par les dispositions législatives et régle assimilée à une voie de type I, à deux files de circulation, les nouvelles constructions principales à usage d’habitation exposées au bruit et admises au présent règlement de zone, feront l’objet de mesures d’isolation acoustique dans les conditions prévues par les dispositions législatives et régle…",forte,"Ce passage définit un secteur de nuisance acoustique le long de l'A35, distinct du classement sonore des voies (qui est traité ailleurs par diagBruit) puisqu'il s'agit d'un zonage propre au plan local avec une assimilation spécifique à une voie de type I à deux files. Les nouvelles constructions d'habitation dans ce secteur doivent faire l'objet de mesures d'isolation acoustique - il s'agit donc d'une règle autonome liée à l'urbanisation, applicable à une zone spécifique délimitée graphiquement au plan de zonage et non disponible automatiquement.",prescription,opposable en conformité,autre,validé,False,,23,9_67205_reglement_20250623.pdf,rejeté,classement sonore,
c9722795c3e231844b4aae1adcb3327d,15_67205_reglement_20250623.pdf,Plan Local d'Urbanisme (PLU) de la commune de HOERDT,Hœrdt,règlement écrit,https://www.geoportail-urbanisme.gouv.fr/api/document/c9722795c3e231844b4aae1adcb3327d/files/67205_reglement_20250623.pdf,alinea,Article 2,73,"secteurs de nuisance acoustique délimités au plan de zonage, le long de l'A35",zone_specifique,"assimilée à une voie de type I, à deux files de circulation, les nouvelles constructions principales à usage d’habitation exposées au bruit et admises au présent règlement de zone, feront l’objet de mesures d’isolation acoustique dans les conditions prévues par les dispositions législatives et réglementaires en vigueur en matière d’urbanisme, de construction et d’habitation. 4.7. Les canalisations, travaux et installations linéaires souterraines (câbles, gazoducs, oléoducs,","…es dont la hauteur maximale n’excède pas 4 mètres sous chéneaux et 5 mètres au faîtage. Les serres doivent être installées ou équipées afin de ne pas occasionner d’écoulement d’eau sur les parcelles voisines. 4.6. Dans les secteurs de nuisance acoustique délimités au plan de zonage, le long de l’A35 assimilée à une voie de type I, à deux files de circulation, les nouvelles constructions principales à usage d’habitation exposées au bruit et admises au présent règlement de zone, feront l’objet de mesures d’isolation acoustique dans les conditions prévues par les dispositions législatives et réglementaires en vigueur en matière d’urbanisme, de construction et d’habitation. 4.7. Les canalisations, travaux et installations linéaires souterraines (câbles, gazoducs, oléoducs, canalisations d’eau et d’assainissement) et aériennes (pylônes téléphoniques...) et les ouvrages techniques liés à ces équipements sous réserve d’emprunter les chemins et voies existants ou à créer et à condition d’être liés à des aménagements ultérieurs ainsi que la modification ou le renouvellemen…",forte,"Le règlement définit un secteur de nuisance acoustique spécifique le long de l'A35 (voie non classée mentionnée explicitement comme assimilée à une voie de type I) et impose une isolation acoustique aux nouvelles constructions à usage d'habitation dans ce secteur. Il s'agit d'une règle propre au document d'urbanisme, avec une zone délimitée au plan de zonage qui devra être tracée manuellement, distincte du classement sonore réglementaire standard puisque le document lui-même définit la zone et la classification de la voie.",prescription,opposable en conformité,lutte_bruit_existant,validé,False,,23,10_67205_reglement_20250623.pdf,rejeté,classement sonore,
c9722795c3e231844b4aae1adcb3327d,17_67205_reglement_20250623.pdf,Plan Local d'Urbanisme (PLU) de la commune de HOERDT,Hœrdt,règlement écrit,https://www.geoportail-urbanisme.gouv.fr/api/document/c9722795c3e231844b4aae1adcb3327d/files/67205_reglement_20250623.pdf,alinea,Article 2,75,"Secteurs de nuisance acoustique délimités au plan de zonage, le long de l'A35",zone_specifique,"pour l’ensemble des annexes sur une même unité foncière, piscines y compris. 6.4. Les constructions de type «serre» liées et nécessaires aux activités maraîchères et horticoles dont la hauteur maximale n’excède pas 4 mètres sous chéneaux et 5 mètres au faîtage. Les serres doivent être installées ou équipées afin de ne pas occasionner d’écoulement d’eau sur les parcelles voisines. 6.5. Dans les secteurs de nuisance acoustique délimités au plan de zonage, le long de l’A35","…d’activités soient préexistants ou concomitants, - la surface hors œuvre nette du logement de fonction ne pourra être supérieure au tiers de la surface bâtie servant à l’activité sans excéder 250 m2 de SHON. 6.3. Les annexes aux logements de fonction dans la limite de 50 m² d’emprise au sol cumulée pour l’ensemble des annexes sur une même unité foncière, piscines y compris. 6.4. Les constructions de type «serre» liées et nécessaires aux activités maraîchères et horticoles dont la hauteur maximale n’excède pas 4 mètres sous chéneaux et 5 mètres au faîtage. Les serres doivent être installées ou équipées afin de ne pas occasionner d’écoulement d’eau sur les parcelles voisines. 6.5. Dans les secteurs de nuisance acoustique délimités au plan de zonage, le long de l’A35 assimilée à une voie de type I, à deux files de circulation, les nouvelles constructions principales à usage d’habitation exposées au bruit et admises au présent règlement de zone, feront l’objet de mesures d’isolation acoustique dans les conditions prévues par les dispositions législatives et régle…",forte,"Le passage définit un secteur de nuisance acoustique délimité au plan de zonage le long de l'A35, distinct du classement sonore réglementaire classique des voies. Il impose une isolation acoustique aux nouvelles constructions à usage d'habitation dans ce secteur spécifique. Bien que la formulation renvoie aux 'dispositions législatives et réglementaires' (ce qui pourrait faire penser à un simple rappel de l'arrêté de classement sonore), le secteur est ici délimité graphiquement dans le document d'urbanisme lui-même (plan de zonage) et non par l'arrêté préfectoral de classement sonore, ce qui en fait une zone propre au document nécessitant un tracé manuel. Il s'agit donc d'une règle autonome relative aux bâtiments (constructions à usage d'habitation), dans le périmètre de diagBruit.",prescription,opposable en conformité,autre,validé,False,,23,,rejeté,classement sonore,
c9722795c3e231844b4aae1adcb3327d,18_67205_reglement_20250623.pdf,Plan Local d'Urbanisme (PLU) de la commune de HOERDT,Hœrdt,règlement écrit,https://www.geoportail-urbanisme.gouv.fr/api/document/c9722795c3e231844b4aae1adcb3327d/files/67205_reglement_20250623.pdf,alinea,Article 2,75,secteur de nuisance acoustique le long de l'A35,zone_specifique,"Dans les secteurs de nuisance acoustique délimités au plan de zonage, le long de l’A35 assimilée à une voie de type I, à deux files de circulation, les nouvelles constructions principales à usage d’habitation exposées au bruit et admises au présent règlement de zone, feront l’objet de mesures d’isolation acoustique dans les conditions prévues par les dispositions législatives et réglementaires en vigueur en matière d’urbanisme, de construction et d’habitation.","…es dont la hauteur maximale n’excède pas 4 mètres sous chéneaux et 5 mètres au faîtage. Les serres doivent être installées ou équipées afin de ne pas occasionner d’écoulement d’eau sur les parcelles voisines. 6.5. Dans les secteurs de nuisance acoustique délimités au plan de zonage, le long de l’A35 Dans les secteurs de nuisance acoustique délimités au plan de zonage, le long de l’A35 assimilée à une voie de type I, à deux files de circulation, les nouvelles constructions principales à usage d’habitation exposées au bruit et admises au présent règlement de zone, feront l’objet de mesures d’isolation acoustique dans les conditions prévues par les dispositions législatives et réglementaires en vigueur en matière d’urbanisme, de construction et d’habitation. canalisations d’eau et d’assainissement) et aériennes (pylônes téléphoniques...) et les ouvrages techniques liés à ces équipements sous réserve d’emprunter les chemins et voies existants ou à créer et à condition d’être liés à des aménagements ultérieurs ainsi que la modification ou le renouvellemen…",forte,"Le règlement définit un secteur de nuisance acoustique délimité au plan de zonage le long de l'A35, distinct du classement sonore officiel (il assimile la voie à une catégorie de type I mais ne se contente pas de renvoyer à l'arrêté préfectoral) et impose une obligation d'isolation acoustique pour les nouvelles constructions à usage d'habitation dans ce secteur. Il s'agit d'une règle autonome liée aux bâtiments, dans le périmètre diagBruit, avec une portée géométrique spécifique à une zone tracée au plan.",prescription,opposable en conformité,autre,validé,False,,23,9_67205_reglement_20250623.pdf,rejeté,classement sonore,
c9722795c3e231844b4aae1adcb3327d,19_67205_reglement_20250623.pdf,Plan Local d'Urbanisme (PLU) de la commune de HOERDT,Hœrdt,règlement écrit,https://www.geoportail-urbanisme.gouv.fr/api/document/c9722795c3e231844b4aae1adcb3327d/files/67205_reglement_20250623.pdf,alinea,Article 2,76,Secteurs de nuisance acoustique le long de l'A35 (voie de type I),zone_specifique,"Dans les secteurs de nuisance acoustique délimités au plan de zonage, le long de l’A35 assimilée à une voie de type I, à deux files de circulation, les nouvelles constructions principales à usage d’habitation exposées au bruit et admises au présent règlement de zone, feront l’objet de mesures d’isolation acoustique dans les conditions prévues par les dispositions législatives et réglementaires en vigueur en matière d’urbanisme, de construction et d’habitation.","…oncière, piscines y compris. 7.6. Les constructions de type «serre» liées et nécessaires aux activités maraîchères et horticoles dont la hauteur maximale n’excède pas 4 mètres sous chéneaux et 5 mètres au faîtage. Les serres doivent être installées ou équipées afin de ne pas occasionner d’écoulement Dans les secteurs de nuisance acoustique délimités au plan de zonage, le long de l’A35 assimilée à une voie de type I, à deux files de circulation, les nouvelles constructions principales à usage d’habitation exposées au bruit et admises au présent règlement de zone, feront l’objet de mesures d’isolation acoustique dans les conditions prévues par les dispositions législatives et réglementaires en vigueur en matière d’urbanisme, de construction et d’habitation. construction et d’habitation. 7.8. Les canalisations, travaux et installations linéaires souterraines (câbles, gazoducs, oléoducs, canalisations d’eau et d’assainissement) et aériennes (pylônes téléphoniques...) et les ouvrages techniques liés à ces équipements sous réserve d’emprunter les chemins e…",forte,"Le passage mentionne un secteur de nuisance acoustique lié au classement sonore d'une voie (A35, voie de type I), mais il s'agit ici d'une règle propre au règlement d'urbanisme (article 7.7 des règles de construction de la zone) imposant une isolation acoustique aux nouvelles constructions d'habitation exposées au bruit dans ce secteur délimité au plan de zonage. Même si le contenu renvoie aux dispositions législatives et réglementaires en vigueur (ce qui pourrait sembler être un simple renvoi au classement sonore), la règle est formulée comme une prescription autonome intégrée au règlement de zone, avec une portée géométrique précise (secteur délimité au plan de zonage le long de l'A35), ce qui justifie de la retenir avec une portée zone_specifique.",prescription,opposable en conformité,lutte_bruit_existant,validé,False,,23,10_67205_reglement_20250623.pdf,rejeté,classement sonore,
c9722795c3e231844b4aae1adcb3327d,20_67205_reglement_20250623.pdf,Plan Local d'Urbanisme (PLU) de la commune de HOERDT,Hœrdt,règlement écrit,https://www.geoportail-urbanisme.gouv.fr/api/document/c9722795c3e231844b4aae1adcb3327d/files/67205_reglement_20250623.pdf,alinea,Article 2,77,secteurs de nuisance acoustique délimités au plan de zonage le long de l'A35,zone_specifique,"Dans les secteurs de nuisance acoustique délimités au plan de zonage, le long de l’A35 assimilée à une voie de type I, à deux files de circulation, les nouvelles constructions principales à usage d’habitation exposées au bruit et admises au présent règlement de zone, feront l’objet de mesures d’isolation acoustique dans les conditions prévues par les dispositions législatives et réglementaires en vigueur en matière d’urbanisme, de construction et d’habitation.","Modification n°4 Dans les secteurs de nuisance acoustique délimités au plan de zonage, le long de l’A35 assimilée à une voie de type I, à deux files de circulation, les nouvelles constructions principales à usage d’habitation exposées au bruit et admises au présent règlement de zone, feront l’objet de mesures d’isolation acoustique dans les conditions prévues par les dispositions législatives et réglementaires en vigueur en matière d’urbanisme, de construction et d’habitation. construction et d’habitation. 8.7. Les canalisations, travaux et installations linéaires souterraines (câbles, gazoducs, oléoducs, canalisations d’eau et d’assainissement) et aériennes (pylônes téléphoniques...) et les ouvrages techniques liés à ces équipements sous réserve d’emprunter les chemins e…",forte,"Le passage impose des mesures d'isolation acoustique pour les constructions d'habitation nouvelles exposées au bruit de l'A35, dans des secteurs délimités au plan de zonage propre au document d'urbanisme (et non le classement sonore officiel ou le PEB), ce qui constitue une règle autonome concernant des bâtiments. La zone étant définie par un plan de zonage local, sa portée est spécifique et nécessite un tracé manuel.",prescription,opposable en conformité,autre,validé,False,,23,9_67205_reglement_20250623.pdf,rejeté,classement sonore,
c9722795c3e231844b4aae1adcb3327d,21_67205_reglement_20250623.pdf,Plan Local d'Urbanisme (PLU) de la commune de HOERDT,Hœrdt,règlement écrit,https://www.geoportail-urbanisme.gouv.fr/api/document/c9722795c3e231844b4aae1adcb3327d/files/67205_reglement_20250623.pdf,alinea,Article 2,77,secteurs de nuisance acoustique délimités au plan de zonage le long de l'A35,zone_specifique,"Dans les secteurs de nuisance acoustique délimités au plan de zonage, le long de l’A35 assimilée à une voie de type I, à deux files de circulation, les nouvelles constructions principales à usage d’habitation exposées au bruit et admises au présent règlement de zone, feront l’objet de mesures d’isolation acoustique dans les conditions prévues par les dispositions législatives et réglementaires en vigueur en matière d’urbanisme, de construction et d’habitation.","…bles, sans fondation en béton et dont le cumul des surfaces n’excède pas 30 m² (emprise au sol) par unité foncière. 9.2. Les constructions de type «serre» liées et nécessaires aux activités maraîchères et horticoles dont la hauteur maximale n’excède pas 4 mètres sous chéneaux et 5 mètres au faîtage. Dans les secteurs de nuisance acoustique délimités au plan de zonage, le long de l’A35 assimilée à une voie de type I, à deux files de circulation, les nouvelles constructions principales à usage d’habitation exposées au bruit et admises au présent règlement de zone, feront l’objet de mesures d’isolation acoustique dans les conditions prévues par les dispositions législatives et réglementaires en vigueur en matière d’urbanisme, de construction et d’habitation. principales à usage d’habitation exposées au bruit et admises au présent règlement de zone, feront l’objet de mesures d’isolation acoustique dans les conditions prévues par les dispositions législatives et réglementaires en vigueur en matière d’urbanisme, de construction et d’habitation. 9.5. Les ca…",forte,"Le passage définit un secteur de nuisance acoustique spécifique le long de l'A35 (assimilée à une voie de type I), distinct du classement sonore officiel, et impose une mesure d'isolation acoustique aux constructions à usage d'habitation dans ce secteur. Bien que la formulation renvoie aux dispositions législatives et réglementaires en vigueur (ce qui pourrait suggérer un simple rappel du classement sonore), le fait que ce secteur soit délimité au plan de zonage propre au document et non simplement identifié comme secteur affecté par le bruit au sens de l'arrêté préfectoral en fait une règle autonome avec sa propre géométrie à tracer.",prescription,opposable en conformité,autre,validé,False,,23,9_67205_reglement_20250623.pdf,rejeté,classement sonore,
c9722795c3e231844b4aae1adcb3327d,4_67205_reglement_20250623.pdf,Plan Local d'Urbanisme (PLU) de la commune de HOERDT,Hœrdt,règlement écrit,https://www.geoportail-urbanisme.gouv.fr/api/document/c9722795c3e231844b4aae1adcb3327d/files/67205_reglement_20250623.pdf,alinea,Article 2,37,,zone_specifique,"Dans les secteurs de nuisances acoustiques de part et d’autre de la RD 37 (voie de type IV - 30 mètres), les nouvelles constructions principales à usage d’habitation feront l’objet de mesures d’isolation acoustique dans les conditions prévues par les dispositions réglementaires en vigueur en matière d’urbanisme, de construction et d’habitation.","…ements sous réserve d’emprunter Les chemins et voies existants ou à créer et à condition d’être liés à des aménagements ultérieurs ainsi que la modification ou le renouvellement des lignes de transport d’énergie électriques existantes sous réserve de ne pas compromettre l’aménagement ultérieur de la Dans les secteurs de nuisances acoustiques de part et d’autre de la RD 37 (voie de type IV - 30 mètres), les nouvelles constructions principales à usage d’habitation feront l’objet de mesures d’isolation acoustique dans les conditions prévues par les dispositions réglementaires en vigueur en matière d’urbanisme, de construction et d’habitation. 36 SECTION II - CONDITIONS D’OCCUPATION DU SOL",totale,"Le passage définit une règle autonome d'isolation acoustique pour les nouvelles constructions à usage d'habitation dans un secteur de nuisances acoustiques lié à la RD 37, qui n'est pas une infrastructure classée au sens du classement sonore officiel mentionné explicitement (aucune référence à un arrêté préfectoral de classement sonore) mais une zone de nuisance propre définie par le PLU. Il s'agit donc d'une règle spécifique à ce document, localisée de part et d'autre de cette voie, nécessitant un tracé manuel.",prescription,opposable en conformité,autre,validé,False,,33,5_67205_reglement_20250623.pdf,rejeté,classement sonore,
c9722795c3e231844b4aae1adcb3327d,6_67205_reglement_20250623.pdf,Plan Local d'Urbanisme (PLU) de la commune de HOERDT,Hœrdt,règlement écrit,https://www.geoportail-urbanisme.gouv.fr/api/document/c9722795c3e231844b4aae1adcb3327d/files/67205_reglement_20250623.pdf,alinea,Article 2,45,secteurs de nuisances acoustiques de part et d'autre de la RD 37 (bande de 100 mètres),zone_specifique,"Dans les secteurs de nuisances acoustiques de part et d’autre de la RD 37 (voie de type III - 100 mètres), les nouvelles constructions principales à usage d’habitation feront l’objet de mesures d’isolation acoustique dans les conditions prévues par les dispositions réglementaires en vigueur en matière d’urbanisme, de construction et d’habitation.","…e pas compromettre l’aménagement ultérieur de la zone et à condition d’être liés à des aménagements ultérieurs. 9. Dans les secteurs de nuisances acoustiques de part et d’autre de la RD 37 (voie de type III - 100 mètres), les nouvelles constructions principales à usage d’habitation feront l’objet de Dans les secteurs de nuisances acoustiques de part et d’autre de la RD 37 (voie de type III - 100 mètres), les nouvelles constructions principales à usage d’habitation feront l’objet de mesures d’isolation acoustique dans les conditions prévues par les dispositions réglementaires en vigueur en matière d’urbanisme, de construction et d’habitation. Article 3 IAU - Desserte des terrains par les voies publiques ou privées -Accès aux voies ouvertes au public 1. Conditions d’accès aux voies ouvertes au public 1.1. La desserte des zones d’extension urbaine sera assurée par un accès unique depuis le réseau des routes départementales. Les accès direc…",totale,"Le passage impose des mesures d'isolation acoustique aux nouvelles constructions à usage d'habitation dans un secteur de nuisances acoustiques défini par une bande de 100 mètres de part et d'autre de la RD 37 (voie de type III). Ce secteur correspond vraisemblablement à un classement sonore de voie, mais contrairement à un simple renvoi, la règle impose une obligation d'isolation acoustique explicite propre au document d'urbanisme pour les constructions à usage d'habitation, ce qui constitue une règle autonome relevant du périmètre diagBruit (bâtiments neufs). La zone étant définie par une bande spécifique le long d'une voie identifiée, la portée est géométriquement spécifique et non administrative.",prescription,opposable en conformité,lutte_bruit_existant,validé,False,,33,7_67205_reglement_20250623.pdf,rejeté,classement sonore,
c9722795c3e231844b4aae1adcb3327d,22_67205_reglement_20250623.pdf,Plan Local d'Urbanisme (PLU) de la commune de HOERDT,Hœrdt,règlement écrit,https://www.geoportail-urbanisme.gouv.fr/api/document/c9722795c3e231844b4aae1adcb3327d/files/67205_reglement_20250623.pdf,alinea,Article 2,77,"secteurs de nuisance acoustique délimités au plan de zonage, le long de l'A35",zone_specifique,"principales à usage d’habitation exposées au bruit et admises au présent règlement de zone, feront l’objet de mesures d’isolation acoustique dans les conditions prévues par les dispositions législatives et réglementaires en vigueur en matière d’urbanisme, de construction et d’habitation. 9.5. Les canalisations, travaux et installations linéaires souterraines (câbles, gazoducs, oléoducs, canalisations d’eau et d’assainissement) et aériennes (pylônes téléphoniques...) et les","…les voisines. 9.3. Les reconstructions en cas de sinistre sont possibles, sauf si le sinistre est lié à une inondation. 9.4. Dans les secteurs de nuisance acoustique délimités au plan de zonage, le long de l’A35 assimilée à une voie de type I, à deux files de circulation, les nouvelles constructions principales à usage d’habitation exposées au bruit et admises au présent règlement de zone, feront l’objet de mesures d’isolation acoustique dans les conditions prévues par les dispositions législatives et réglementaires en vigueur en matière d’urbanisme, de construction et d’habitation. 9.5. Les canalisations, travaux et installations linéaires souterraines (câbles, gazoducs, oléoducs, canalisations d’eau et d’assainissement) et aériennes (pylônes téléphoniques...) et les ouvrages techniques liés à ces équipements sous réserve d’emprunter les chemins et voies existants ou à créer et à condition d’être liés à des aménagements ultérieurs ainsi que la modification ou le renouvellement des lignes de transport d’énergie électriques existantes sous réserve de ne pas compro…",totale,"Le passage définit un secteur de nuisance acoustique lié à l'A35, assimilée à une voie de type I, mais ceci semble distinct du classement sonore officiel des voies (l'arrêté préfectoral) puisqu'il est délimité au plan de zonage local et qu'il impose une exigence d'isolation acoustique aux constructions d'habitation exposées. Il ne s'agit pas d'un simple renvoi passif à l'arrêté de classement sonore : c'est une règle de zonage local qui identifie un secteur spécifique et impose des mesures d'isolation, ce qui en fait une règle autonome au sens de diagBruit, applicable aux bâtiments (constructions à usage d'habitation), donc bien dans le périmètre. La portée est limitée à une zone spécifique (secteurs délimités au plan de zonage le long de l'A35), nécessitant un tracé manuel.",prescription,opposable en conformité,autre,validé,False,,33,9_67205_reglement_20250623.pdf,rejeté,classement sonore,
c061be10895aa90b36a60d7127fa24f0,1_67223_reglementation_dechets_20240219.pdf,Plan Local d'Urbanisme (PLU) de la commune de INNENHEIM,Innenheim,règlement écrit,https://www.geoportail-urbanisme.gouv.fr/api/document/c061be10895aa90b36a60d7127fa24f0/files/67223_reglementation_dechets_20240219.pdf,alinea,Article 6.,9,,administrative,Le verre doit être déposé dans les conteneurs entre 8 h et 20 h pour limiter les nuisances sonores.,"6.2.2 Modelité d'utilisation Le verre doit être déposé dans les conteneurs entre 8 h et 20 h pour limiter les nuisances sonores. Les conteneurs à verre servent uniquement à la collecte du verre ménager, aucun autre
déchet ne doit y être déposé ni à l'intérieur ni aux alentours. Les dépôts aux alentours seront
considérés comme un dépôt sauvage et donc verbalisables.",totale,"Il s'agit d'une règle horaire limitant le dépôt de verre dans des conteneurs afin de limiter les nuisances sonores, ce qui relève d'une gestion des nuisances sonores liées à l'usage/exploitation urbaine plutôt que d'une infrastructure de transport. Ce n'est pas un renvoi au classement sonore ou au PEB. Aucune limite spatiale spécifique n'est mentionnée, donc portée administrative par défaut.",prescription,opposable en conformité,autre,validé,True,élevée,32,,rejeté,ne concerne pas les constructions,
b69e260ffc76830aef751103cbfd0f82,1_67239_padd_20260128.pdf,Plan Local d'Urbanisme (PLU) de la commune de KINTZHEIM,Kintzheim,PADD,https://www.geoportail-urbanisme.gouv.fr/api/document/b69e260ffc76830aef751103cbfd0f82/files/67239_padd_20260128.pdf,page,page 5,5,,administrative,"Maîtriser les expositions sonores, olfactives, les expositions aux polluants et limiter les risques technologiques","…ités paysagères de Kintzheim 4.3 : Valoriser l’identité urbaine et les éléments historiques sous l’axe du développement urbain durable Axe 3 : Assurer la sécurité et la protection des biens et de la santé Objectif 5 : Garantir la préservation des ressources pour répondre aux besoins des habitants et Maîtriser les expositions sonores, olfactives, les expositions aux polluants et limiter les risques technologiques Axe 1 : Renforcer l’attractivité en s’appuyant sur les qualités de l’environnement local Objectif 1: S'engager pour maintenir et développer la vie locale 1.1 : Développer les équipements et les services L'attractivité de Kintzheim tient à son positionnement territorial, à sa qualité environnementale…",moyenne,"Le PADD énonce un objectif général de maîtrise des expositions sonores comme orientation stratégique à l'échelle communale, sans viser une infrastructure de transport spécifique ni renvoyer à un classement sonore ou PEB. C'est une orientation autonome mais très générale, formulée comme un simple intitulé d'objectif, sans précision sur les moyens ou le périmètre exact.",recommandation,non opposable,lutte_bruit_existant,validé,False,,13,,rejeté,trop vague,
82eeb21b6a85ba624ac13526596f3b2d,1_67246_padd_20260409.pdf,Plan Local d'Urbanisme (PLU) de la commune de KOGENHEIM,Kogenheim,PADD,https://www.geoportail-urbanisme.gouv.fr/api/document/82eeb21b6a85ba624ac13526596f3b2d/files/67246_padd_20260409.pdf,page,page 5,5,,zone_specifique,Permettre l’urbanisation des espaces libres le long de la RD.83 en tenant compte des problématiques de nuisances sonores et de pollution de l'air,"…et Kogenheim, la limite entre ces deux villages devient moins évidente. Il s’agit donc de maintenir les dernières coupures vertes existantes pour conserver une lisibilité aux limites de Kogenheim. 4) Permettre l’urbanisation des espaces libres le long de la RD.83 en tenant compte des problématiques Permettre l’urbanisation des espaces libres le long de la RD.83 en tenant compte des problématiques de nuisances sonores et de pollution de l'air besoin les études techniques ou de faisabilité La volonté communale de laisser la priorité au renouvellement urbain nécessite une réflexion et un encadrement des possibilité d’évolution des sites en requalification, sur lesquelles des contraintes importantes peuvent exister (articulation avec le tis…",forte,"Le PADD recommande de permettre l'urbanisation des espaces libres le long de la RD83 en tenant compte des nuisances sonores, ce qui concerne directement l'urbanisation à proximité d'une infrastructure bruyante (bâtiments futurs), donc relève du périmètre diagBruit. La portée est limitée géographiquement à la frange bâtie le long de la RD83, ce qui constitue une zone spécifique sans contour automatique.",recommandation,non opposable,lutte_bruit_existant,validé,False,,23,,rejeté,trop vague,
d9f1902e01d10dfb16b87041193ba1c5,1_67252_padd_20250623.pdf,Plan Local d'Urbanisme (PLU) de la commune de KURTZENHOUSE,Kurtzenhouse,PADD,https://www.geoportail-urbanisme.gouv.fr/api/document/d9f1902e01d10dfb16b87041193ba1c5/files/67252_padd_20250623.pdf,page,page 20,20,,administrative,"l t e e v rr ie it r o s i r i e m s. portants de vitalité et d’attractivité des Exploitations agricoles c D h o a n m n u p e rb ê r a t u r i n e n e c à a d l’ r u e a x c v t i t e l è la n re g s i e on La préservation, la valorisation et, dans certains Espace urbain existant cas, la reconquête de ce paysage s’imposent comme un objectif central du PADD. En effet, le Equipements publics paysage, le cadre de vie, le calme et la sérénité","…ORIENTATION STRATÉGIQUE n°7 Valoriser le paysage, le patrimoine et l’inscription du village dans son site • Le paysage, support de cadre de vie et de bien-être chez soi Le choix d’évolution Le paysage et le patrimoine représentent à la fois des valeurs sociétales majeures et des de la forme urbaine l t e e v rr ie it r o s i r i e m s. portants de vitalité et d’attractivité des Exploitations agricoles c D h o a n m n u p e rb ê r a t u r i n e n e c à a d l’ r u e a x c v t i t e l è la n re g s i e on La préservation, la valorisation et, dans certains Espace urbain existant cas, la reconquête de ce paysage s’imposent comme un objectif central du PADD. En effet, le Equipements publics paysage, le cadre de vie, le calme et la sérénité des lieux constituent des objectifs et des leviers Le choix d’une extension majeurs du devenir communal. urbaine qui préserve le caractère champêtre Le PADD définit, au travers des cartes autour du village historique présentées ci-contre, un ensemble d’objectifs devant permettre à Kurtzenhouse de re…",faible,"Le passage évoque le calme et la sérénité des lieux comme objectifs et leviers majeurs du devenir communal, ce qui relève de la préservation d'une ambiance sonore calme. Cependant l'extrait est très fragmenté (texte OCR mal découpé, mélangeant plusieurs listes de légendes cartographiques comme 'Exploitations agricoles', 'Espace urbain existant', 'Equipements publics') et ne formule pas de règle précise ni localisée, d'où une confiance faible.",recommandation,non opposable,preservation_zone_calme,validé,False,,3,,rejeté,trop vague,
af81b900318ba97d31ca21fae4b03e6c,1_67505_PADD_20200731.pdf,Plan Local d'Urbanisme (PLU) de la commune de LA VANCELLE,La Vancelle,PADD,https://www.geoportail-urbanisme.gouv.fr/api/document/af81b900318ba97d31ca21fae4b03e6c/files/67505_PADD_20200731.pdf,page,page 14,14,,administrative,Elles sont également de nature à diminuer les risques de nuisances sonores au sein du village,"…Le PADD vise à maintenir, en matière d’organisation des déplacements, les possibilités de parcours à pied ainsi que les gabarits étroits des voiries de desserte, incitant à des vitesses très modérées de circulation au sein du village. Ces options sont cohérentes avec l’objectif général d’utilisation Elles sont également de nature à diminuer les risques de nuisances sonores au sein du village performance énergétique des constructions. Compte tenu de l’ensoleillement exceptionnel dont bénéficie une partie de l’emprise bâtie de la commune, la mise en œuvre de principes de conception bioclimatique pour l’implantation des nouvelles constructions permettra également une utilisation plus ratio…",forte,"Le PADD énonce que le maintien de gabarits étroits et de vitesses modérées de circulation au sein du village a pour effet de diminuer les risques de nuisances sonores. C'est une orientation générale relative à l'organisation des déplacements et à l'aménagement du village, avec un objectif explicite de réduction du bruit, applicable à l'ensemble du village/commune sans zone réglementaire spécifique délimitée. La formulation reste cependant assez générale et orientée organisation des déplacements plutôt qu'une prescription précise sur le bâti.",recommandation,non opposable,lutte_bruit_existant,validé,False,,23,,rejeté,"c'est un constat, pas une action",
8ae18694b57b473bb4461d1d66380731,2_67261_reglement_20250505.pdf,Plan Local d'Urbanisme (PLU) de la commune de LAUTERBOURG,Lauterbourg,règlement écrit,https://www.geoportail-urbanisme.gouv.fr/api/document/8ae18694b57b473bb4461d1d66380731/files/67261_reglement_20250505.pdf,page,page 16,16,,zone_specifique,"nuisances (notamment sonores et cumulée de 1500 mètres carrés par dessus, des constructions peuvent être SECTEUR olfactives) pour le voisinage, ainsi rapport à celle existante au moment","…ts de toute nature - commerces, de restaurants, qu’ils comportent ou non des équipements sanitaires, de sports et installations classées - s’il en résulte de détente dans la limite d’une une augmentation significative des emprise au sol supplémentaire totale • En dérogation des alinéas présentés ci- nuisances (notamment sonores et cumulée de 1500 mètres carrés par dessus, des constructions peuvent être SECTEUR olfactives) pour le voisinage, ainsi rapport à celle existante au moment destinés : • L se e r s v i l c o e g s e m lié e s n a ts u x d e é q fo u n ip c e ti m on e n o t u s de SECTEUR présentées ci-contre. • aux équipements d'intérêt • Les constructions sont libres d’implantation. collectif et services publics.. présents sur le site. Ui • Les équipements sportifs de…",faible,"Le texte, très mal découpé par l'OCR, mentionne une limitation des constructions générant des nuisances notamment sonores et olfactives pour le voisinage dans un secteur donné, avec une limite d'emprise au sol supplémentaire. C'est une règle autonome d'urbanisme (limitation d'activités bruyantes vis-à-vis du voisinage) distincte du classement sonore des infrastructures, mais l'extrait est fortement corrompu par le désordre du PDF, rendant la formulation peu claire.",prescription,opposable en conformité,autre,validé,False,,3,3_67261_reglement_20250505.pdf,rejeté,,
8ae18694b57b473bb4461d1d66380731,3_67261_reglement_20250505.pdf,Plan Local d'Urbanisme (PLU) de la commune de LAUTERBOURG,Lauterbourg,règlement écrit,https://www.geoportail-urbanisme.gouv.fr/api/document/8ae18694b57b473bb4461d1d66380731/files/67261_reglement_20250505.pdf,page,page 17,17,,zone_specifique,"nuisances (notamment sonores et cumulée de 1500 mètres carrés par dessus, des constructions peuvent être SECTEUR olfactives) pour le voisinage, ainsi rapport à celle existante au moment","…ts de toute nature - commerces, de restaurants, qu’ils comportent ou non des équipements sanitaires, de sports et installations classées - s’il en résulte de détente dans la limite d’une une augmentation significative des emprise au sol supplémentaire totale • En dérogation des alinéas présentés ci- nuisances (notamment sonores et cumulée de 1500 mètres carrés par dessus, des constructions peuvent être SECTEUR olfactives) pour le voisinage, ainsi rapport à celle existante au moment destinés : • L se e r s v i l c o e g s e m lié e s n a ts u x d e é q fo u n ip c e ti m on e n o t u s de SECTEUR présentées ci-contre. • aux équipements d'intérêt • Les constructions sont libres d’implantation. collectif et services publics.. présents sur le site. Ui • Les équipements sportifs de…",faible,"Le texte, très dégradé par l'extraction OCR, mentionne une limitation liée aux nuisances notamment sonores et olfactives pour le voisinage concernant des extensions/aménagements de constructions existantes (commerces, restaurants, sports) dans un secteur donné, avec une limite d'augmentation d'emprise au sol de 1500 m². Il s'agit d'une règle autonome du document d'urbanisme (pas un renvoi au classement sonore ou au PEB), mais le texte est tellement fragmenté que la formulation exacte de la prescription reste incertaine.",prescription,opposable en conformité,autre,validé,False,,3,2_67261_reglement_20250505.pdf,rejeté,,
8ae18694b57b473bb4461d1d66380731,14_67261_reglement_20250505.pdf,Plan Local d'Urbanisme (PLU) de la commune de LAUTERBOURG,Lauterbourg,règlement écrit,https://www.geoportail-urbanisme.gouv.fr/api/document/8ae18694b57b473bb4461d1d66380731/files/67261_reglement_20250505.pdf,alinea,Article au6,34,,administrative,"Les éléments techniques extérieurs liés au bâtiment (centrales de traitement au coefficient de surface pleine terre (PLT) imposé. EMERGENCES ACOUSTIQUES d’air, unités extérieures de pompes à chaleur, unités de climatisation…) devront SECTEURS être traités de manière à limiter l’émergence acoustique.","…bien orientées - bénéficiant d’apports ➡ L’extension des constructions ou la création d’annexes devront ÉCONOMIES D’ÉNERGIE ET solaires gratuits en hiver et protégées du rayonnement solaire direct en été -, L’ADAPTATION CLIMATIQUE compactes, très isolées, mettant en oeuvre des systèmes énergétiques Les éléments techniques extérieurs liés au bâtiment (centrales de traitement au coefficient de surface pleine terre (PLT) imposé. EMERGENCES ACOUSTIQUES d’air, unités extérieures de pompes à chaleur, unités de climatisation…) devront SECTEURS être traités de manière à limiter l’émergence acoustique. 0,4 0,5 ➡ Dans le cas de parcelle disposant d’un CBS inférieur au minimum Ur- Ui - Un requis, l’extension des constructions, la création d’annexes et les aménagements ne pourront réduire le CBS existant sur la parcelle que dans les conditions suivantes : SECTEURS - pour des travaux de mise aux norme…",moyenne,"Le passage impose que les équipements techniques extérieurs liés au bâtiment (centrales de traitement d'air, unités extérieures de pompes à chaleur, unités de climatisation) soient traités pour limiter l'émergence acoustique. Cette règle concerne directement les bâtiments (traitement des équipements techniques liés aux constructions) et non une infrastructure de transport, elle relève donc pleinement du périmètre diagBruit. Aucune zone réglementaire spécifique n'est mentionnée pour cette prescription, elle semble s'appliquer de façon générale dans le règlement.",prescription,opposable en conformité,autre,validé,False,,13,13_67261_reglement_20250505.pdf,rejeté,,17_67261_reglement_20250505.pdf
8ae18694b57b473bb4461d1d66380731,5_67261_reglement_20250505.pdf,Plan Local d'Urbanisme (PLU) de la commune de LAUTERBOURG,Lauterbourg,règlement écrit,https://www.geoportail-urbanisme.gouv.fr/api/document/8ae18694b57b473bb4461d1d66380731/files/67261_reglement_20250505.pdf,page,page 20,20,,administrative,"CLIMATIQUE pour isolation thermique, sont autorisés en saillies des toitures à condition que leur volumétrie s’insère harmonieusement dans le cadre bâti environnant. Ensemble • En cas de dépassement de la hauteur maximale définie EMERGENCES • Les éléments techniques extérieurs liés au bâtiment (centrales de traitement d’air, unités extérieures de de la - pour chacun des secteurs par une construction existante, ACOUSTIQUES pompes à chaleur, unités de climatisation) devront être traités de manière…","…surée en tous points par rapport au D’ÉNERGIE ET • Les dispositifs destinés à économiser de l’énergie ou à produire de l’énergie renouvelable dans les Utp terrain naturel préexistant. L’ADAPTATION constructions, tels que panneaux solaires, éoliennes, toitures végétalisées, rehaussement de couverture CLIMATIQUE pour isolation thermique, sont autorisés en saillies des toitures à condition que leur volumétrie s’insère harmonieusement dans le cadre bâti environnant. Ensemble • En cas de dépassement de la hauteur maximale définie EMERGENCES • Les éléments techniques extérieurs liés au bâtiment (centrales de traitement d’air, unités extérieures de de la - pour chacun des secteurs par une construction existante, ACOUSTIQUES pompes à chaleur, unités de climatisation) devront être traités de manière… la hauteur des extensions de cette dernière pourra être zone U inférieure ou égale à celle de la construction agrandie. Secteur Ue A D M E É S N C A L G Ô E T M U E R N E T S S • Dans le cas de dépôts de matériaux, ceux-ci seront rendus invisible ou faiblement visible depuis le domaine 18 ET DES ABO…",forte,"Le passage impose que les éléments techniques extérieurs liés au bâtiment (centrales de traitement d'air, pompes à chaleur, climatisation) soient traités pour limiter l'émergence acoustique. C'est une prescription autonome de limitation de nuisance sonore générée par les équipements des bâtiments, distincte du classement sonore ou du PEB, applicable semble-t-il à l'ensemble du zonage sans restriction géographique précisée.",prescription,opposable en conformité,autre,validé,False,,23,,rejeté,,17_67261_reglement_20250505.pdf
8ae18694b57b473bb4461d1d66380731,9_67261_reglement_20250505.pdf,Plan Local d'Urbanisme (PLU) de la commune de LAUTERBOURG,Lauterbourg,règlement écrit,https://www.geoportail-urbanisme.gouv.fr/api/document/8ae18694b57b473bb4461d1d66380731/files/67261_reglement_20250505.pdf,alinea,Article au2,27,,administrative,"toute nature - qu’ils comportent ou collectif et services publics. établissement d’hébergement 1AUh non des installations classées - s’il touristique et que la surface de 1AUp en résulte une augmentation plancher dédiée ne dépasse pas 100 significative des nuisances mètres carrés . (notamment sonores et olfactives) pour le voisinage, ainsi que des • La création, l’extension de • L’habitat dans la limite d’un logement","…es secteurs 1AUte admises dans la zone. l’hébergement hôtelier et inférieure à 150 mètres carrés. Uh et Ur. touristique. • La création, l’extension ou la • Les activités de commerces à la SECTEURS transformation d’établissements de • aux équipements d'intérêt condition qu’elles soient intégrées à un toute nature - qu’ils comportent ou collectif et services publics. établissement d’hébergement 1AUh non des installations classées - s’il touristique et que la surface de 1AUp en résulte une augmentation plancher dédiée ne dépasse pas 100 significative des nuisances mètres carrés . (notamment sonores et olfactives) pour le voisinage, ainsi que des • La création, l’extension de • L’habitat dans la limite d’un logement risques accrus pour la salubrité et la constructions et les aménagements par unité foncière sous réserve que la sécurité publique. destinés : construction de ce dernier soit SECTEUR intégrée au bâtiment principal de •aux équipements d'intérêt l’entreprise, ceci dans la limite d’une 1AUe collectif et…",forte,"Le passage mentionne une condition liée à l'absence d'augmentation significative des nuisances sonores et olfactives pour le voisinage, s'appliquant à la création, l'extension ou la transformation d'établissements de toute nature. C'est une règle générale conditionnant l'admission d'activités dans les zones concernées, en lien avec le bruit généré vers le voisinage, donc dans le périmètre diagBruit.",prescription,opposable en conformité,autre,validé,False,,23,,rejeté,,1_67261_reglement_20250505.pdf
8ae18694b57b473bb4461d1d66380731,13_67261_reglement_20250505.pdf,Plan Local d'Urbanisme (PLU) de la commune de LAUTERBOURG,Lauterbourg,règlement écrit,https://www.geoportail-urbanisme.gouv.fr/api/document/8ae18694b57b473bb4461d1d66380731/files/67261_reglement_20250505.pdf,alinea,Article au6,34,,administrative,"Les éléments techniques extérieurs liés au bâtiment (centrales de traitement U6 TRAITEMENT ENVIRONNEMENTAL ET PAYSAGER DES ESPACES article a4 stationneMent EMERGENCES ACOUSTIQUES d’air, unités extérieures de pompes à chaleur, unités de climatisation…) devront être traités de manière à limiter l’émergence acoustique.","…es DISPOSITIFS FAVORISANT LES bâtiments neufs : des constructions bien orientées - bénéficiant d’apports ÉCONOMIES D’ÉNERGIE ET solaires gratuits en hiver et protégées du rayonnement solaire direct en été -, L’ADAPTATION CLIMATIQUE compactes, très isolées, mettant en oeuvre des systèmes énergétiques Les éléments techniques extérieurs liés au bâtiment (centrales de traitement U6 TRAITEMENT ENVIRONNEMENTAL ET PAYSAGER DES ESPACES article a4 stationneMent EMERGENCES ACOUSTIQUES d’air, unités extérieures de pompes à chaleur, unités de climatisation…) devront être traités de manière à limiter l’émergence acoustique. INTÉGRATION ARCHITECTURALE ET PAYSAGÈRE DES PROJETS PLT CBS • Les toitures des bâtiments d’exploitation et des abris de • Les constructions, par leur situation, leur architecture, leur dimension ou leur DISPOSITION COEFFICIENT DE BIOTOPE PAR SURFACE (CBS) pâtures doivent avoir une pente comprise ent…",forte,"Le passage impose que les éléments techniques extérieurs liés au bâtiment (climatisations, pompes à chaleur, centrales de traitement d'air) soient traités pour limiter leur émergence acoustique. Il s'agit d'une règle autonome concernant les équipements des bâtiments neufs, distincte du classement sonore ou du PEB, et relevant bien du périmètre diagBruit (construction de bâtiments).",prescription,opposable en conformité,autre,validé,False,,23,,rejeté,,17_67261_reglement_20250505.pdf
8ae18694b57b473bb4461d1d66380731,16_67261_reglement_20250505.pdf,Plan Local d'Urbanisme (PLU) de la commune de LAUTERBOURG,Lauterbourg,règlement écrit,https://www.geoportail-urbanisme.gouv.fr/api/document/8ae18694b57b473bb4461d1d66380731/files/67261_reglement_20250505.pdf,alinea,Article au6,38,Secteur Ng (zone N),zone_specifique,"EMERGENCES ACOUSTIQUES d’air, unités extérieures de pompes à chaleur, unités de climatisation…) devront Ng • La hauteur maximale des constructions est limitée à 7 être traités de manière à limiter l’émergence acoustique. mètres. Ensemble • En cas de dépassement de la hauteur maximale définie de la - pour chacun des secteurs par une construction existante, la hauteur des extensions de cette dernière pourra être","…ON CLIMATIQUE compactes, très isolées, mettant en oeuvre des systèmes énergétiques efficaces et utilisant les énergies renouvelables. • La hauteur maximale des équipements et installations est SECTEUR limitée à 18 mètres. • Les éléments techniques extérieurs liés au bâtiment (centrales de traitement EMERGENCES ACOUSTIQUES d’air, unités extérieures de pompes à chaleur, unités de climatisation…) devront Ng • La hauteur maximale des constructions est limitée à 7 être traités de manière à limiter l’émergence acoustique. mètres. Ensemble • En cas de dépassement de la hauteur maximale définie de la - pour chacun des secteurs par une construction existante, la hauteur des extensions de cette dernière pourra être zone N inférieure ou égale à celle de la construction agrandie. 36 Plan local d’Urbanisme - règlement 10 10 11",forte,"Le passage prescrit un traitement des éléments techniques extérieurs liés au bâtiment (climatisation, pompes à chaleur) pour limiter l'émergence acoustique, dans un secteur spécifique (Ng) de la zone N. C'est une règle autonome de limitation du bruit émis par les équipements de bâtiments, distincte du classement sonore ou du PEB.",prescription,opposable en conformité,autre,validé,False,,23,,rejeté,,17_67261_reglement_20250505.pdf
8ae18694b57b473bb4461d1d66380731,10_67261_reglement_20250505.pdf,Plan Local d'Urbanisme (PLU) de la commune de LAUTERBOURG,Lauterbourg,règlement écrit,https://www.geoportail-urbanisme.gouv.fr/api/document/8ae18694b57b473bb4461d1d66380731/files/67261_reglement_20250505.pdf,alinea,Article au3,28,,administrative,"autorisés en saillies des toitures à condition que leur volumétrie s’insère harmonieusement dans le cadre bâti environnant. • Les éléments techniques extérieurs liés au bâtiment (centrales de traitement d’air, EMERGENCES ACOUSTIQUES unités extérieures de pompes à chaleur, unités de climatisation) devront être traités 26 de manière à limiter l’émergence acoustique. Plan local d’Urbanisme - règlement 5","…s renouvelables. ÉCONOMIES D’ÉNERGIE ET • Les dispositifs destinés à économiser de l’énergie ou à produire de l’énergie L’ADAPTATION CLIMATIQUE renouvelable dans les constructions, tels que panneaux solaires, éoliennes, toitures végétalisées, rehaussement de couverture pour isolation thermique, sont autorisés en saillies des toitures à condition que leur volumétrie s’insère harmonieusement dans le cadre bâti environnant. • Les éléments techniques extérieurs liés au bâtiment (centrales de traitement d’air, EMERGENCES ACOUSTIQUES unités extérieures de pompes à chaleur, unités de climatisation) devront être traités 26 de manière à limiter l’émergence acoustique. Plan local d’Urbanisme - règlement 5 article au4 stationneMent ARCHITECTURE ET PAYSAGE AU3 TOITURES HAUTEURS AU4 DESTINATION STATIONNEMENT AU5 INTÉGRATION ARCHITECTURALE ET PAYSAGÈRE DES PROJETS Les toitures doivent comprendre : Véhicules motorisés : • Les constructions, par leur situation, leur architecture, leur dimension ou leur • A…",totale,"Le règlement impose que les équipements techniques extérieurs liés aux bâtiments (climatisation, pompes à chaleur, centrales de traitement d'air) soient traités pour limiter leur émergence acoustique. Il s'agit d'une prescription autonome relative aux constructions, dans le périmètre de diagBruit, applicable de manière générale sans zone spécifique mentionnée.",prescription,opposable en conformité,lutte_bruit_existant,validé,False,,33,,rejeté,,17_67261_reglement_20250505.pdf
8ae18694b57b473bb4461d1d66380731,11_67261_reglement_20250505.pdf,Plan Local d'Urbanisme (PLU) de la commune de LAUTERBOURG,Lauterbourg,règlement écrit,https://www.geoportail-urbanisme.gouv.fr/api/document/8ae18694b57b473bb4461d1d66380731/files/67261_reglement_20250505.pdf,alinea,Article au4,29,,administrative,"autorisés en saillies des toitures à condition que leur volumétrie s’insère harmonieusement dans le cadre bâti environnant. • Les éléments techniques extérieurs liés au bâtiment (centrales de traitement d’air, EMERGENCES ACOUSTIQUES unités extérieures de pompes à chaleur, unités de climatisation) devront être traités 27 de manière à limiter l’émergence acoustique. LAUTERBOURG 5","…s renouvelables. ÉCONOMIES D’ÉNERGIE ET • Les dispositifs destinés à économiser de l’énergie ou à produire de l’énergie L’ADAPTATION CLIMATIQUE renouvelable dans les constructions, tels que panneaux solaires, éoliennes, toitures végétalisées, rehaussement de couverture pour isolation thermique, sont autorisés en saillies des toitures à condition que leur volumétrie s’insère harmonieusement dans le cadre bâti environnant. • Les éléments techniques extérieurs liés au bâtiment (centrales de traitement d’air, EMERGENCES ACOUSTIQUES unités extérieures de pompes à chaleur, unités de climatisation) devront être traités 27 de manière à limiter l’émergence acoustique. LAUTERBOURG 5 PPRRAAGGMMAA",totale,"Le passage impose une prescription concernant les équipements techniques extérieurs des bâtiments (climatisation, pompes à chaleur, centrales de traitement d'air) qui devront limiter leur émergence acoustique. C'est une règle autonome liée au bruit, applicable aux constructions, sans lien avec le classement sonore ou le PEB. Aucune limite spatiale spécifique n'étant précisée, la règle est considérée comme s'appliquant à l'ensemble du document.",prescription,opposable en conformité,autre,validé,False,,33,,rejeté,,17_67261_reglement_20250505.pdf
6323ebfdb5e4067dc63f9a2c212d715b,1_67274_padd_20240314.pdf,Plan Local d'Urbanisme (PLU) de la commune de LORENTZEN,Lorentzen,PADD,https://www.geoportail-urbanisme.gouv.fr/api/document/6323ebfdb5e4067dc63f9a2c212d715b/files/67274_padd_20240314.pdf,alinea,alinéa 2,19,,administrative,la réduction des nuisances sonores,extraits du Code de l'Urbanisme la réduction des nuisances sonores Article L.123-5 du Code de l'Urbanisme :,faible,"Le passage cite un objectif général du Code de l'urbanisme (article L.121-1 type) incluant la réduction des nuisances sonores parmi les objectifs d'aménagement, sans zone précise ni mesure concrète. C'est une orientation générale rattachable au périmètre diagBruit (aménagement urbain), mais très peu précise, formulée comme un objectif législatif générique plutôt qu'une règle opérationnelle propre au document.",recommandation,non opposable,lutte_bruit_existant,validé,True,moyenne,1,,rejeté,trop vague,
6323ebfdb5e4067dc63f9a2c212d715b,1_67274_reglement_20240314.pdf,Plan Local d'Urbanisme (PLU) de la commune de LORENTZEN,Lorentzen,règlement écrit,https://www.geoportail-urbanisme.gouv.fr/api/document/6323ebfdb5e4067dc63f9a2c212d715b/files/67274_reglement_20240314.pdf,alinea,Article 2,4,,zone_specifique,"Les constructions à usage dʼhébergement et dʼhabitation doivent en outre répondre aux exigences dʼisolement acoustique par rapport aux axes de transports terrestres bruyants, conformément à la réglementation en vigueur. Les zones concernées sont matérialisées au plan de zonage.","…es sur le territoire communal notamment : - Les articles du Code de l’Urbanisme en vigueur au moment de l’octroi des autorisations d’occupation et d’utilisation du sol - L’article L. 111-3 du Code Rural relatif à la réciprocité des règles d’éloignement entre les bâtiments agricoles et non agricoles. Les constructions à usage dʼhébergement et dʼhabitation doivent en outre répondre aux exigences dʼisolement acoustique par rapport aux axes de transports terrestres bruyants, conformément à la réglementation en vigueur. Les zones concernées sont matérialisées au plan de zonage. bruyants, conformément à la réglementation en vigueur. Les zones concernées sont matérialisées au plan de zonage.",forte,"Le passage impose une exigence d'isolement acoustique pour les constructions d'hébergement et d'habitation situées le long des axes de transports terrestres bruyants, avec des zones matérialisées au plan de zonage. Bien que cela renvoie à la réglementation en vigueur (classement sonore probable), la formulation ici cible spécifiquement une catégorie de constructions (hébergement/habitation) et fait référence à des zones matérialisées graphiquement, ce qui en fait une règle d'urbanisme identifiable localement, distincte d'un simple rappel générique. La portée est limitée aux zones spécifiques matérialisées au plan de zonage, non à l'ensemble du territoire.",prescription,opposable en conformité,autre,validé,False,,23,,rejeté,c'est la classement sonore,
74a1152d00062069c9290dee2489e046,1_67311_reglement_20241008.pdf,Plan Local d'Urbanisme (PLU) de la commune de MUTTERSHOLTZ,Muttersholtz,règlement écrit,https://www.geoportail-urbanisme.gouv.fr/api/document/74a1152d00062069c9290dee2489e046/files/67311_reglement_20241008.pdf,alinea,Article 2,4,zones concernées matérialisées au plan des annexes (axes de transports terrestres bruyants),zone_specifique,"Les constructions à usage d'hébergement et d'habitation doivent en outre répondre aux exigences d'isolement acoustique par rapport aux axes de transports terrestres bruyants, conformément à la réglementation en vigueur. Les zones concernées sont matérialisées au plan des annexes","3. Les articles L. 1102-13, L311-2, L313-2, L424-1, L153-11 du code de l'urbanisme et
L331-6 du code de l'environnement, sur le fond desquels peut être opposé un
sursis à statuer. Les constructions à usage d'hébergement et d'habitation doivent en outre répondre aux exigences d'isolement acoustique par rapport aux axes de transports terrestres bruyants, conformément à la réglementation en vigueur. Les zones concernées sont matérialisées au plan des annexes 5. Les articles L.113-1 à L.113-2 et R. 113-1 à R.113-2 du code de l'urbanisme sont
applicables aux secteurs définis sur les plans par la trame « espace boisé classé à
conserve ou à créer».",forte,"Le passage impose une exigence d'isolement acoustique pour les constructions à usage d'hébergement et d'habitation à proximité des axes de transports terrestres bruyants, en renvoyant à un plan spécifique délimitant les zones concernées. Bien que la formulation évoque 'conformément à la réglementation en vigueur' (ce qui pourrait suggérer un simple rappel du classement sonore), le fait que ce soit intégré comme une règle propre du document d'urbanisme avec un plan dédié en annexe en fait une règle autonome à signaler, même si le contenu reste proche du dispositif réglementaire standard.",prescription,opposable en conformité,lutte_bruit_existant,validé,True,élevée,22,,rejeté,classement sonore,
74a1152d00062069c9290dee2489e046,1_67311_padd_20241008.pdf,Plan Local d'Urbanisme (PLU) de la commune de MUTTERSHOLTZ,Muttersholtz,PADD,https://www.geoportail-urbanisme.gouv.fr/api/document/74a1152d00062069c9290dee2489e046/files/67311_padd_20241008.pdf,page,page 8,8,,administrative,"Préserver la population et les biens des risques et nuisances connus (inondation, bruit, ""pollution visuelle"", etc.) en évitant l'urbanisation des secteurs potentiellement concernés par ces risques, ou, à défaut, en ayant recours à des modes d'urbanisation et de construction adaptés afin de préserver la qualité de vie dans la commune.","…. Permettre le renouvellement urbain des secteurs d'urbanisation plus récente et garantir la qualité urbaine et environnementale du développement urbain, tant dans les opérations en cours que celles à venir. Finaliser l'enveloppe urbaine de Muttersholtz en poursuivant l'urbanisation du Bruchfeld, de Préserver la population et les biens des risques et nuisances connus (inondation, bruit, ""pollution visuelle"", etc.) en évitant l'urbanisation des secteurs potentiellement concernés par ces risques, ou, à défaut, en ayant recours à des modes d'urbanisation et de construction adaptés afin de préserver la qualité de vie dans la commune. ces risques, ou, à défaut, en ayant recours à des modes d'urbanisation et de construction adaptés afin de préserver la qualité de vie dans la commune. PLU de Muttersholtz I P.A.D.D. I Atelier [inSitu] - IupS - Oréade-Brèche I 28 mars 2019 I page 7",forte,"Le PADD affiche un objectif général de préservation de la population face aux nuisances sonores connues, en évitant l'urbanisation des secteurs concernés ou en adaptant les modes de construction. Il s'agit d'une orientation générale du PADD, non liée au classement sonore des infrastructures ni au PEB, et qui concerne bien l'urbanisation et la construction de bâtiments (périmètre diagBruit). La formulation reste toutefois assez générale et programmatique, typique d'un PADD, sans zone précise identifiée.",recommandation,non opposable,lutte_bruit_existant,validé,False,,23,,rejeté,trop vague,
3b6464195e71f5bd0a3be8afedaf43be,1_67313_reglement_20260224.pdf,Plan Local d'Urbanisme (PLU) de la commune de MUTZIG,Mutzig,règlement écrit,https://www.geoportail-urbanisme.gouv.fr/api/document/3b6464195e71f5bd0a3be8afedaf43be/files/67313_reglement_20260224.pdf,alinea,Article Ua,15,"secteurs de nuisances acoustiques délimités au plan de contraintes, de part et d'autre de la voie de contournement",zone_specifique,"Dans les secteurs de nuisances acoustiques délimités au plan de contraintes en annexe nuisance acoustique, de part et d'autre de la voie de contournement, les constructions nouvelles à usage d'habitation, ainsi que les extensions de bâtiments d'habitation existants admises par le présent règlement doivent en raison de leur exposition au bruit, faire l'objet d'une isolation acoustique dans les conditions prévues par les dispositions législatives et réglementaires en matière d'urbanisme, de construction et d'habitat","…tensions du centre ancien. C'est une zone diversifiée tant par la présence d'habitat de type pavillonnaire et de quelques petits collectifs que par l'aspect des constructions. SECTION 1- NATURE DE L'OCCUPATION ET DE L'UTILISATION DU SOL L'édification des clôtures est soumise à déclaration préalable. Dans les secteurs de nuisances acoustiques délimités au plan de contraintes en annexe nuisance acoustique, de part et d'autre de la voie de contournement, les constructions nouvelles à usage d'habitation, ainsi que les extensions de bâtiments d'habitation existants admises par le présent règlement doivent en raison de leur exposition au bruit, faire l'objet d'une isolation acoustique dans les conditions prévues par les dispositions législatives et réglementaires en matière d'urbanisme, de construction et d'habitat extensions de bâtiments d'habitation existants admises par le présent règlement doivent en raison de leur exposition au bruit, faire l'objet d'une isolation acoustique dans les conditions prévues par les dispositions législatives et réglementaires en matière d'urbanisme, de construction et d'habitat…",forte,"Le passage définit un secteur de nuisances acoustiques propre au document d'urbanisme (plan de contraintes annexé), distinct du classement sonore national ou du PEB, imposant une isolation acoustique aux constructions nouvelles à usage d'habitation et aux extensions de bâtiments existants de part et d'autre d'une voie de contournement. Il s'agit donc d'une règle autonome relevant du périmètre diagBruit, applicable à une zone spécifique délimitée graphiquement en annexe et non à l'ensemble du territoire.",prescription,opposable en conformité,autre,validé,False,,23,4_67313_reglement_20260224.pdf,rejeté,classement sonore,
3b6464195e71f5bd0a3be8afedaf43be,3_67313_reglement_20260224.pdf,Plan Local d'Urbanisme (PLU) de la commune de MUTZIG,Mutzig,règlement écrit,https://www.geoportail-urbanisme.gouv.fr/api/document/3b6464195e71f5bd0a3be8afedaf43be/files/67313_reglement_20260224.pdf,alinea,Article Ub,23,secteurs de nuisances acoustiques délimités de part et d'autre de la voie de contournement,zone_specifique,"Dans les secteurs de nuisances acoustiques délimités au plan joint en annexe de part et d'autre de la voie de contournement, les constructions nouvelles à usage d'habitation, ainsi que les extensions de bâtiments d'habitation existants admises par le présent règlement doivent en raison de leur exposition au bruit, faire l'objet d'une isolation acoustique dans les conditions prévues par les dispositions légi…","…t une zone peu diversifiée et composée principalement de petits collectifs. Elle comporte un sous-secteur Ucm correspondant à des logements collectifs destinés aux personnes âgées sur le site de l’ancienne malterie de la friche brassicole. SECTION 1- NATURE DE l'OCCUPATION ET DE L'UTILISATION DU SOL Dans les secteurs de nuisances acoustiques délimités au plan joint en annexe de part et d'autre de la voie de contournement, les constructions nouvelles à usage d'habitation, ainsi que les extensions de bâtiments d'habitation existants admises par le présent règlement doivent en raison de leur exposition au bruit, faire l'objet d'une isolation acoustique dans les conditions prévues par les dispositions légi… contournement, les constructions nouvelles à usage d'habitation, ainsi que les extensions de bâtiments d'habitation existants admises par le présent règlement doivent en raison de leur exposition au bruit, faire l'objet d'une isolation acoustique dans les conditions prévues par les dispositions légi…",forte,"Il s'agit ici d'un secteur de nuisances acoustiques lié à une voie de contournement, délimité par un plan annexé au règlement local, et non du classement sonore ou du PEB déjà traités ailleurs par diagBruit. Cette zone impose une isolation acoustique aux constructions nouvelles d'habitation et aux extensions de bâtiments existants, ce qui constitue une règle autonome propre au document d'urbanisme, concernant bien des bâtiments (périmètre diagBruit). La portée est limitée à ce secteur spécifique délimité au plan, non à l'ensemble du zonage.",prescription,opposable en conformité,autre,validé,False,,23,4_67313_reglement_20260224.pdf,rejeté,classement sonore,
3b6464195e71f5bd0a3be8afedaf43be,5_67313_reglement_20260224.pdf,Plan Local d'Urbanisme (PLU) de la commune de MUTZIG,Mutzig,règlement écrit,https://www.geoportail-urbanisme.gouv.fr/api/document/3b6464195e71f5bd0a3be8afedaf43be/files/67313_reglement_20260224.pdf,alinea,Article Uc,29,secteurs de nuisances acoustiques délimités au plan de zonage de part et d'autre de la voie de contournement,zone_specifique,"Dans les secteurs de nuisances acoustiques délimités au plan de zonage de part et d'autre de la voie de contournement, les constructions nouvelles à usage d'habitation, ainsi que les extensions de bâtiments d'habitation existants admises par le présent règlement doivent en raison de leur exposition au bruit, faire l'objet d'une isolation acoustique dans les conditions prévues par les dispositions législatives et réglementaires en matière d'urbanisme, de construction et d'habitation.","…de la commune sont soumis aux dispositions de l'article R111-2 du Code de l'Urbanisme qui seront notamment appliquées dans les périmètres grisés définissant un risque naturel. SECTION 1- NATURE DE l'OCCUPATION ET DE L'UTILISATION DU SOL L'édification des clôtures est soumise à déclaration préalable. Dans les secteurs de nuisances acoustiques délimités au plan de zonage de part et d'autre de la voie de contournement, les constructions nouvelles à usage d'habitation, ainsi que les extensions de bâtiments d'habitation existants admises par le présent règlement doivent en raison de leur exposition au bruit, faire l'objet d'une isolation acoustique dans les conditions prévues par les dispositions législatives et réglementaires en matière d'urbanisme, de construction et d'habitation. d'habitation existants admises par le présent règlement doivent en raison de leur exposition au bruit, faire l'objet d'une isolation acoustique dans les conditions prévues par les dispositions législatives et réglementaires en matière d'urbanisme, de construction et d'habitation. Les Autorisations d…",forte,"Le passage définit un secteur de nuisances acoustiques propre au document d'urbanisme (lié à une voie de contournement, non identifié comme classement sonore officiel), imposant une isolation acoustique aux constructions nouvelles à usage d'habitation et aux extensions. Il ne s'agit pas d'un simple renvoi au classement sonore mais d'une zone spécifique définie au plan de zonage local, donc portée géométrique zone_specifique.",prescription,opposable en conformité,autre,validé,False,,23,6_67313_reglement_20260224.pdf,rejeté,classement sonore,
3b6464195e71f5bd0a3be8afedaf43be,7_67313_reglement_20260224.pdf,Plan Local d'Urbanisme (PLU) de la commune de MUTZIG,Mutzig,règlement écrit,https://www.geoportail-urbanisme.gouv.fr/api/document/3b6464195e71f5bd0a3be8afedaf43be/files/67313_reglement_20260224.pdf,alinea,Article Ue,33,secteurs de nuisances acoustiques délimités au plan de zonage de part et d'autre de la RD 1420,zone_specifique,"Dans les secteurs de nuisances acoustiques délimités au plan de zonage de part et d'autre de la RD 1420, les constructions nouvelles à usage d'habitation, ainsi que les extensions de bâtiments d'habitation existants admises par le présent règlement doivent en raison de leur exposition au bruit, faire l'objet d'une isolation acoustique","…OCCUPATION ET DE L'UTILISATION DU SOL L'édification des clôtures est soumise à déclaration préalable. L'édification de clôtures spécifiquement militaires et liées à l'activité sont autorisées. Les installations et travaux divers sont soumis à l'autorisation prévue aux articles R421-13 et suivants du Dans les secteurs de nuisances acoustiques délimités au plan de zonage de part et d'autre de la RD 1420, les constructions nouvelles à usage d'habitation, ainsi que les extensions de bâtiments d'habitation existants admises par le présent règlement doivent en raison de leur exposition au bruit, faire l'objet d'une isolation acoustique les conditions prévues par les dispositions législatives et réglementaires en matière d'urbanisme, de construction et d'habitation. Les Autorisations du Droit des Sols sont soumises à consultation préalable de !'Architecte des Bâtiments de France à l'intérieur des périmètres de protection des monume…",forte,"Le passage définit un secteur de nuisances acoustiques lié à la RD 1420, distinct du classement sonore réglementaire national des voies (aucune mention d'arrêté préfectoral de classement sonore). Il impose une isolation acoustique aux constructions neuves et extensions d'habitations dans ce secteur spécifique délimité au plan de zonage, ce qui constitue une règle autonome d'urbanisme applicable aux bâtiments, avec une portée géométrique circonscrite à une zone spécifique nécessitant un tracé manuel.",prescription,opposable en conformité,lutte_bruit_existant,validé,False,,23,10_67313_reglement_20260224.pdf,rejeté,classement sonore,
3b6464195e71f5bd0a3be8afedaf43be,2_67313_reglement_20260224.pdf,Plan Local d'Urbanisme (PLU) de la commune de MUTZIG,Mutzig,règlement écrit,https://www.geoportail-urbanisme.gouv.fr/api/document/3b6464195e71f5bd0a3be8afedaf43be/files/67313_reglement_20260224.pdf,alinea,Article Ua,15,"secteurs de nuisances acoustiques délimités au plan de contraintes en annexe nuisance acoustique, de part et d'autre de la voie de contournement",zone_specifique,"Dans les secteurs de nuisances acoustiques délimités au plan de contraintes en annexe nuisance acoustique, de part et d'autre de la voie de contournement, les constructions nouvelles à usage d'habitation, ainsi que les extensions de bâtiments d'habitation existants admises par le présent règlement doivent en raison de leur exposition au bruit, faire l'objet d'une isolation acoustique dans les conditions prévues par les dispositions législatives et réglementaires en matière d'urbanisme, de construction et d'habitation.","…au permis de démolir, conformément à l'article R. 421-28 du Code de l'Urbanisme. Dans les secteurs de nuisances acoustiques délimités au plan de contraintes en annexe nuisance acoustique, de part et d'autre de la voie de contournement, les constructions nouvelles à usage d'habitation, ainsi que les Dans les secteurs de nuisances acoustiques délimités au plan de contraintes en annexe nuisance acoustique, de part et d'autre de la voie de contournement, les constructions nouvelles à usage d'habitation, ainsi que les extensions de bâtiments d'habitation existants admises par le présent règlement doivent en raison de leur exposition au bruit, faire l'objet d'une isolation acoustique dans les conditions prévues par les dispositions législatives et réglementaires en matière d'urbanisme, de construction et d'habitation. France à l'intérieur des périmètres de protection des monuments historiques inscrits aux documents graphiques.",totale,"Ce passage ne relève pas du classement sonore des voies ni du PEB aéroportuaire déjà traités par diagBruit, mais d'un plan de contraintes propre au document d'urbanisme délimitant des secteurs de nuisances acoustiques autour d'une voie de contournement locale. Il impose une isolation acoustique aux constructions nouvelles d'habitation et extensions dans ce secteur spécifique, ce qui constitue une règle autonome liée au bruit et concernant bien des bâtiments (donc dans le périmètre diagBruit). La portée est une zone spécifique (le secteur délimité au plan de contraintes annexé), non l'ensemble du territoire.",prescription,opposable en conformité,lutte_bruit_existant,validé,False,,33,10_67313_reglement_20260224.pdf,rejeté,classement sonore,
3b6464195e71f5bd0a3be8afedaf43be,4_67313_reglement_20260224.pdf,Plan Local d'Urbanisme (PLU) de la commune de MUTZIG,Mutzig,règlement écrit,https://www.geoportail-urbanisme.gouv.fr/api/document/3b6464195e71f5bd0a3be8afedaf43be/files/67313_reglement_20260224.pdf,alinea,Article Ub,23,secteurs de nuisances acoustiques délimités au plan joint en annexe de part et d'autre de la voie de contournement,zone_specifique,"Dans les secteurs de nuisances acoustiques délimités au plan joint en annexe de part et d'autre de la voie de contournement, les constructions nouvelles à usage d'habitation, ainsi que les extensions de bâtiments d'habitation existants admises par le présent règlement doivent en raison de leur exposition au bruit, faire l'objet d'une isolation acoustique dans les conditions prévues par les dispositions législatives et réglementaires en matière d'urbanisme, de construction et d'habitation.","…les R421-13 et suivants du Code de l'Urbanisme. Les démolitions en tout ou partie d'un bâtiment sont soumises au permis de démolir, conformément à l'article R. 421-28 du Code de l'Urbanisme. Dans les secteurs de nuisances acoustiques délimités au plan joint en annexe de part et d'autre de la voie de Dans les secteurs de nuisances acoustiques délimités au plan joint en annexe de part et d'autre de la voie de contournement, les constructions nouvelles à usage d'habitation, ainsi que les extensions de bâtiments d'habitation existants admises par le présent règlement doivent en raison de leur exposition au bruit, faire l'objet d'une isolation acoustique dans les conditions prévues par les dispositions législatives et réglementaires en matière d'urbanisme, de construction et d'habitation. France à l'intérieur des périmètres de protection des monuments historiques inscrits au plan de servitude.",totale,"Il ne s'agit pas d'un secteur affecté par le bruit issu du classement sonore des voies bruyantes existantes ni d'un PEB, mais d'un périmètre spécifique lié à une voie de contournement (nouvelle infrastructure), délimité sur un plan annexé au règlement. Ce zonage impose une isolation acoustique aux constructions nouvelles et extensions d'habitation, ce qui constitue une règle autonome d'urbanisme distincte du classement sonore déjà traité par ailleurs. La règle concerne bien les bâtiments d'habitation et non l'infrastructure elle-même, donc pas de confiance faible pour ce motif.",prescription,opposable en conformité,autre,validé,False,,33,5_67313_reglement_20260224.pdf,rejeté,classement sonore,
3b6464195e71f5bd0a3be8afedaf43be,6_67313_reglement_20260224.pdf,Plan Local d'Urbanisme (PLU) de la commune de MUTZIG,Mutzig,règlement écrit,https://www.geoportail-urbanisme.gouv.fr/api/document/3b6464195e71f5bd0a3be8afedaf43be/files/67313_reglement_20260224.pdf,alinea,Article Uc,29,secteurs de nuisances acoustiques délimités au plan de zonage de part et d'autre de la voie de contournement,zone_specifique,"Dans les secteurs de nuisances acoustiques délimités au plan de zonage de part et d'autre de la voie de contournement, les constructions nouvelles à usage d'habitation, ainsi que les extensions de bâtiments d'habitation existants admises par le présent règlement doivent en raison de leur exposition au bruit, faire l'objet d'une isolation acoustique dans les conditions prévues par les dispositions législatives et réglementaires en matière d'urbanisme, de construction et d'habitation.","…ont soumises au permis de démolir, conformément à l'article R. 421-28 du Code de l'Urbanisme. Dans les secteurs de nuisances acoustiques délimités au plan de zonage de part et d'autre de la voie de contournement, les constructions nouvelles à usage d'habitation, ainsi que les extensions de bâtiments Dans les secteurs de nuisances acoustiques délimités au plan de zonage de part et d'autre de la voie de contournement, les constructions nouvelles à usage d'habitation, ainsi que les extensions de bâtiments d'habitation existants admises par le présent règlement doivent en raison de leur exposition au bruit, faire l'objet d'une isolation acoustique dans les conditions prévues par les dispositions législatives et réglementaires en matière d'urbanisme, de construction et d'habitation. ARTICLE Ue 1 - OCCUPATIONS ET UTILISATIONS DU SOL INTERDITES 1.1. La construction de nouveaux bâtiments agricoles, ou à usage principal d'activité artisanale, commerciale, tertiaire ou industrielle, 1.2. Les établissements, les activités et toute occupation et utilisation du sol qui peuvent porter a…",totale,"Le passage impose une isolation acoustique aux constructions nouvelles d'habitation et extensions dans des secteurs de nuisances acoustiques délimités au plan de zonage autour d'une voie de contournement (pas un classement sonore préfectoral classique ni un PEB). C'est une règle autonome propre au document d'urbanisme, avec une zone géométrique spécifique à tracer manuellement.",prescription,opposable en conformité,autre,validé,False,,33,5_67313_reglement_20260224.pdf,rejeté,classement sonore,
3b6464195e71f5bd0a3be8afedaf43be,8_67313_reglement_20260224.pdf,Plan Local d'Urbanisme (PLU) de la commune de MUTZIG,Mutzig,règlement écrit,https://www.geoportail-urbanisme.gouv.fr/api/document/3b6464195e71f5bd0a3be8afedaf43be/files/67313_reglement_20260224.pdf,alinea,Article Um,36,"secteurs de nuisances acoustiques délimités au plan annexé au rapport de présentation, de part et d'autre de la voie express",zone_specifique,"Dans les secteurs de nuisances acoustiques délimités au plan annexé au rapport de présentation de part et d'autre de la voie express, les constructions nouvelles à usage d'habitation, ainsi que les extensions de bâtiments d'habitation existants admises par le présent règlement doivent en raison de leur exposition au bruit, faire l'objet d'une isolation acoustique dans les conditions prévues par les dispositions législatives et réglementaires en matière d'urbanisme, de construction et d'habitation.","…DE L'UTILISATION DU SOL L'édification des clôtures est soumise à déclaration préalable. Les installations et travaux divers sont soumis à l'autorisation prévue aux articles R421-13 et suivants du Code de l'Urbanisme. Les démolitions en tout ou partie d'un bâtiment sont soumises au permis de démolir. Dans les secteurs de nuisances acoustiques délimités au plan annexé au rapport de présentation de part et d'autre de la voie express, les constructions nouvelles à usage d'habitation, ainsi que les extensions de bâtiments d'habitation existants admises par le présent règlement doivent en raison de leur exposition au bruit, faire l'objet d'une isolation acoustique dans les conditions prévues par les dispositions législatives et réglementaires en matière d'urbanisme, de construction et d'habitation. d'habitation existants admises par le présent règlement doivent en raison de leur exposition au bruit, faire l'objet d'une isolation acoustique dans les conditions prévues par les dispositions législatives et réglementaires en matière d'urbanisme, de construction et d'habitation.",totale,"Il ne s'agit pas ici d'un secteur affecté par le bruit issu du classement sonore officiel des infrastructures de transport (arrêté préfectoral), mais d'un secteur de nuisances acoustiques propre, délimité par un plan annexé au rapport de présentation du document d'urbanisme lui-même, de part et d'autre d'une voie express. Cette zone impose une obligation d'isolation acoustique aux constructions nouvelles à usage d'habitation et aux extensions de bâtiments d'habitation existants. Il s'agit donc d'une règle autonome du document d'urbanisme, avec une portée géométrique zone_specifique car elle ne s'applique qu'à ce secteur délimité au plan annexé, non à l'ensemble du territoire couvert par le règlement.",prescription,opposable en conformité,autre,validé,False,,33,9_67313_reglement_20260224.pdf,rejeté,classement sonore,
3b6464195e71f5bd0a3be8afedaf43be,9_67313_reglement_20260224.pdf,Plan Local d'Urbanisme (PLU) de la commune de MUTZIG,Mutzig,règlement écrit,https://www.geoportail-urbanisme.gouv.fr/api/document/3b6464195e71f5bd0a3be8afedaf43be/files/67313_reglement_20260224.pdf,alinea,Article Um,36,secteurs de nuisances acoustiques de part et d'autre de la voie express,zone_specifique,"Dans les secteurs de nuisances acoustiques délimités au plan annexé au rapport de présentation de part et d'autre de la voie express, les constructions nouvelles à usage d'habitation, ainsi que les extensions de bâtiments d'habitation existants admises par le présent règlement doivent en raison de leur exposition au bruit, faire l'objet d'une isolation acoustique dans les conditions prévues par les dispositions législatives et réglementaires en matière d'urbanisme, de construction et d'habitation.","…res de protection des monuments historiques inscrits aux documents graphiques. Dans les secteurs de nuisances acoustiques délimités au plan annexé au rapport de présentation de part et d'autre de la voie express, les constructions nouvelles à usage d'habitation, ainsi que les extensions de bâtiments Dans les secteurs de nuisances acoustiques délimités au plan annexé au rapport de présentation de part et d'autre de la voie express, les constructions nouvelles à usage d'habitation, ainsi que les extensions de bâtiments d'habitation existants admises par le présent règlement doivent en raison de leur exposition au bruit, faire l'objet d'une isolation acoustique dans les conditions prévues par les dispositions législatives et réglementaires en matière d'urbanisme, de construction et d'habitation. ARTICLE Ux 1 - OCCUPATIONS ET UTILISATIONS DU SOL INTERDITES OCCUPATIONS ET UTILISATIONS DU SOL interdites : 1.1. Les bâtiments agricoles, 1.2. Toute nouvelle construction à usage d'habitation, 1.3. Les opérations groupées à usage d'habitation exclusif, 1.4. Les établissements et activités et toute…",totale,"Le passage définit un secteur de nuisances acoustiques propre au document d'urbanisme (délimité au plan annexé au rapport de présentation, lié à une voie express spécifique), distinct du classement sonore réglementaire ou du PEB. Il impose une isolation acoustique aux constructions nouvelles d'habitation et extensions dans ce secteur. Il s'agit donc d'une règle autonome liée au bruit, avec une portée géométrique spécifique à ce secteur (non un simple renvoi au classement sonore national).",prescription,opposable en conformité,autre,validé,False,,33,8_67313_reglement_20260224.pdf,rejeté,classement sonore,
3b6464195e71f5bd0a3be8afedaf43be,10_67313_reglement_20260224.pdf,Plan Local d'Urbanisme (PLU) de la commune de MUTZIG,Mutzig,règlement écrit,https://www.geoportail-urbanisme.gouv.fr/api/document/3b6464195e71f5bd0a3be8afedaf43be/files/67313_reglement_20260224.pdf,alinea,Article Ux,42,Secteurs de nuisances acoustiques de part et d'autre de la RD 1420,zone_specifique,"Dans les secteurs de nuisances acoustiques délimités aux documents graphiques de part et d'autre de la RD 1420, voie de contournement., les constructions nouvelles à usage d'habitation, ainsi que les extensions de bâtiments d'habitation existants admises par le présent règlement doivent en raison de leur exposition au bruit, faire l'objet d'une isolation acoustique dans les conditions prévues par les dispositions législatives et réglementaires en matière d'urbanisme, de construction et d'habitation.","…e de l'article L.111-4 du code de l'urbanisme. SECTION 1- NATURE DE L'OCCUPATION ET DE L'UTILISATION DU SOL L'édification des clôtures est soumise à déclaration préalable. Les installations et travaux divers sont soumis à l'autorisation prévue aux articles R421-13 et suivants du Code de l'Urbanisme. Dans les secteurs de nuisances acoustiques délimités aux documents graphiques de part et d'autre de la RD 1420, voie de contournement., les constructions nouvelles à usage d'habitation, ainsi que les extensions de bâtiments d'habitation existants admises par le présent règlement doivent en raison de leur exposition au bruit, faire l'objet d'une isolation acoustique dans les conditions prévues par les dispositions législatives et réglementaires en matière d'urbanisme, de construction et d'habitation. réglementaires en matière d'urbanisme, de construction et d'habitation. 43/72 Jérôme ESPARGILIERE",totale,"Le passage définit un secteur de nuisances acoustiques lié à une voie routière (RD 1420) délimité aux documents graphiques du document d'urbanisme lui-même (pas le classement sonore préfectoral), et impose une obligation d'isolation acoustique aux constructions nouvelles à usage d'habitation et aux extensions. Il s'agit d'une règle autonome propre à ce document, distincte du classement sonore officiel, avec une portée géométrique limitée à un secteur spécifique délimité graphiquement.",prescription,opposable en conformité,lutte_bruit_existant,validé,False,,33,2_67313_reglement_20260224.pdf,rejeté,classement sonore,
fd419c1717ad13a6650f74fad3883435,1_67362_reglement_20250618.pdf,Plan Local d'Urbanisme (PLU) de la commune de ORSCHWILLER,Orschwiller,règlement écrit,https://www.geoportail-urbanisme.gouv.fr/api/document/fd419c1717ad13a6650f74fad3883435/files/67362_reglement_20250618.pdf,alinea,Article 4,17,,administrative,"6. Concernant la présence de radon, la commune d’Orschwiller est classée en zone 3 ( risque important)ce qui signiÞ e que le potentiel radon est signiÞ catif sur le territoire. 7. Le territoire communal est concerné par un risque lié au transport des matières dangereuses autorisées sur les voies routières qui traversent le territoire. 8. Le territoire communal est concerné par un risque lié aux nuisances sonores qui implique","5. La commune est concernée par le risque « coulée d’eaux boueuses ». éolis r è g l e m e n t é c r i t 12 ici et là commune d’ORSCHWILLER - Élaboration du Plan Local d’Urbanisme FloraGIS 6. Concernant la présence de radon, la commune d’Orschwiller est classée en zone 3 ( risque important)ce qui signiÞ e que le potentiel radon est signiÞ catif sur le territoire. 7. Le territoire communal est concerné par un risque lié au transport des matières dangereuses autorisées sur les voies routières qui traversent le territoire. 8. Le territoire communal est concerné par un risque lié aux nuisances sonores qui implique un isolement acoustique des bâtiments d’habitation. Les périmètres affectés par le bruit au voisinage des infrastructures de transports terrestres Þ gurent en annexe du PLU. Ci-après les dispositions communes à toutes les zones du PLU :",faible,"Le passage mentionne que le territoire communal est concerné par un risque lié aux nuisances sonores impliquant un isolement acoustique des bâtiments d'habitation, avec renvoi aux périmètres affectés par le bruit annexés au PLU. Ceci correspond au cas du 'simple renvoi' à l'isolement acoustique standard du classement sonore des infrastructures de transport terrestre - normalement à exclure. Cependant, la formulation ne précise pas explicitement qu'il s'agit du classement sonore réglementaire arrêté par le préfet, et le passage semble présenter cela comme une contrainte propre au PLU nécessitant un isolement acoustique, ce qui peut constituer une règle générale applicable à toute construction sur le territoire communal. Par prudence, je retiens cette occurrence mais avec une confiance faible car le texte est ambigu entre un simple rappel du classement sonore (à exclure) et une prescription propre du PLU.",prescription,opposable en conformité,autre,validé,False,,3,,rejeté,classement sonore,
fd419c1717ad13a6650f74fad3883435,2_67362_reglement_20250618.pdf,Plan Local d'Urbanisme (PLU) de la commune de ORSCHWILLER,Orschwiller,règlement écrit,https://www.geoportail-urbanisme.gouv.fr/api/document/fd419c1717ad13a6650f74fad3883435/files/67362_reglement_20250618.pdf,alinea,Article 4,17,,administrative,un isolement acoustique des bâtiments d’habitation. Les périmètres affectés par le bruit au voisinage des infrastructures de transports terrestres Þ gurent en annexe du PLU. Ci-après les dispositions communes à toutes les zones du PLU :,"…entiel radon est signiÞ catif sur le territoire. 7. Le territoire communal est concerné par un risque lié au transport des matières dangereuses autorisées sur les voies routières qui traversent le territoire. 8. Le territoire communal est concerné par un risque lié aux nuisances sonores qui implique un isolement acoustique des bâtiments d’habitation. Les périmètres affectés par le bruit au voisinage des infrastructures de transports terrestres Þ gurent en annexe du PLU. Ci-après les dispositions communes à toutes les zones du PLU : ARTICLE 1 : Conditions de desserte par les réseaux En matière d’eau potable : Le branchement sur le réseau public d’eau potable est obligatoire pour tout bâtiment d’habitation ou tout établissement occupant du personnel. En l’absence de réseau dans les zones agricoles et naturelles et forestières, l…",moyenne,"Le passage impose un isolement acoustique des bâtiments d'habitation dans les périmètres affectés par le bruit au voisinage des infrastructures de transports terrestres (classement sonore), figurant en annexe du PLU. Il s'agit ici d'une disposition commune à toutes les zones du PLU, ce qui suggère une règle générale rappelée dans le corps du règlement (et non un simple renvoi à l'annexe), applicable à l'ensemble du territoire communal couvert par le zonage. Comme le texte ne précise pas d'exigence allant au-delà du standard, il pourrait s'agir d'un simple renvoi, mais la formulation en fait une disposition commune explicite du règlement, ce qui justifie de la retenir avec une portée administrative.",prescription,opposable en conformité,autre,validé,False,,13,,rejeté,classement sonore,
07018dc02428aa20b32aad3b37241eb6,1_67364_reglement_20240423.pdf,Plan Local d'Urbanisme (PLU) de la commune de OSTHOUSE,Osthouse,règlement écrit,https://www.geoportail-urbanisme.gouv.fr/api/document/07018dc02428aa20b32aad3b37241eb6/files/67364_reglement_20240423.pdf,alinea,Article 2,66,secteurs de nuisances acoustiques des voies bruyantes,zone_specifique,"Dans les secteurs de nuisances acoustiques des voies bruyantes, les constructions à usage d’habitation feront l’objet de mesures d’isolation acoustique dans les conditions prévues par les dispositions réglementaires en matière d’urbanisme, de construction et d’habitation.","…n pour la même destination de tout bâtiment sinistré. 3.3. Les refuges ou abris ouverts destinés au bétail, à condition d’être nécessaires à l’ac- tivité agricole et dont la surface maximale n’excède pas 50 m2. 3.4. Les postes de transformation destinés aux exploitations agricoles existantes ou pro- Dans les secteurs de nuisances acoustiques des voies bruyantes, les constructions à usage d’habitation feront l’objet de mesures d’isolation acoustique dans les conditions prévues par les dispositions réglementaires en matière d’urbanisme, de construction et d’habitation. Article 3 A - Desserte des terrains par les voies publiques ou privées - Accès aux voies ouvertes au public 1. Conditions d’accès aux voies ouvertes au public 1.1. Le permis de construire ne peut être accordé sur des terrains qui ne seraient pas des- servis, soit directement, soit par l’intermédiair…",forte,"Le passage impose aux constructions à usage d'habitation situées dans les secteurs de nuisances acoustiques des voies bruyantes de faire l'objet de mesures d'isolation acoustique. Bien que la formulation renvoie aux dispositions réglementaires en vigueur (ce qui pourrait évoquer un simple renvoi au classement sonore), le texte ne mentionne pas explicitement le classement sonore des voies ni un arrêté préfectoral précis, et instaure une obligation générale d'isolation pour les constructions dans ce secteur spécifique du document d'urbanisme, ce qui en fait une règle autonome à signaler. Le secteur concerné n'est pas un contour administratif global mais une zone spécifique liée aux voies bruyantes, nécessitant un tracé manuel.",prescription,opposable en conformité,lutte_bruit_existant,validé,False,,23,,rejeté,classement sonore,
ec055b21f1e1c44724b7e03c7123129b,2_67366_reglement_20200309.pdf,Plan Local d'Urbanisme (PLU) de la commune de OTTERSTHAL,Ottersthal,règlement écrit,https://www.geoportail-urbanisme.gouv.fr/api/document/ec055b21f1e1c44724b7e03c7123129b/files/67366_reglement_20200309.pdf,page,page 10,10,RD 1004 - couloir d'isolation acoustique,zone_specifique,le couloir d'isolation acoustique sera reporté graphiquement. • RD 1004 : soit une largeur maximale affectée par le bruit de 100 mètres part et d'autre de la voie.,"…es dans le Plan Local d'Urbanisme, sont justifiées ou motivées par une étude au regard notamment des nuisances, de la sécurité, de la qualité architecturale, ainsi que de la qualité de l'urbanisme et des paysages. Selon l'article R151-53 du Code de l'Urbanisme, le couloir d'isolation acoustique sera le couloir d'isolation acoustique sera reporté graphiquement. • RD 1004 : soit une largeur maximale affectée par le bruit de 100 mètres part et d'autre de la voie. l'Environnement. Le règlement peut identifier et localiser des éléments de paysage à protéger pour des motifs d'ordre écologique selon l'article L151-23 du Code de l'Urbanisme. Le SDAGE impose de rendre inconstructible une bande de 6 mètres de part et d'autre des cours d'eau. 10",moyenne,"Le passage établit un couloir d'isolation acoustique de 100m de part et d'autre de la RD 1004, reporté graphiquement dans le PLU, en application de l'article R151-53 du Code de l'Urbanisme. Il ne s'agit pas d'un simple renvoi au classement sonore mais d'une définition propre au document d'urbanisme d'une bande d'isolement acoustique affectant les futures constructions à proximité de la voie, ce qui relève bien du périmètre diagBruit. La formulation reste cependant elliptique (fragment de liste, contexte partiellement coupé), d'où une confiance moyenne plutôt que totale.",prescription,opposable en conformité,autre,validé,False,,13,1_67366_reglement_20200309.pdf,rejeté,classement sonore,
ec055b21f1e1c44724b7e03c7123129b,1_67366_reglement_20200309.pdf,Plan Local d'Urbanisme (PLU) de la commune de OTTERSTHAL,Ottersthal,règlement écrit,https://www.geoportail-urbanisme.gouv.fr/api/document/ec055b21f1e1c44724b7e03c7123129b/files/67366_reglement_20200309.pdf,page,page 10,10,RD 1004,zone_specifique,"Selon l'article R151-53 du Code de l'Urbanisme, le couloir d'isolation acoustique sera reporté graphiquement. • RD 1004 : soit une largeur maximale affectée par le bruit de 100 mètres part et d'autre de la voie.","…structions ou installations sont interdites dans une bande de 100 mètres de part et d'autre de l'axe des autoroutes, des routes express et des déviations au sens du code de la voirie routière et dans une bande de 75 mètres de part et d'autre de l'axe des autres routes classées à grande circulation."" Selon l'article R151-53 du Code de l'Urbanisme, le couloir d'isolation acoustique sera reporté graphiquement. • RD 1004 : soit une largeur maximale affectée par le bruit de 100 mètres part et d'autre de la voie. reporté graphiquement. • RD 1004 : soit une largeur maximale affectée par le bruit de 100 mètres part et d'autre de la voie. 5.9 Continuités écologiques La bonne prise en compte de la conservation, de la restauration et de la création des continuités écologiques dans les documents de planification e…",forte,"Le passage établit un couloir d'isolation acoustique le long de la RD 1004 (largeur maximale affectée par le bruit de 100 mètres de part et d'autre de la voie) en application de l'article R151-53 du Code de l'Urbanisme. Il ne s'agit pas d'un simple renvoi au classement sonore existant mais d'une règle spécifique du PLU définissant un couloir d'isolation acoustique reporté graphiquement, ce qui constitue une règle autonome affectant les constructions à proximité de cette infrastructure. La portée est zone_specifique car elle concerne une bande le long d'une voie précise (RD 1004), nécessitant un tracé manuel.",prescription,opposable en conformité,autre,validé,False,,23,2_67366_reglement_20200309.pdf,rejeté,classement sonore,
55d11db5ff9148c968ca57e6e9952208,2_67420_reglement_20210923.pdf,Plan Local d'Urbanisme (PLU) de la commune de RUSS,Russ,règlement écrit,https://www.geoportail-urbanisme.gouv.fr/api/document/55d11db5ff9148c968ca57e6e9952208/files/67420_reglement_20210923.pdf,alinea,Article 9,9,périmètres d'isolement acoustique des secteurs situés au voisinage des infrastructures de transports terrestres (plan des périmètres divers en annexes informatives du PLU),zone_specifique,"Dans les secteurs situés au voisinage des infrastructures de transports terrestres (routes, voies ferrées), les constructions neuves à destination d’habitation doivent être préservées contre le bruit. Est ainsi concerné, tout nouveau projet de construction situé dans un des ""périmètres d’isolement acoustique des secteurs situés au voisinage des infrastructures de transports terrestres"" repérés dans le plan des périmètres divers figurant en annexes informatives du PLU.","Article 8 : Risques naturels Risque d’inondation : Les règles du PLU ne seront admises que sous réserve du respect des prescriptions spéciales tenant compte du caractère inondable des terrains identifiés au Plan de Prévention des Risques d’Inondations de la Bruche (en cours d’approbation). Dans les secteurs situés au voisinage des infrastructures de transports terrestres (routes, voies ferrées), les constructions neuves à destination d’habitation doivent être préservées contre le bruit. Est ainsi concerné, tout nouveau projet de construction situé dans un des ""périmètres d’isolement acoustique des secteurs situés au voisinage des infrastructures de transports terrestres"" repérés dans le plan des périmètres divers figurant en annexes informatives du PLU. terrestres"" repérés dans le plan des périmètres divers figurant en annexes informatives du PLU.",forte,"Le passage impose une protection acoustique aux constructions neuves à destination d'habitation situées dans des périmètres d'isolement acoustique spécifiques repérés dans une annexe informative du PLU, distincts du classement sonore des voies classiques. Il s'agit d'une règle propre au document d'urbanisme (et non un simple renvoi au classement sonore), applicable aux constructions (bâtiments), donc bien dans le périmètre diagBruit. La zone concernée est un périmètre spécifique cartographié, non l'ensemble du territoire.",prescription,opposable en conformité,autre,validé,False,,23,,rejeté,classement sonore,
bd0a83691a574e653484e7c0565196c1,1_67437_padd_20240418.pdf,Plan Local d'Urbanisme (PLU) de la commune de SAVERNE,Saverne,PADD,https://www.geoportail-urbanisme.gouv.fr/api/document/bd0a83691a574e653484e7c0565196c1/files/67437_padd_20240418.pdf,page,page 3,3,,administrative,la réduction des nuisances sonores,"…Il doit tenir compte en particulier de l'équilibre entre emploi et habitat, de la diversité commerciale et de la préservation des commerces de détail et de proximité ainsi que des moyens de transport et de la gestion des eaux. – Principe de protection : Le PLU doit veiller à une utilisation économe la réduction des nuisances sonores risques naturels prévisibles, des risques technologiques, des pollutions et des nuisances de toute nature. L’objectif général de ce document porte sur la maîtrise de l’urbanisation de la ville dans le cadre d’un développement démographique équilibré. Il se décline en 3 orientations générales d’aména…",moyenne,"Le passage énonce un principe général du PADD selon lequel le PLU doit veiller à la réduction des nuisances sonores, parmi d'autres objectifs environnementaux (qualité de l'air, eau, sol, paysages). C'est une orientation générale applicable à l'ensemble du territoire couvert par le document, formulée de façon assez large et programmatique plutôt que comme une prescription précise et opérationnelle, d'où une confiance modérée.",recommandation,non opposable,lutte_bruit_existant,validé,False,,13,,rejeté,trop vague,
bd0a83691a574e653484e7c0565196c1,1_67437_reglement_20240418.pdf,Plan Local d'Urbanisme (PLU) de la commune de SAVERNE,Saverne,règlement écrit,https://www.geoportail-urbanisme.gouv.fr/api/document/bd0a83691a574e653484e7c0565196c1/files/67437_reglement_20240418.pdf,alinea,Article 5-,17,secteurs de nuisance acoustique délimités au plan annexé au PLU,zone_specifique,"Dans les secteurs de nuisance acoustique délimités au plan annexé au PLU, les constructions à usage d’habitation, exposées au bruit et admises par le présent règlement de zone, feront l’objet de mesures d’isolation acoustique dans les conditions prévues par les dispositions législatives et réglementaires en matière d’urbanisme, de construction et d’habitation.","Article 4- Zone inondable Cette zone correspond aux secteurs soumis aux risques d'inondation de la Zorn. Pour tout projet d'aménagement, il conviendra de se référer au règlement du Plan de Prévention des Risques d'Inondation du bassin versant de la Zorn, annexé au PLU. Dans les secteurs de nuisance acoustique délimités au plan annexé au PLU, les constructions à usage d’habitation, exposées au bruit et admises par le présent règlement de zone, feront l’objet de mesures d’isolation acoustique dans les conditions prévues par les dispositions législatives et réglementaires en matière d’urbanisme, de construction et d’habitation. Indice G",totale,"Le passage définit des 'secteurs de nuisance acoustique' délimités par un plan spécifique annexé au PLU, distinct du classement sonore des voies ou du PEB (aucune référence à un arrêté préfectoral de classement sonore ou à un plan d'exposition au bruit aéroportuaire n'est faite). Il impose une obligation d'isolation acoustique pour les constructions à usage d'habitation exposées au bruit dans ces secteurs. Comme cette zone n'est pas le classement sonore déjà traité ailleurs par diagBruit mais une zone propre au PLU, il s'agit d'une règle autonome à retenir, avec une portée géométrique spécifique à tracer manuellement.",prescription,opposable en conformité,autre,validé,False,,33,,rejeté,classement sonore,
fc6bee104103d89651e5a0410d49cd49,10_67443_reglement_20200303.pdf,Plan Local d'Urbanisme (PLU) de la commune de SCHEIBENHARD,Scheibenhard,règlement écrit,https://www.geoportail-urbanisme.gouv.fr/api/document/fc6bee104103d89651e5a0410d49cd49/files/67443_reglement_20200303.pdf,alinea,Article Au2,26,1AUh,zone_specifique,"toute nature - qu’ils comportent ou collectif et services publics. soient inférieures à 100 mètres carrées. 24 Plan local d’Urbanisme - règlement voisinage au-moins égale à la hauteur du dit point non des installations classées - s’il divisée par deux. en résulte une augmentation significative des nuisances (notamment sonores et olfactives) pour le voisinage, ainsi que des • L’aménagement du secteur devra être mené dans le cadre d’opération","…s limites séparatives de voisinage. SECTEUR • La création, l’extension ou la •à l’habitat (logement, hébergement) ; constructions ou parties de 1AUh transformation d’établissements de •aux équipements d'intérêt constructions dédiées aux activités - une distance par rapport aux limites séparatives de toute nature - qu’ils comportent ou collectif et services publics. soient inférieures à 100 mètres carrées. 24 Plan local d’Urbanisme - règlement voisinage au-moins égale à la hauteur du dit point non des installations classées - s’il divisée par deux. en résulte une augmentation significative des nuisances (notamment sonores et olfactives) pour le voisinage, ainsi que des • L’aménagement du secteur devra être mené dans le cadre d’opération risques accrus pour la salubrité et la d’ensemble sécurité publique. • Cependant, des constructions peuvent être édifiées à moins de 3 mètres des limites séparatives de voisinage selon les modalités présentées ci-contre. • Dans le cas d’un projet architectural commun à deux unités foncières limitrop…",faible,"Le passage évoque une règle limitant l'implantation ou l'extension d'établissements générant une augmentation significative des nuisances sonores (et olfactives) pour le voisinage dans le secteur 1AUh. Le texte est cependant très fragmenté et mélange plusieurs sujets (distances aux limites séparatives, hauteur des constructions, aménagement d'ensemble), ce qui rend la formulation peu claire et difficile à isoler proprement.",prescription,opposable en conformité,lutte_bruit_existant,validé,False,,3,,rejeté,,1_67443_reglement_20200303.pdf
fc6bee104103d89651e5a0410d49cd49,11_67443_reglement_20200303.pdf,Plan Local d'Urbanisme (PLU) de la commune de SCHEIBENHARD,Scheibenhard,règlement écrit,https://www.geoportail-urbanisme.gouv.fr/api/document/fc6bee104103d89651e5a0410d49cd49/files/67443_reglement_20200303.pdf,alinea,Article Au2,27,1AUh,zone_specifique,"toute nature - qu’ils comportent ou collectif et services publics. soient inférieures à 100 mètres carrées. voisinage au-moins égale à la hauteur du dit point non des installations classées - s’il divisée par deux. en résulte une augmentation significative des nuisances (notamment sonores et olfactives) pour le voisinage, ainsi que des • L’aménagement du secteur devra être mené dans le cadre d’opération","…s limites séparatives de voisinage. SECTEUR • La création, l’extension ou la •à l’habitat (logement, hébergement) ; constructions ou parties de 1AUh transformation d’établissements de •aux équipements d'intérêt constructions dédiées aux activités - une distance par rapport aux limites séparatives de toute nature - qu’ils comportent ou collectif et services publics. soient inférieures à 100 mètres carrées. voisinage au-moins égale à la hauteur du dit point non des installations classées - s’il divisée par deux. en résulte une augmentation significative des nuisances (notamment sonores et olfactives) pour le voisinage, ainsi que des • L’aménagement du secteur devra être mené dans le cadre d’opération risques accrus pour la salubrité et la d’ensemble sécurité publique. • Cependant, des constructions peuvent être édifiées à moins de 3 mètres des limites séparatives de voisinage selon les modalités présentées ci-contre. Cette disposition ne s’applique pas au droit des secteurs Uh et Ur. SECTEURS 1A…",faible,"Le passage évoque l'interdiction ou l'encadrement des établissements et installations classées dont l'activité entraînerait une augmentation significative des nuisances sonores (et olfactives) pour le voisinage, dans le secteur 1AUh. C'est une règle autonome liée aux nuisances sonores générées par des constructions/activités, distincte du classement sonore des infrastructures de transport. Le texte est cependant très fragmenté et difficile à reconstituer précisément (mélange de plusieurs bribes de phrases), d'où une confiance limitée dans l'extrait retenu.",prescription,opposable en conformité,autre,validé,False,,3,,rejeté,,1_67443_reglement_20200303.pdf
fc6bee104103d89651e5a0410d49cd49,1_67443_padd_20200303.pdf,Plan Local d'Urbanisme (PLU) de la commune de SCHEIBENHARD,Scheibenhard,PADD,https://www.geoportail-urbanisme.gouv.fr/api/document/fc6bee104103d89651e5a0410d49cd49/files/67443_padd_20200303.pdf,page,page 18,18,,administrative,"le paysage, le cadre de vie, le calme et la sérénité des lieux constituent des objectifs et des leviers majeurs du devenir communal","…être chez soi Le paysage et le patrimoine représentent à la fois des valeurs sociétales majeures et des leviers importants de vitalité et d’attractivité des territoires. La préservation, la valorisation et, dans certains cas, la reconquête de ce paysage s’imposent comme un objectif central du PADD. le paysage, le cadre de vie, le calme et la sérénité des lieux constituent des objectifs et des leviers majeurs du devenir communal Valoriser le paysage, le patrimoine et l’inscription du village dans son site Valoriser le paysage, le patrimoine et l’inscription du village dans son site Allemagne Ri p p d r i a s é p n y s a l s e v y r e s s v a a e d g r f e è o e r l n a t e c v - t m a i L o l a a o n u j r e t i é u s e c r…",moyenne,"Le passage mentionne explicitement le calme et la sérénité des lieux comme un objectif du PADD à préserver et renforcer, ce qui relève de la préservation d'une ambiance sonore de qualité (zone calme) à l'échelle communale. La formulation reste toutefois assez générale et programmatique, sans définir de zone spécifique ni de règle opérationnelle précise.",recommandation,non opposable,preservation_zone_calme,validé,False,,13,,rejeté,trop vague,
fc6bee104103d89651e5a0410d49cd49,19_67443_reglement_20200303.pdf,Plan Local d'Urbanisme (PLU) de la commune de SCHEIBENHARD,Scheibenhard,règlement écrit,https://www.geoportail-urbanisme.gouv.fr/api/document/fc6bee104103d89651e5a0410d49cd49/files/67443_reglement_20200303.pdf,alinea,Article Au6,36,,administrative,"CLIMATIQUE EMERGENCES • Les éléments techniques extérieurs liés au bâtiment (centrales de traitement d’air, unités extérieures de pompes à chaleur, unités de climatisation, pompe de traitements des eaux de ACOUSTIQUES piscine, etc) devront être traités de manière à limiter l’émergence acoustique. 34 Plan local d’Urbanisme - règlement 8 8","…nt en oeuvre des systèmes D’ÉNERGIE ET énergétiques efficaces et utilisant les énergies renouvelables. L’ADAPTATION • Dans un objectif à la fois paysager et d’éco-construction, le bois sera privilégié dans la construction des hangars et d’un usage obligatoire pour la réalisation des abris de pâture. CLIMATIQUE EMERGENCES • Les éléments techniques extérieurs liés au bâtiment (centrales de traitement d’air, unités extérieures de pompes à chaleur, unités de climatisation, pompe de traitements des eaux de ACOUSTIQUES piscine, etc) devront être traités de manière à limiter l’émergence acoustique. 34 Plan local d’Urbanisme - règlement 8 8 trAiteMent environneMentAl et",forte,"Le passage impose que les équipements techniques extérieurs liés aux bâtiments (climatisation, pompes à chaleur, traitement d'air, etc.) soient traités pour limiter les émergences acoustiques. Il s'agit d'une prescription autonome de traitement environnemental du bâti, sans lien avec le classement sonore ou le PEB, et applicable à l'ensemble du zonage concerné par cette disposition (aucune zone spécifique mentionnée).",prescription,opposable en conformité,lutte_bruit_existant,validé,False,,23,,rejeté,,7_67443_reglement_20200303.pdf
fc6bee104103d89651e5a0410d49cd49,20_67443_reglement_20200303.pdf,Plan Local d'Urbanisme (PLU) de la commune de SCHEIBENHARD,Scheibenhard,règlement écrit,https://www.geoportail-urbanisme.gouv.fr/api/document/fc6bee104103d89651e5a0410d49cd49/files/67443_reglement_20200303.pdf,alinea,Article Au6,40,ZONE N,administrative,"Les éléments techniques extérieurs liés au bâtiment (centrales de traitement EMERGENCES ACOUSTIQUES d’air, unités extérieures de pompes à chaleur, unités de climatisation…) devront être traités de manière à limiter l’émergence acoustique.","…antation d’arbres à hautes tiges ou de haies vives, composées ZONE N d’essences champêtres (feuillus et fruitiers), sera exigé. DISPOSITIFS FAVORISANT LES • La conception bioclimatique est recommandée pour la construction des bâtiments neufs : des constructions bien orientées - bénéficiant d’apports Les éléments techniques extérieurs liés au bâtiment (centrales de traitement EMERGENCES ACOUSTIQUES d’air, unités extérieures de pompes à chaleur, unités de climatisation…) devront être traités de manière à limiter l’émergence acoustique. être traités de manière à limiter l’émergence acoustique. 38 Plan local d’Urbanisme - règlement 10 10 11",forte,"Le passage impose que les éléments techniques extérieurs (climatisation, pompes à chaleur) soient traités pour limiter les émergences acoustiques, ce qui constitue une règle autonome de limitation du bruit à la source liée à des équipements de bâtiments, distincte du classement sonore ou du PEB.",prescription,opposable en conformité,lutte_bruit_existant,validé,False,,23,,rejeté,,7_67443_reglement_20200303.pdf
fc6bee104103d89651e5a0410d49cd49,21_67443_reglement_20200303.pdf,Plan Local d'Urbanisme (PLU) de la commune de SCHEIBENHARD,Scheibenhard,règlement écrit,https://www.geoportail-urbanisme.gouv.fr/api/document/fc6bee104103d89651e5a0410d49cd49/files/67443_reglement_20200303.pdf,alinea,Article Au6,40,,administrative,"Les éléments techniques extérieurs liés au bâtiment (centrales de traitement EMERGENCES ACOUSTIQUES d’air, unités extérieures de pompes à chaleur, unités de climatisation…) devront être traités de manière à limiter l’émergence acoustique.","…mpactes, très isolées, mettant en oeuvre des systèmes énergétiques efficaces et utilisant les énergies renouvelables. • Les éléments techniques extérieurs liés au bâtiment (centrales de traitement EMERGENCES ACOUSTIQUES d’air, unités extérieures de pompes à chaleur, unités de climatisation…) devront Les éléments techniques extérieurs liés au bâtiment (centrales de traitement EMERGENCES ACOUSTIQUES d’air, unités extérieures de pompes à chaleur, unités de climatisation…) devront être traités de manière à limiter l’émergence acoustique. Article n4 stAtionneMent ARCHITECTURE ET PAYSAGE N3 TOITURES HAUTEURS N4 STATIONNEMENT N5 INTÉGRATION ARCHITECTURALE ET PAYSAGÈRE DES PROJETS • La hauteur maximale des constructions est limitée à 5 • Les constructions, par leur situation, leur architecture, leur dimension ou leur mètres, mesurée en…",forte,"Le passage impose que les éléments techniques extérieurs liés au bâtiment (climatisation, pompes à chaleur, centrales de traitement d'air) soient traités pour limiter l'émergence acoustique. Il s'agit d'une règle autonome relevant du périmètre diagBruit (construction de bâtiments), sans lien avec une infrastructure de transport ni avec le classement sonore ou le PEB.",prescription,opposable en conformité,autre,validé,False,,23,,rejeté,,7_67443_reglement_20200303.pdf
fc6bee104103d89651e5a0410d49cd49,5_67443_reglement_20200303.pdf,Plan Local d'Urbanisme (PLU) de la commune de SCHEIBENHARD,Scheibenhard,règlement écrit,https://www.geoportail-urbanisme.gouv.fr/api/document/fc6bee104103d89651e5a0410d49cd49/files/67443_reglement_20200303.pdf,page,page 20,20,,administrative,"couverture pour isolation thermique, sont autorisés en saillies des toitures à condition que leur CLIMATIQUE volumétrie s’insère harmonieusement dans le cadre bâti environnant. EMERGENCES • Les éléments techniques extérieurs liés au bâtiment (centrales de traitement d’air, unités extérieures de pompes à chaleur, unités de climatisation, pompe de traitements des eaux de piscine, etc) 18 ACOUSTIQUES Plan local d’Urbanisme - règlement devront être traités de manière à limiter l’émergence acoustique…","…tèmes ÉCONOMIES énergétiques efficaces et utilisant les énergies renouvelables. D’ÉNERGIE ET • Les dispositifs destinés à économiser de l’énergie ou à produire de l’énergie renouvelable dans les L’ADAPTATION constructions, tels que panneaux solaires, éoliennes, toitures végétalisées, rehaussement de couverture pour isolation thermique, sont autorisés en saillies des toitures à condition que leur CLIMATIQUE volumétrie s’insère harmonieusement dans le cadre bâti environnant. EMERGENCES • Les éléments techniques extérieurs liés au bâtiment (centrales de traitement d’air, unités extérieures de pompes à chaleur, unités de climatisation, pompe de traitements des eaux de piscine, etc) 18 ACOUSTIQUES Plan local d’Urbanisme - règlement devront être traités de manière à limiter l’émergence acoustique… 2",totale,"Le passage impose que les éléments techniques extérieurs liés aux bâtiments (centrales de traitement d'air, pompes à chaleur, climatisation, etc.) soient traités pour limiter l'émergence acoustique. Il s'agit d'une règle autonome de limitation du bruit généré par les équipements des constructions, applicable à l'ensemble du zonage puisqu'aucune zone spécifique n'est mentionnée. Cela relève bien du périmètre diagBruit (bâtiments).",prescription,opposable en conformité,autre,validé,False,,33,,rejeté,,7_67443_reglement_20200303.pdf
fc6bee104103d89651e5a0410d49cd49,8_67443_reglement_20200303.pdf,Plan Local d'Urbanisme (PLU) de la commune de SCHEIBENHARD,Scheibenhard,règlement écrit,https://www.geoportail-urbanisme.gouv.fr/api/document/fc6bee104103d89651e5a0410d49cd49/files/67443_reglement_20200303.pdf,page,page 23,23,,administrative,"couverture pour isolation thermique, sont autorisés en saillies des toitures à condition que leur CLIMATIQUE volumétrie s’insère harmonieusement dans le cadre bâti environnant. EMERGENCES • Les éléments techniques extérieurs liés au bâtiment (centrales de traitement d’air, unités extérieures de pompes à chaleur, unités de climatisation, pompe de traitements des eaux de piscine, etc) ACOUSTIQUES devront être traités de manière à limiter l’émergence acoustique.","…tèmes ÉCONOMIES énergétiques efficaces et utilisant les énergies renouvelables. D’ÉNERGIE ET • Les dispositifs destinés à économiser de l’énergie ou à produire de l’énergie renouvelable dans les L’ADAPTATION constructions, tels que panneaux solaires, éoliennes, toitures végétalisées, rehaussement de couverture pour isolation thermique, sont autorisés en saillies des toitures à condition que leur CLIMATIQUE volumétrie s’insère harmonieusement dans le cadre bâti environnant. EMERGENCES • Les éléments techniques extérieurs liés au bâtiment (centrales de traitement d’air, unités extérieures de pompes à chaleur, unités de climatisation, pompe de traitements des eaux de piscine, etc) ACOUSTIQUES devront être traités de manière à limiter l’émergence acoustique. 21 SCHEIBENHARD 2",totale,"Le passage impose une prescription visant à limiter les émergences acoustiques générées par les équipements techniques extérieurs des bâtiments (climatisation, pompes à chaleur, etc.), ce qui relève directement du périmètre diagBruit (nuisances liées aux constructions). Aucune limite spatiale spécifique n'étant précisée, la règle est considérée comme s'appliquant à l'ensemble du zonage du document.",prescription,opposable en conformité,autre,validé,False,,33,,rejeté,,7_67443_reglement_20200303.pdf
fc6bee104103d89651e5a0410d49cd49,12_67443_reglement_20200303.pdf,Plan Local d'Urbanisme (PLU) de la commune de SCHEIBENHARD,Scheibenhard,règlement écrit,https://www.geoportail-urbanisme.gouv.fr/api/document/fc6bee104103d89651e5a0410d49cd49/files/67443_reglement_20200303.pdf,alinea,Article Au3,28,AU,zone_specifique,"extérieures de pompes à chaleur, unités de climatisation, pompe de traitements des eaux ACOUSTIQUES de piscine, etc) devront être traités de manière à limiter l’émergence acoustique. 5","…es, rehaussement de couverture pour isolation thermique, sont autorisés en CLIMATIQUE saillies des toitures à condition que leur volumétrie s’insère harmonieusement dans le cadre bâti environnant. EMERGENCES • Les éléments techniques extérieurs liés au bâtiment (centrales de traitement d’air, unités extérieures de pompes à chaleur, unités de climatisation, pompe de traitements des eaux ACOUSTIQUES de piscine, etc) devront être traités de manière à limiter l’émergence acoustique. 5 Article Au4 stAtionneMent ARCHITECTURE ET PAYSAGE AU3 TOITURES HAUTEURS AU4 DESTINATION STATIONNEMENT AU5 INTÉGRATION ARCHITECTURALE ET PAYSAGÈRE DES PROJETS Les toitures doivent comprendre : Véhicules motorisés : • Les constructions, par leur situation, leur architecture, leur dimension ou leur asp…",totale,"Le passage impose un traitement des équipements techniques extérieurs (climatisation, pompes à chaleur, etc.) pour limiter les émergences acoustiques, dans le cadre du règlement d'une zone AU. C'est une règle autonome liée au bruit visant les bâtiments, distincte du classement sonore ou du PEB, applicable à la zone AU concernée par ce règlement.",prescription,opposable en conformité,lutte_bruit_existant,validé,False,,33,14_67443_reglement_20200303.pdf,rejeté,,
fc6bee104103d89651e5a0410d49cd49,14_67443_reglement_20200303.pdf,Plan Local d'Urbanisme (PLU) de la commune de SCHEIBENHARD,Scheibenhard,règlement écrit,https://www.geoportail-urbanisme.gouv.fr/api/document/fc6bee104103d89651e5a0410d49cd49/files/67443_reglement_20200303.pdf,alinea,Article Au5,30,,administrative,"extérieures de pompes à chaleur, unités de climatisation, pompe de traitements des eaux ACOUSTIQUES de piscine, etc) devront être traités de manière à limiter l’émergence acoustique. 5","…es, rehaussement de couverture pour isolation thermique, sont autorisés en CLIMATIQUE saillies des toitures à condition que leur volumétrie s’insère harmonieusement dans le cadre bâti environnant. EMERGENCES • Les éléments techniques extérieurs liés au bâtiment (centrales de traitement d’air, unités extérieures de pompes à chaleur, unités de climatisation, pompe de traitements des eaux ACOUSTIQUES de piscine, etc) devront être traités de manière à limiter l’émergence acoustique. 5 ARCHITECTURE ET PAYSAGE AU3 TOITURES HAUTEURS AU4 DESTINATION STATIONNEMENT AU5 INTÉGRATION ARCHITECTURALE ET PAYSAGÈRE DES PROJETS Les toitures doivent comprendre : Véhicules motorisés : • Les constructions, par leur situation, leur architecture, leur dimension ou leur aspect CONCEPTION extérieur n…",totale,"La règle impose que les équipements techniques extérieurs liés au bâtiment (climatisation, pompes à chaleur, traitement des eaux de piscine) soient traités pour limiter leurs émergences acoustiques. C'est une prescription autonome de lutte contre le bruit de voisinage lié aux équipements de bâtiments, sans lien avec le classement sonore ou le PEB. Rien n'indique une limitation à une zone particulière, donc portée administrative par défaut.",prescription,opposable en conformité,lutte_bruit_existant,validé,False,,33,,rejeté,,7_67443_reglement_20200303.pdf
fc6bee104103d89651e5a0410d49cd49,15_67443_reglement_20200303.pdf,Plan Local d'Urbanisme (PLU) de la commune de SCHEIBENHARD,Scheibenhard,règlement écrit,https://www.geoportail-urbanisme.gouv.fr/api/document/fc6bee104103d89651e5a0410d49cd49/files/67443_reglement_20200303.pdf,alinea,Article Au5,31,,administrative,"extérieures de pompes à chaleur, unités de climatisation, pompe de traitements des eaux ACOUSTIQUES de piscine, etc) devront être traités de manière à limiter l’émergence acoustique. 29 SCHEIBENHARD 5","…es, rehaussement de couverture pour isolation thermique, sont autorisés en CLIMATIQUE saillies des toitures à condition que leur volumétrie s’insère harmonieusement dans le cadre bâti environnant. EMERGENCES • Les éléments techniques extérieurs liés au bâtiment (centrales de traitement d’air, unités extérieures de pompes à chaleur, unités de climatisation, pompe de traitements des eaux ACOUSTIQUES de piscine, etc) devront être traités de manière à limiter l’émergence acoustique. 29 SCHEIBENHARD 5 PPRRAAGGMMAA trAiteMent environneMentAl et",totale,"Le passage impose que les équipements techniques extérieurs liés aux bâtiments (climatisation, pompes à chaleur, traitement d'eau de piscine) soient traités pour limiter les émergences acoustiques. C'est une règle autonome concernant les constructions, relevant du périmètre diagBruit, applicable semble-t-il à l'ensemble du zonage sans limite spatiale précisée.",prescription,opposable en conformité,autre,validé,False,,33,,rejeté,,7_67443_reglement_20200303.pdf
fc6bee104103d89651e5a0410d49cd49,16_67443_reglement_20200303.pdf,Plan Local d'Urbanisme (PLU) de la commune de SCHEIBENHARD,Scheibenhard,règlement écrit,https://www.geoportail-urbanisme.gouv.fr/api/document/fc6bee104103d89651e5a0410d49cd49/files/67443_reglement_20200303.pdf,alinea,Article Au6,35,,administrative,"des hangars et d’un usage obligatoire pour la réalisation des abris de pâture. CLIMATIQUE EMERGENCES • Les éléments techniques extérieurs liés au bâtiment (centrales de traitement d’air, unités extérieures de pompes à chaleur, unités de climatisation, pompe de traitements des eaux de ACOUSTIQUES piscine, etc) devront être traités de manière à limiter l’émergence acoustique. 7 7 8","…nnement solaire direct en été -, compactes, très isolées, mettant en oeuvre des systèmes 33 D’ÉNERGIE ET énergétiques efficaces et utilisant les énergies renouvelables. SCHEIBENHARD L’ADAPTATION • Dans un objectif à la fois paysager et d’éco-construction, le bois sera privilégié dans la construction des hangars et d’un usage obligatoire pour la réalisation des abris de pâture. CLIMATIQUE EMERGENCES • Les éléments techniques extérieurs liés au bâtiment (centrales de traitement d’air, unités extérieures de pompes à chaleur, unités de climatisation, pompe de traitements des eaux de ACOUSTIQUES piscine, etc) devront être traités de manière à limiter l’émergence acoustique. 7 7 8 PPRRAAGGMMAA",totale,"Le passage impose que les équipements techniques extérieurs liés aux bâtiments (climatisation, pompes à chaleur, traitement d'air, etc.) soient traités pour limiter l'émergence acoustique. Il s'agit d'une prescription autonome liée au bruit généré par les bâtiments, dans le périmètre diagBruit, sans lien avec le classement sonore ou le PEB. Aucune limite spatiale spécifique n'étant mentionnée, la règle est considérée comme applicable à l'ensemble du document.",prescription,opposable en conformité,autre,validé,False,,33,,rejeté,,7_67443_reglement_20200303.pdf
fc6bee104103d89651e5a0410d49cd49,18_67443_reglement_20200303.pdf,Plan Local d'Urbanisme (PLU) de la commune de SCHEIBENHARD,Scheibenhard,règlement écrit,https://www.geoportail-urbanisme.gouv.fr/api/document/fc6bee104103d89651e5a0410d49cd49/files/67443_reglement_20200303.pdf,alinea,Article Au6,36,,administrative,"DES CLÔTURES indispensables pour des motifs de sécurité. Dans ce dernier cas, elles doivent être constituées piscine, etc) devront être traités de manière à limiter l’émergence acoustique. d’une haie vive à feuillage caduc, pouvant, le cas échéant, être doublé d’un grillage posé coté ET DES ABORDS intérieur de la haie. DISPOSITIFS FAVORISANT LES • La conception bioclimatique est recommandée pour la construction des bâtiments neufs : des","…ments techniques extérieurs liés au bâtiment (centrales de traitement d’air, unités AMÉNAGEMENTS • Seules sont admises les clôtures précaires nécessaires à l’exploitation agricole ou celles rendues ACOUSTIQUES extérieures de pompes à chaleur, unités de climatisation, pompe de traitements des eaux de DES CLÔTURES indispensables pour des motifs de sécurité. Dans ce dernier cas, elles doivent être constituées piscine, etc) devront être traités de manière à limiter l’émergence acoustique. d’une haie vive à feuillage caduc, pouvant, le cas échéant, être doublé d’un grillage posé coté ET DES ABORDS intérieur de la haie. DISPOSITIFS FAVORISANT LES • La conception bioclimatique est recommandée pour la construction des bâtiments neufs : des constructions bien orientées - bénéficiant d’apports solaires gratuits en hiver et protégées du ÉCONOMIES rayonnement solaire direct en été -, compactes, très isolées, mettant en oeuvre des systèmes D’ÉNERGIE ET énergétiques efficaces et utilisant les énergies renouvelables. L’ADAPTATION • Dans un o…",totale,"Le passage prescrit que les équipements techniques extérieurs liés au bâtiment (climatisation, pompes à chaleur, traitement des eaux de piscine, etc.) soient traités pour limiter leur émergence acoustique, ce qui constitue une règle autonome liée au bruit dans le cadre de projets de construction, applicable sans limite spatiale précisée donc à l'ensemble du document.",prescription,opposable en conformité,lutte_bruit_existant,validé,False,,33,,rejeté,,7_67443_reglement_20200303.pdf
fc6bee104103d89651e5a0410d49cd49,22_67443_reglement_20200303.pdf,Plan Local d'Urbanisme (PLU) de la commune de SCHEIBENHARD,Scheibenhard,règlement écrit,https://www.geoportail-urbanisme.gouv.fr/api/document/fc6bee104103d89651e5a0410d49cd49/files/67443_reglement_20200303.pdf,alinea,Article Au6,41,,administrative,"Article n5 Architecture et pAysAge EMERGENCES ACOUSTIQUES d’air, unités extérieures de pompes à chaleur, unités de climatisation…) devront être traités de manière à limiter l’émergence acoustique. ARCHITECTURE ET PAYSAGE N3 TOITURES HAUTEURS N4 STATIONNEMENT N5 INTÉGRATION ARCHITECTURALE ET PAYSAGÈRE DES PROJETS • La hauteur maximale des constructions est limitée à 5 • Les constructions, par leur situation, leur architecture, leur dimension ou leur","…laires gratuits en hiver et protégées du rayonnement solaire direct en été -, L’ADAPTATION CLIMATIQUE compactes, très isolées, mettant en oeuvre des systèmes énergétiques efficaces et utilisant les énergies renouvelables. • Les éléments techniques extérieurs liés au bâtiment (centrales de traitement Article n5 Architecture et pAysAge EMERGENCES ACOUSTIQUES d’air, unités extérieures de pompes à chaleur, unités de climatisation…) devront être traités de manière à limiter l’émergence acoustique. ARCHITECTURE ET PAYSAGE N3 TOITURES HAUTEURS N4 STATIONNEMENT N5 INTÉGRATION ARCHITECTURALE ET PAYSAGÈRE DES PROJETS • La hauteur maximale des constructions est limitée à 5 • Les constructions, par leur situation, leur architecture, leur dimension ou leur mètres, mesurée en tous points par rapport au terrain CONCEPTION GÉNÉRALE aspect extérieur ne doivent pas porter atteinte au caractère ou à l’intérêt des Ensemble naturel préexistant. Ensemble de la ZONE N • Sans objet DES PROJETS lieux environnants ainsi qu’aux sites et aux paysages naturels. A ce…",totale,"Le passage impose un traitement des éléments techniques extérieurs liés aux bâtiments (climatiseurs, pompes à chaleur, centrales de traitement d'air) pour limiter l'émergence acoustique, ce qui relève bien du périmètre diagBruit (construction de bâtiments). Aucune zone spécifique n'est mentionnée pour cette règle, elle semble s'appliquer de façon générale dans le règlement d'architecture et paysage.",prescription,opposable en conformité,autre,validé,False,,33,,rejeté,,7_67443_reglement_20200303.pdf
fc6bee104103d89651e5a0410d49cd49,24_67443_reglement_20200303.pdf,Plan Local d'Urbanisme (PLU) de la commune de SCHEIBENHARD,Scheibenhard,règlement écrit,https://www.geoportail-urbanisme.gouv.fr/api/document/fc6bee104103d89651e5a0410d49cd49/files/67443_reglement_20200303.pdf,alinea,Article Au6,41,,administrative,être traités de manière à limiter l’émergence acoustique. 39 SCHEIBENHARD 11 11,"…mpactes, très isolées, mettant en oeuvre des systèmes énergétiques efficaces et utilisant les énergies renouvelables. • Les éléments techniques extérieurs liés au bâtiment (centrales de traitement EMERGENCES ACOUSTIQUES d’air, unités extérieures de pompes à chaleur, unités de climatisation…) devront être traités de manière à limiter l’émergence acoustique. 39 SCHEIBENHARD 11 11 PPRRAAGGMMAA trAiteMent environneMentAl et",totale,"Le passage prescrit que les éléments techniques extérieurs liés au bâtiment (climatisation, pompes à chaleur, etc.) soient traités pour limiter l'émergence acoustique - c'est une règle autonome de construction de bâtiments, dans le périmètre diagBruit. Aucune limite spatiale propre n'est précisée, donc portée administrative par défaut.",recommandation,opposable en conformité,autre,validé,False,,33,,rejeté,,7_67443_reglement_20200303.pdf
b41a7e70e8fbeb0240065dde230a8ce6,1_67445_padd_20230228.pdf,Plan Local d'Urbanisme (PLU) de la commune de SCHERWILLER,Scherwiller,PADD,https://www.geoportail-urbanisme.gouv.fr/api/document/b41a7e70e8fbeb0240065dde230a8ce6/files/67445_padd_20230228.pdf,page,page 7,7,,administrative," Encadrer le développement de la commune de façon à ce qu’il prenne en compte ces aléas naturels ► Limiter l’exposition aux risques technologiques, aux nuisances sonores et olfactives : La commune de Scherwiller se caractérise par des activités en développement. Le risque lié au transport de matières dangereuses est présent sur la commune du fait notamment des deux infrastructures qui traversent son ban communal (A35, et voie ferrée de la ligne Strasbourg – Bâle)"," Encadrer la constructibilité aux abords des cours d’eau. Révision PLU de Scherwiller – PADD Approbation – octobre 2013 4  Encadrer le développement de la commune de façon à ce qu’il prenne en compte ces aléas naturels ► Limiter l’exposition aux risques technologiques, aux nuisances sonores et olfactives : La commune de Scherwiller se caractérise par des activités en développement. Le risque lié au transport de matières dangereuses est présent sur la commune du fait notamment des deux infrastructures qui traversent son ban communal (A35, et voie ferrée de la ligne Strasbourg – Bâle) générant des nuisances sonores. La commune souhaite intégrer ces contraintes dans son choix de développement et dans les réflexions d’aménagement. C’est pourquoi elle entend : Orientation  Encadrer l’urbanisation autour des activités ou infrastructures génératrices de nuisances.  Prévoir des zones…",moyenne,"Le PADD exprime une orientation générale visant à encadrer l'urbanisation autour des infrastructures génératrices de nuisances sonores (A35, voie ferrée), ce qui concerne bien l'aménagement urbain et non uniquement l'infrastructure elle-même. Il s'agit d'une orientation politique (typique d'un PADD) plutôt que d'une prescription précise, à portée communale puisqu'aucune zone particulière n'est délimitée.",recommandation,non opposable,autre,validé,False,,13,,rejeté,trop vague,
6be25972559a76cd8a0914542c4a57e1,1_67463_reglement_20251013.pdf,Plan Local d'Urbanisme (PLU) de la commune de SELTZ,Seltz,règlement écrit,https://www.geoportail-urbanisme.gouv.fr/api/document/6be25972559a76cd8a0914542c4a57e1/files/67463_reglement_20251013.pdf,alinea,Article 2,7,zones matérialisées au plan des annexes (axes de transports terrestres bruyants),zone_specifique,"Les constructions à usage d’hébergement et d’habitation doivent en outre répondre aux exigences d’isolement acoustique par rapport aux axes de transports terrestres bruyants, conformément à la réglementation en vigueur. Les zones concernées sont matérialisées au plan des annexes","…les Schémas de COhérence Territoriale (S.C.O.T.), les schémas de secteur et les Directives Territoriales d’Aménagement (D.T.A.). 3. Les articles L. 111-8, L. 111-9, L. 111-10, L. 111-11, L. 123-6, L. 313-2 et L. 421-4 du Code de l’Urbanisme, sur le fond desquels peut être opposé un sursis à statuer. Les constructions à usage d’hébergement et d’habitation doivent en outre répondre aux exigences d’isolement acoustique par rapport aux axes de transports terrestres bruyants, conformément à la réglementation en vigueur. Les zones concernées sont matérialisées au plan des annexes conserver ou à créer ». 6. Les articles L. 123-16 et L. 421-4 du Code de l’Urbanisme concernant les opérations déclarées d’utilité publique. 7. L’article L. 600-2 du Code de l’Urbanisme relatif aux règles applicables en cas d’annulation d’une décision de refus de permis de construire. PLU de SELTZ •…",forte,"Le passage impose une exigence d'isolement acoustique aux constructions d'habitation et d'hébergement situées dans des zones affectées par le bruit des axes de transports terrestres, matérialisées sur un plan annexe. Il ne s'agit pas ici d'un simple renvoi au classement sonore standard mais d'une prescription générale du règlement s'appliquant aux constructions, ce qui relève du périmètre diagBruit. La zone concernée nécessite un tracé spécifique (plan des annexes), d'où une portée géométrique de type zone_specifique.",prescription,opposable en conformité,autre,validé,False,,23,,rejeté,classement sonore,
412b38543365d415503144f60d56898b,1_67004_reglement_20250522.pdf,Plan Local d'Urbanisme (PLU) de la commune de SOMMERAU,Sommerau,règlement écrit,https://www.geoportail-urbanisme.gouv.fr/api/document/412b38543365d415503144f60d56898b/files/67004_reglement_20250522.pdf,alinea,Article 2,7,zones affectées par le bruit des axes de transports terrestres bruyants (matérialisées au plan des annexes),zone_specifique,"prise en compte du PLU de documents de planification supérieurs. 3. Les articles L 102-13, L153-11 et L424-1 du Code de l’Urbanisme, sur le fond desquels peut être opposé un sursis à statuer. 4. Les constructions à usage d’hébergement et d’habitation doivent en outre répondre aux exigences d’isolement acoustique par rapport aux axes de transports terrestres bruyants, conformément à la réglementation en vigueur. Les zones concernées sont","…sur le territoire communal : 1. Les articles d’ordre public du Code de l’urbanisme :  R 111-2 : salubrité et sécurité publique ;  R 111-4 : conservation et mise en valeur d’un site ou vestige archéologique ; 2. Les articles L. 131-4 à L131-7 du Code de l’Urbanisme, imposant la compatibilité ou la prise en compte du PLU de documents de planification supérieurs. 3. Les articles L 102-13, L153-11 et L424-1 du Code de l’Urbanisme, sur le fond desquels peut être opposé un sursis à statuer. 4. Les constructions à usage d’hébergement et d’habitation doivent en outre répondre aux exigences d’isolement acoustique par rapport aux axes de transports terrestres bruyants, conformément à la réglementation en vigueur. Les zones concernées sont matérialisées au plan des annexes. 5. Les articles L. 153-54 et L 421-6 du Code de l’Urbanisme concernant les opérations déclarées d’utilité publique. 6. L’article L. 600-2 du Code de l’Urbanisme relatif aux règles applicables en cas d’annulation d’une décision de refus de permis de construire. II.…",moyenne,"Le passage impose une exigence d'isolement acoustique pour les constructions d'hébergement et d'habitation à proximité des axes de transports terrestres bruyants, ce qui relève du périmètre diagBruit (bâtiments). Toutefois, le texte précise que cela est 'conformément à la réglementation en vigueur', ce qui correspond exactement au renvoi standard du classement sonore des voies déjà traité ailleurs par diagBruit. Il n'y a pas d'exigence allant au-delà de cette réglementation standard. Néanmoins, comme les zones concernées sont matérialisées sur un plan spécifique (zone_specifique) et que la règle est explicitement formulée comme une prescription applicable aux constructions, je la retiens avec une confiance modérée car elle reste proche du simple renvoi mais mentionne une zone précise nécessitant un tracé manuel.",prescription,opposable en conformité,lutte_bruit_existant,validé,False,,13,,rejeté,classement sonore,
ac4c30039ed8446e051bfb4b7194476e,1_67486_reglement_20241217.pdf,Plan Local d'Urbanisme (PLU) de la commune de SUNDHOUSE,Sundhouse,règlement écrit,https://www.geoportail-urbanisme.gouv.fr/api/document/ac4c30039ed8446e051bfb4b7194476e/files/67486_reglement_20241217.pdf,page,page 5,5,périmètres de nuisances de part et d'autre des infrastructures de transport terrestre classées par arrêté préfectoral du 19 Août 2013,zone_specifique,classées par arrêté préfectoral du 19 Août 2013 dans lesquels des prescriptions d’isolement acoustique s’appliquent en vertu de la loi 92-14444 du 31 décembre 1992 relative à la lutte contre le bruit. (cf plans et note en annexe) 5,"…licables au titre des législations spécifiques concernant les Servitudes d’Utilité Publiques (SUP) affectant l’occupation ou l’utilisation du sol. (cf plans et liste des SUP en annexe) Il est rappelé l’existence de périmètres de nuisances de part et d’autre des infrastructures de transport terrestre classées par arrêté préfectoral du 19 Août 2013 dans lesquels des prescriptions d’isolement acoustique s’appliquent en vertu de la loi 92-14444 du 31 décembre 1992 relative à la lutte contre le bruit. (cf plans et note en annexe) 5 Commune de Sundhouse Plan local d’urbanisme : Règlement écrit CHAPITRE 3 - DIVISION DU TERRITOIRE EN ZONES Le territoire couvert par le présent Plan Local d’Urbanisme est divisé en zones urbaines (zones U), en zones à urbaniser (zones AU), en zones agricoles (zones A) et en zones naturelles et fores…",faible,"Le passage rappelle l'existence de secteurs affectés par le bruit des infrastructures de transport terrestre (classement sonore) où s'appliquent des prescriptions d'isolement acoustique en vertu de la loi de 1992. Il s'agit ici d'un simple renvoi au classement sonore et à ses prescriptions d'isolement standard, sans règle d'urbanisme différente ou renforcée par rapport à ce que prévoit l'arrêté préfectoral. Toutefois, comme ce type de mention est à la limite du simple renvoi (le texte semble reformuler une obligation réglementaire déjà couverte par le classement sonore, sans ajouter d'exigence propre au PLU), je le retiens par prudence mais avec une confiance faible dans l'extrait car il ne fait que rappeler une servitude déjà traitée ailleurs par diagBruit et ne formule pas de règle autonome claire liée aux bâtiments.",prescription,opposable en conformité,lutte_bruit_existant,validé,False,,3,,rejeté,classement sonore,
69e9499a5872dc5f501e806714dcbe0f,1_67529_reglement_20260302.pdf,Plan Local d'Urbanisme (PLU) de la commune de WEYERSHEIM,Weyersheim,règlement écrit,https://www.geoportail-urbanisme.gouv.fr/api/document/69e9499a5872dc5f501e806714dcbe0f/files/67529_reglement_20260302.pdf,alinea,Article 2,7,Zones matérialisées au plan des annexes (secteurs affectés par le bruit des axes de transports terrestres),zone_specifique,"Les constructions à usage d’hébergement et d’habitation doivent en outre répondre aux exigences d’isolement acoustique par rapport aux axes de transports terrestres bruyants, conformément à la réglementation en vigueur. Les zones concernées sont matérialisées au plan des annexes.","…sur le territoire communal : 1. Les articles d’ordre public du Code de l’urbanisme : • R 111-2 : salubrité et sécurité publique ; • R 111-4 : conservation et mise en valeur d’un site ou vestige archéologique ; 2. Les articles L. 131-4 à L131-7 du Code de l’Urbanisme, imposant la compatibilité ou la Les constructions à usage d’hébergement et d’habitation doivent en outre répondre aux exigences d’isolement acoustique par rapport aux axes de transports terrestres bruyants, conformément à la réglementation en vigueur. Les zones concernées sont matérialisées au plan des annexes. matérialisées au plan des annexes. 5. Les articles L. 153-54 et L 421-6 du Code de l’Urbanisme concernant les opérations déclarées d’utilité publique. 6. L’article L. 600-2 du Code de l’Urbanisme relatif aux règles applicables en cas d’annulation d’une décision de refus de permis de construire. II.…",forte,"Le passage impose une exigence d'isolement acoustique renforcée pour les constructions à usage d'hébergement et d'habitation situées à proximité des axes de transports terrestres bruyants, avec renvoi à un plan des annexes délimitant des zones spécifiques. Bien que la référence à la 'réglementation en vigueur' évoque le classement sonore déjà traité par ailleurs, le fait que le règlement d'urbanisme reprenne explicitement cette obligation comme prescription applicable aux constructions en fait une règle autonome liée à l'urbanisation à proximité des infrastructures (donc bien dans le périmètre diagBruit, pas une règle limitée à l'infrastructure elle-même).",prescription,opposable en conformité,lutte_bruit_existant,validé,False,,23,,rejeté,classement sonore,
a60b03871e0f1df81f60b7bf62c5134b,1_67547_reglement_20250121.pdf,Plan Local d'Urbanisme (PLU) de la commune de WITTISHEIM,Wittisheim,règlement écrit,https://www.geoportail-urbanisme.gouv.fr/api/document/a60b03871e0f1df81f60b7bf62c5134b/files/67547_reglement_20250121.pdf,page,page 5,5,,administrative,terrestre classées par arrêté préfectoral du 19 Août 2013 dans lesquels des prescriptions d’isolement acoustique s’appliquent en vertu de la loi 92-14444 du 31 décembre 1992 relative à la lutte contre le bruit. (Cf. plans et note en annexe) 5 * se reporter au lexique pour la définition,"…ons applicables au titre des législations spécifiques concernant les Servitudes d’Utilité Publiques (SUP) affectant l’occupation ou l’utilisation du sol. (Cf. plans et liste des SUP en annexe) ▪ Il est rappelé l’existence de périmètres de nuisances de part et d’autre des infrastructures de transport terrestre classées par arrêté préfectoral du 19 Août 2013 dans lesquels des prescriptions d’isolement acoustique s’appliquent en vertu de la loi 92-14444 du 31 décembre 1992 relative à la lutte contre le bruit. (Cf. plans et note en annexe) 5 * se reporter au lexique pour la définition Commune de Wittisheim Plan local d’urbanisme : Règlement écrit CHAPITRE 3 - DIVISION DU TERRITOIRE EN ZONES Le territoire couvert par le présent Plan Local d’Urbanisme est divisé en zones urbaines (zones U), en zones à urbaniser (zones AU), en zones agricoles (zones A) et en zones naturelles et fore…",,"Le passage rappelle l'existence de périmètres de nuisances de part et d'autre des infrastructures de transport terrestre classées par arrêté préfectoral, dans lesquels des prescriptions d'isolement acoustique s'appliquent en vertu de la loi de 1992. Il s'agit ici d'un simple rappel du classement sonore des infrastructures de transport terrestres, déjà couvert par ailleurs par diagBruit selon les consignes - cela correspond au cas 'simple renvoi' (retenu=false devrait s'appliquer). Cependant, en relisant attentivement, le texte ne fait que rappeler l'application des prescriptions d'isolement acoustique standard du classement sonore, sans ajouter de règle propre au document d'urbanisme ni de règle différente ou renforcée. C'est donc un simple renvoi.",prescription,opposable en conformité,lutte_bruit_existant,validé,False,,43,,rejeté,classement sonore,
b6db06b412549843d8e3b6c51b772e51,1_67554_padd_20260427.pdf,Plan Local d'Urbanisme (PLU) de la commune de WOLXHEIM,Wolxheim,PADD,https://www.geoportail-urbanisme.gouv.fr/api/document/b6db06b412549843d8e3b6c51b772e51/files/67554_padd_20260427.pdf,page,page 2,2,,administrative,la réduction des nuisances sonores,"…des capacités de construction et de réhabilitation suffisantes pour la satisfaction, sans discrimination, des besoins présents et futurs en matière d’habitat, d’activités économiques, notamment commerciales, d’activités sportives ou culturelles et d’intérêt général ainsi que des moyens de transport la réduction des nuisances sonores remarquables et du patrimoine bâti, la prévention des risques naturels prévisibles, des risques technologiques, de pollutions et des nuisances de toute nature. (…) » L’ARTICLE L.123-1 DISPOSE QUE LES PLANS LOCAUX D’URBANISME : « … comportent un projet d’aménagement et de développement durable qui dé…",faible,"Ce passage cite un article de loi (L.121-1 sur le contenu des PLU) mentionnant de façon générale 'la réduction des nuisances sonores' parmi les objectifs à prendre en compte, sans définir de règle spatiale précise ni de zone particulière. C'est une orientation générale s'appliquant à l'ensemble du territoire couvert par le document, retenue comme règle autonome mais de portée très générale et peu opérationnelle.",recommandation,non opposable,lutte_bruit_existant,validé,False,,3,,rejeté,trop vague,
171518c6d5441a4ad41c30cf32dbe4ca,1_200067874_padd_20260427.pdf,Plan Local d'Urbanisme intercommunal (PLUi) DE HAGUENAU,"Batzendorf, Bernolsheim, Berstheim, Bilwisheim, Bischwiller, Bitschhoffen, Brumath, Dauendorf, Donnenheim, Engwiller, Haguenau, Hochstett, Huttendorf, Kaltenhouse, Kindwiller, Krautwiller, Kriegsheim, Mittelschaeffolsheim, Mommenheim, Morschwiller, Niedermodern, Niederschaeffolsheim, Oberhoffen-sur-Moder, Ohlungen, Olwisheim, Rohrwiller, Rottelsheim, Schirrhein, Schirrhoffen, Schweighouse-sur-Moder, Uhlwiller, Uhrwiller, Val-de-Moder, Wahlenheim, Wintershouse, Wittersheim",PADD,https://www.geoportail-urbanisme.gouv.fr/api/document/171518c6d5441a4ad41c30cf32dbe4ca/files/200067874_padd_20260427.pdf,page,page 23,23,,administrative,"perméables dans les aménagements urbains. politiques urbaines En se prémunissant des risques liés à l’eau En améliorant la qualité de l’air et en limitant ` Favoriser la gestion intégrée des eaux de les nuisances sonores ruissellement en privilégiant par exemple, la gestion gravitaire en surface et/ou l’infiltration au plus près ` Mobiliser plusieurs leviers : favoriser la mobilité de la goutte d’eau. active par le développement d’équipements tant","…tion des ressources et d’adaptation préférentiellement des éléments arborés pour des conditions de vie pour un environnement développer l’ombrage naturel. plus sain, positionnant la question de la santé des ` Donner plus de place à l’eau et aux surfaces habitants et usagers du territoire au cœur des perméables dans les aménagements urbains. politiques urbaines En se prémunissant des risques liés à l’eau En améliorant la qualité de l’air et en limitant ` Favoriser la gestion intégrée des eaux de les nuisances sonores ruissellement en privilégiant par exemple, la gestion gravitaire en surface et/ou l’infiltration au plus près ` Mobiliser plusieurs leviers : favoriser la mobilité de la goutte d’eau. active par le développement d’équipements tant à l’échelle des quartiers qu’entre les centres ` Assurer le fonctionnement naturel des cours d’eau : urbains, apaiser la circulation, accompagner limitation de l’artificialisation des berges, maintien de du développement des modes de transports reculs de construction, … électriques, prendre en compt…",moyenne,"Le PADD énonce un objectif général de limitation des nuisances sonores dans le cadre de l'amélioration de la qualité de l'air et de vie, en s'appuyant notamment sur la mobilité active et l'apaisement de la circulation. Il s'agit d'une orientation générale applicable à l'ensemble du territoire, sans zone spécifique désignée. La formulation reste toutefois assez vague et programmatique, typique d'un PADD, ce qui limite la précision de la prescription.",recommandation,non opposable,lutte_bruit_existant,validé,False,,13,,rejeté,trop vague,
171518c6d5441a4ad41c30cf32dbe4ca,2_200067874_padd_20260427.pdf,Plan Local d'Urbanisme intercommunal (PLUi) DE HAGUENAU,"Batzendorf, Bernolsheim, Berstheim, Bilwisheim, Bischwiller, Bitschhoffen, Brumath, Dauendorf, Donnenheim, Engwiller, Haguenau, Hochstett, Huttendorf, Kaltenhouse, Kindwiller, Krautwiller, Kriegsheim, Mittelschaeffolsheim, Mommenheim, Morschwiller, Niedermodern, Niederschaeffolsheim, Oberhoffen-sur-Moder, Ohlungen, Olwisheim, Rohrwiller, Rottelsheim, Schirrhein, Schirrhoffen, Schweighouse-sur-Moder, Uhlwiller, Uhrwiller, Val-de-Moder, Wahlenheim, Wintershouse, Wittersheim",PADD,https://www.geoportail-urbanisme.gouv.fr/api/document/171518c6d5441a4ad41c30cf32dbe4ca/files/200067874_padd_20260427.pdf,page,page 23,23,,administrative,"l’air des activités humaines, végétaliser des espaces concernées et diminuer l’exposition des biens urbains, … et des personnes. L’atteinte de cet objectif passe ` Prioriser le confort acoustique notamment en lien par le choix de l’urbanisation, la limitation de avec l’exposition des personnes les plus fragiles la constructibilité, ou encore des dispositifs de (enfants, personnes âgées...) lors de la création protection/adaptation, …","…’artificialisation des berges, maintien de du développement des modes de transports reculs de construction, … électriques, prendre en compte les infrastructures ` Étendre la connaissance du risque de coulées générant le plus de nuisances, limiter l’impact sur d’eau boueuses à l’ensemble des communes l’air des activités humaines, végétaliser des espaces concernées et diminuer l’exposition des biens urbains, … et des personnes. L’atteinte de cet objectif passe ` Prioriser le confort acoustique notamment en lien par le choix de l’urbanisation, la limitation de avec l’exposition des personnes les plus fragiles la constructibilité, ou encore des dispositifs de (enfants, personnes âgées...) lors de la création protection/adaptation, … de nouveaux équipements dédiés. En agissant sur la pollution des milieux En conservant des espaces de respiration ` Prendre en compte les anciens sites pollués, à l’intérieur des tissus bâtis et en renforçant de pollutions historiques, et conditionner la nature la présence végétale des projets sur c…",forte,"Le PADD recommande de prioriser le confort acoustique, notamment en lien avec l'exposition des personnes fragiles, via le choix de l'urbanisation, la limitation de la constructibilité ou des dispositifs de protection/adaptation. Cela concerne directement l'urbanisation et les bâtiments (équipements dédiés aux personnes fragiles), donc relève du périmètre diagBruit. Aucune zone réglementaire précise n'est mentionnée, la règle s'applique donc à l'ensemble du territoire couvert par le PADD. La formulation reste orientée orientation générale de PADD, donc confiance forte mais pas totale.",recommandation,non opposable,lutte_bruit_existant,validé,False,,23,,rejeté,trop vague,
171518c6d5441a4ad41c30cf32dbe4ca,2_200067874_reglement_20260427.pdf,Plan Local d'Urbanisme intercommunal (PLUi) DE HAGUENAU,"Batzendorf, Bernolsheim, Berstheim, Bilwisheim, Bischwiller, Bitschhoffen, Brumath, Dauendorf, Donnenheim, Engwiller, Haguenau, Hochstett, Huttendorf, Kaltenhouse, Kindwiller, Krautwiller, Kriegsheim, Mittelschaeffolsheim, Mommenheim, Morschwiller, Niedermodern, Niederschaeffolsheim, Oberhoffen-sur-Moder, Ohlungen, Olwisheim, Rohrwiller, Rottelsheim, Schirrhein, Schirrhoffen, Schweighouse-sur-Moder, Uhlwiller, Uhrwiller, Val-de-Moder, Wahlenheim, Wintershouse, Wittersheim",règlement écrit,https://www.geoportail-urbanisme.gouv.fr/api/document/171518c6d5441a4ad41c30cf32dbe4ca/files/200067874_reglement_20260427.pdf,alinea,"Article 6, alinéa 1",108,secteurs de nuisance acoustique,zone_specifique,"Les constructions nouvelles à usage d’habitation, implantées dans les secteurs de nuisance acoustique à condition que les bâtiments soient insonorisés conformément aux conditions prévues par les dispositions réglementaires en matière d’urbanisme, de construction et d’habitation.","…on est inférieur à la surface minimum exigée dans les orientations d’aménagements et de programmation, celui-ci peut néanmoins être urbanisé à condition de couvrir intégralement les terrains restants ; - que la réalisation de l’opération soit compatible avec les principes édités par les orientations Les constructions nouvelles à usage d’habitation, implantées dans les secteurs de nuisance acoustique à condition que les bâtiments soient insonorisés conformément aux conditions prévues par les dispositions réglementaires en matière d’urbanisme, de construction et d’habitation. aménagements liés à l’accessibilité des berges des cours d’eau, y compris sur les terrains couverts par la trame graphique « cortège végétal à préserver ou à créer », et dans les marges de recul. SECTION B – VOLUMETRIE ET IMPLANTATION DES CONSTRUCTIONS",forte,"Le passage impose une condition d'insonorisation des constructions nouvelles à usage d'habitation dans les secteurs de nuisance acoustique. Il ne s'agit pas d'un simple renvoi au classement sonore ou au PEB explicitement nommé, mais d'une condition d'urbanisation autonome fixée par le règlement lui-même conditionnant la constructibilité à l'insonorisation, ce qui en fait une règle propre au document d'urbanisme même si elle renvoie aux dispositions réglementaires générales en matière de construction. La zone concernée (secteurs de nuisance acoustique) n'a pas de contour automatiquement disponible, d'où une portée zone_specifique.",prescription,opposable en conformité,lutte_bruit_existant,validé,False,,23,,rejeté,classement sonore,
12666ec8d6fb548ead67bc9c63776f94,1_246700777_reglement_20250704.pdf,Plan Local d'Urbanisme intercommunal (PLUi) DE LA VALLEE DE VILLE,"Albé, Bassemberg, Breitenau, Breitenbach, Dieffenbach-au-Val, Fouchy, Lalaye, Maisonsgoutte, Neubois, Neuve-Église, Saint-Martin, Saint-Maurice, Saint-Pierre-Bois, Steige, Thanvillé, Triembach-au-Val, Urbeis, Villé",règlement écrit,https://www.geoportail-urbanisme.gouv.fr/api/document/12666ec8d6fb548ead67bc9c63776f94/files/246700777_reglement_20250704.pdf,alinea,Article 24,22,secteurs de nuisance acoustique délimités sur le plan risques,zone_specifique,"Les constructions nouvelles à usage d’habitation et de bureaux, implantées dans les secteurs de nuisance acoustique délimités sur le plan risques du document graphique, à condition que les bâtiments* soient insonorisés conformément aux conditions prévues par les dispositions réglementaires en matière d’urbanisme, de construction et d’habitation.","Dispositions applicables à toutes les zones Les constructions nouvelles à usage d’habitation et de bureaux, implantées dans les secteurs de nuisance acoustique délimités sur le plan risques du document graphique, à condition que les bâtiments* soient insonorisés conformément aux conditions prévues par les dispositions réglementaires en matière d’urbanisme, de construction et d’habitation. constructions et installations admis au titre du présent règlement de zone le sont à condition que leur réalisation ne porte pas atteinte aux objectifs de conservation des habitats naturels et des populations des espèces de faune et de flore sauvage qui ont justifié la désignation d’un site NATURA 2…",forte,"Le passage impose une condition d'insonorisation aux constructions nouvelles d'habitation et de bureaux dans des secteurs de nuisance acoustique délimités sur le plan risques du document graphique — un zonage propre au document d'urbanisme, distinct du classement sonore des infrastructures ou du PEB. Il s'agit donc d'une règle autonome relevant du périmètre diagBruit, applicable à une zone spécifique délimitée graphiquement.",prescription,opposable en conformité,autre,validé,False,,23,,rejeté,classement sonore,
d6449f258395c61f12c79e468c6c994a,1_200034270_reglement_20260716.pdf,Plan Local d'Urbanisme intercommunal (PLUi) DU PAYS DE BARR,"Andlau, Barr, Bernardvillé, Blienschwiller, Bourgheim, Dambach-la-Ville, Eichhoffen, Epfig, Gertwiller, Goxwiller, Heiligenstein, Itterswiller, Le Hohwald, Mittelbergheim, Nothalten, Reichsfeld, Saint-Pierre, Stotzheim, Valff, Zellwiller",règlement écrit,https://www.geoportail-urbanisme.gouv.fr/api/document/d6449f258395c61f12c79e468c6c994a/files/200034270_reglement_20260716.pdf,alinea,Article 2,7,secteurs de nuisance acoustique délimités sur le plan risques du document graphique,zone_specifique,"Les constructions* nouvelles à usage d’habitation et de bureaux, implantées dans les secteurs de nuisance acoustique délimités sur le plan risques du document graphique, à condition que les bâtiments* soient insonorisés conformément aux conditions prévues par les dispositions réglementaires en matière d’urbanisme, de construction* et d’habitation.","…), d’un point de vue de la préservation de la salubrité publique. Des restrictions d’usage particulières, permettant de garantir la salubrité publique pourront être définies selon le niveau de pollution. Les constructions* nouvelles à usage d’habitation et de bureaux, implantées dans les secteurs de Les constructions* nouvelles à usage d’habitation et de bureaux, implantées dans les secteurs de nuisance acoustique délimités sur le plan risques du document graphique, à condition que les bâtiments* soient insonorisés conformément aux conditions prévues par les dispositions réglementaires en matière d’urbanisme, de construction* et d’habitation. devront se conformer aux prescriptions figurant dans les arrêtés de Déclaration d’Utilité Publique des captages d’eau potable. Les constructions* et installations* doivent se conformer aux dispositions du Plan de prévention du risque inondation Ehn-Andlau-Scheer, ou en l’absence et dans l’attente de…",moyenne,"Ce passage définit un secteur de nuisance acoustique propre au document graphique (plan risques), distinct du classement sonore des voies ou du PEB, imposant une condition d'insonorisation des bâtiments d'habitation et de bureaux dans ce secteur. Il s'agit donc d'une règle autonome relevant du périmètre diagBruit, applicable à une zone spécifique tracée sur le document graphique.",prescription,opposable en conformité,autre,validé,False,,13,,rejeté,classement sonore,
b5ae1da72ed7f5ecf4aa179df33e1076,1_200041325_padd_20250929.pdf,Plan Local d'Urbanisme intercommunal (PLUi) DU PAYS RHENAN,"Dalhunden, Drusenheim, Forstfeld, Fort-Louis, Gambsheim, Herrlisheim, Kauffenheim, Kilstett, Leutenheim, Neuhaeusel, Offendorf, Roppenheim, Rountzenheim-Auenheim, Rœschwoog, Sessenheim, Soufflenheim, Stattmatten",PADD,https://www.geoportail-urbanisme.gouv.fr/api/document/b5ae1da72ed7f5ecf4aa179df33e1076/files/200041325_padd_20250929.pdf,page,page 35,35,,administrative,Prendre en compte les nuisances et pollutions (sonores notamment) générées par les grands axes routiers (autoroute notamment) ainsi que dans les choix de renforcement ou de création d’axes de déplacement,"…entation décline les objectifs suivants : - Prendre en compte dans les choix de localisation de l’urbanisation les nuisances liées au voisinage d’infrastructures de transports et plus particulièrement aux abords des entrées de ville concernées par les « Routes Classées à Grande Circulation » (RGC) ; Prendre en compte les nuisances et pollutions (sonores notamment) générées par les grands axes routiers (autoroute notamment) ainsi que dans les choix de renforcement ou de création d’axes de déplacement secteurs peut-être soumis à des prescriptions particulières pour prévenir l’exposition des personnes à des risques éventuels ; - Prendre en compte les risques technologiques (activités économiques, transport de matières dangereuses, etc.) ; - Prendre en compte les éventuelles nuisances liées à l’agr…",moyenne,"Le PADD fixe un objectif général de prise en compte des nuisances sonores générées par les grands axes routiers, dans les choix de localisation de l'urbanisation et dans les choix de renforcement/création d'axes de déplacement. C'est une orientation générale applicable à l'ensemble du territoire (portée administrative), formulée comme recommandation de PADD (pas une prescription réglementaire opposable au sens strict). Elle concerne à la fois la localisation de l'urbanisation (dans le périmètre diagBruit) et la création d'infrastructures elles-mêmes ; la confiance est modérée du fait de cette formulation générique et un peu englobante.",recommandation,non opposable,lutte_bruit_existant,validé,False,,13,,rejeté,trop vague,
b85c3157a3dc7eb3893231f3ba3aba47,1_67105_padd_20211129.pdf,Plan Local d’Urbanisme (PLU) de la commune de DRULINGEN,Drulingen,PADD,https://www.geoportail-urbanisme.gouv.fr/api/document/b85c3157a3dc7eb3893231f3ba3aba47/files/67105_padd_20211129.pdf,page,page 5,5,,administrative,la réduction des nuisances sonores,"la préservation du sol et du sous-sol, des écosystèmes, des espaces verts, des milieux, des
sites el paysages naturels ou urbains, la réduction des nuisances sonores la sauvegarde des ensembles urbains remarquables et du patrimoine bâti,",moyenne,"Le PADD énonce un objectif général de réduction des nuisances sonores, dans une liste d'objectifs de préservation environnementale et paysagère applicables à l'ensemble du territoire couvert par le document. Il ne s'agit pas d'un simple renvoi au classement sonore ou au PEB, mais d'un objectif autonome à décliner dans le règlement. La formulation reste toutefois très générale et peu précise, d'où une confiance limitée.",recommandation,non opposable,lutte_bruit_existant,validé,True,moyenne,11,,rejeté,trop vague,
f4556f23f75c5cfd9c4c839810510835,1_67128_reglement_20211220.pdf,Plan Local d’Urbanisme (PLU) de la commune de ERNOLSHEIM-BRUCHE,Ernolsheim-Bruche,règlement écrit,https://www.geoportail-urbanisme.gouv.fr/api/document/f4556f23f75c5cfd9c4c839810510835/files/67128_reglement_20211220.pdf,alinea,Article 2,6,zones concernées matérialisées au plan des annexes (axes de transports terrestres bruyants),zone_specifique,"Les constructions à usage d'hébergement et d'habitation doivent en outre répondre aux exigences d'isolement acoustique par rapport aux axes de transports terrestres bruyants, conformément à la réglementation en vigueur. Les zones concernées sont matérialisées au plan des annexes","3. Les articles L. 102-13, L311-2, L313-2, L424-1, L153-11 du Code de l'Urbanisme et
L331-6 du code de l'environnement, sur le fond desquels peut être opposé un
sursis à statuer. Les constructions à usage d'hébergement et d'habitation doivent en outre répondre aux exigences d'isolement acoustique par rapport aux axes de transports terrestres bruyants, conformément à la réglementation en vigueur. Les zones concernées sont matérialisées au plan des annexes 5. Les articles L. 113-1 à L. 113-2 et R. 113-1 à R.113-2 du Code de l'Urbanisme sont
applicables aux secteurs définis sur les plans par la trame «espace boisé classé à
conserver ou à créer ».",moyenne,"Le passage fait référence à l'isolement acoustique par rapport aux axes de transports terrestres bruyants, ce qui correspond au classement sonore des voies, normalement traité ailleurs par diagBruit via un simple renvoi. Cependant, il n'est pas certain que ce soit un renvoi à l'arrêté préfectoral de classement sonore : le texte évoque une réglementation en vigueur et des zones matérialisées au plan des annexes, propres à ce document d'urbanisme, sans indiquer explicitement qu'il s'agit uniquement du rappel de l'isolement standard prévu par l'arrêté de classement sonore. Par prudence, on le retient comme règle autonome, mais avec une confiance modérée car la formulation est ambiguë entre simple renvoi et règle propre au document. La portée est une zone spécifique définie au plan des annexes, non l'ensemble du territoire.",prescription,opposable en conformité,lutte_bruit_existant,validé,True,élevée,12,,rejeté,classement sonore,
3a838b7e0825b454496a2bc46d118126,1_67283_padd_20210628.pdf,Plan Local d’Urbanisme (PLU) de la commune de MARMOUTIER,Marmoutier,PADD,https://www.geoportail-urbanisme.gouv.fr/api/document/3a838b7e0825b454496a2bc46d118126/files/67283_padd_20210628.pdf,page,page 18,18,,zone_specifique,"Les zones urbaines en frange Est sont assujetties à la prise en compte des nuisances générées par l'important trafic de la RD1004 (nuisances acoustiques, émissions atmosphériques).","…s, la commune est soumise à des risques et des nuisances particulières : Une partie des zones urbaines du centre-bourg est exposée à un risque d'inondation ou de coulées d'eaux boueuses dû au ruissellement pluvial ; Les zones urbaines en frange Est sont assujetties à la prise en compte des nuisances Les zones urbaines en frange Est sont assujetties à la prise en compte des nuisances générées par l'important trafic de la RD1004 (nuisances acoustiques, émissions atmosphériques). PLAN LOCAL D'URBANISME Projet d'Aménagement et de Développement Durables Préserver les milieux naturels, les paysages et le cadre de vie, aussi bien en milieu urbain, qu'agricole ou naturel Objectifs Promouvoir l’équilibre entre les différentes entités paysagères (espaces bâtis, zones de vergers, zo…",moyenne,"Le PADD identifie les zones urbaines en frange Est comme exposées aux nuisances acoustiques de la RD1004 et pose un principe de prise en compte de ces nuisances dans l'aménagement urbain à proximité de cette voie, ce qui relève du périmètre diagBruit (bâtiments/aménagement). Ce n'est pas un simple renvoi au classement sonore existant mais une orientation propre du PADD identifiant une zone géographique spécifique (frange Est) à traiter. La formulation reste toutefois assez générale et peu prescriptive, d'où une confiance modérée.",recommandation,non opposable,lutte_bruit_existant,validé,False,,13,,rejeté,"classement sonore ; etat des lieux, pas action",
2e782afabec0a8c1c78ec25955bff2c3,1_67308_padd_20211115.pdf,Plan Local d’Urbanisme (PLU) de la commune de MUNCHHAUSEN,Munchhausen,PADD,https://www.geoportail-urbanisme.gouv.fr/api/document/2e782afabec0a8c1c78ec25955bff2c3/files/67308_padd_20211115.pdf,page,page 29,29,Quartiers de Munchhausen exposés au bruit de la voie ferrée Strasbourg-Lauterbourg (secteur affecté par le bruit / classement sonore),zone_specifique,Orientation Stratégique n°9 Prévenir les risques naturels et tteecchhnnoollooggiiqquueess • Assurer le principe de pprrééccaauuttiioonn dans les • Assurer la prise en ccoommppttee des nuisances choix de développement et dd’’uurrbbaanniissaattiioonn sonores La protection des populations doit être une pprriioorriittéé des politiques Une partie des quartiers de MMuunncchhhhaauusseenn est fortement publiques. Le Plan Local d’Urbanisme ddooiitt pprreennddrree l’ensemble exposée aux nuisances ssoonnoo…,L’urbanisation future de Munchhausen et l’ensemble des objectifs paysagers du PADD visent à respecter cette dynamique écologique existante de la meilleure manière. 26 Plan local d’Urbanisme - Projet d’aménagement et de déveloPPement dUrable Orientation Stratégique n°9 Prévenir les risques naturels et tteecchhnnoollooggiiqquueess • Assurer le principe de pprrééccaauuttiioonn dans les • Assurer la prise en ccoommppttee des nuisances choix de développement et dd’’uurrbbaanniissaattiioonn sonores La protection des populations doit être une pprriioorriittéé des politiques Une partie des quartiers de MMuunncchhhhaauusseenn est fortement publiques. Le Plan Local d’Urbanisme ddooiitt pprreennddrree l’ensemble exposée aux nuisances ssoonnoo… des risques recensés en compte et être ll’’ooccccaassiioonn de renforcer Lauterbourg. Le PADD souligne llaa nécessaire prise en compte l’information et la sensibilisation des hhaabbiittaannttss à ces risques. de cette exposition par une iissoollaattiioonn acoustique adaptée pour l’ensemble des const…,forte,"Le PADD mentionne le secteur affecté par le bruit du classement sonore de la voie ferrée Strasbourg-Lauterbourg, mais va au-delà d'un simple renvoi : il souligne la nécessité d'une isolation acoustique adaptée pour l'ensemble des constructions dans ce secteur, ce qui constitue une orientation propre du document d'urbanisme dépassant le simple rappel de l'arrêté de classement sonore. La règle concerne bien les bâtiments (constructions), donc dans le périmètre diagBruit, avec une confiance forte car la formulation est assez claire malgré la coupure du texte.",recommandation,non opposable,lutte_bruit_existant,validé,False,,23,,rejeté,classement sonore,
2e782afabec0a8c1c78ec25955bff2c3,2_67308_padd_20211115.pdf,Plan Local d’Urbanisme (PLU) de la commune de MUNCHHAUSEN,Munchhausen,PADD,https://www.geoportail-urbanisme.gouv.fr/api/document/2e782afabec0a8c1c78ec25955bff2c3/files/67308_padd_20211115.pdf,page,page 29,29,secteur exposé aux nuisances sonores de la voie ferrée Strasbourg-Lauterbourg,zone_specifique,des risques recensés en compte et être ll’’ooccccaassiioonn de renforcer Lauterbourg. Le PADD souligne llaa nécessaire prise en compte l’information et la sensibilisation des hhaabbiittaannttss à ces risques. de cette exposition par une iissoollaattiioonn acoustique adaptée pour l’ensemble des constructions ccoonncceerrnnééeess.. • Prévenir les risques dd’’iinnoonnddaattiioonn • Prendre en ccoommppttee ééggaalleemmeenntt les autres,"…saattiioonn sonores La protection des populations doit être une pprriioorriittéé des politiques Une partie des quartiers de MMuunncchhhhaauusseenn est fortement publiques. Le Plan Local d’Urbanisme ddooiitt pprreennddrree l’ensemble exposée aux nuisances ssoonnoorreess de la voie ferrée Strasbourg - des risques recensés en compte et être ll’’ooccccaassiioonn de renforcer Lauterbourg. Le PADD souligne llaa nécessaire prise en compte l’information et la sensibilisation des hhaabbiittaannttss à ces risques. de cette exposition par une iissoollaattiioonn acoustique adaptée pour l’ensemble des constructions ccoonncceerrnnééeess.. • Prévenir les risques dd’’iinnoonnddaattiioonn • Prendre en ccoommppttee ééggaalleemmeenntt les autres MMuunncchhhhaauusseenn aa ééttéé hhiissttoorriiqquueemmeenntt eexxppoosséé àà ddeess rriissqquueess risques iimmppoorrttaannttss dd’’iinnoonnddaattiioonnss.. CCeeppeennddaanntt,, llaa ccaannaalliissaattiioonn dduu RRhhiinn,, ppuuiiss llaa rrééaalliissaattiioonn ddee ddiigguueess llee lloonngg ddeess…",forte,"Le PADD prescrit une isolation acoustique adaptée pour l'ensemble des constructions concernées dans les quartiers exposés au bruit de la voie ferrée. Il ne s'agit pas d'un simple renvoi au classement sonore existant : le texte souligne 'la nécessaire prise en compte de cette exposition par une isolation acoustique adaptée', ce qui constitue une orientation autonome du PADD applicable aux constructions dans le secteur concerné, donc pertinente pour diagBruit (bâtiments). La portée est limitée aux quartiers de Munchhausen exposés à cette voie ferrée, zone qui n'a pas de contour automatiquement disponible.",prescription,non opposable,lutte_bruit_existant,validé,False,,23,,rejeté,classement sonore,
4edabff809fffd143cf1e22662469284,1_67342_reglement_20190715.pdf,Plan Local d’Urbanisme (PLU) de la commune de OBERHASLACH,Oberhaslach,règlement écrit,https://www.geoportail-urbanisme.gouv.fr/api/document/4edabff809fffd143cf1e22662469284/files/67342_reglement_20190715.pdf,alinea,Article 2,7,Zones matérialisées au plan des annexes (secteurs affectés par le bruit des axes de transports terrestres),zone_specifique,"Les constructions à usage d’hébergement et d’habitation doivent en outre répondre aux exigences d’isolement acoustique par rapport aux axes de transports terrestres bruyants, conformément à la réglementation en vigueur. Les zones concernées sont matérialisées au plan des annexes.","…sur le territoire communal : 1. Les articles d’ordre public du Code de l’urbanisme : • R 111-2 : salubrité et sécurité publique ; • R 111-4 : conservation et mise en valeur d’un site ou vestige archéologique ; 2. Les articles L. 131-4 à L131-7 du Code de l’Urbanisme, imposant la compatibilité ou la Les constructions à usage d’hébergement et d’habitation doivent en outre répondre aux exigences d’isolement acoustique par rapport aux axes de transports terrestres bruyants, conformément à la réglementation en vigueur. Les zones concernées sont matérialisées au plan des annexes. matérialisées au plan des annexes. 5. Les articles L. 153-54 et L 421-6 du Code de l’Urbanisme concernant les opérations déclarées d’utilité publique. 6. L’article L. 600-2 du Code de l’Urbanisme relatif aux règles applicables en cas d’annulation d’une décision de refus de permis de construire. II.…",faible,"Le passage impose une exigence d'isolement acoustique aux constructions d'hébergement et d'habitation situées dans des zones spécifiques matérialisées au plan des annexes, en référence aux axes de transports terrestres bruyants. Cela correspond au classement sonore des voies déjà traité par ailleurs par diagBruit ; le texte semble se limiter à un simple renvoi à la réglementation en vigueur (l'arrêté de classement sonore) sans ajouter d'exigence différente ou supplémentaire. Toutefois, comme il s'agit d'une règle explicitement inscrite dans le règlement d'urbanisme visant les bâtiments d'habitation, elle est retenue par prudence, avec une confiance faible car on ne peut confirmer qu'elle dépasse le standard réglementaire.",prescription,opposable en conformité,lutte_bruit_existant,validé,False,,3,,rejeté,classement sonore,
