niveau,verification_portee,statut_geometrie,alerte,criteres,id_geometrie,id_gpu,id_occurrence,communes,nom_document,type_piece_source,reference_precise,numero_page,zone_reglementaire_mentionnee,nature_sonore_zone,justification,extrait_significatif,contexte_documentaire,lien_web_document
1 - forte,,,,C2 référence d'article de zone « Article au5 » ; C4 le contexte documentaire nomme une zone ; C1 le document a aussi des occurrences zone_specifique,193,5edf63b8118051e81a650e2a279541fd,16_67188_reglement_20251217.pdf,Heiligenberg,Plan Local d'Urbanisme (PLU) de la commune de HEILIGENBERG,règlement écrit,Article au5,31,,autre,"Le passage contient une prescription générale imposant que les dispositifs techniques extérieurs liés au bâtiment (pompes à chaleur, climatisation, traitement des eaux/piscine) soient traités de manière à limiter l'émergence acoustique. Cette règle concerne directement la conception des bâtiments (périmètre diagBruit) et non une infrastructure de transport, donc la confiance n'est pas limitée pour ce motif. Aucune zone spécifique n'étant mentionnée, la règle s'applique à l'ensemble du règlement.",devront être traités de manière à limiter l’émergence acoustique,"…hniques extérieurs liés au bâtiment (centrales de traitement d’air, unités sont autorisées. Cependant, dans le cas d’une • Au-delà d’une surface de plancher de 50 mètres carrés, il sera réalisé un minimum de 2 extérieures de pompes à chaleur, unités de climatisation, pompe de traitements des eaux de devront être traités de manière à limiter l’émergence acoustique une surface d’au moins 1,25 mètre carré. DES PROJETS • Les constructions devront s’inscrire dans une cohérence d'ambiance, de tonalité et de matérialité. • Coté rue et au droit des zone A et N, les clôtures doivent : Equipements d’intérêt • Être d’une hauteur inférieure à 1,8 mètre au droit des rues…",https://www.geoportail-urbanisme.gouv.fr/api/document/5edf63b8118051e81a650e2a279541fd/files/67188_reglement_20251217.pdf
1 - forte,,,,C2 référence d'article de zone « Article au6 » ; C4 le contexte documentaire nomme une zone ; C1 le document a aussi des occurrences zone_specifique,194,5edf63b8118051e81a650e2a279541fd,17_67188_reglement_20251217.pdf,Heiligenberg,Plan Local d'Urbanisme (PLU) de la commune de HEILIGENBERG,règlement écrit,Article au6,35,,lutte_bruit_existant,"Le passage évoque des 'émergences acoustiques' et une limite technique d'émission sonore extérieure liée aux équipements techniques des bâtiments (climatisation, pompe à chaleur, etc.), ce qui constitue une règle autonome concernant les constructions, distincte du classement sonore ou du PEB. Toutefois le texte est très fragmenté (erreurs d'extraction OCR mélangeant lettres et mots), ce qui rend la formulation peu claire et incomplète.","PLT CBS INTÉGRATION ARCHITECTURALE ET PAYSAGÈRE DES PROJETS L’ADAPTATION CLIMATIQUE compactes, très isolées, mettant en oeuvre des systèmes énergétiques efficaces et utilisant les énergies renouvelables. DISPOSITION Coefficient de Coefficient de COEFFICIENT DE BIOTOPE PAR SURFACE (CBS) SEC A T b EUR • L en es tr e a b 1 r 0 is ° e d t e 4 p 5 â ° t . u res doivent avoir une pente comprise • La hauteur maximale des abris de pâtures est de 4 mètres. Ensemble de la ZONE A • • I L l e d s e a vr ir…","…andée pour la construction des DISPOSITIFS FAVORISANT LES ARCHITECTURE ET PAYSAGE bâtiments neufs : des constructions bien orientées - bénéficiant d’apports A3 TOITURES HAUTEURS A4 STATIONNEMENT A5 ÉCONOMIES D’ÉNERGIE ET solaires gratuits en hiver et protégées du rayonnement solaire direct en été -, PLT CBS INTÉGRATION ARCHITECTURALE ET PAYSAGÈRE DES PROJETS L’ADAPTATION CLIMATIQUE compactes, très isolées, mettant en oeuvre des systèmes énergétiques efficaces et utilisant les énergies renouvelables. DISPOSITION Coefficient de Coefficient de COEFFICIENT DE BIOTOPE PAR SURFACE (CBS) SEC A T b EUR • L en es tr e a b 1 r 0 is ° e d t e 4 p 5 â ° t . u res doivent avoir une pente comprise • La hauteur maximale des abris de pâtures est de 4 mètres. Ensemble de la ZONE A • • I L l e d s e a vr ir… GÉNÉRALE perméables. CONCEPTION GÉNÉRALE traitement des façades des bâtiments agricoles privilégiera le bois et leurs traitements des eaux de piscine, etc) devront être traités de manière à limiter surface en pleine biotope par ET SURFACE DE PLEINE TERRE (PLT) abords, ainsi que ceux des aires de sto…",https://www.geoportail-urbanisme.gouv.fr/api/document/5edf63b8118051e81a650e2a279541fd/files/67188_reglement_20251217.pdf
1 - forte,,,,C5 zone mentionnée « Ur » malgré la portée administrative ; C1 le document a aussi des occurrences zone_specifique,195,5edf63b8118051e81a650e2a279541fd,1_67188_reglement_20251217.pdf,Heiligenberg,Plan Local d'Urbanisme (PLU) de la commune de HEILIGENBERG,règlement écrit,page 16,16,Ur,lutte_bruit_existant,"Le passage mentionne une interdiction (ou restriction) des créations/extensions de constructions générant une augmentation significative des nuisances sonores et olfactives pour le voisinage, ce qui constitue une règle autonome liée au bruit dans le cadre de l'urbanisation, indépendante du classement sonore ou du PEB. Le texte est cependant fragmenté et coupé, ce qui limite la clarté de l'extrait.","en résulte une augmentation situation existante au moment de peuvent déborder de 70 cm au maximum du •aux activités des secteurs significative des nuisances l’approbation du PLU. plan du mur de la construction considérée. (notamment sonores et olfactives) secondaire ou tertiaire (industrie, entrepôt, bureau) ; pour le voisinage, ainsi que des risques accrus pour la salubrité et la • Les constructions liées à la • La distance minimale d’implantation des","…EUR toute nature - qu’ils comportent ou collectif et services publics. sol maximale supplémentaire de 50 limite (Schlupf) peut se substituer à la limite Ue non des installations classées - s’il •commerces et activités de service mètres carrés relativement à la séparative. Dans ce cas, les gouttières en résulte une augmentation situation existante au moment de peuvent déborder de 70 cm au maximum du •aux activités des secteurs significative des nuisances l’approbation du PLU. plan du mur de la construction considérée. (notamment sonores et olfactives) secondaire ou tertiaire (industrie, entrepôt, bureau) ; pour le voisinage, ainsi que des risques accrus pour la salubrité et la • Les constructions liées à la • La distance minimale d’implantation des sécurité publique. • La création ou l’extension de restauration, à l'hébergement hôtelier constructions par rapport aux limites SECTEUR constructions destinées : et touristique dans la limite d’une SECTEURS séparatives est fixée à H/2 (hauteur de la emprise au sol maximale SECTEURS construction en t…",https://www.geoportail-urbanisme.gouv.fr/api/document/5edf63b8118051e81a650e2a279541fd/files/67188_reglement_20251217.pdf
1 - forte,,,,C5 zone mentionnée « Uh » malgré la portée administrative ; C1 le document a aussi des occurrences zone_specifique,196,5edf63b8118051e81a650e2a279541fd,1_67188_reglement_20251217.pdf__2,Heiligenberg,Plan Local d'Urbanisme (PLU) de la commune de HEILIGENBERG,règlement écrit,page 16,16,Uh,lutte_bruit_existant,"Le passage mentionne une interdiction (ou restriction) des créations/extensions de constructions générant une augmentation significative des nuisances sonores et olfactives pour le voisinage, ce qui constitue une règle autonome liée au bruit dans le cadre de l'urbanisation, indépendante du classement sonore ou du PEB. Le texte est cependant fragmenté et coupé, ce qui limite la clarté de l'extrait.","en résulte une augmentation situation existante au moment de peuvent déborder de 70 cm au maximum du •aux activités des secteurs significative des nuisances l’approbation du PLU. plan du mur de la construction considérée. (notamment sonores et olfactives) secondaire ou tertiaire (industrie, entrepôt, bureau) ; pour le voisinage, ainsi que des risques accrus pour la salubrité et la • Les constructions liées à la • La distance minimale d’implantation des","…EUR toute nature - qu’ils comportent ou collectif et services publics. sol maximale supplémentaire de 50 limite (Schlupf) peut se substituer à la limite Ue non des installations classées - s’il •commerces et activités de service mètres carrés relativement à la séparative. Dans ce cas, les gouttières en résulte une augmentation situation existante au moment de peuvent déborder de 70 cm au maximum du •aux activités des secteurs significative des nuisances l’approbation du PLU. plan du mur de la construction considérée. (notamment sonores et olfactives) secondaire ou tertiaire (industrie, entrepôt, bureau) ; pour le voisinage, ainsi que des risques accrus pour la salubrité et la • Les constructions liées à la • La distance minimale d’implantation des sécurité publique. • La création ou l’extension de restauration, à l'hébergement hôtelier constructions par rapport aux limites SECTEUR constructions destinées : et touristique dans la limite d’une SECTEURS séparatives est fixée à H/2 (hauteur de la emprise au sol maximale SECTEURS construction en t…",https://www.geoportail-urbanisme.gouv.fr/api/document/5edf63b8118051e81a650e2a279541fd/files/67188_reglement_20251217.pdf
1 - forte,,,,C5 zone mentionnée « Uhe » malgré la portée administrative ; C1 le document a aussi des occurrences zone_specifique,197,5edf63b8118051e81a650e2a279541fd,1_67188_reglement_20251217.pdf__3,Heiligenberg,Plan Local d'Urbanisme (PLU) de la commune de HEILIGENBERG,règlement écrit,page 16,16,Uhe,lutte_bruit_existant,"Le passage mentionne une interdiction (ou restriction) des créations/extensions de constructions générant une augmentation significative des nuisances sonores et olfactives pour le voisinage, ce qui constitue une règle autonome liée au bruit dans le cadre de l'urbanisation, indépendante du classement sonore ou du PEB. Le texte est cependant fragmenté et coupé, ce qui limite la clarté de l'extrait.","en résulte une augmentation situation existante au moment de peuvent déborder de 70 cm au maximum du •aux activités des secteurs significative des nuisances l’approbation du PLU. plan du mur de la construction considérée. (notamment sonores et olfactives) secondaire ou tertiaire (industrie, entrepôt, bureau) ; pour le voisinage, ainsi que des risques accrus pour la salubrité et la • Les constructions liées à la • La distance minimale d’implantation des","…EUR toute nature - qu’ils comportent ou collectif et services publics. sol maximale supplémentaire de 50 limite (Schlupf) peut se substituer à la limite Ue non des installations classées - s’il •commerces et activités de service mètres carrés relativement à la séparative. Dans ce cas, les gouttières en résulte une augmentation situation existante au moment de peuvent déborder de 70 cm au maximum du •aux activités des secteurs significative des nuisances l’approbation du PLU. plan du mur de la construction considérée. (notamment sonores et olfactives) secondaire ou tertiaire (industrie, entrepôt, bureau) ; pour le voisinage, ainsi que des risques accrus pour la salubrité et la • Les constructions liées à la • La distance minimale d’implantation des sécurité publique. • La création ou l’extension de restauration, à l'hébergement hôtelier constructions par rapport aux limites SECTEUR constructions destinées : et touristique dans la limite d’une SECTEURS séparatives est fixée à H/2 (hauteur de la emprise au sol maximale SECTEURS construction en t…",https://www.geoportail-urbanisme.gouv.fr/api/document/5edf63b8118051e81a650e2a279541fd/files/67188_reglement_20251217.pdf
1 - forte,,,,C5 zone mentionnée « Ue » malgré la portée administrative ; C1 le document a aussi des occurrences zone_specifique,198,5edf63b8118051e81a650e2a279541fd,1_67188_reglement_20251217.pdf__4,Heiligenberg,Plan Local d'Urbanisme (PLU) de la commune de HEILIGENBERG,règlement écrit,page 16,16,Ue,lutte_bruit_existant,"Le passage mentionne une interdiction (ou restriction) des créations/extensions de constructions générant une augmentation significative des nuisances sonores et olfactives pour le voisinage, ce qui constitue une règle autonome liée au bruit dans le cadre de l'urbanisation, indépendante du classement sonore ou du PEB. Le texte est cependant fragmenté et coupé, ce qui limite la clarté de l'extrait.","en résulte une augmentation situation existante au moment de peuvent déborder de 70 cm au maximum du •aux activités des secteurs significative des nuisances l’approbation du PLU. plan du mur de la construction considérée. (notamment sonores et olfactives) secondaire ou tertiaire (industrie, entrepôt, bureau) ; pour le voisinage, ainsi que des risques accrus pour la salubrité et la • Les constructions liées à la • La distance minimale d’implantation des","…EUR toute nature - qu’ils comportent ou collectif et services publics. sol maximale supplémentaire de 50 limite (Schlupf) peut se substituer à la limite Ue non des installations classées - s’il •commerces et activités de service mètres carrés relativement à la séparative. Dans ce cas, les gouttières en résulte une augmentation situation existante au moment de peuvent déborder de 70 cm au maximum du •aux activités des secteurs significative des nuisances l’approbation du PLU. plan du mur de la construction considérée. (notamment sonores et olfactives) secondaire ou tertiaire (industrie, entrepôt, bureau) ; pour le voisinage, ainsi que des risques accrus pour la salubrité et la • Les constructions liées à la • La distance minimale d’implantation des sécurité publique. • La création ou l’extension de restauration, à l'hébergement hôtelier constructions par rapport aux limites SECTEUR constructions destinées : et touristique dans la limite d’une SECTEURS séparatives est fixée à H/2 (hauteur de la emprise au sol maximale SECTEURS construction en t…",https://www.geoportail-urbanisme.gouv.fr/api/document/5edf63b8118051e81a650e2a279541fd/files/67188_reglement_20251217.pdf
1 - forte,,,,C5 zone mentionnée « Ut » malgré la portée administrative ; C1 le document a aussi des occurrences zone_specifique,199,5edf63b8118051e81a650e2a279541fd,1_67188_reglement_20251217.pdf__5,Heiligenberg,Plan Local d'Urbanisme (PLU) de la commune de HEILIGENBERG,règlement écrit,page 16,16,Ut,lutte_bruit_existant,"Le passage mentionne une interdiction (ou restriction) des créations/extensions de constructions générant une augmentation significative des nuisances sonores et olfactives pour le voisinage, ce qui constitue une règle autonome liée au bruit dans le cadre de l'urbanisation, indépendante du classement sonore ou du PEB. Le texte est cependant fragmenté et coupé, ce qui limite la clarté de l'extrait.","en résulte une augmentation situation existante au moment de peuvent déborder de 70 cm au maximum du •aux activités des secteurs significative des nuisances l’approbation du PLU. plan du mur de la construction considérée. (notamment sonores et olfactives) secondaire ou tertiaire (industrie, entrepôt, bureau) ; pour le voisinage, ainsi que des risques accrus pour la salubrité et la • Les constructions liées à la • La distance minimale d’implantation des","…EUR toute nature - qu’ils comportent ou collectif et services publics. sol maximale supplémentaire de 50 limite (Schlupf) peut se substituer à la limite Ue non des installations classées - s’il •commerces et activités de service mètres carrés relativement à la séparative. Dans ce cas, les gouttières en résulte une augmentation situation existante au moment de peuvent déborder de 70 cm au maximum du •aux activités des secteurs significative des nuisances l’approbation du PLU. plan du mur de la construction considérée. (notamment sonores et olfactives) secondaire ou tertiaire (industrie, entrepôt, bureau) ; pour le voisinage, ainsi que des risques accrus pour la salubrité et la • Les constructions liées à la • La distance minimale d’implantation des sécurité publique. • La création ou l’extension de restauration, à l'hébergement hôtelier constructions par rapport aux limites SECTEUR constructions destinées : et touristique dans la limite d’une SECTEURS séparatives est fixée à H/2 (hauteur de la emprise au sol maximale SECTEURS construction en t…",https://www.geoportail-urbanisme.gouv.fr/api/document/5edf63b8118051e81a650e2a279541fd/files/67188_reglement_20251217.pdf
1 - forte,,,,C2 référence d'article de zone « Article AU1 » ; C4 le contexte documentaire nomme une zone ; C1 le document a aussi des occurrences zone_specifique,215,d9f1902e01d10dfb16b87041193ba1c5,3_67252_reglement_20250623.pdf,Kurtzenhouse,Plan Local d'Urbanisme (PLU) de la commune de KURTZENHOUSE,règlement écrit,Article AU1,25,,lutte_bruit_existant,"Le passage conditionne l'extension ou la transformation d'établissements (industrie, entrepôt, bureau, activités de service) au fait qu'il n'en résulte pas une augmentation significative des nuisances notamment sonores pour le voisinage. Cette règle concerne bien des bâtiments/activités et non une infrastructure de transport, elle est donc retenue avec une confiance correcte, bien que l'extrait soit un peu coupé du fait du découpage automatique.","une augmentation significative des nuisances (notamment sonores et • Les secteurs 2AUh, 2AUp et 2AUs sont SECTEURS olfactives) pour le voisinage, ainsi que inconstructibles. Leur constructibilité des risques accrus pour la salubrité et la 2AUh implique, par une procédure adaptée sécurité publique. (telle une modification ou une révision du PLU), 2AUp leur versement en secteurs 1AUh, 2AUs 1AUp et 1AUs respectivement.","…l’extension ou la • aux activités des secteurs surface de vente soit inférieure à 300 mètres carrés. transformation d’établissements de secondaire ou tertiaire (industrie, toute nature - qu’ils comportent ou non entrepôt, bureau) ; des installations classées - s’il en résulte • activités de service. une augmentation significative des nuisances (notamment sonores et • Les secteurs 2AUh, 2AUp et 2AUs sont SECTEURS olfactives) pour le voisinage, ainsi que inconstructibles. Leur constructibilité des risques accrus pour la salubrité et la 2AUh implique, par une procédure adaptée sécurité publique. (telle une modification ou une révision du PLU), 2AUp leur versement en secteurs 1AUh, 2AUs 1AUp et 1AUs respectivement. Cependant, y sont autorisés les équipements d’infrastructure d'intérêt collectif et services publics. • Les affouillements et exhaussements du • La création ou l’extension de • La création, l’extension ou la sol autres que : ceux liés aux constructions destinées aux transformation d’établissements d…",https://www.geoportail-urbanisme.gouv.fr/api/document/d9f1902e01d10dfb16b87041193ba1c5/files/67252_reglement_20250623.pdf
1 - forte,,,,C5 zone mentionnée « A » malgré la portée administrative ; C2 référence d'article de zone « Article AU5 » ; C1 le document a aussi des occurrences zone_specifique,216,d9f1902e01d10dfb16b87041193ba1c5,6_67252_reglement_20250623.pdf,Kurtzenhouse,Plan Local d'Urbanisme (PLU) de la commune de KURTZENHOUSE,règlement écrit,Article AU5,30,A,autre,"Le passage impose que les équipements techniques extérieurs liés aux constructions (climatisation, pompes à chaleur, traitement d'eau de piscine) soient traités pour limiter l'émergence acoustique. Il s'agit d'une règle autonome de limitation des nuisances sonores générées par les bâtiments, relevant du périmètre diagBruit, applicable de façon générale sans zone spécifique mentionnée.","extérieures de pompes à chaleur, unités de climatisation, pompe de traitements des eaux de piscine, etc) ACOUSTIQUES devront être traités de manière à limiter l’émergence acoustique. 28 Plan Local d’Urbanisme - Règlement","…le cadre de la lutte contre le phénomène d’îlots de chaleur, l’emploi de revêtements de sols pour les espaces extérieurs devra privilégier les tons clairs caractérisés par un albédo* élevé. EMERGENCES • Les éléments techniques extérieurs liés aux constructions (centrales de traitement d’air, unités extérieures de pompes à chaleur, unités de climatisation, pompe de traitements des eaux de piscine, etc) ACOUSTIQUES devront être traités de manière à limiter l’émergence acoustique. 28 Plan Local d’Urbanisme - Règlement traiteMent environneMental a au6 rticle et paysager des espaces AU6 TRAITEMENT ENVIRONNEMENTAL ET PAYSAGER DES ESPACES PLT CBS DISPOSITION COEFFICIENT DE BIOTOPE PAR SURFACE (CBS) Coefficient de Coefficient de GÉNÉRALE surface en pleine biotope par ET SURFACE DE PLEINE TERRE (PLT) terre surface SECT…",https://www.geoportail-urbanisme.gouv.fr/api/document/d9f1902e01d10dfb16b87041193ba1c5/files/67252_reglement_20250623.pdf
1 - forte,,,,C5 zone mentionnée « AU » malgré la portée administrative ; C2 référence d'article de zone « Article AU5 » ; C4 le contexte documentaire nomme une zone ; C1 le document a aussi des occurrences zone_specifique,217,d9f1902e01d10dfb16b87041193ba1c5,7_67252_reglement_20250623.pdf,Kurtzenhouse,Plan Local d'Urbanisme (PLU) de la commune de KURTZENHOUSE,règlement écrit,Article AU5,35,AU,lutte_bruit_existant,"Le passage prescrit que les éléments techniques extérieurs liés aux bâtiments (climatisation, pompes à chaleur, etc.) doivent être traités pour limiter l'émergence acoustique. Il s'agit d'une règle autonome relative au bruit émis par les équipements des bâtiments, applicable à l'ensemble des constructions du document sans zone spécifique mentionnée.","protégées du rayonnement solaire direct en été -, compactes, très isolées, mettant en L’ADAPTATION oeuvre des systèmes énergétiques efficaces et utilisant les énergies renouvelables. CLIMATIQUE EMERGENCES • Les éléments techniques extérieurs liés au bâtiment (centrales de traitement d’air, unités extérieures de pompes à chaleur, unités de climatisation…) devront être traités ACOUSTIQUES de manière à limiter l’émergence acoustique.","…a place des haies et alignements d’arbres dans la structure paysagère des espaces. DISPOSITIFS FAVORISANT LES ÉCONOMIES • La conception bioclimatique est recommandée pour les nouvelles constructions : des D’ÉNERGIE ET constructions bien orientées - bénéficiant d’apports solaires gratuits en hiver et protégées du rayonnement solaire direct en été -, compactes, très isolées, mettant en L’ADAPTATION oeuvre des systèmes énergétiques efficaces et utilisant les énergies renouvelables. CLIMATIQUE EMERGENCES • Les éléments techniques extérieurs liés au bâtiment (centrales de traitement d’air, unités extérieures de pompes à chaleur, unités de climatisation…) devront être traités ACOUSTIQUES de manière à limiter l’émergence acoustique. traiteMent environneMental a a6 rticle et paysager des espaces A6 TRAITEMENT ENVIRONNEMENTAL ET PAYSAGER DES ESPACES • Les constructions et aménagements veilleront à limiter leur impact sur l’imperméabilisation des sols et à favoriser la circulation de la biodiversité. Ensemble de la ZONE A • Dans l…",https://www.geoportail-urbanisme.gouv.fr/api/document/d9f1902e01d10dfb16b87041193ba1c5/files/67252_reglement_20250623.pdf
1 - forte,,,,C5 zone mentionnée « AU » malgré la portée administrative ; C2 référence d'article de zone « Article au5 » ; C1 le document a aussi des occurrences zone_specifique,219,8ae18694b57b473bb4461d1d66380731,12_67261_reglement_20250505.pdf,Lauterbourg,Plan Local d'Urbanisme (PLU) de la commune de LAUTERBOURG,règlement écrit,Article au5,30,AU,autre,"Le passage impose que les éléments techniques extérieurs liés au bâtiment (climatisation, pompes à chaleur, centrales de traitement d'air) soient traités pour limiter l'émergence acoustique, ce qui constitue une règle autonome liée au bruit dans le cadre de constructions, applicable semble-t-il à l'ensemble du zonage sans restriction géographique précisée.","autorisés en saillies des toitures à condition que leur volumétrie s’insère harmonieusement dans le cadre bâti environnant. • Les éléments techniques extérieurs liés au bâtiment (centrales de traitement d’air, EMERGENCES ACOUSTIQUES unités extérieures de pompes à chaleur, unités de climatisation) devront être traités de manière à limiter l’émergence acoustique. 28 Plan local d’Urbanisme - règlement 5","…s renouvelables. ÉCONOMIES D’ÉNERGIE ET • Les dispositifs destinés à économiser de l’énergie ou à produire de l’énergie L’ADAPTATION CLIMATIQUE renouvelable dans les constructions, tels que panneaux solaires, éoliennes, toitures végétalisées, rehaussement de couverture pour isolation thermique, sont autorisés en saillies des toitures à condition que leur volumétrie s’insère harmonieusement dans le cadre bâti environnant. • Les éléments techniques extérieurs liés au bâtiment (centrales de traitement d’air, EMERGENCES ACOUSTIQUES unités extérieures de pompes à chaleur, unités de climatisation) devront être traités de manière à limiter l’émergence acoustique. 28 Plan local d’Urbanisme - règlement 5 traiteMent environneMental",https://www.geoportail-urbanisme.gouv.fr/api/document/8ae18694b57b473bb4461d1d66380731/files/67261_reglement_20250505.pdf
1 - forte,,,,C5 zone mentionnée « A » malgré la portée administrative ; C2 référence d'article de zone « Article au6 » ; C4 le contexte documentaire nomme une zone ; C1 le document a aussi des occurrences zone_specifique,220,8ae18694b57b473bb4461d1d66380731,15_67261_reglement_20250505.pdf,Lauterbourg,Plan Local d'Urbanisme (PLU) de la commune de LAUTERBOURG,règlement écrit,Article au6,35,A,lutte_bruit_existant,"Le passage impose que les équipements techniques extérieurs des bâtiments (climatisation, pompes à chaleur, centrales de traitement d'air) soient traités pour limiter l'émergence acoustique. Il s'agit d'une règle autonome de lutte contre le bruit généré par les équipements de bâtiments, dans le périmètre de diagBruit, sans lien avec le classement sonore ou le PEB. Aucune limite spatiale spécifique n'étant précisée dans ce passage, la portée est considérée comme administrative.","Les éléments techniques extérieurs liés au bâtiment (centrales de traitement EMERGENCES ACOUSTIQUES d’air, unités extérieures de pompes à chaleur, unités de climatisation…) devront être traités de manière à limiter l’émergence acoustique.","…es DISPOSITIFS FAVORISANT LES bâtiments neufs : des constructions bien orientées - bénéficiant d’apports ÉCONOMIES D’ÉNERGIE ET solaires gratuits en hiver et protégées du rayonnement solaire direct en été -, L’ADAPTATION CLIMATIQUE compactes, très isolées, mettant en oeuvre des systèmes énergétiques Les éléments techniques extérieurs liés au bâtiment (centrales de traitement EMERGENCES ACOUSTIQUES d’air, unités extérieures de pompes à chaleur, unités de climatisation…) devront être traités de manière à limiter l’émergence acoustique. article a6 et paysager des espaces A6 TRAITEMENT ENVIRONNEMENTAL ET PAYSAGER DES ESPACES • Les constructions et aménagements veilleront à limiter leur impact sur l’imperméabilisation des Ensemble de la ZONE A sols en limitant l'étanchéification des sols (dalles, enrobé, béton, etc) aux espaces où la…",https://www.geoportail-urbanisme.gouv.fr/api/document/8ae18694b57b473bb4461d1d66380731/files/67261_reglement_20250505.pdf
1 - forte,,,,C5 zone mentionnée « U » malgré la portée administrative ; C3 la justification parle d'une zone ; C4 le contexte documentaire nomme une zone ; C1 le document a aussi des occurrences zone_specifique,221,8ae18694b57b473bb4461d1d66380731,6_67261_reglement_20250505.pdf,Lauterbourg,Plan Local d'Urbanisme (PLU) de la commune de LAUTERBOURG,règlement écrit,page 21,21,U,autre,"Le passage impose que les éléments techniques extérieurs liés au bâtiment (climatiseurs, pompes à chaleur, centrales de traitement d'air) soient traités pour limiter l'émergence acoustique. Il s'agit d'une règle autonome liée au bruit, concernant directement les bâtiments (nuisances sonores générées par leurs équipements techniques), donc bien dans le périmètre diagBruit. Aucune limite spatiale spécifique n'étant précisée dans le passage lui-même (le secteur Ue apparaît seulement dans le contexte après, associé à un autre sujet), la règle semble s'appliquer plus largement dans le document.","L’ADAPTATION tels que panneaux solaires, éoliennes, toitures végétalisées, rehaussement de couverture pour isolation CLIMATIQUE thermique, sont autorisés en saillies des toitures à condition que leur volumétrie s’insère harmonieusement dans le cadre bâti environnant. EMERGENCES • Les éléments techniques extérieurs liés au bâtiment (centrales de traitement d’air, unités extérieures de pompes à ACOUSTIQUES chaleur, unités de climatisation) devront être traités de manière à limiter l’émergence acou…","…rayonnement solaire direct en été ‐, compactes, très isolées, mettant en oeuvre des systèmes LES ÉCONOMIES énergétiques efficaces et utilisant les énergies renouvelables. D’ÉNERGIE ET • Les dispositifs destinés à économiser de l’énergie ou à produire de l’énergie renouvelable dans les constructions, L’ADAPTATION tels que panneaux solaires, éoliennes, toitures végétalisées, rehaussement de couverture pour isolation CLIMATIQUE thermique, sont autorisés en saillies des toitures à condition que leur volumétrie s’insère harmonieusement dans le cadre bâti environnant. EMERGENCES • Les éléments techniques extérieurs liés au bâtiment (centrales de traitement d’air, unités extérieures de pompes à ACOUSTIQUES chaleur, unités de climatisation) devront être traités de manière à limiter l’émergence acou… Secteur Ue AMÉNAGEMENTS • Dans le cas de dépôts de matériaux, ceux‐ci seront rendus invisible ou faiblement visible depuis le domaine public par DES CLÔTURES ET la plantation adaptée d’arbres, haies ou bosquets. DES ABORDS 19 LAUTERBOURG",https://www.geoportail-urbanisme.gouv.fr/api/document/8ae18694b57b473bb4461d1d66380731/files/67261_reglement_20250505.pdf
1 - forte,,,,C5 zone mentionnée « 1AUh » malgré la portée administrative ; C2 référence d'article de zone « Article Au4 » ; C1 le document a aussi des occurrences zone_specifique,260,fc6bee104103d89651e5a0410d49cd49,13_67443_reglement_20200303.pdf,Scheibenhard,Plan Local d'Urbanisme (PLU) de la commune de SCHEIBENHARD,règlement écrit,Article Au4,29,1AUh,autre,"La règle impose de traiter les équipements techniques extérieurs (climatisation, pompes à chaleur, etc.) liés aux bâtiments afin de limiter l'émergence acoustique. C'est une prescription autonome concernant les constructions, dans le périmètre de diagBruit, sans lien avec le classement sonore ou le PEB.","extérieures de pompes à chaleur, unités de climatisation, pompe de traitements des eaux ACOUSTIQUES de piscine, etc) devront être traités de manière à limiter l’émergence acoustique. 5","…es, rehaussement de couverture pour isolation thermique, sont autorisés en CLIMATIQUE saillies des toitures à condition que leur volumétrie s’insère harmonieusement dans le cadre bâti environnant. EMERGENCES • Les éléments techniques extérieurs liés au bâtiment (centrales de traitement d’air, unités extérieures de pompes à chaleur, unités de climatisation, pompe de traitements des eaux ACOUSTIQUES de piscine, etc) devront être traités de manière à limiter l’émergence acoustique. 5 PPRRAAGGMMAA",https://www.geoportail-urbanisme.gouv.fr/api/document/fc6bee104103d89651e5a0410d49cd49/files/67443_reglement_20200303.pdf
1 - forte,,,,C5 zone mentionnée « ZONE N » malgré la portée administrative ; C2 référence d'article de zone « Article Au6 » ; C3 la justification parle d'une zone ; C4 le contexte documentaire nomme une zone ; C1 le document a aussi des occurrences zone_specifique,261,fc6bee104103d89651e5a0410d49cd49,23_67443_reglement_20200303.pdf,Scheibenhard,Plan Local d'Urbanisme (PLU) de la commune de SCHEIBENHARD,règlement écrit,Article Au6,41,ZONE N,lutte_bruit_existant,"Le passage impose que les équipements techniques extérieurs des bâtiments (climatisation, pompes à chaleur, traitement d'air) soient traités pour limiter l'émergence acoustique. C'est une règle autonome de construction liée au bruit, applicable aux constructions neuves de la zone N, sans lien avec le classement sonore ou le PEB.","bâtiments neufs : des constructions bien orientées - bénéficiant d’apports ÉCONOMES D’ÉNERGIE RT solaires gratuits en hiver et protégées du rayonnement solaire direct en été -, L’ADAPTATION CLIMATIQUE compactes, très isolées, mettant en oeuvre des systèmes énergétiques efficaces et utilisant les énergies renouvelables. • Les éléments techniques extérieurs liés au bâtiment (centrales de traitement EMERGENCES ACOUSTIQUES d’air, unités extérieures de pompes à chaleur, unités de climatisation…) devr…","…ments, un projet d’intégration paysagère à ESSENCES VÉGÉTALES partir d’implantation d’arbres à hautes tiges ou de haies vives, composées ZONE N d’essences champêtres (feuillus et fruitiers), sera exigé. DISPOSITIFS FAVORISANT LES • La conception bioclimatique est recommandée pour la construction des bâtiments neufs : des constructions bien orientées - bénéficiant d’apports ÉCONOMES D’ÉNERGIE RT solaires gratuits en hiver et protégées du rayonnement solaire direct en été -, L’ADAPTATION CLIMATIQUE compactes, très isolées, mettant en oeuvre des systèmes énergétiques efficaces et utilisant les énergies renouvelables. • Les éléments techniques extérieurs liés au bâtiment (centrales de traitement EMERGENCES ACOUSTIQUES d’air, unités extérieures de pompes à chaleur, unités de climatisation…) devr… être traités de manière à limiter l’émergence acoustique. 39 SCHEIBENHARD 11 11",https://www.geoportail-urbanisme.gouv.fr/api/document/fc6bee104103d89651e5a0410d49cd49/files/67443_reglement_20200303.pdf
1 - forte,,,,C5 zone mentionnée « ZONE U » malgré la portée administrative ; C1 le document a aussi des occurrences zone_specifique,262,fc6bee104103d89651e5a0410d49cd49,6_67443_reglement_20200303.pdf,Scheibenhard,Plan Local d'Urbanisme (PLU) de la commune de SCHEIBENHARD,règlement écrit,page 21,21,ZONE U,autre,"Le passage impose que les équipements techniques extérieurs liés aux bâtiments (climatisation, pompes à chaleur, etc.) soient traités pour limiter leur émergence acoustique. C'est une règle autonome concernant les constructions, distincte du classement sonore ou du PEB, applicable de façon générale sans zone spécifique mentionnée.","couverture pour isolation thermique, sont autorisés en saillies des toitures à condition que leur CLIMATIQUE volumétrie s’insère harmonieusement dans le cadre bâti environnant. EMERGENCES • Les éléments techniques extérieurs liés au bâtiment (centrales de traitement d’air, unités extérieures de pompes à chaleur, unités de climatisation, pompe de traitements des eaux de piscine, etc) 19 ACOUSTIQUES SCHEIBENHARD devront être traités de manière à limiter l’émergence acoustique.","…tèmes ÉCONOMIES énergétiques efficaces et utilisant les énergies renouvelables. D’ÉNERGIE ET • Les dispositifs destinés à économiser de l’énergie ou à produire de l’énergie renouvelable dans les L’ADAPTATION constructions, tels que panneaux solaires, éoliennes, toitures végétalisées, rehaussement de couverture pour isolation thermique, sont autorisés en saillies des toitures à condition que leur CLIMATIQUE volumétrie s’insère harmonieusement dans le cadre bâti environnant. EMERGENCES • Les éléments techniques extérieurs liés au bâtiment (centrales de traitement d’air, unités extérieures de pompes à chaleur, unités de climatisation, pompe de traitements des eaux de piscine, etc) 19 ACOUSTIQUES SCHEIBENHARD devront être traités de manière à limiter l’émergence acoustique. 2",https://www.geoportail-urbanisme.gouv.fr/api/document/fc6bee104103d89651e5a0410d49cd49/files/67443_reglement_20200303.pdf
1 - forte,,,,C2 référence d'article de zone « Article au6 » ; C3 la justification parle d'une zone ; C4 le contexte documentaire nomme une zone ; C1 le document a aussi des occurrences zone_specifique,273,d699ee12b61bc58eb849e550fac799eb,18_67523_reglement_20191205.pdf,Weitbruch,Plan Local d'Urbanisme (PLU) de la commune de WEITBRUCH,règlement écrit,Article au6,36,"Toute les zones U, AU, A, N",autre,"Le passage, bien que très abîmé par l'extraction OCR, contient une prescription concernant les émergences acoustiques liées aux équipements techniques extérieurs (climatisation, traitement d'air) qui devront être traités pour respecter un seuil acoustique, dans le secteur Ur Ac/Acr. Cette règle concerne les équipements des bâtiments et non une infrastructure de transport, donc pas de motif de confiance faible pour cette raison ; en revanche le texte est fortement corrompu par le découpage OCR, ce qui limite la clarté de l'extrait.","deux pans. Cette disposition cependant ne s’applique pas projection verticale de ce point sur le terrain naturel. SECTEUR Ur Ac - Acr éléments d’accompagnement d’architecture, tels les SOUBASSEMENT ET • Le niveau supérieur de la dalle du rez-de-chaussée ne pourra être supérieur à 0,8 mètre EMERGENCES • Les éléments techniques extérieurs liés au bâtiment (centrales de traitement d’air, ➡ L’extension des cAoenstruchcietniso-asnsiss, leos uco yalaux ect lreé luacatrnieos.n d’annexes C t e e d c t h…","…n o t le p s r é p s r e iv n i t lé e g r i u e n ra c l a e r a b c o t i è s r e e t s l o e i u g r n s é a e b t o e rd n s tr , e a te in n s u i . que ceux des aires de CLIMATIQUE m ren et o t u a v n e t l e a n b l o e e s. uvre des systèmes énergétiques efficaces et utilisant les énergies deux pans. Cette disposition cependant ne s’applique pas projection verticale de ce point sur le terrain naturel. SECTEUR Ur Ac - Acr éléments d’accompagnement d’architecture, tels les SOUBASSEMENT ET • Le niveau supérieur de la dalle du rez-de-chaussée ne pourra être supérieur à 0,8 mètre EMERGENCES • Les éléments techniques extérieurs liés au bâtiment (centrales de traitement d’air, ➡ L’extension des cAoenstruchcietniso-asnsiss, leos uco yalaux ect lreé luacatrnieos.n d’annexes C t e e d c t h… respecter le CBS appli•cCaonbcelrena nst lues rv olluam eps aannrecxees ldl’eun em emapriisse anu seol son te t l s p qu a e s de s s a o nte u nn m es o is u d e e s s c heminées. CONSTRUCTIONS dessous illustre les présentes modalités : inférieure à 30m2, les toitures doivent comprendre un ou Les e…",https://www.geoportail-urbanisme.gouv.fr/api/document/d699ee12b61bc58eb849e550fac799eb/files/67523_reglement_20191205.pdf
1 - forte,,,,C5 zone mentionnée « 1AUe » malgré la portée administrative ; C2 référence d'article de zone « Article au2 » ; C3 la justification parle d'une zone ; C1 le document a aussi des occurrences zone_specifique,275,d699ee12b61bc58eb849e550fac799eb,8_67523_reglement_20191205.pdf,Weitbruch,Plan Local d'Urbanisme (PLU) de la commune de WEITBRUCH,règlement écrit,Article au2,25,1AUe,lutte_bruit_existant,"Le passage évoque un encadrement des constructions et aménagements destinés au commerce et activités de service dans le secteur 1AUe, en lien avec une augmentation des nuisances sonores et olfactives pour le voisinage. C'est une règle d'urbanisme (limitation de l'implantation de certaines activités générant du bruit) autonome et distincte du classement sonore des voies ou du PEB. Toutefois le texte est fortement corrompu (mots mélangés, coupures) rendant la citation difficile à isoler proprement.","en résulte une augmentation définie dans les OAP, la création, à 50% de cette dernière et d’une significative des nuisances l’extension de constructions et les surface habitable inférieure à 150 m2. • En dérogation des alinéas présentés ci-dessus, des SECTEUR (notamment sonores et olfactives) aménagements destinés : constructions peuvent être édifiées à moins de 3 mètres 1AUe pour le voisinage, ainsi que des •Au commerce et activités de • Dans la partie Est du site, tel que des limites séparativ…","…nsformation d’établissements de s'effectue l'accueil d’une clientèle) ; ce dernier soit attenante au bâtiment toute nature - qu’ils comportent ou principal de l’entreprise, ceci dans la non des installations classées - s’il • Dans la partie Est du site, tel que limite d’une emprise au sol inférieure en résulte une augmentation définie dans les OAP, la création, à 50% de cette dernière et d’une significative des nuisances l’extension de constructions et les surface habitable inférieure à 150 m2. • En dérogation des alinéas présentés ci-dessus, des SECTEUR (notamment sonores et olfactives) aménagements destinés : constructions peuvent être édifiées à moins de 3 mètres 1AUe pour le voisinage, ainsi que des •Au commerce et activités de • Dans la partie Est du site, tel que des limites séparativ… risques accrus pour la salubrité et la service (Artisanat, commerce de définie dans les OAP, l’habitat dans la présentées ci-contre. sécurité publique. d gr é o ta s, il , a r c e t s iv t i a té u s ra d ti e o n s , e c rv o ic m e m s e o r ù c e de l s im ou it s e r d é ’ s u e n r v lo e g q e…",https://www.geoportail-urbanisme.gouv.fr/api/document/d699ee12b61bc58eb849e550fac799eb/files/67523_reglement_20191205.pdf
1 - forte,,,,C5 zone mentionnée « U » malgré la portée administrative ; C1 le document a aussi des occurrences zone_specifique,297,2e782afabec0a8c1c78ec25955bff2c3,1_67308_reglement_20211115.pdf,Munchhausen,Plan Local d’Urbanisme (PLU) de la commune de MUNCHHAUSEN,règlement écrit,alinéa 4,21,U,autre,"Le passage impose que les éléments techniques extérieurs liés aux bâtiments (climatisation, pompes à chaleur, traitement des eaux de piscine, etc.) soient traités pour limiter leur émergence acoustique. Il s'agit d'une règle autonome liée au bruit concernant les constructions, entrant pleinement dans le périmètre diagBruit, sans lien avec le classement sonore ou le PEB. Aucune limite spatiale spécifique n'étant précisée, la règle s'applique à l'ensemble du zonage couvert par le document.","CLIMATIQUE volumétrie s’insère harmonieusement dans le cadre bâti environnant. • Les éléments techniques extérieurs liés au bâtiment (centrales de traitement d’air, unités EMERGENCES extérieures de pompes à chaleur, unités de climatisation, pompe de traitements des eaux de ACOUSTIQUES piscine, etc) devront être traités de manière à limiter l’émergence acoustique. 19 PLAN LOCAL D’URBANISME DE MUNCHHAUSEN","…destinés à économiser de l’énergie ou à produire de l’énergie renouvelable dans les D’ÉNERGIE ET constructions, tels que panneaux solaires, éoliennes, toitures végétalisées, rehaussement de L’ADAPTATION couverture pour isolation thermique, sont autorisés en saillies des toitures à condition que leur CLIMATIQUE volumétrie s’insère harmonieusement dans le cadre bâti environnant. • Les éléments techniques extérieurs liés au bâtiment (centrales de traitement d’air, unités EMERGENCES extérieures de pompes à chaleur, unités de climatisation, pompe de traitements des eaux de ACOUSTIQUES piscine, etc) devront être traités de manière à limiter l’émergence acoustique. 19 PLAN LOCAL D’URBANISME DE MUNCHHAUSEN PRAGMA TRAITEMENT ENVIRONNEMENTAL ET",https://www.geoportail-urbanisme.gouv.fr/api/document/2e782afabec0a8c1c78ec25955bff2c3/files/67308_reglement_20211115.pdf
1 - forte,,,,C5 zone mentionnée « 1AUh » malgré la portée administrative ; C2 référence d'article de zone « Article AU5 » ; C1 le document a aussi des occurrences zone_specifique,298,2e782afabec0a8c1c78ec25955bff2c3,3_67308_reglement_20211115.pdf,Munchhausen,Plan Local d’Urbanisme (PLU) de la commune de MUNCHHAUSEN,règlement écrit,Article AU5,27,1AUh,autre,"Le passage impose une prescription autonome visant à limiter l'émergence acoustique des équipements techniques extérieurs liés aux bâtiments (climatisation, pompes à chaleur, traitement d'air, etc.), applicable a priori à l'ensemble du zonage du PLU. Cette règle concerne directement les constructions et ne relève ni du classement sonore ni du PEB, elle est donc bien dans le périmètre diagBruit.","CLIMATIQUE volumétrie s’insère harmonieusement dans le cadre bâti environnant. • Les éléments techniques extérieurs liés au bâtiment (centrales de traitement d’air, unités EMERGENCES extérieures de pompes à chaleur, unités de climatisation, pompe de traitements des eaux de ACOUSTIQUES piscine, etc) devront être traités de manière à limiter l’émergence acoustique. 25 PLAN LOCAL D’URBANISME DE MUNCHHAUSEN","…destinés à économiser de l’énergie ou à produire de l’énergie renouvelable dans les D’ÉNERGIE ET constructions, tels que panneaux solaires, éoliennes, toitures végétalisées, rehaussement de L’ADAPTATION couverture pour isolation thermique, sont autorisés en saillies des toitures à condition que leur CLIMATIQUE volumétrie s’insère harmonieusement dans le cadre bâti environnant. • Les éléments techniques extérieurs liés au bâtiment (centrales de traitement d’air, unités EMERGENCES extérieures de pompes à chaleur, unités de climatisation, pompe de traitements des eaux de ACOUSTIQUES piscine, etc) devront être traités de manière à limiter l’émergence acoustique. 25 PLAN LOCAL D’URBANISME DE MUNCHHAUSEN PRAGMA TRAITEMENT ENVIRONNEMENTAL ET",https://www.geoportail-urbanisme.gouv.fr/api/document/2e782afabec0a8c1c78ec25955bff2c3/files/67308_reglement_20211115.pdf
1 - forte,,,,C5 zone mentionnée « A1 » malgré la portée administrative ; C2 référence d'article de zone « Article AU6 » ; C4 le contexte documentaire nomme une zone ; C1 le document a aussi des occurrences zone_specifique,299,2e782afabec0a8c1c78ec25955bff2c3,4_67308_reglement_20211115.pdf,Munchhausen,Plan Local d’Urbanisme (PLU) de la commune de MUNCHHAUSEN,règlement écrit,Article AU6,31,A1,autre,"Le passage prescrit que les équipements techniques extérieurs des bâtiments (climatisation, pompes à chaleur, etc.) soient traités pour limiter l'émergence acoustique, ce qui relève directement du périmètre diagBruit (bâtiments). Il n'y a pas de limite spatiale spécifique mentionnée, donc portée administrative par défaut.",ACOUSTIQUES l’émergence acoustique.,"…E ET énergétiques efficaces et utilisant les énergies renouvelables. L’ADAPTATION CLIMATIQUE • Les éléments techniques extérieurs liés au bâtiment (centrales de traitement d’air, unités A1 EMERGENCES extérieures de pompes à chaleur, unités de climatisation…) devront être traités de manière à limiter ACOUSTIQUES l’émergence acoustique. ARTICLE A6 TRAITEMENT ENVIRONNEMENTAL ET PAYSAGER DES ESPACES A6 TRAITEMENT ENVIRONNEMENTAL ET PAYSAGER DES ESPACES • Les constructions et aménagements veilleront à limiter leur impact sur l’imperméabilisation des sols et à favoriser la circulation de la biodiversité. Ensemble de la zone A • Dans le…",https://www.geoportail-urbanisme.gouv.fr/api/document/2e782afabec0a8c1c78ec25955bff2c3/files/67308_reglement_20211115.pdf
1 - forte,,,,C5 zone mentionnée « N » malgré la portée administrative ; C2 référence d'article de zone « Article AU6 » ; C1 le document a aussi des occurrences zone_specifique,300,2e782afabec0a8c1c78ec25955bff2c3,5_67308_reglement_20211115.pdf,Munchhausen,Plan Local d’Urbanisme (PLU) de la commune de MUNCHHAUSEN,règlement écrit,Article AU6,35,N,autre,"Le passage prescrit/recommande que les éléments techniques extérieurs liés au bâtiment (climatisation, pompes à chaleur, etc.) soient traités pour limiter l'émergence acoustique. Cette règle concerne directement les constructions de bâtiments, relève donc pleinement du périmètre diagBruit. Aucune limite spatiale spécifique n'étant mentionnée, la portée est considérée comme administrative.","ÉCONOMIES constructions bien orientées - bénéficiant d’apports solaires gratuits en hiver et protégées du D’ÉNERGIE ET rayonnement solaire direct en été -, compactes, très isolées, mettant en œuvre des systèmes L’ADAPTATION énergétiques efficaces et utilisant les énergies renouvelables. CLIMATIQUE EMERGENCES • Les éléments techniques extérieurs liés au bâtiment (centrales de traitement d’air, unités ACOUSTIQUES extérieures de pompes à chaleur, unités de climatisation…) devront être traités de ma…","…ce dernier que vu depuis l’extérieur. Ce plan mettra également en perspective le respect et la valorisation de la présence de la nature et de la biodiversité au sein même du site. DISPOSITIFS FAVORISANT LES • La conception bioclimatique est recommandée pour la construction des bâtiments neufs : des ÉCONOMIES constructions bien orientées - bénéficiant d’apports solaires gratuits en hiver et protégées du D’ÉNERGIE ET rayonnement solaire direct en été -, compactes, très isolées, mettant en œuvre des systèmes L’ADAPTATION énergétiques efficaces et utilisant les énergies renouvelables. CLIMATIQUE EMERGENCES • Les éléments techniques extérieurs liés au bâtiment (centrales de traitement d’air, unités ACOUSTIQUES extérieures de pompes à chaleur, unités de climatisation…) devront être traités de ma… limiter l’émergence acoustique.",https://www.geoportail-urbanisme.gouv.fr/api/document/2e782afabec0a8c1c78ec25955bff2c3/files/67308_reglement_20211115.pdf
2 - moyenne,,,,C3 la justification parle d'une zone,164,70fe46752c08fc68eb2f95c554562007,2_67045_reglement_20250908.pdf,Bischoffsheim,Plan Local d'Urbanisme (PLU) de la commune de BISCHOFFSHEIM,règlement écrit,Article 1,65,,autre,"Le passage impose une condition d'admissibilité pour certaines constructions (artisanat, commerce, hôtellerie, bureaux, services, usage viticole) dans une zone à caractère résidentiel : les activités ne doivent pas créer de nuisances, dont le bruit est explicitement cité. Cette règle est autonome par rapport au classement sonore des voies ou au PEB, et vise à préserver le caractère résidentiel de la zone en limitant les nuisances sonores générées par les activités elles-mêmes, ce qui relève du périmètre diagBruit. La règle s'applique à une zone réglementaire spécifique (non précisée dans l'extrait mais visiblement un zonage particulier à caractère résidentiel) dont le contour n'est pas automatiquement disponible.","à condition que les activités exercées ne créent pas de nuisances (bruit, fumée, odeur, poussière, trépidations, etc.) ou de dangers incompatibles avec le caractère résidentiel de la zone","- Les constructions à condition qu’elles soient à usage d'habitation, d'équipement
collectif ou de stationnement, à condition que les activités exercées ne créent pas de nuisances (bruit, fumée, odeur, poussière, trépidations, etc.) ou de dangers incompatibles avec le caractère résidentiel de la zone - Les lotissements à condition qu’ils soient à usage principal d'habitation,",https://www.geoportail-urbanisme.gouv.fr/api/document/70fe46752c08fc68eb2f95c554562007/files/67045_reglement_20250908.pdf
2 - moyenne,,,,C3 la justification parle d'une zone ; C1 le document a aussi des occurrences zone_specifique,175,71be1d2fe04f069bd2638676c5c499ec,12_67101_reglement_20260706.pdf,Dorlisheim,Plan Local d'Urbanisme (PLU) de la commune de DORLISHEIM,règlement écrit,Article 2,88,,lutte_bruit_existant,"La règle conditionne l'implantation de constructions d'activités à l'absence de nuisances (bruits, trépidations, odeurs) incompatibles avec le caractère résidentiel de la zone. Cette prescription concerne directement les bâtiments (constructions à usage d'activités) et leur compatibilité avec l'urbanisation résidentielle environnante, donc pleinement dans le périmètre diagBruit.","Les constructions à usage d'activités à condition que leur implantation n'engendre pas de risques et de nuisances incompatibles avec le caractère résidentiel principal des secteurs de zone (bruits, trépidations, odeurs....)","l'opération d'ensemble : Les constructions à usage d'activités à condition que leur implantation n'engendre pas de risques et de nuisances incompatibles avec le caractère résidentiel principal des secteurs de zone (bruits, trépidations, odeurs....) - Les abris d'animaux à condition qu'ils abritent uniquement des élevages de type familial et que
l'élevage des animaux n'engendre pas de nuisances ou de risques incompatibles avec le
caractère nrincinalement résidentiel de la zone.",https://www.geoportail-urbanisme.gouv.fr/api/document/71be1d2fe04f069bd2638676c5c499ec/files/67101_reglement_20260706.pdf
2 - moyenne,,,,C3 la justification parle d'une zone ; C1 le document a aussi des occurrences zone_specifique,176,71be1d2fe04f069bd2638676c5c499ec,7_67101_reglement_20260706.pdf,Dorlisheim,Plan Local d'Urbanisme (PLU) de la commune de DORLISHEIM,règlement écrit,Article 2,35,,lutte_bruit_existant,"Le passage, bien que fragmenté, énonce une condition d'implantation générale interdisant les nuisances (bruits, trépidations, odeurs) incompatibles avec le caractère de la zone, applicable notamment aux nouvelles constructions à usage agricole. C'est une règle autonome liée au bruit dans le cadre de la construction de bâtiments, distincte du classement sonore ou du PEB. Le texte étant coupé et peu clair syntaxiquement, la confiance dans l'extrait reste limitée.","implantation n'engendre
' zone (bruits,","pas de risques et de nuisances incompatibies avec ie Caractère rl Si
trépidations, odeurs .…). implantation n'engendre
' zone (bruits, - Les nouvelles constructions à usage agricole à condition qu'elles soient liées à une exploitation
agricole existante dans la zone et qu'elles n'engendrent pas de nuisances ou de risques
intolérables pour le voisinage.",https://www.geoportail-urbanisme.gouv.fr/api/document/71be1d2fe04f069bd2638676c5c499ec/files/67101_reglement_20260706.pdf
2 - moyenne,,,,C3 la justification parle d'une zone,182,86e3aeb923c7874e80bd3455f01aac22,1_67115_reglement_20260303.pdf,Ebersheim,Plan Local d'Urbanisme (PLU) de la commune de EBERSHEIM,règlement écrit,Article 11,36,,autre,"Le passage autorise une exception à l'interdiction des talus/remblais artificiels pour les éléments destinés à limiter les nuisances acoustiques - c'est une règle autonome liée au bruit dans le cadre de constructions/aménagements, applicable à l'ensemble de la zone concernée par cet article (pas de restriction géographique spécifique mentionnée).",La création de talus ou remblais artificiels est interdite à l’exception des éléments mis en place pour limiter les nuisances acoustiques.,"ainsi qu’à la conservation des perspectives monumentales. Les dispositions du présent article ne s’appliquent pas aux petites constructions*. Commune d’Ebersheim Règlement écrit Modification n°3 du PLU Février 2026 La création de talus ou remblais artificiels est interdite à l’exception des éléments mis en place pour limiter les nuisances acoustiques. Façades et murs Les façades de plus de 12 mètres de long intègreront des éléments de rupture sur une largeur minimale de 1 mètre (décrochement, traitement architectural,…) à raison d’au moins un élément tous les 12 mètres de façade. Antennes paraboliques Sauf impératifs techniques, celles-ci doivent…",https://www.geoportail-urbanisme.gouv.fr/api/document/86e3aeb923c7874e80bd3455f01aac22/files/67115_reglement_20260303.pdf
2 - moyenne,,,,C3 la justification parle d'une zone ; C1 le document a aussi des occurrences zone_specifique,224,ad6748bd26d5270fed09bf7e8c200b8d,2_67275_reglement_20191211.pdf,Lupstein,Plan Local d'Urbanisme (PLU) de la commune de LUPSTEIN,règlement écrit,page 6,6,,lutte_bruit_existant,"Le passage impose une condition liée au bruit pour la transformation/extension des constructions agricoles : ne pas accroître les nuisances sonores (et olfactives), ainsi qu'une condition de compatibilité sonore lors d'un changement de destination vis-à-vis du voisinage des zones d'habitation. Il s'agit d'une règle autonome d'urbanisme concernant des bâtiments, distincte du classement sonore ou du PEB, applicable à l'ensemble de la zone du règlement (pas de secteur spécifique mentionné).","La transformation et l’extension des constructions agricoles sont autorisées à condition de ne pas accroître les nuisances olfactives et sonores, et sous réserve des dispositions applicables à ce type d’activités.","…pations et utilisations du sol soumises à des conditions particulières 2.1. Pour des motifs d’ordre esthétique ou sanitaire, l’autorisation de construire pourra être subordonnée à la démolition de tout ou partie de bâtiments existant sur le terrain où l’implantation de la construction est envisagée. La transformation et l’extension des constructions agricoles sont autorisées à condition de ne pas accroître les nuisances olfactives et sonores, et sous réserve des dispositions applicables à ce type d’activités. PLU de Lupstein Modification simplifiée n°1 5",https://www.geoportail-urbanisme.gouv.fr/api/document/ad6748bd26d5270fed09bf7e8c200b8d/files/67275_reglement_20191211.pdf
2 - moyenne,,,,C3 la justification parle d'une zone,284,274e0297eee8a3b4d7650c9c8d2c950f,6_200034635_reglement_20251211.pdf,"Berstett, Dingsheim, Dossenheim-Kochersberg, Durningen, Fessenheim-le-Bas, Furdenheim, Gougenheim, Griesheim-sur-Souffel, Handschuheim, Hurtigheim, Ittenheim, Kienheim, Kuttolsheim, Neugartheim-Ittlenheim, Pfulgriesheim, Quatzenheim, Rohr, Schnersheim, Stutzheim-Offenheim, Truchtersheim, Willgottheim, Wintzenheim-Kochersberg, Wiwersheim",Plan Local d'Urbanisme intercommunal (PLUi) DU KOCHERSBERG ET DE L'ACKERLAND,règlement écrit,Article 2.7.,45,,autre,"Le passage impose que les pompes à chaleur et dispositifs de climatisation en façade soient implantés de manière à minimiser les nuisances sonores pour le voisinage, ce qui constitue une règle autonome liée au bruit dans le cadre de constructions, applicable à l'ensemble du territoire couvert par le règlement (pas de zone spécifique mentionnée).",Les pompes à chaleur ou dispositifs de climatisation installés en façade de la construction doivent être implantés sur la façade où ils présentent le moins de nuisances visuelles et/ou sonores pour le voisinage dans la mesure où les conditions techniques d’implantation le permettent.,…hoisis parmi les teintes définies par les couvertures de l’habitat existant situé dans l’environnement immédiat. 2. Façades : ▪ Toute nouvelle construction présentant une façade sur rue de plus de 20 mètres ne peut être réalisée sans introduire des décrochements ou éléments architecturaux ayant pour Les pompes à chaleur ou dispositifs de climatisation installés en façade de la construction doivent être implantés sur la façade où ils présentent le moins de nuisances visuelles et/ou sonores pour le voisinage dans la mesure où les conditions techniques d’implantation le permettent. permettent. CdC Kochersberg-Ackerland I Règlement écrit I Atelier [inSitu] - VB Process - I Approuvé le 10 décembre 2019 – M1 le 30 juin 2022 - M2 le 18 septembre 2025 I page 45,https://www.geoportail-urbanisme.gouv.fr/api/document/274e0297eee8a3b4d7650c9c8d2c950f/files/200034635_reglement_20251211.pdf
3 - faible,,,,C1 le document a aussi des occurrences zone_specifique,169,7ba5c245843c439061a106418e9f4c9b,1_67076_reglement_20170921.pdf,Colroy-la-Roche,Plan Local d'Urbanisme (PLU) de la commune de COLROY-LA-ROCHE,règlement écrit,Article 11,17,,autre,"Le passage impose une prescription/recommandation concernant l'implantation des pompes à chaleur et dispositifs de climatisation en façade, afin de limiter les nuisances sonores pour le voisinage. Il s'agit d'une règle autonome liée au bruit, applicable aux constructions, sans référence à une zone réglementaire spécifique, donc portée administrative par défaut.",Les pompes à chaleur ou dispositifs de climatisation installés en façade de la construction doivent être implantés sur la façade où ils présentent le moins de nuisances visuelles et/ou sonores pour le voisinage dans la mesure où les conditions techniques d’implantation le permettent.,"…de construire peut être refusé ou n'être accordé que sous réserve de l'observation de prescriptions spéciales si les constructions, par leur situation, leurs dimensions ou l'aspect extérieur des bâtiments ou ouvrages à édifier ou à modifier, sont de nature à porter atteinte aux espaces, paysages et Les pompes à chaleur ou dispositifs de climatisation installés en façade de la construction doivent être implantés sur la façade où ils présentent le moins de nuisances visuelles et/ou sonores pour le voisinage dans la mesure où les conditions techniques d’implantation le permettent. voisinage dans la mesure où les conditions techniques d’implantation le permettent. Les toitures : Les toitures des constructions seront constituées de charpentes à deux pans droits ou à deux pans brisés, d’une pente comprise entre 30° et 52°. Les croupes et demi-croupes sont autorisées. Cette règle…",https://www.geoportail-urbanisme.gouv.fr/api/document/7ba5c245843c439061a106418e9f4c9b/files/67076_reglement_20170921.pdf
3 - faible,,,,C1 le document a aussi des occurrences zone_specifique,177,1413f9ce036f2b048fe492e3f46becd4,1_67108_20190520_delib_debat_padd_20250624.pdf,Duppigheim,Plan Local d'Urbanisme (PLU) de la commune de DUPPIGHEIM,PADD,page 2,2,,autre,"Le PADD prévoit le maintien d'espaces de transition par rapport aux grands axes de circulation et aux grandes emprises industrielles pour atténuer les nuisances sonores pour les résidents. Il ne s'agit pas d'un simple renvoi au classement sonore ou au PEB, mais d'une orientation propre au document (espaces tampons paysagers) visant à protéger les futurs résidents des nuisances sonores, donc bien dans le périmètre diagBruit (aménagement urbain lié aux bâtiments/habitants). La portée n'étant pas limitée à une zone précise tracée, elle est considérée comme administrative.","Pour préserver le paysage et atténuer les nuisances visuelles et sonores pour les résidents, des espaces de transition seront à maintenir et à prévoir dans le PLU par rapport aux grands axes de circulation et aux grandes emprises industrielles","…aintiendra par une réglementation adaptée, la possibilité d’implanter dans le tissu bâti des petits commerces et services de proximité qui participent grandement à la vie sociale et économique de village ; - En matière de transport et déplacements, la commune souhaite poursuivre une politique active Pour préserver le paysage et atténuer les nuisances visuelles et sonores pour les résidents, des espaces de transition seront à maintenir et à prévoir dans le PLU par rapport aux grands axes de circulation et aux grandes emprises industrielles des espaces de transition seront à maintenir et à prévoir dans le PLU par rapport aux grands axes de circulation et aux grandes emprises industrielles ; - La commune souhaite maintenir la limite d’urbanisation au Sud de la RD 392, dans un secteur proche de l’autoroute et des terres identifiées pour…",https://www.geoportail-urbanisme.gouv.fr/api/document/1413f9ce036f2b048fe492e3f46becd4/files/67108_20190520_delib_debat_padd_20250624.pdf
3 - faible,,,,C1 le document a aussi des occurrences zone_specifique,178,1413f9ce036f2b048fe492e3f46becd4,1_67108_20230919_delib_debat_padd_20250624.pdf,Duppigheim,Plan Local d'Urbanisme (PLU) de la commune de DUPPIGHEIM,PADD,page 2,2,,lutte_bruit_existant,"Le passage prescrit le maintien d'espaces de transition dans le PLU par rapport aux grands axes de circulation et emprises industrielles afin d'atténuer les nuisances sonores pour les résidents. Cela concerne l'aménagement urbain à proximité de sources de bruit (infrastructures et industries), donc relève bien du périmètre diagBruit, et non uniquement de l'infrastructure elle-même. Aucune zone réglementaire précise n'étant délimitée, la règle est considérée comme s'appliquant à l'ensemble du territoire couvert par le PLU.","Pour préserver le paysage et atténuer les nuisances visuelles et sonores pour les résidents, des espaces de transition seront à maintenir et à prévoir dans le PLU par rapport aux grands axes de circulation et aux grandes emprises industrielles","…séparation des flux constitue également un
enjeu fort, notamment en matière de sécurité pour les usagers. Le PLU intégrera également
des dispositions permettant le développement des liaisons douces. Un lien entre l’ancien village
et l'école sera également recherché via la future plaine des sports ; Pour préserver le paysage et atténuer les nuisances visuelles et sonores pour les résidents, des espaces de transition seront à maintenir et à prévoir dans le PLU par rapport aux grands axes de circulation et aux grandes emprises industrielles - La commune souhaite maintenir la limite d'urbanisation au Sud de la RD 392, dans un secteur
proche de l'autoroute et des terres identifiées pour la préservation du Hamster.",https://www.geoportail-urbanisme.gouv.fr/api/document/1413f9ce036f2b048fe492e3f46becd4/files/67108_20230919_delib_debat_padd_20250624.pdf
3 - faible,,,,C1 le document a aussi des occurrences zone_specifique,200,5edf63b8118051e81a650e2a279541fd,2_67188_padd_20251217.pdf,Heiligenberg,Plan Local d'Urbanisme (PLU) de la commune de HEILIGENBERG,PADD,page 25,25,,lutte_bruit_existant,"Le PADD prévoit de manière générale des mesures préventives et d'atténuation contre les nuisances acoustiques sur l'ensemble de la commune de Heiligenberg. Il s'agit d'une orientation générale du PADD, peu précise (pas de mesures concrètes détaillées), mais qui constitue bien une règle autonome distincte du classement sonore ou du PEB.","Concernant les nuissances, notamment acoustique, le PADD prévoit que soient prises des mesures préventives et d’atténuation.","…es choix de développement et d’urbanisation La protection des populations doit être une priorité des politiques publiques. Le Plan Local d’Urbanisme doit prendre l’ensemble des risques recensés en compte et être l’occasion de renforcer l’information et la sensibilisation des habitants à ces risques. Concernant les nuissances, notamment acoustique, le PADD prévoit que soient prises des mesures préventives et d’atténuation. PP RR AA GG MM AA -- SS CC FF 38 rue de la Chambre 67360 GOERSDORF tel : 03 69 81 26 49 info@pragma-scf.com www.pragma-scf.com",https://www.geoportail-urbanisme.gouv.fr/api/document/5edf63b8118051e81a650e2a279541fd/files/67188_padd_20251217.pdf
3 - faible,,,,C1 le document a aussi des occurrences zone_specifique,201,5edf63b8118051e81a650e2a279541fd,3_67188_reglement_20251217.pdf,Heiligenberg,Plan Local d'Urbanisme (PLU) de la commune de HEILIGENBERG,règlement écrit,page 18,18,,lutte_bruit_existant,"Le passage mentionne que sont interdites les constructions/installations pouvant entraîner une augmentation significative des nuisances (notamment sonores) pour le voisinage. Il s'agit d'une règle autonome relative aux nuisances sonores générées par les activités/constructions vis-à-vis du voisinage, distincte du classement sonore ou du PEB, et concernant bien des bâtiments/usages (activités, entrepôts, bureaux), donc dans le périmètre diagBruit. Le texte est cependant fragmenté et coupé par l'extraction automatique, ce qui limite la clarté de la citation.","en résulte une augmentation situation existante au moment de peuvent déborder de 70 cm au maximum du •aux activités des secteurs significative des nuisances l’approbation du PLU. plan du mur de la construction considérée. (notamment sonores et olfactives) secondaire ou tertiaire (industrie, entrepôt, bureau) ; pour le voisinage, ainsi que des risques accrus pour la salubrité et la • Les constructions liées à la • La distance minimale d’implantation des","…EUR toute nature - qu’ils comportent ou collectif et services publics. sol maximale supplémentaire de 50 limite (Schlupf) peut se substituer à la limite Ue non des installations classées - s’il •commerces et activités de service mètres carrés relativement à la séparative. Dans ce cas, les gouttières en résulte une augmentation situation existante au moment de peuvent déborder de 70 cm au maximum du •aux activités des secteurs significative des nuisances l’approbation du PLU. plan du mur de la construction considérée. (notamment sonores et olfactives) secondaire ou tertiaire (industrie, entrepôt, bureau) ; pour le voisinage, ainsi que des risques accrus pour la salubrité et la • Les constructions liées à la • La distance minimale d’implantation des sécurité publique. • La création ou l’extension de restauration, à l'hébergement hôtelier constructions par rapport aux limites SECTEUR constructions destinées : et touristique dans la limite d’une SECTEURS séparatives est fixée à H/2 (hauteur de la emprise au sol maximale SECTEURS construction en t…",https://www.geoportail-urbanisme.gouv.fr/api/document/5edf63b8118051e81a650e2a279541fd/files/67188_reglement_20251217.pdf
3 - faible,,,,C3 la justification parle d'une zone ; C1 le document a aussi des occurrences zone_specifique,213,d9f1902e01d10dfb16b87041193ba1c5,2_67252_padd_20250623.pdf,Kurtzenhouse,Plan Local d'Urbanisme (PLU) de la commune de KURTZENHOUSE,PADD,page 27,27,,lutte_bruit_existant,"Le PADD prévoit de prendre en compte les nuisances sonores des infrastructures de transport en évitant de localiser l'extension urbaine du village à proximité de la voie ferrée. Il s'agit d'une orientation d'urbanisation en lien avec le bruit, applicable à l'ensemble de la commune (pas de zone réglementaire précise identifiée), donc portée administrative.","Le PADD prévoit de : conception. • Prendre en compte les nuisances sonores des infrastructures de transports, ceci en évitant notamment de localiser l’extension urbaine du Le très haut débit étant également celui de la 5G, le PADD village à proximité de la voie ferrée. prévoit de pouvoir déployer localement les solutions techniques • Prévenir et prendre en compte les risques de coulée de boue et d’érosion nécessaires.","…risques recensés en compte et être l’occasion de renforcer d’aujourd’hui, le déploiement généralisé d’un réseau de l’information et la sensibilisation des habitants à ces risques. fibres optiques, le PADD prévoit que l’ensemble des projets d’aménagement intègre d’ores et déjà ce déploiement dès leur Le PADD prévoit de : conception. • Prendre en compte les nuisances sonores des infrastructures de transports, ceci en évitant notamment de localiser l’extension urbaine du Le très haut débit étant également celui de la 5G, le PADD village à proximité de la voie ferrée. prévoit de pouvoir déployer localement les solutions techniques • Prévenir et prendre en compte les risques de coulée de boue et d’érosion nécessaires. des sols dans la partie ouest du ban communal. • Prendre en compte le passage de l’oléoduc Total Petrochemicals France. • D’assurer la mémoire de l’ancienne décharge et de souligner les précautions d’usages qui en découlent. • Prendre en compte la problématique de santé publique liée à l’épandages d…",https://www.geoportail-urbanisme.gouv.fr/api/document/d9f1902e01d10dfb16b87041193ba1c5/files/67252_padd_20250623.pdf
3 - faible,,,,C1 le document a aussi des occurrences zone_specifique,214,d9f1902e01d10dfb16b87041193ba1c5,2_67252_reglement_20250623.pdf,Kurtzenhouse,Plan Local d'Urbanisme (PLU) de la commune de KURTZENHOUSE,règlement écrit,page 21,21,,lutte_bruit_existant,"Le passage impose une prescription limitant les émergences acoustiques des équipements techniques extérieurs liés aux constructions (climatisation, pompes à chaleur, etc.), ce qui relève directement du périmètre diagBruit (bâtiments). Aucune zone réglementaire spécifique n'étant mentionnée, la règle s'applique à l'ensemble du zonage couvert par le document.","pour les espaces extérieurs devra privilégier les tons clairs caractérisés par un albédo* élevé. • EMERGENCES • Les éléments techniques extérieurs liés aux constructions (centrales de traitement d’air, unités extérieures de pompes à chaleur, unités de climatisation, pompe de traitements des eaux de ACOUSTIQUES piscine, etc.) devront être traités de manière à limiter l’émergence acoustique. 19 KURTZENHOUSE","…ement de couverture pour isolation thermique, sont autorisés en saillies des toitures à condition que leur L’ADAPTATION • volumétrie s’insère harmonieusement dans le cadre bâti environnant. CLIMATIQUE • Dans le cadre de la lutte contre le phénomène d’îlots de chaleur, l’emploi de revêtements de sols pour les espaces extérieurs devra privilégier les tons clairs caractérisés par un albédo* élevé. • EMERGENCES • Les éléments techniques extérieurs liés aux constructions (centrales de traitement d’air, unités extérieures de pompes à chaleur, unités de climatisation, pompe de traitements des eaux de ACOUSTIQUES piscine, etc.) devront être traités de manière à limiter l’émergence acoustique. 19 KURTZENHOUSE PPRRAAGGMMAA traiteMent environneMental a u6 rticle et paysager des espaces U6 TRAITEMENT ENVIRONNEMENTAL ET PAYSAGER DES ESPACES PLT CBS DISPOSITION COEFFICIENT DE BIOTOPE PAR SURFACE (CBS) Coefficient de Coefficient de GÉNÉRALE surface en pleine biotope par ET SURFACE DE PLEINE TERRE (PLT) terre s…",https://www.geoportail-urbanisme.gouv.fr/api/document/d9f1902e01d10dfb16b87041193ba1c5/files/67252_reglement_20250623.pdf
3 - faible,,,,C1 le document a aussi des occurrences zone_specifique,238,712f0fae0fee0e49bf7d0bbd7e3d0b47,1_67329_padd_20140710.pdf,Niedernai,Plan Local d'Urbanisme (PLU) de la commune de NIEDERNAI,PADD,page 6,6,,lutte_bruit_existant,"Le PADD acte les nuisances acoustiques générées par la VRPV et la RD 426 et fixe un objectif de réduction de ces nuisances et de limitation de l'exposition des résidents. Il s'agit d'une orientation générale du PADD, non liée à un classement sonore ou PEB, qui vise à limiter l'exposition des habitants au bruit routier existant à proximité des constructions - donc bien dans le périmètre diagBruit puisqu'elle concerne l'exposition des résidents et non la seule infrastructure. Portée non spatialement délimitée précisément, donc considérée comme administrative.","Acter les nuisances acoustiques et la pollution générées par la VRPV la RD 426, et tendre vers une réduction de ces nuisances et une exposition limitée des résidents.","…urels ou agricoles - Protéger les habitants et les constructions et installations des risques connus et notamment des risques d’inondation tout en respectant les champs d’expansion de crues situés sur le ban communal. - Au regard de l’impact visuel produit sur le paysage urbain par l’actuel comptoir Acter les nuisances acoustiques et la pollution générées par la VRPV la RD 426, et tendre vers une réduction de ces nuisances et une exposition limitée des résidents. 1.2 Vers une évolution concertée du patrimoine urbain - Maîtriser les évolutions du patrimoine architectural et urbain remarquable, dont notamment le château de Landsberg et ses abords (mur d’enceinte, douves, tour), ainsi que la Villa Reine. - Valoriser les potentialités de réutilisation du bâti an…",https://www.geoportail-urbanisme.gouv.fr/api/document/712f0fae0fee0e49bf7d0bbd7e3d0b47/files/67329_padd_20140710.pdf
3 - faible,,,,C1 le document a aussi des occurrences zone_specifique,249,5efb9b5e06dc686b9c2a2ac17632ff2d,1_67380_reglement_20200717.pdf,Printzheim,Plan Local d'Urbanisme (PLU) de la commune de PRINTZHEIM,règlement écrit,page 6,6,,autre,"Le passage interdit la création, l'extension ou la transformation d'établissements entraînant une augmentation significative des nuisances sonores (et autres) pour le voisinage. Cette règle relève du périmètre diagBruit car elle concerne la limitation des nuisances sonores liées à des établissements pouvant affecter des zones d'habitation, sans référence au classement sonore des voies ni au PEB. Aucune limite spatiale précise n'étant indiquée, la portée est considérée comme administrative.","La création, l’extension ou la transformation d’établissements de toute nature - qu’ils comportent ou non des installations classées - s’il en résulte une augmentation significative des nuisances (notamment sonores et olfactives) pour le voisinage, ainsi que des risques accrus pour la salubrité et la sécurité publiques.","…: Occupations et utilisations du sol interdites 1.1 Les installations classées nouvelles, qu’elles soient soumises ou non à autorisation ou déclaration, incompatibles avec le voisinage des zones d’habitation. 1.2 La création, l’extension ou la transformation d’établissements de toute nature - qu’ils La création, l’extension ou la transformation d’établissements de toute nature - qu’ils comportent ou non des installations classées - s’il en résulte une augmentation significative des nuisances (notamment sonores et olfactives) pour le voisinage, ainsi que des risques accrus pour la salubrité et la sécurité publiques. - les terrains de camping et de caravanage ; - les dépôts de ferrailles, de déchets et de véhicules hors d’usage ; - les dépôts de véhicules susceptibles de contenir au moins dix unités ; - les affouillements et exhaussements du sol autres que ceux liés aux occupations et utilisations du sol admises…",https://www.geoportail-urbanisme.gouv.fr/api/document/5efb9b5e06dc686b9c2a2ac17632ff2d/files/67380_reglement_20200717.pdf
3 - faible,,,,C3 la justification parle d'une zone ; C1 le document a aussi des occurrences zone_specifique,263,b41a7e70e8fbeb0240065dde230a8ce6,2_67445_padd_20230228.pdf,Scherwiller,Plan Local d'Urbanisme (PLU) de la commune de SCHERWILLER,PADD,page 7,7,,autre,"Le PADD énonce une orientation générale d'encadrement de l'urbanisation autour des activités/infrastructures génératrices de nuisances sonores, avec prévision de zones tampons entre secteurs d'habitat et d'activité. Cette règle concerne directement l'aménagement urbain et la localisation des bâtiments par rapport aux nuisances, donc relève du périmètre diagBruit. Il ne s'agit pas d'un simple renvoi au classement sonore ou au PEB, mais d'une orientation propre au document. La portée n'étant pas limitée à une zone précise, elle est considérée comme applicable à l'ensemble de la commune.","générant des nuisances sonores. La commune souhaite intégrer ces contraintes dans son choix de développement et dans les réflexions d’aménagement. C’est pourquoi elle entend : Orientation  Encadrer l’urbanisation autour des activités ou infrastructures génératrices de nuisances.  Prévoir des zones tampons entre les secteurs d’habitat, d’activité, y compris agricole et viticole. Révision PLU de Scherwiller – PADD","…es et olfactives : La commune de Scherwiller se caractérise par des activités en développement. Le risque lié au transport de matières dangereuses est présent sur la commune du fait notamment des deux infrastructures qui traversent son ban communal (A35, et voie ferrée de la ligne Strasbourg – Bâle) générant des nuisances sonores. La commune souhaite intégrer ces contraintes dans son choix de développement et dans les réflexions d’aménagement. C’est pourquoi elle entend : Orientation  Encadrer l’urbanisation autour des activités ou infrastructures génératrices de nuisances.  Prévoir des zones tampons entre les secteurs d’habitat, d’activité, y compris agricole et viticole. Révision PLU de Scherwiller – PADD Approbation – octobre 2013 5",https://www.geoportail-urbanisme.gouv.fr/api/document/b41a7e70e8fbeb0240065dde230a8ce6/files/67445_padd_20230228.pdf
3 - faible,,,,C1 le document a aussi des occurrences zone_specifique,274,d699ee12b61bc58eb849e550fac799eb,2_67523_padd_20191205.pdf,Weitbruch,Plan Local d'Urbanisme (PLU) de la commune de WEITBRUCH,PADD,page 16,16,,preservation_zone_calme,"Le passage évoque le calme et la sérénité des lieux comme un objectif majeur du PADD pour l'ensemble du territoire communal, ce qui relève de la préservation d'une ambiance sonore calme, mais l'expression est vague et non localisée précisément, sans zone réglementaire identifiée.","le paysage, le cadre de vie, le calme et la serennité des lieux constituent des objectifs et des leviers majeurs du devenir communal","…ctifs paysagers, zoom sur la partie centrale du village (voir légende page ci-contre) • Le paysage, support d’attractivité et du bien-être chez soi (son village) Le paysage et le patrimoine représentent à la fois des valeurs sociétales majeures et des leviers importants de vitalité et d’attractivité le paysage, le cadre de vie, le calme et la serennité des lieux constituent des objectifs et des leviers majeurs du devenir communal Eglise préserver le patrimoine architectural et la forme Mairie urbaine constituée en particulier par le coeur historique de Weitbruch. 16 Projet d’Aménagement et de Développement Durables",https://www.geoportail-urbanisme.gouv.fr/api/document/d699ee12b61bc58eb849e550fac799eb/files/67523_padd_20191205.pdf
3 - faible,,,,C1 le document a aussi des occurrences zone_specifique,282,171518c6d5441a4ad41c30cf32dbe4ca,1_200067874_reglement_20260427.pdf,"Batzendorf, Bernolsheim, Berstheim, Bilwisheim, Bischwiller, Bitschhoffen, Brumath, Dauendorf, Donnenheim, Engwiller, Haguenau, Hochstett, Huttendorf, Kaltenhouse, Kindwiller, Krautwiller, Kriegsheim, Mittelschaeffolsheim, Mommenheim, Morschwiller, Niedermodern, Niederschaeffolsheim, Oberhoffen-sur-Moder, Ohlungen, Olwisheim, Rohrwiller, Rottelsheim, Schirrhein, Schirrhoffen, Schweighouse-sur-Moder, Uhlwiller, Uhrwiller, Val-de-Moder, Wahlenheim, Wintershouse, Wittersheim",Plan Local d'Urbanisme intercommunal (PLUi) DE HAGUENAU,règlement écrit,Article 6,25,,lutte_bruit_existant,"Le passage impose une distance minimale d'implantation des climatiseurs et pompes à chaleur par rapport aux limites séparatives, sauf coffrage acoustique, afin de limiter les nuisances sonores pour le voisinage. Il s'agit d'une règle autonome de construction (équipements techniques de bâtiment) relevant du périmètre diagBruit, sans limite spatiale précisée donc portée administrative.","A moins que les climatiseurs et pompes à chaleur soient coffrés par un dispositif d’isolation sonore, ils doivent être implantés à une distance suffisante de la limite séparative de manière à limiter les nuisances vis-à-vis de la propriété voisine.","…ttres, etc.) doit être intégrée dans le volume de la construction ou dans la clôture en s’implantant selon une logique de dissimulation qui tienne compte des modénatures et des matériaux constitutifs. 7. Ces installations techniques peuvent également s’implanter au sol (par exemple les paraboles) si A moins que les climatiseurs et pompes à chaleur soient coffrés par un dispositif d’isolation sonore, ils doivent être implantés à une distance suffisante de la limite séparative de manière à limiter les nuisances vis-à-vis de la propriété voisine. des bâtiments, en saillie sur les balcons ou en dépassant leur hauteur de faîtage. Leur installation est toutefois autorisée sur les toitures terrasses.",https://www.geoportail-urbanisme.gouv.fr/api/document/171518c6d5441a4ad41c30cf32dbe4ca/files/200067874_reglement_20260427.pdf
3 - faible,,,,C1 le document a aussi des occurrences zone_specifique,288,b5ae1da72ed7f5ecf4aa179df33e1076,1_200041325_reglement_20250929.pdf,"Dalhunden, Drusenheim, Forstfeld, Fort-Louis, Gambsheim, Herrlisheim, Kauffenheim, Kilstett, Leutenheim, Neuhaeusel, Offendorf, Roppenheim, Rountzenheim-Auenheim, Rœschwoog, Sessenheim, Soufflenheim, Stattmatten",Plan Local d'Urbanisme intercommunal (PLUi) DU PAYS RHENAN,règlement écrit,Article 3,25,,autre,"Le passage impose une règle propre au document d'urbanisme concernant l'implantation des équipements techniques (climatiseurs, pompes à chaleur) afin de limiter les nuisances sonores pour le voisinage. Cette règle concerne directement les constructions et leur impact sur les propriétés voisines, ce qui relève bien du périmètre diagBruit. Aucune zone spécifique n'est mentionnée, la règle semble s'appliquer de façon générale dans le document.",Les climatiseurs et pompes à chaleur doivent être implantés à une distance suffisante de la limite séparative de manière à ne créer aucune nuisance à la propriété voisine tant au niveau sonore (respect des normes d’émissions sonores en vigueur) que du souffle.,"…es, etc.) doit être intégrée dans le volume de la construction ou dans la clôture en s’implantant selon une logique de dissimulation qui tienne compte des modénatures et des matériaux constitutifs. Ces installations techniques peuvent également s’implanter au sol (par exemple les paraboles) si cette Les climatiseurs et pompes à chaleur doivent être implantés à une distance suffisante de la limite séparative de manière à ne créer aucune nuisance à la propriété voisine tant au niveau sonore (respect des normes d’émissions sonores en vigueur) que du souffle. Article C.2 : Caractéristiques architecturales des façades et toitures des constructions neuves, rénovées ou réhabilitées 1. Dispositions générales Se reporter aux dispositions applicables dans les différentes zones 2. Dispositions particulières Les équipements d’intérêt collectif, les services publ…",https://www.geoportail-urbanisme.gouv.fr/api/document/b5ae1da72ed7f5ecf4aa179df33e1076/files/200041325_reglement_20250929.pdf
4 - aucun signal,,,,,167,8c7d85e0ce9d2768c89bffdf60120b55,1_67073_orientations_amenagement_20231012.pdf,Châtenois,Plan Local d'Urbanisme (PLU) de la commune de CHATENOIS,OAP,page 22,22,,lutte_bruit_existant,"Le passage prescrit que les équipements techniques (notamment ceux liés au confort thermique) soient conçus, implantés ou protégés pour réduire les nuisances sonores pour le voisinage. C'est une règle autonome liée au bruit dans le cadre d'opérations d'aménagement, sans rapport avec le classement sonore ou le PEB. Aucune limite spatiale spécifique n'étant précisée, elle s'applique à l'ensemble du périmètre couvert par les OAP.","Les équipements techniques, notamment ceux favorisant le confort thermique, d’hiver comme d’été, seront conçus, implantés ou protégés de manière à réduire au maximum les nuisances sonores pour le voisinage.","…être mis en œuvre pour permettre le stockage et la réutilisation maximale des eaux de pluies pour tous les usages autorisés par la réglementation sanitaire en vigueur. 5. Les gisements d’économie d’énergie Les opérations devront intégrer des systèmes d’éclairage destinés à économiser la consommation Les équipements techniques, notamment ceux favorisant le confort thermique, d’hiver comme d’été, seront conçus, implantés ou protégés de manière à réduire au maximum les nuisances sonores pour le voisinage. 20",https://www.geoportail-urbanisme.gouv.fr/api/document/8c7d85e0ce9d2768c89bffdf60120b55/files/67073_orientations_amenagement_20231012.pdf
4 - aucun signal,,,,,168,8c7d85e0ce9d2768c89bffdf60120b55,1_67073_padd_20231012.pdf,Châtenois,Plan Local d'Urbanisme (PLU) de la commune de CHATENOIS,PADD,page 5,5,,lutte_bruit_existant,"Le PADD affirme une orientation générale visant à préserver les habitants et les constructions des nuisances sonores existantes et à venir liées à l'A35 et à la future déviation de Châtenois, notamment via des reculs appropriés. Cette règle concerne bien la protection des constructions vis-à-vis du bruit (pas seulement l'infrastructure elle-même), et s'applique à l'ensemble du territoire communal sans zone spécifique délimitée, d'où une portée administrative.","préserver les habitants et les constructions des nuisances existantes et à venir (nuisances olfactives du centre d’enfouissement des déchets, nuisances sonores liées à l’A35 et à la future déviation de Châtenois)","…s le long des voies afin de stopper l’extension urbaine linéaire. - Encadrer les modalités d’évolution des constructions dispersées, en tenant compte de leur éloignement du bourg et de l’absence de certains réseaux. - Protéger les habitants et les constructions et installations des risques connus et préserver les habitants et les constructions des nuisances existantes et à venir (nuisances olfactives du centre d’enfouissement des déchets, nuisances sonores liées à l’A35 et à la future déviation de Châtenois) 1.2 Vers une évolution concertée du patrimoine urbain - Préserver et valoriser le patrimoine architectural et urbain remarquable du vieux bourg. - Valoriser les potentialités de réutilisation du bâti ancien à des fins de logements ou d’activités économiques. - Garantir l’harmonie des nouvelles const…",https://www.geoportail-urbanisme.gouv.fr/api/document/8c7d85e0ce9d2768c89bffdf60120b55/files/67073_padd_20231012.pdf
4 - aucun signal,,,,,205,36ec473498c3ae5a14b4c61db4f79394,1_67200_padd_20260216.pdf,Hipsheim,Plan Local d'Urbanisme (PLU) de la commune de HIPSHEIM,PADD,page 12,12,,lutte_bruit_existant,"Le PADD identifie les périmètres de bruit le long de la RN 83 et de la voie ferrée comme des zones à nuisances où les possibilités de construction sont strictement réglementées, et prévoit que les zones d'extension urbaine soient situées en dehors de ces zones. Il ne s'agit pas d'un simple renvoi au classement sonore standard mais d'une orientation d'urbanisme visant à éviter le développement urbain dans ces secteurs bruyants, ce qui dépasse la simple isolation acoustique réglementaire. La règle s'applique à l'échelle communale sans zone réglementaire précise délimitée dans le texte.","zones à risques et à fortes nuisances Les risques et nuisances ont été recensés : - inondations de la Scheer, - périmètres de bruits le long de la RN 83 et de la voie ferrée, - périmètres de protection autour des installations classées (une installation d’élevage est classée sur la commune). Dans ces zones, les possibilités de constructions sont strictement réglementées. Les zones d’extensions urbaines sont situées en dehors de","…en compte la vocation d’agrément d’aménagement numérique. des prairies à l’est de la Petite-Ill et laisse la possibilité de réaliser de petits aménagements tels des aires de jeux pour enfants. La zone des équipements sportifs existants est confortée. 2.5 Développer les nouveaux projets en-dehors des zones à risques et à fortes nuisances Les risques et nuisances ont été recensés : - inondations de la Scheer, - périmètres de bruits le long de la RN 83 et de la voie ferrée, - périmètres de protection autour des installations classées (une installation d’élevage est classée sur la commune). Dans ces zones, les possibilités de constructions sont strictement réglementées. Les zones d’extensions urbaines sont situées en dehors de ces zones à risques ou à forte nuisance. 2.6 Développer les communications numériques Dans la mesure du possible et du raisonnable, la commune cherchera à améliorer le développement de l’accès aux technologies numériques de qualité, Commune de Hipsheim - Révision du PLU - Projet d'Aménagement et de…",https://www.geoportail-urbanisme.gouv.fr/api/document/36ec473498c3ae5a14b4c61db4f79394/files/67200_padd_20260216.pdf
4 - aucun signal,,,,,210,b69e260ffc76830aef751103cbfd0f82,2_67239_padd_20260128.pdf,Kintzheim,Plan Local d'Urbanisme (PLU) de la commune de KINTZHEIM,PADD,page 20,20,,lutte_bruit_existant,"Le PADD fixe un objectif général de maîtrise des expositions sonores liées au trafic routier (A35, RN59) et d'encadrement de la constructibilité à proximité de ces sites générateurs de nuisances. Il s'agit d'une orientation de portée communale générale, non liée à un classement sonore ou PEB existant, mais formulée de façon programmatique et peu précise (pas de prescription opérationnelle claire), d'où une confiance limitée.","éviter l’exposition des personnes à ces nuisances, en encadrant notamment la constructibilité à proximité de ces sites","La commune envisage de prévenir et de limiter de nouveaux risques en proposant de : • éviter l’exposition des personnes à ces nuisances, en encadrant notamment la constructibilité à proximité de ces sites ; PADD – PLU de KINTZHEIM – Approbation 17 éviter l’exposition des personnes à ces nuisances, en encadrant notamment la constructibilité à proximité de ces sites la RN 59, existent sur la commune. Ces deux axes sont également les vecteurs de nuisances sonores, de dispersions de polluants aux particules. Sur Châtenois, mais à proximité du site du Danielsrain, un centre d’enfouissement des déchets génère des nuisances olfactives significatives. La prise en com…",https://www.geoportail-urbanisme.gouv.fr/api/document/b69e260ffc76830aef751103cbfd0f82/files/67239_padd_20260128.pdf
4 - aucun signal,,,,,211,b69e260ffc76830aef751103cbfd0f82,3_67239_padd_20260128.pdf,Kintzheim,Plan Local d'Urbanisme (PLU) de la commune de KINTZHEIM,PADD,page 20,20,,lutte_bruit_existant,"Le PADD, orientation d'urbanisme générale, exprime la volonté de limiter les expositions dans les zones de nuisances sonores recensées (liées aux axes A35/RN59) et d'encadrer l'urbanisation à distance de ces zones. Il s'agit d'une orientation d'aménagement concernant l'urbanisation à proximité d'infrastructures bruyantes, donc dans le périmètre diagBruit, sans lien avec le classement sonore réglementaire (simple renvoi). La règle s'applique à l'échelle communale, sans zone réglementaire précise délimitée.","la RN 59, existent sur la commune. Ces deux axes sont également les vecteurs de nuisances sonores, de dispersions de polluants aux particules. Sur Châtenois, mais à proximité du site du Danielsrain, un centre d’enfouissement des déchets génère des nuisances olfactives significatives. La prise en compte de ces nuisances amène la commune à proposer de : • limiter les expositions dans les zones de nuisances recensées ;","…ion des biens et de la santé Objectif 6 : Gérer les risques et limiter les nuisances 6.2 : Maîtriser les expositions sonores, olfactives, les expositions aux polluants et limiter les risques technologiques Les risques liés aux transports de matières dangereuses, du fait de la présence de l’A35 et de la RN 59, existent sur la commune. Ces deux axes sont également les vecteurs de nuisances sonores, de dispersions de polluants aux particules. Sur Châtenois, mais à proximité du site du Danielsrain, un centre d’enfouissement des déchets génère des nuisances olfactives significatives. La prise en compte de ces nuisances amène la commune à proposer de : • limiter les expositions dans les zones de nuisances recensées ; • encadrer l’urbanisation à distance de ces zones ; • mettre en place des dispositifs opérant des réductions de ces nuisances (zones tampons, filtres par la végétation, …) PADD – PLU de KINTZHEIM – Approbation 18",https://www.geoportail-urbanisme.gouv.fr/api/document/b69e260ffc76830aef751103cbfd0f82/files/67239_padd_20260128.pdf
4 - aucun signal,,,,,223,529d586585da83ff5a056d71c9c1c7eb,3_67266_reglement_20260706.pdf,Limersheim,Plan Local d'Urbanisme (PLU) de la commune de LIMERSHEIM,règlement écrit,Article 2.2.,41,,autre,"Le passage impose une règle relative aux équipements techniques (pompes à chaleur, climatisation, équipements de piscine) qui doivent être implantés de manière à limiter les nuisances sonores pour le voisinage, dans la mesure où les conditions techniques le permettent. C'est une prescription/recommandation autonome liée au bruit dans le cadre de constructions, applicable à l'ensemble du zonage sans zone spécifique mentionnée.","Les pompes à chaleur et autres dispositifs de climatisation, ainsi que les équipements liés au fonctionnement des piscines devront être implantés de manière à présenter le moins possible de nuisances sonores pour le voisinage dans la mesure où les conditions techniques d'implantation le permettent.","= Aux constructions et installations de faible emprise nécessaires à l'exploitation des réseaux publics tels
que postes de transformation électrique dont l'implantation ne devra cependant pas nuire à la qualité des
alignements existants et du paysage urbain. Les pompes à chaleur et autres dispositifs de climatisation, ainsi que les équipements liés au fonctionnement des piscines devront être implantés de manière à présenter le moins possible de nuisances sonores pour le voisinage dans la mesure où les conditions techniques d'implantation le permettent. 4. Les pompes à chaleur ne devront pas être visibles depuis le domaine public, dans la mesure où les conditions
techniques d'implantation le permettent.",https://www.geoportail-urbanisme.gouv.fr/api/document/529d586585da83ff5a056d71c9c1c7eb/files/67266_reglement_20260706.pdf
4 - aucun signal,,,,,236,ca84fda748e905528fde6670420367c7,1_67327_reglement_20231212.pdf,Niederlauterbach,Plan Local d'Urbanisme (PLU) de la commune de NIEDERLAUTERBACH,règlement écrit,page 13,13,,lutte_bruit_existant,"Le passage établit une règle limitant la création, l'extension ou la transformation d'établissements générant une augmentation significative des nuisances sonores (et autres) pour le voisinage. Cette règle est autonome par rapport au classement sonore des voies ou au PEB, et concerne bien les bâtiments/établissements et leur impact sur le voisinage, ce qui relève du périmètre diagBruit. Aucune limite géographique spécifique n'étant précisée, la règle s'applique à l'ensemble du document.","transformation d'établissements de
toute nature - qu'ils comportent ou
non des installations classées - s'il
en résulte une augmentation
significative des nuisances
{notamment sonores et olfactives)
pour le voisinage, ainsi que des
risques accrus pour la salubrité et la
sécurité publique.","+ La création, l’extension ou la transformation d'établissements de
toute nature - qu'ils comportent ou
non des installations classées - s'il
en résulte une augmentation
significative des nuisances
{notamment sonores et olfactives)
pour le voisinage, ainsi que des
risques accrus pour la salubrité et la
sécurité publique. NIERDERLAUTERBACH",https://www.geoportail-urbanisme.gouv.fr/api/document/ca84fda748e905528fde6670420367c7/files/67327_reglement_20231212.pdf
4 - aucun signal,,,,,237,ca84fda748e905528fde6670420367c7,3_67327_reglement_20231212.pdf,Niederlauterbach,Plan Local d'Urbanisme (PLU) de la commune de NIEDERLAUTERBACH,règlement écrit,page 27,27,,autre,"Le passage prescrit un traitement des équipements techniques extérieurs des bâtiments (climatisation, pompes à chaleur, centrales de traitement d'air) afin de limiter les émergences acoustiques qu'ils génèrent. Il s'agit d'une règle autonome liée au bruit et directement rattachée aux constructions, donc dans le périmètre diagBruit. Aucune limite géographique spécifique n'est mentionnée, la règle s'applique donc à l'ensemble du document.","Les éléments techniques extérieurs liés au bâtiment (centrales de traitement d'air, unités extérieures de pompes à chaleur, unités de climatisation) devront être traités de manière à limiter l'émergence acoustique.","…roduire de l'énergie
renouvelable dans es constructions, tels que panneaux solaires, éoliennes,
toitures végétalisées, rehaussement de couveriure pour isolation thermique, sont
autorisés en saillies des 1oïtures à condition que leur volumétrie s’insère
harmonieusement dans le cadre bâti environnant. Les éléments techniques extérieurs liés au bâtiment (centrales de traitement d'air, unités extérieures de pompes à chaleur, unités de climatisation) devront être traités de manière à limiter l'émergence acoustique. + Les éléments techniques extérieurs liés au bâtiment (centrales de traitement d'air,
unités extérieures de pompes à chaleur, unités de climatisation) devront être traités
de manière à limiter l'émergence acoustique.",https://www.geoportail-urbanisme.gouv.fr/api/document/ca84fda748e905528fde6670420367c7/files/67327_reglement_20231212.pdf
4 - aucun signal,,,,,418,284928e1449906994f1323c4fc818562,1_200040178_orientations_amenagement_18_00_20260629_A.pdf,"Aschbach, Betschdorf, Hatten, Hoffen, Oberrœdern, Rittershoffen, Soultz-sous-Forêts, Stundwiller, Surbourg",Plan Local d'Urbanisme intercommunal (PLUi) DE L'OUTRE-FORET partie A,OAP,page 59,59,,autre,"Le passage prescrit une orientation des bâtiments et équipements bruyants par rapport aux bâtiments et zones sensibles au bruit, ce qui est une recommandation d'urbanisme relevant du périmètre diagBruit (implantation des constructions). Aucune limite spatiale spécifique n'est mentionnée, donc portée administrative par défaut.","Le projet devra rechercher, dans sa conception, à orienter les bâtiments et les équipements bruyants par rapport aux bâtiments et zones sensibles au bruit","…de réutilisation des eaux pluviales, celle-ci devra être conforme aux normes en vigueur, notamment l’arrêté du 21 août 2008 ; - les places de stationnement destinées aux véhicules légers seront réalisées en structure perméable ; - Pour les terrains concernés par le risque de remontées de nappe, des Le projet devra rechercher, dans sa conception, à orienter les bâtiments et les équipements bruyants par rapport aux bâtiments et zones sensibles au bruit PLUi (le périmètre est classé au niveau 3 sur 5, considéré comme très modéré). o Risque induit, que le projet, notamment le forage, pourrait éventuellement générer : le projet devra étudier l’impact potentiel et prévoir les mesures adaptées, notamment en s’appuyant sur le guide des bonnes pratiques…",https://www.geoportail-urbanisme.gouv.fr/api/document/284928e1449906994f1323c4fc818562/files/200040178_orientations_amenagement_18_00_20260629_A.pdf
4 - aucun signal,,,,,419,284928e1449906994f1323c4fc818562,1_200040178_padd_20260629_A.pdf,"Aschbach, Betschdorf, Hatten, Hoffen, Oberrœdern, Rittershoffen, Soultz-sous-Forêts, Stundwiller, Surbourg",Plan Local d'Urbanisme intercommunal (PLUi) DE L'OUTRE-FORET partie A,PADD,page 9,9,,lutte_bruit_existant,"Le PADD énonce un objectif de prévention des nuisances sonores le long des axes de circulation et d'évitement de l'urbanisation nouvelle en extension le long des axes à risques. Cette règle concerne bien l'urbanisation résidentielle à proximité des infrastructures (pas seulement l'infrastructure elle-même), donc elle relève du périmètre diagBruit. Il s'agit d'un objectif de PADD, formulé de façon assez générale et programmatique (recommandation), sans zone réglementaire précise délimitée, donc portée administrative par défaut.","Prévenir les risques de nuisances sonores le long des axes de circulation. Toute urbanisation nouvelle, en extension, le long des axes à risques, doit être évité.","…et les espaces agricoles proprement dits. Maintenir la place qu'il convient à des éléments paysagers tels que jardins, haies champêtres, bosquets et vergers, de telle sorte qu'ils soient intégrés comme des éléments de conception à part entière dans le cadre de l'aménagement de ces futurs quartiers. Prévenir les risques de nuisances sonores le long des axes de circulation. Toute urbanisation nouvelle, en extension, le long des axes à risques, doit être évité. habitations. En effet, le territoire du HATTGAU comporte, entre autre, un certain nombre d'Installations Classées pour la Protection de l'Environnement (ICPE). Objectif 1-2 : Les politiques d'équipement Maintenir l'offre d'équipements et permettre son fonctionnement autant dans les villages que dans…",https://www.geoportail-urbanisme.gouv.fr/api/document/284928e1449906994f1323c4fc818562/files/200040178_padd_20260629_A.pdf
4 - aucun signal,,,,,420,284928e1449906994f1323c4fc818562,2_200040178_padd_20260629_A.pdf,"Aschbach, Betschdorf, Hatten, Hoffen, Oberrœdern, Rittershoffen, Soultz-sous-Forêts, Stundwiller, Surbourg",Plan Local d'Urbanisme intercommunal (PLUi) DE L'OUTRE-FORET partie A,PADD,page 10,10,,autre,"Le PADD recommande de permettre l'évolution des corps de ferme vers du logement ou de l'activité tout en limitant les nuisances potentielles, dont le bruit. Il s'agit d'une orientation générale applicable à l'ensemble du bâti rural traditionnel des communes concernées, en lien avec des projets de reconversion de bâtiments, ce qui relève du périmètre diagBruit. La formulation reste toutefois assez générale et associée à d'autres nuisances (stationnement), ce qui limite la précision de la règle.","permettant, par exemple, l'évolution des corps de ferme vers du logement ou de l'activité en limitant les nuisances potentielles (stationnement, bruit, etc.)","…la structure de l'habitat rural traditionnel caractérisé par la configuration ferme-cour. Préserver l'identité visuelle forte des rues par la présence de constructions traditionnelles à colombages dans les villages. Protéger le patrimoine bâti remarquable des communes du HATTGAU par des possibilités permettant, par exemple, l'évolution des corps de ferme vers du logement ou de l'activité en limitant les nuisances potentielles (stationnement, bruit, etc.) annexes en habitat par exemple. Urbanisme, du patrimoine à l'innovation Encadrer l'évolution du bâti traditionnel en préservant ses caractéristiques urbaines et architecturales (volumes et modes d'implantation, matériaux de constructions, présence de jardin et vergers, etc.). Préserver la valeur du…",https://www.geoportail-urbanisme.gouv.fr/api/document/284928e1449906994f1323c4fc818562/files/200040178_padd_20260629_A.pdf
