id_geometrie_synthese,id_gpu,id_occurrence,message_occurrence,occurrence_corrigee,message_occurrence_corrige,validation_message_commentaire,extrait_significatif,contexte_documentaire,justification,lien_web_document,reference_precise,nature_sonore_zone
308,042bb10d8d0fff992a5bfa427b7ad295,1_67095_reglement_20180528.pdf,"Dans cette zone, sont interdits les établissements et installations pouvant porter atteinte à la salubrité et à la sécurité, ou générer une gêne matérielle, sonore, olfactive ou visuelle incompatible avec le caractère du secteur. Sont notamment visées les activités source de bruits ou de trépidations. Vérifiez la compatibilité de votre projet avec cette interdiction avant tout dépôt de demande d'autorisation.",False,,,"Les établissements et installations de toutes natures destinés à accueillir des activités pouvant porter atteinte à la salubrité et à la sécurité, ou apporter une gêne matérielle, sonore, olfactive ou visuelle, ou qui engendrent des risques ou nuisances incompatibles avec le caractère de la zone (bruits, trépidations, odeurs….)","…rrêté déclaratif d’utilité publique desdits captages d’eau s’y appliquent et doivent être respectées. Articles UA 1 : Occupations et utilisations du sol interdites Dans l’ensemble de la zone 1.1. Les établissements et installations de toutes natures destinés à accueillir des activités pouvant porter Les établissements et installations de toutes natures destinés à accueillir des activités pouvant porter atteinte à la salubrité et à la sécurité, ou apporter une gêne matérielle, sonore, olfactive ou visuelle, ou qui engendrent des risques ou nuisances incompatibles avec le caractère de la zone (bruits, trépidations, odeurs….) - les parcs d’attraction ouverts au public ; - le stationnement sans droit de caravanes isolées ; - les terrains de camping et de caravanage ; - les garages collectifs de caravanes de plus de 10 unités ; - les terrains d’accueil d’habitations légères de loisirs; - les dépôts de véhicules hors d’usag…","Le règlement interdit dans l'ensemble de la zone UA les établissements et installations susceptibles de porter atteinte à la salubrité et sécurité ou d'apporter une gêne sonore (bruits, trépidations) incompatible avec le caractère de la zone. Il s'agit d'une règle d'urbanisme autonome (interdiction d'occupations du sol générant des nuisances sonores), relevant bien du périmètre diagBruit puisqu'elle concerne les activités et installations pouvant s'implanter dans la zone, pas une infrastructure de transport.",https://www.geoportail-urbanisme.gouv.fr/api/document/042bb10d8d0fff992a5bfa427b7ad295/files/67095_reglement_20180528.pdf,page 8,lutte_bruit_existant
309,042bb10d8d0fff992a5bfa427b7ad295,1_67095_reglement_20180528.pdf__2,"Dans la zone UA, sont interdits les établissements et installations pouvant porter atteinte à la salubrité et à la sécurité, ou générer une gêne matérielle, sonore, olfactive ou visuelle incompatible avec le caractère de la zone (bruits, trépidations, odeurs). Vérifiez que l'activité envisagée pour votre projet ne relève pas de cette interdiction avant tout dépôt de dossier.",False,,,"Les établissements et installations de toutes natures destinés à accueillir des activités pouvant porter atteinte à la salubrité et à la sécurité, ou apporter une gêne matérielle, sonore, olfactive ou visuelle, ou qui engendrent des risques ou nuisances incompatibles avec le caractère de la zone (bruits, trépidations, odeurs….)","…rrêté déclaratif d’utilité publique desdits captages d’eau s’y appliquent et doivent être respectées. Articles UA 1 : Occupations et utilisations du sol interdites Dans l’ensemble de la zone 1.1. Les établissements et installations de toutes natures destinés à accueillir des activités pouvant porter Les établissements et installations de toutes natures destinés à accueillir des activités pouvant porter atteinte à la salubrité et à la sécurité, ou apporter une gêne matérielle, sonore, olfactive ou visuelle, ou qui engendrent des risques ou nuisances incompatibles avec le caractère de la zone (bruits, trépidations, odeurs….) - les parcs d’attraction ouverts au public ; - le stationnement sans droit de caravanes isolées ; - les terrains de camping et de caravanage ; - les garages collectifs de caravanes de plus de 10 unités ; - les terrains d’accueil d’habitations légères de loisirs; - les dépôts de véhicules hors d’usag…","Le règlement interdit dans l'ensemble de la zone UA les établissements et installations susceptibles de porter atteinte à la salubrité et sécurité ou d'apporter une gêne sonore (bruits, trépidations) incompatible avec le caractère de la zone. Il s'agit d'une règle d'urbanisme autonome (interdiction d'occupations du sol générant des nuisances sonores), relevant bien du périmètre diagBruit puisqu'elle concerne les activités et installations pouvant s'implanter dans la zone, pas une infrastructure de transport.",https://www.geoportail-urbanisme.gouv.fr/api/document/042bb10d8d0fff992a5bfa427b7ad295/files/67095_reglement_20180528.pdf,page 8,lutte_bruit_existant
411,12666ec8d6fb548ead67bc9c63776f94,1_246700777_orientations_amenagement_1_20250704.pdf,"Dans le secteur Neubois / Secteur 2, le maintien de l'activité existante sur le site est envisageable. Il est recommandé de veiller à limiter les nuisances associées, notamment :
- sonores,
- olfactives,
- visuelles.
Pensez à intégrer ces précautions dans votre projet pour préserver le confort du voisinage.",False,,,"possibilité de maintien de l’activité existante sur le site en veillant à limitant les nuisances (sonores, olfactives, visuelles, …)","Neubois / Secteur 1 Schéma d’aménagement Légende 29/ PLUide la Communauté de Communes de la Vallée de Villé -OAP sectorielle -Décembre 2019 possibilité de maintien de l’activité existante sur le site en veillant à limitant les nuisances (sonores, olfactives, visuelles, …) • Insertion paysagère et architecturale - toits pentus privilégiés - mise en valeur du petit patrimoine (calvaire) • Desserte et organisation viaire - voirie avec arbres d’alignement - voirie de type «zone de rencontre» (caniveau central) • Mesures d’intégration environnementale - noue en pied de pe…","Le passage prévoit la possibilité de maintien d'une activité existante sur le site à condition de limiter les nuisances sonores (entre autres), ce qui constitue une règle autonome de gestion du bruit lié à une activité, applicable à ce secteur d'OAP spécifique.",https://www.geoportail-urbanisme.gouv.fr/api/document/12666ec8d6fb548ead67bc9c63776f94/files/246700777_orientations_amenagement_1_20250704.pdf,page 30,lutte_bruit_existant
412,12666ec8d6fb548ead67bc9c63776f94,2_246700777_orientations_amenagement_1_20250704.pdf,"Dans le secteur 1, il est recommandé de limiter le déboisement au strict minimum. Cette limitation s'applique aux adaptations nécessaires de l'habitat, voire des bâtiments d'activité, pour se protéger du bruit. Prévoyez des mesures de protection acoustique du bâti adaptées à cet enjeu.",False,,,"adaptation de l’habitat, voir des bâtiments d’activité pour se protéger du bruit (mesures de protection acoustique du bâti)","…servation des vergers/fonds de jardin des habitations de la rue du Soleil - partie Est du secteur : - emplacement destiné à la conservation/reconstitution d’une pelouse sèche (mesure compensatoire) - dans la partie basse «habiter le boisement». Déboisement limité au strict minimum, c’est-à-dire à la adaptation de l’habitat, voir des bâtiments d’activité pour se protéger du bruit (mesures de protection acoustique du bâti) Villé / Secteur 1 Schéma d’aménagement Légende habitat 71/ PLUide la Communauté de Communes de la Vallée de Villé -OAP sectorielle -Décembre 2019","Le passage prescrit une adaptation du bâti (logements, voire bâtiments d'activité) pour se protéger du bruit dans le cadre d'une OAP sectorielle spécifique à un secteur d'aménagement. Il s'agit d'une règle autonome concernant directement les bâtiments, dans le périmètre diagBruit. La zone concernée est le secteur d'OAP spécifique (secteur 1, commune de Villé), sans lien avec un classement sonore ou un PEB.",https://www.geoportail-urbanisme.gouv.fr/api/document/12666ec8d6fb548ead67bc9c63776f94/files/246700777_orientations_amenagement_1_20250704.pdf,page 69,autre
177,1413f9ce036f2b048fe492e3f46becd4,1_67108_20190520_delib_debat_padd_20250624.pdf,"Pour atténuer les nuisances visuelles et sonores le long des grands axes de circulation et des grandes emprises industrielles, il est recommandé de maintenir et de prévoir des espaces de transition. Cette orientation vise à préserver le paysage et le confort des résidents. Anticipez cette recommandation dans la conception de votre projet, notamment si votre parcelle est proche de ce type d'infrastructures.",False,,,"Pour préserver le paysage et atténuer les nuisances visuelles et sonores pour les résidents, des espaces de transition seront à maintenir et à prévoir dans le PLU par rapport aux grands axes de circulation et aux grandes emprises industrielles","…aintiendra par une réglementation adaptée, la possibilité d’implanter dans le tissu bâti des petits commerces et services de proximité qui participent grandement à la vie sociale et économique de village ; - En matière de transport et déplacements, la commune souhaite poursuivre une politique active Pour préserver le paysage et atténuer les nuisances visuelles et sonores pour les résidents, des espaces de transition seront à maintenir et à prévoir dans le PLU par rapport aux grands axes de circulation et aux grandes emprises industrielles des espaces de transition seront à maintenir et à prévoir dans le PLU par rapport aux grands axes de circulation et aux grandes emprises industrielles ; - La commune souhaite maintenir la limite d’urbanisation au Sud de la RD 392, dans un secteur proche de l’autoroute et des terres identifiées pour…","Le PADD prévoit le maintien d'espaces de transition par rapport aux grands axes de circulation et aux grandes emprises industrielles pour atténuer les nuisances sonores pour les résidents. Il ne s'agit pas d'un simple renvoi au classement sonore ou au PEB, mais d'une orientation propre au document (espaces tampons paysagers) visant à protéger les futurs résidents des nuisances sonores, donc bien dans le périmètre diagBruit (aménagement urbain lié aux bâtiments/habitants). La portée n'étant pas limitée à une zone précise tracée, elle est considérée comme administrative.",https://www.geoportail-urbanisme.gouv.fr/api/document/1413f9ce036f2b048fe492e3f46becd4/files/67108_20190520_delib_debat_padd_20250624.pdf,page 2,autre
178,1413f9ce036f2b048fe492e3f46becd4,1_67108_20230919_delib_debat_padd_20250624.pdf,"Pour atténuer les nuisances visuelles et sonores, il est recommandé de maintenir et prévoir des espaces de transition entre les zones à proximité :
- des grands axes de circulation,
- des grandes emprises industrielles.
Cette recommandation vise à préserver le paysage et le confort des futurs résidents.",False,,,"Pour préserver le paysage et atténuer les nuisances visuelles et sonores pour les résidents, des espaces de transition seront à maintenir et à prévoir dans le PLU par rapport aux grands axes de circulation et aux grandes emprises industrielles","…séparation des flux constitue également un
enjeu fort, notamment en matière de sécurité pour les usagers. Le PLU intégrera également
des dispositions permettant le développement des liaisons douces. Un lien entre l’ancien village
et l'école sera également recherché via la future plaine des sports ; Pour préserver le paysage et atténuer les nuisances visuelles et sonores pour les résidents, des espaces de transition seront à maintenir et à prévoir dans le PLU par rapport aux grands axes de circulation et aux grandes emprises industrielles - La commune souhaite maintenir la limite d'urbanisation au Sud de la RD 392, dans un secteur
proche de l'autoroute et des terres identifiées pour la préservation du Hamster.","Le passage prescrit le maintien d'espaces de transition dans le PLU par rapport aux grands axes de circulation et emprises industrielles afin d'atténuer les nuisances sonores pour les résidents. Cela concerne l'aménagement urbain à proximité de sources de bruit (infrastructures et industries), donc relève bien du périmètre diagBruit, et non uniquement de l'infrastructure elle-même. Aucune zone réglementaire précise n'étant délimitée, la règle est considérée comme s'appliquant à l'ensemble du territoire couvert par le PLU.",https://www.geoportail-urbanisme.gouv.fr/api/document/1413f9ce036f2b048fe492e3f46becd4/files/67108_20230919_delib_debat_padd_20250624.pdf,page 2,lutte_bruit_existant
311,1413f9ce036f2b048fe492e3f46becd4,2_67108_20230919_delib_debat_padd_20250624.pdf,"Une orientation vise à préserver une zone calme dans le nord et l'est du village. Elle s'inscrit dans une démarche plus large de limitation des nuisances sonores locales : moindre concurrence des routes avec le rail, réduction des passages aériens au-dessus du village. Si votre projet se situe dans ce secteur, tenez compte de cette ambiance sonore à préserver dès la conception.",False,,,Préserver une zone calme dans le nord et l’est du village,"- Limiter la construction de route le long de la voie de chemin de fer qui viendrait concurrencer le
train Préserver une zone calme dans le nord et l’est du village - Limiter la nuisance relative aux passages d'avions au-dessus du village et interdire le passage
des gros porteurs.","Le PADD exprime une orientation visant à préserver une zone calme dans une portion précise du village (nord et est), ce qui constitue une règle autonome liée à l'ambiance sonore, distincte du classement sonore des infrastructures ou du PEB. Cette zone n'a pas de contour automatiquement disponible et devra être tracée manuellement, d'où une portée géométrique 'zone_specifique'.",https://www.geoportail-urbanisme.gouv.fr/api/document/1413f9ce036f2b048fe492e3f46becd4/files/67108_20230919_delib_debat_padd_20250624.pdf,page 4,preservation_zone_calme
398,171518c6d5441a4ad41c30cf32dbe4ca,10_200067874_orientations_amenagement_1_20260427.pdf,"Ce secteur est concerné par des émissions sonores et atmosphériques liées aux infrastructures de transport. Il est recommandé de concevoir les aménagements et les constructions de façon à limiter l'exposition des futurs occupants à ces nuisances. Anticipez ce paramètre dès la conception de votre projet, pour le confort de vos futurs résidents.",False,,,"Dans les secteurs soumis aux émissions sonores et atmosphériques issues des infrastructures de transport, la conception des aménagements et des constructions devra veiller à limiter l’exposition des futurs occupants.","…eurs. La superficie du secteur d’urbanisation est de 1,8 hectare. Orientations relatives à la structuration et programmation urbaine du secteur La nouvelle urbanisation sera à dominante d’habitat diversifié. Les nouvelles constructions devront s’accorder au paysage urbain et architectural des tissus Dans les secteurs soumis aux émissions sonores et atmosphériques issues des infrastructures de transport, la conception des aménagements et des constructions devra veiller à limiter l’exposition des futurs occupants. au sud. L’opération se traversée par des liaisons en modes actifs. Les liaisons douces à aménager devront être conçues de manière à assurer leur connexion avec le réseau de mobilité douce, s’il existe en périphérie immédiate de la zone. Orientations de mise en valeur de l’environnement et du paysage…","Le passage recommande, pour cette OAP de secteur (1,8 hectare), que la conception des aménagements et constructions dans les secteurs soumis aux émissions sonores des infrastructures de transport limite l'exposition des futurs occupants. Ceci concerne bien la construction de bâtiments et l'aménagement urbain (dans le périmètre diagBruit), pas seulement l'infrastructure elle-même. Il ne s'agit pas d'un simple renvoi au classement sonore ou au PEB (aucune référence explicite à un arrêté ou à un isolement standard), mais d'une orientation propre au document. La portée est limitée au secteur d'OAP décrit, donc zone_specifique.",https://www.geoportail-urbanisme.gouv.fr/api/document/171518c6d5441a4ad41c30cf32dbe4ca/files/200067874_orientations_amenagement_1_20260427.pdf,Article L,lutte_bruit_existant
399,171518c6d5441a4ad41c30cf32dbe4ca,11_200067874_orientations_amenagement_1_20260427.pdf,"Ce secteur est exposé aux émissions sonores et atmosphériques des activités voisines et des infrastructures de transport. Il est recommandé de concevoir les aménagements et constructions de manière à limiter l'exposition des futurs occupants à ces nuisances. Anticipez cet enjeu dès la conception de votre projet, pour le confort des futurs résidents.",False,,,"Dans les secteurs soumis aux émissions sonores et atmosphériques issues des activités voisines et des infrastructures de transport, la conception des aménagements et des constructions devra veiller à limiter l’exposition des futurs occupants.","…rbanisation existante le long de la route de Marienthal, constituée d’un front bâti discontinu, en retrait de la voie, selon une ligne d’implantation qui sera à respecter dans le cadre de l’urbanisation future. Au sein du secteur, les opérations de logement prendront la forme d’habitat intermédiaire Dans les secteurs soumis aux émissions sonores et atmosphériques issues des activités voisines et des infrastructures de transport, la conception des aménagements et des constructions devra veiller à limiter l’exposition des futurs occupants. se terminant en impasse dessert le futur quartier. Le secteur est traversant pour les modes actifs, tant vers le nord en direction des cheminements qui bordent l’espace de la sablière que vers la route de Marienthal au sud. Les liaisons douces devront être conçues de manière à assurer leur connexion…","Le passage concerne directement la conception des aménagements et constructions face aux émissions sonores (et atmosphériques) issues des activités voisines et des infrastructures de transport, dans le cadre d'un projet d'urbanisation. Cela relève bien du périmètre diagBruit puisqu'il s'agit de bâtiments et d'aménagements urbains, pas seulement de l'infrastructure elle-même. Il ne s'agit pas d'un renvoi au classement sonore ou au PEB, mais d'une orientation propre à l'OAP visant à limiter l'exposition des futurs occupants. La portée est limitée au secteur de l'OAP concerné (zone spécifique), non à l'ensemble du document.",https://www.geoportail-urbanisme.gouv.fr/api/document/171518c6d5441a4ad41c30cf32dbe4ca/files/200067874_orientations_amenagement_1_20260427.pdf,Article L,autre
400,171518c6d5441a4ad41c30cf32dbe4ca,12_200067874_orientations_amenagement_1_20260427.pdf,"Dans les secteurs exposés aux émissions sonores et atmosphériques des activités voisines et des infrastructures de transport, il est recommandé de concevoir les aménagements et constructions pour limiter l'exposition des futurs occupants. Anticipez ce critère dès la conception de votre projet, pour le confort de ses futurs occupants.",False,,,"Dans les secteurs soumis aux émissions sonores et atmosphériques issues des activités voisines et des infrastructures de transport, la conception des aménagements et des constructions devra veiller à limiter l’exposition des futurs occupants.","…e la Liberté. Sa superficie est de 1,2 hectares. Orientations relatives à la structuration et programmation urbaine du secteur La nouvelle urbanisation s’inscrit dans le prolongement de l’urbanisation existante le long des rues de la Belette (au nord), des Fraises (à l’est) et de la Liberté (au sud) Dans les secteurs soumis aux émissions sonores et atmosphériques issues des activités voisines et des infrastructures de transport, la conception des aménagements et des constructions devra veiller à limiter l’exposition des futurs occupants. voisines et des infrastructures de transport, la conception des aménagements et des constructions devra veiller à limiter l’exposition des futurs occupants. Orientations relatives à la trame viaire L’urbanisation nouvelle est desservie par une voirie centrale et structurante en boucle entre le prolo…","Le passage prescrit que dans les secteurs soumis aux émissions sonores issues des activités voisines et des infrastructures de transport, la conception des aménagements et constructions devra limiter l'exposition des futurs occupants. Il s'agit d'une règle autonome liée à la conception des bâtiments et aménagements (et non à l'infrastructure elle-même), applicable à une partie spécifique du secteur d'OAP concerné.",https://www.geoportail-urbanisme.gouv.fr/api/document/171518c6d5441a4ad41c30cf32dbe4ca/files/200067874_orientations_amenagement_1_20260427.pdf,Article L,lutte_bruit_existant
401,171518c6d5441a4ad41c30cf32dbe4ca,13_200067874_orientations_amenagement_1_20260427.pdf,"Ce secteur d'urbanisation est exposé aux émissions sonores et atmosphériques des infrastructures de transport. Il est recommandé de concevoir les aménagements et les constructions pour limiter l'exposition des futurs occupants à ces nuisances. Anticipez ce choix dès la conception de votre projet, pour le confort des futurs résidents.",False,,,"Dans les secteurs soumis aux émissions sonores et atmosphériques issues des infrastructures de transport, la conception des aménagements et des constructions devra veiller à limiter l’exposition des futurs occupants.","…tes. La superficie du secteur d’urbanisation est de 3,9 hectares. Orientations relatives à la structuration et programmation urbaine du secteur La nouvelle urbanisation sera à dominante d’habitat diversifié. Les nouvelles constructions devront s’accorder au paysage urbain et architectural des tissus Dans les secteurs soumis aux émissions sonores et atmosphériques issues des infrastructures de transport, la conception des aménagements et des constructions devra veiller à limiter l’exposition des futurs occupants. s’il existe en périphérie immédiate de la zone. Orientations de mise en valeur de l’environnement et du paysage Sur le plan environnemental, le secteur d’urbanisation future tiendra compte des sensibilités environnementales et intégrera des aménagements végétalisés. PLUi Communauté d’Agglomération d…","Le passage concerne directement la conception des aménagements et constructions au sein de ce secteur d'urbanisation future, avec une recommandation de limiter l'exposition des futurs occupants aux émissions sonores des infrastructures de transport. Cela relève bien du périmètre diagBruit (bâtiments et aménagement urbain). La portée est limitée au secteur d'urbanisation spécifique décrit (3,9 hectares), non à l'ensemble du document.",https://www.geoportail-urbanisme.gouv.fr/api/document/171518c6d5441a4ad41c30cf32dbe4ca/files/200067874_orientations_amenagement_1_20260427.pdf,Article L,autre
402,171518c6d5441a4ad41c30cf32dbe4ca,1_200067874_orientations_amenagement_1_20260427.pdf,"Dans le secteur formé par l'îlot des rues des Mirabelliers, du Sablé, des Cerisiers et des Vignes, il est recommandé de concevoir les nouveaux aménagements, constructions et installations pour limiter l'exposition des populations au bruit. Plusieurs leviers peuvent être mobilisés :
- l'implantation du bâti,
- l'organisation spatiale,
- l'adéquation des formes urbaines,
- des choix techniques adaptés.
Pensez à intégrer ces orientations dès la conception de votre projet, pour le confort des futurs résidents.",False,,,"Les nouveaux aménagements, constructions et installations, au travers de leur implantation, de leur organisation spatiale, de l’adéquation des formes urbaines, ou encore par des choix techniques doivent être conçus de manière à limiter l’exposition des populations à la pollution atmosphérique et aux nuisances sonore.","…'ilot formé par les rues des Mirabelliers, du Sablé, des Cerisiers et des Vignes. Ce secteur couvre une superficie de 0,4 hectare. Orientations relatives à la structuration et programmation urbaine du secteur Les nouveaux aménagements, constructions et installations, au travers de leur implantation, Les nouveaux aménagements, constructions et installations, au travers de leur implantation, de leur organisation spatiale, de l’adéquation des formes urbaines, ou encore par des choix techniques doivent être conçus de manière à limiter l’exposition des populations à la pollution atmosphérique et aux nuisances sonore. L’aménagement du secteur devra préserver les arbres fruitiers existants et, ou bien assurer leur remplacement par des plantations en nombre équivalent. Les aménagements paysagers privilégieront des essences végétales variées et l’emploi d’essences locales, notamment d’arbres fruitiers, afin de renfo…","Le passage prescrit que les nouveaux aménagements, constructions et installations soient conçus (implantation, organisation spatiale, formes urbaines, choix techniques) pour limiter l'exposition des populations aux nuisances sonores dans ce secteur d'OAP. Il s'agit d'une orientation d'urbanisme propre à ce secteur, non d'un simple renvoi au classement sonore ou au PEB, et elle concerne bien les bâtiments/aménagements urbains, donc dans le périmètre diagBruit.",https://www.geoportail-urbanisme.gouv.fr/api/document/171518c6d5441a4ad41c30cf32dbe4ca/files/200067874_orientations_amenagement_1_20260427.pdf,Article L,autre
282,171518c6d5441a4ad41c30cf32dbe4ca,1_200067874_reglement_20260427.pdf,"Pour les climatiseurs et pompes à chaleur, deux options s'offrent à vous :
- les coffrer avec un dispositif d'isolation sonore,
- ou les implanter à une distance suffisante de la limite séparative.
Cette règle vise à limiter les nuisances sonores pour la propriété voisine (article 6).",False,,,"A moins que les climatiseurs et pompes à chaleur soient coffrés par un dispositif d’isolation sonore, ils doivent être implantés à une distance suffisante de la limite séparative de manière à limiter les nuisances vis-à-vis de la propriété voisine.","…ttres, etc.) doit être intégrée dans le volume de la construction ou dans la clôture en s’implantant selon une logique de dissimulation qui tienne compte des modénatures et des matériaux constitutifs. 7. Ces installations techniques peuvent également s’implanter au sol (par exemple les paraboles) si A moins que les climatiseurs et pompes à chaleur soient coffrés par un dispositif d’isolation sonore, ils doivent être implantés à une distance suffisante de la limite séparative de manière à limiter les nuisances vis-à-vis de la propriété voisine. des bâtiments, en saillie sur les balcons ou en dépassant leur hauteur de faîtage. Leur installation est toutefois autorisée sur les toitures terrasses.","Le passage impose une distance minimale d'implantation des climatiseurs et pompes à chaleur par rapport aux limites séparatives, sauf coffrage acoustique, afin de limiter les nuisances sonores pour le voisinage. Il s'agit d'une règle autonome de construction (équipements techniques de bâtiment) relevant du périmètre diagBruit, sans limite spatiale précisée donc portée administrative.",https://www.geoportail-urbanisme.gouv.fr/api/document/171518c6d5441a4ad41c30cf32dbe4ca/files/200067874_reglement_20260427.pdf,Article 6,lutte_bruit_existant
403,171518c6d5441a4ad41c30cf32dbe4ca,2_200067874_orientations_amenagement_1_20260427.pdf,"Ce secteur est exposé aux émissions sonores et atmosphériques des activités voisines et des infrastructures de transport. Il est recommandé de concevoir les aménagements et constructions de manière à limiter l'exposition des futurs occupants à ces nuisances. Anticipez ce critère dès la conception de votre projet, pour le confort des futurs résidents.",False,,,"Dans les secteurs soumis aux émissions sonores et atmosphériques issues des activités voisines et des infrastructures de transport, la conception des aménagements et des constructions devra veiller à limiter l’exposition des futurs occupants.","…de l’Industrie. Sa superficie est de 2,9 hectares. Orientations relatives à la structuration et programmation urbaine du secteur La nouvelle opération comportera un habitat diversifié. L’habitat collectif sera préférentiellement situé à l’ouest de la rue de l’Industrie, alors que l’habitat dense ou Dans les secteurs soumis aux émissions sonores et atmosphériques issues des activités voisines et des infrastructures de transport, la conception des aménagements et des constructions devra veiller à limiter l’exposition des futurs occupants. voisines et des infrastructures de transport, la conception des aménagements et des constructions devra veiller à limiter l’exposition des futurs occupants. Orientations relatives à la trame viaire Le site bénéficie d’accès existants via la rue de l’Industrie et la rue de la Division Leclerc. Toutef…","Le passage prescrit que dans les secteurs soumis aux émissions sonores (activités voisines et infrastructures de transport), la conception des aménagements et constructions doit limiter l'exposition des futurs occupants au bruit. Il ne s'agit pas d'un simple renvoi au classement sonore ou au PEB, mais d'une orientation propre à ce secteur d'OAP visant la conception des bâtiments et aménagements. La portée est limitée à ce secteur spécifique de l'OAP (2,9 hectares, rue de l'Industrie).",https://www.geoportail-urbanisme.gouv.fr/api/document/171518c6d5441a4ad41c30cf32dbe4ca/files/200067874_orientations_amenagement_1_20260427.pdf,Article L,lutte_bruit_existant
404,171518c6d5441a4ad41c30cf32dbe4ca,3_200067874_orientations_amenagement_1_20260427.pdf,"Ce secteur est exposé aux émissions sonores et atmosphériques d'activités voisines et d'infrastructures de transport. Il est recommandé de concevoir les aménagements et constructions de manière à limiter l'exposition des futurs occupants à ces nuisances. Anticipez cet enjeu dès la conception de votre projet, pour le confort de vos futurs résidents.",False,,,"Dans les secteurs soumis aux émissions sonores et atmosphériques issues des activités voisines et des infrastructures de transport, la conception des aménagements et des constructions devra veiller à limiter l’exposition des futurs occupants.","…. La superficie du secteur d’urbanisation est de 16.1 hectares. Orientations relatives à la structuration et programmation urbaine du secteur Le secteur sera urbanisé via un projet d’aménagement portant sur la totalité de sa superficie. La nouvelle urbanisation sera à dominante d’habitat diversifié. Dans les secteurs soumis aux émissions sonores et atmosphériques issues des activités voisines et des infrastructures de transport, la conception des aménagements et des constructions devra veiller à limiter l’exposition des futurs occupants. jonction avec la rue du Plan d’Eau, reliée à l’avenue de Strasbourg par un giratoire. L’opération sera traversée par des liaisons en modes actifs. Les liaisons douces à aménager devront être conçues de manière à assurer leur connexion avec le réseau de mobilité douce, s’il existe en périphérie imméd…","Le passage impose que la conception des aménagements et constructions dans les secteurs exposés aux émissions sonores (activités voisines et infrastructures de transport) limite l'exposition des futurs occupants. Il ne s'agit pas d'un simple renvoi au classement sonore/PEB déjà traité ailleurs, mais d'une orientation d'aménagement autonome concernant la conception des bâtiments et projets urbains, donc dans le périmètre diagBruit. Aucune limite spatiale précise n'étant donnée (pas de zone réglementaire nommée), la portée est considérée comme administrative.",https://www.geoportail-urbanisme.gouv.fr/api/document/171518c6d5441a4ad41c30cf32dbe4ca/files/200067874_orientations_amenagement_1_20260427.pdf,Article L,autre
405,171518c6d5441a4ad41c30cf32dbe4ca,4_200067874_orientations_amenagement_1_20260427.pdf,"Ce secteur est exposé aux émissions sonores et atmosphériques des activités voisines et des infrastructures de transport. Il est recommandé de concevoir les aménagements et les constructions de façon à limiter l'exposition des futurs occupants à ces nuisances. Anticipez ce critère dès la conception de votre projet, pour le confort de vos futurs résidents.",False,,,"Dans les secteurs soumis aux émissions sonores et atmosphériques issues des activités voisines et des infrastructures de transport, la conception des aménagements et des constructions devra veiller à limiter l’exposition des futurs occupants.","…usagers du train, qui n’a pas vocation à être accessible au public, doit toutefois bénéficier d’un traitement qualitatif. Les nouvelles constructions doivent s’accorder au paysage urbain et architectural du quartier existant et dans lequel elles doivent s’insérer de manière cohérente et harmonieuse. Dans les secteurs soumis aux émissions sonores et atmosphériques issues des activités voisines et des infrastructures de transport, la conception des aménagements et des constructions devra veiller à limiter l’exposition des futurs occupants. l’interface entre la passerelle du PEM et le parking silo. La programmation de cet espace public prévoit des aménagements liés à la vocation multimodale attendue, notamment des arrêts de bus et des aires de stationnement de courte durée de type « dépose minute ». Par ailleurs, l’évolution du secteur…","Le passage énonce une règle autonome (non liée au classement sonore ou au PEB) demandant, dans les secteurs exposés aux émissions sonores et atmosphériques des activités voisines et infrastructures de transport, de concevoir les aménagements et constructions pour limiter l'exposition des futurs occupants. Cela concerne bien les bâtiments et l'aménagement urbain, donc dans le périmètre diagBruit. La portée est limitée aux secteurs concernés par ces nuisances (pas nécessairement tout le territoire), d'où zone_specifique.",https://www.geoportail-urbanisme.gouv.fr/api/document/171518c6d5441a4ad41c30cf32dbe4ca/files/200067874_orientations_amenagement_1_20260427.pdf,Article L,autre
406,171518c6d5441a4ad41c30cf32dbe4ca,5_200067874_orientations_amenagement_1_20260427.pdf,"Ce secteur est exposé aux émissions sonores et atmosphériques des activités voisines et des infrastructures de transport. Il est recommandé de concevoir les aménagements et constructions de façon à limiter l'exposition des futurs occupants à ces nuisances. Anticipez cet enjeu dès la conception de votre projet, pour le confort de ses futurs occupants.",False,,,"Dans les secteurs soumis aux émissions sonores et atmosphériques issues des activités voisines et des infrastructures de transport, la conception des aménagements et des constructions devra veiller à limiter l’exposition des futurs occupants.","…s opérations d’habitat doivent comporter un minimum de 25 % de logements aidés. Le nord du secteur où est implanté le supermarché, est privilégié pour l’accueil d’un nouvel équipement d’intérêt collectif. La requalification du Pôle Gares prévoit la relocalisation de la gare routière aux abords de la Dans les secteurs soumis aux émissions sonores et atmosphériques issues des activités voisines et des infrastructures de transport, la conception des aménagements et des constructions devra veiller à limiter l’exposition des futurs occupants. constructions devra veiller à limiter l’exposition des futurs occupants. Orientations relatives à la trame viaire et aux fonctions du Pôle d’échange multimodal Le réseau viaire s’appuie sur les voies existantes pour organiser les circulations véhiculaires et développer de nouveaux aménagements pour…","Le passage prescrit que dans les secteurs soumis aux émissions sonores (et atmosphériques) issues des activités voisines et des infrastructures de transport, la conception des aménagements et constructions doit limiter l'exposition des futurs occupants. Il ne s'agit pas d'un simple renvoi au classement sonore ou au PEB, mais d'une orientation de conception urbaine visant à limiter l'exposition au bruit, ce qui relève bien du périmètre diagBruit. La zone concernée n'est pas une zone réglementaire nommée mais un secteur identifié dans l'OAP (secteurs soumis aux émissions sonores), donc portée géométrique spécifique.",https://www.geoportail-urbanisme.gouv.fr/api/document/171518c6d5441a4ad41c30cf32dbe4ca/files/200067874_orientations_amenagement_1_20260427.pdf,Article L,lutte_bruit_existant
407,171518c6d5441a4ad41c30cf32dbe4ca,6_200067874_orientations_amenagement_1_20260427.pdf,"Dans les secteurs exposés aux émissions sonores et atmosphériques des activités voisines et des infrastructures de transport, la conception des aménagements et des constructions doit limiter l'exposition des futurs occupants. Intégrez cette exigence dès la conception de votre projet, pour la santé et le confort des futurs résidents.",False,,,"soin particulier doit être porté sur la qualité architecturale des façades des constructions donnant sur le boulevard. Dans les secteurs soumis aux émissions sonores et atmosphériques issues des activités voisines et des infrastructures de transport, la conception des aménagements et des constructions devra veiller à limiter l’exposition des futurs occupants. Les futures opérations d’habitat doivent comporter un minimum de 25 % de logements aidés.","…partie ouest du site. Les constructions édifiées en bordure du boulevard Louise-Amélie Leblois forment un front urbain continu et privilégient des formes urbaines denses. Les nouveaux édifices doivent contribuer à structurer la silhouette urbaine et la limite bâtie au sud de la ville. En ce sens, un soin particulier doit être porté sur la qualité architecturale des façades des constructions donnant sur le boulevard. Dans les secteurs soumis aux émissions sonores et atmosphériques issues des activités voisines et des infrastructures de transport, la conception des aménagements et des constructions devra veiller à limiter l’exposition des futurs occupants. Les futures opérations d’habitat doivent comporter un minimum de 25 % de logements aidés. Orientations relatives à la trame viaire La desserte routière du futur quartier est assurée exclusivement depuis le boulevard Louise- Amélie Leblois. Il est également desservi par des aménagements piétons-cycles qui longent le boulevard. Une nouvelle liaison nord-sud à usage des mobilités actives co…","Le passage impose que la conception des aménagements et constructions veille à limiter l'exposition des futurs occupants aux émissions sonores et atmosphériques issues des activités voisines et infrastructures de transport, dans les secteurs concernés. Il ne s'agit pas d'un simple renvoi au classement sonore ou au PEB (aucune mention explicite de ces dispositifs), mais d'une exigence de conception propre au document d'urbanisme visant les bâtiments et aménagements eux-mêmes. La portée est limitée aux secteurs soumis à ces émissions, ce qui correspond à une zone spécifique non cartographiée automatiquement.",https://www.geoportail-urbanisme.gouv.fr/api/document/171518c6d5441a4ad41c30cf32dbe4ca/files/200067874_orientations_amenagement_1_20260427.pdf,Article L,lutte_bruit_existant
408,171518c6d5441a4ad41c30cf32dbe4ca,7_200067874_orientations_amenagement_1_20260427.pdf,"Ce secteur est exposé aux émissions sonores et atmosphériques des activités voisines et des infrastructures de transport. Il est recommandé de concevoir les aménagements et les constructions de manière à limiter l'exposition des futurs occupants à ces nuisances. Anticipez ce critère dès la conception de votre projet, pour le confort des futurs résidents.",False,,,"Dans les secteurs soumis aux émissions sonores et atmosphériques issues des activités voisines et des infrastructures de transport, la conception des aménagements et des constructions devra veiller à limiter l’exposition des futurs occupants.","…s nouvelles opérations de constructions au contact des tissus urbains existants composés de maisons individuelles. Cette programmation permet de garantir une cohérence d’échelle avec les quartiers pavillonnaires existants situés d’une part, rue du Colonel Paulus et, d’autre part, route de Weitbruch. Dans les secteurs soumis aux émissions sonores et atmosphériques issues des activités voisines et des infrastructures de transport, la conception des aménagements et des constructions devra veiller à limiter l’exposition des futurs occupants. nouveau quartier. Cette voie, véritable colonne vertébrale du secteur, sera complétée par un axe structurant assurant la desserte interne du futur quartier et créant une liaison inter quartier dans le sens ouest-est, de part et d’autre du boulevard. Ce nouvel axe se connecte à l’ouest sur la rue du…","Le passage prescrit une prise en compte des nuisances sonores (et atmosphériques) issues des activités voisines et infrastructures de transport dans la conception des aménagements et constructions, afin de limiter l'exposition des futurs occupants. Cette règle concerne bien les bâtiments et l'aménagement urbain (pas uniquement l'infrastructure elle-même), et s'applique aux secteurs concernés de l'OAP, donc portée géométrique spécifique à la zone d'OAP.",https://www.geoportail-urbanisme.gouv.fr/api/document/171518c6d5441a4ad41c30cf32dbe4ca/files/200067874_orientations_amenagement_1_20260427.pdf,Article L,autre
409,171518c6d5441a4ad41c30cf32dbe4ca,8_200067874_orientations_amenagement_1_20260427.pdf,"Ce secteur, situé au nord-est du site en limite du tissu existant route de Marienthal, est exposé aux émissions sonores et atmosphériques des activités voisines et des infrastructures de transport. Il est recommandé de concevoir les aménagements et constructions en limitant l'exposition des futurs occupants à ces nuisances. Anticipez ce critère dès la conception de votre projet, pour le confort des futurs résidents.",False,,,"Dans les secteurs soumis aux émissions sonores et atmosphériques issues des activités voisines et de infrastructures de transport, la conception des aménagements et des constructions devra veiller à limiter l’exposition des futurs occupants.","…créer des perméabilités vers les constructions édifiées en second rang pour faciliter l’accès à cet espace naturel. Pour les nouvelles constructions (sous forme d’habitat individuel dense) réalisées au nord-est du site en limite du tissu existant, route de Marienthal, le rapport d’échelle des formes Dans les secteurs soumis aux émissions sonores et atmosphériques issues des activités voisines et de infrastructures de transport, la conception des aménagements et des constructions devra veiller à limiter l’exposition des futurs occupants. économiques. Le développement de ce secteur s’appuie en outre sur la création potentielle d’une halte ferroviaire, un élément majeur qui favorise la vocation multimodale de celui-ci. Les voies d'accès et chemins pour les modes actifs seront développés en fonction de l’aménagement retenu sur le site.…","Le passage prescrit, pour un secteur spécifique du site (nord-est, en limite du tissu existant route de Marienthal), une conception des aménagements et constructions limitant l'exposition des futurs occupants au bruit issu des activités voisines et infrastructures de transport. Il ne s'agit pas d'un simple renvoi au classement sonore ou au PEB, mais d'une recommandation générale d'urbanisme visant la protection des futurs occupants, donc dans le périmètre diagBruit. La portée est géographiquement limitée à ce secteur du site, non à l'ensemble du document.",https://www.geoportail-urbanisme.gouv.fr/api/document/171518c6d5441a4ad41c30cf32dbe4ca/files/200067874_orientations_amenagement_1_20260427.pdf,Article L,autre
410,171518c6d5441a4ad41c30cf32dbe4ca,9_200067874_orientations_amenagement_1_20260427.pdf,"Ce secteur est exposé aux émissions sonores et atmosphériques des activités voisines et des infrastructures de transport. Il est recommandé de concevoir les aménagements et constructions en limitant l'exposition des futurs occupants à ces nuisances. Anticipez ce critère dès la conception de votre projet, pour le confort de vos futurs résidents.",False,,,"Dans les secteurs soumis aux émissions sonores et atmosphériques issues des activités voisines et des infrastructures de transport, la conception des aménagements et des constructions devra veiller à limiter l’exposition des futurs occupants.","…destinée à l’accueil de logements individuels de type habitat intermédiaire. L’aménagement de ce secteur devra ainsi limiter la densité des constructions tant en matière d’emprise au sol que de hauteur. La partie nord du site, limitrophe de l’urbanisation existante d’immeubles collectifs, privilégie Dans les secteurs soumis aux émissions sonores et atmosphériques issues des activités voisines et des infrastructures de transport, la conception des aménagements et des constructions devra veiller à limiter l’exposition des futurs occupants. Compléments d’urbanisation rue Boedecker Les deux secteurs d’extension planifiés le long de la rue Boedecker sont destinés à accueillir un développement urbain à vocation essentiellement résidentielle. PLUi Communauté d’Agglomération de Haguenau OAP sectorielles PLUi APPROUVE","Le passage établit une règle autonome pour l'OAP sectorielle concernée : dans les secteurs exposés aux émissions sonores (et atmosphériques) issues des activités voisines et des infrastructures de transport, la conception des aménagements et constructions doit limiter l'exposition des occupants. Il ne s'agit pas d'un simple renvoi au classement sonore ou au PEB, mais d'une recommandation de conception urbaine et architecturale propre à ce secteur d'OAP. La portée est limitée au secteur de l'OAP décrit (zone spécifique), pas à l'ensemble du document.",https://www.geoportail-urbanisme.gouv.fr/api/document/171518c6d5441a4ad41c30cf32dbe4ca/files/200067874_orientations_amenagement_1_20260427.pdf,Article L,lutte_bruit_existant
415,1a06170e4506cd77d3a8a1fe53e71015,1_67090_reglement_20210913.pdf,"L'implantation de constructions ou installations liées à l'exploitation agricole (hors élevage) est autorisée à une condition : elles ne doivent occasionner aucune nuisance supplémentaire, qu'elle soit visuelle, sonore, olfactive, ou qu'elle affecte la circulation. Vérifiez que votre projet respecte ce critère avant tout dépôt de demande.",False,,,"4 pas de nuisances supplémentaires visuelles, sonores, olfactives, ou encore un impact sur la circulation ; - Les opérations figurant en emplacement réservé au plan de zonage. - Les occupations et utilisations du sol suivantes, liées ou non à la desserte de la zone:  Les installations liées et nécessaires aux télécommunications ou télédiffusions,  La modification ou la création des lignes électriques aériennes y compris les","…la sécurité et les nuisances des usagers ; - L'implantation de constructions ou installations existantes ou nouvelles liées à l'exploitation agricole (sauf élevage) à condition que ces dernières n'occasionnent Plan Local d’Urbanisme de DIEBOLSHEIM - Règlement Modification n°1 approuvée le 9/10/2012 4 pas de nuisances supplémentaires visuelles, sonores, olfactives, ou encore un impact sur la circulation ; - Les opérations figurant en emplacement réservé au plan de zonage. - Les occupations et utilisations du sol suivantes, liées ou non à la desserte de la zone:  Les installations liées et nécessaires aux télécommunications ou télédiffusions,  La modification ou la création des lignes électriques aériennes y compris les modifications de leur tracé.  Les canalisations, travaux et installations linéaires souterraines des services publics ainsi que les ouvrages techniques liés à ces équipements, l'aménagement, l'entretien, la modification ou la création des routes, chemins, cours d'eau, berges et des ouvrages qui leu…","La condition d'implantation des constructions et installations agricoles impose qu'elles n'occasionnent pas de nuisances supplémentaires sonores (entre autres), ce qui constitue une règle autonome liée au bruit applicable à une zone spécifique (probablement agricole) du PLU, distincte du classement sonore des infrastructures.",https://www.geoportail-urbanisme.gouv.fr/api/document/1a06170e4506cd77d3a8a1fe53e71015/files/67090_reglement_20210913.pdf,Article 2,autre
284,274e0297eee8a3b4d7650c9c8d2c950f,6_200034635_reglement_20251211.pdf,"Si votre projet prévoit une pompe à chaleur ou un climatiseur en façade, implantez-le sur la façade générant le moins de nuisances visuelles et sonores pour le voisinage. Cette obligation s'applique dans la mesure où les conditions techniques d'implantation le permettent. Anticipez ce choix dès la conception, pour préserver la tranquillité de vos voisins.",False,,,Les pompes à chaleur ou dispositifs de climatisation installés en façade de la construction doivent être implantés sur la façade où ils présentent le moins de nuisances visuelles et/ou sonores pour le voisinage dans la mesure où les conditions techniques d’implantation le permettent.,…hoisis parmi les teintes définies par les couvertures de l’habitat existant situé dans l’environnement immédiat. 2. Façades : ▪ Toute nouvelle construction présentant une façade sur rue de plus de 20 mètres ne peut être réalisée sans introduire des décrochements ou éléments architecturaux ayant pour Les pompes à chaleur ou dispositifs de climatisation installés en façade de la construction doivent être implantés sur la façade où ils présentent le moins de nuisances visuelles et/ou sonores pour le voisinage dans la mesure où les conditions techniques d’implantation le permettent. permettent. CdC Kochersberg-Ackerland I Règlement écrit I Atelier [inSitu] - VB Process - I Approuvé le 10 décembre 2019 – M1 le 30 juin 2022 - M2 le 18 septembre 2025 I page 45,"Le passage impose que les pompes à chaleur et dispositifs de climatisation en façade soient implantés de manière à minimiser les nuisances sonores pour le voisinage, ce qui constitue une règle autonome liée au bruit dans le cadre de constructions, applicable à l'ensemble du territoire couvert par le règlement (pas de zone spécifique mentionnée).",https://www.geoportail-urbanisme.gouv.fr/api/document/274e0297eee8a3b4d7650c9c8d2c950f/files/200034635_reglement_20251211.pdf,Article 2.7.,autre
418,284928e1449906994f1323c4fc818562,1_200040178_orientations_amenagement_18_00_20260629_A.pdf,"Pour ce secteur, il est recommandé d'orienter dès la conception les bâtiments et équipements bruyants par rapport aux bâtiments et zones sensibles au bruit. Anticipez ce choix d'implantation dans votre projet pour limiter les nuisances sonores et préserver le confort des futurs résidents.",False,,,"Le projet devra rechercher, dans sa conception, à orienter les bâtiments et les équipements bruyants par rapport aux bâtiments et zones sensibles au bruit","…de réutilisation des eaux pluviales, celle-ci devra être conforme aux normes en vigueur, notamment l’arrêté du 21 août 2008 ; - les places de stationnement destinées aux véhicules légers seront réalisées en structure perméable ; - Pour les terrains concernés par le risque de remontées de nappe, des Le projet devra rechercher, dans sa conception, à orienter les bâtiments et les équipements bruyants par rapport aux bâtiments et zones sensibles au bruit PLUi (le périmètre est classé au niveau 3 sur 5, considéré comme très modéré). o Risque induit, que le projet, notamment le forage, pourrait éventuellement générer : le projet devra étudier l’impact potentiel et prévoir les mesures adaptées, notamment en s’appuyant sur le guide des bonnes pratiques…","Le passage prescrit une orientation des bâtiments et équipements bruyants par rapport aux bâtiments et zones sensibles au bruit, ce qui est une recommandation d'urbanisme relevant du périmètre diagBruit (implantation des constructions). Aucune limite spatiale spécifique n'est mentionnée, donc portée administrative par défaut.",https://www.geoportail-urbanisme.gouv.fr/api/document/284928e1449906994f1323c4fc818562/files/200040178_orientations_amenagement_18_00_20260629_A.pdf,page 59,autre
419,284928e1449906994f1323c4fc818562,1_200040178_padd_20260629_A.pdf,"Les axes de circulation présentent un risque de nuisances sonores pour les futures habitations. Il est recommandé d'éviter toute urbanisation nouvelle en extension le long de ces axes à risques. Anticipez ce critère dès la conception de votre projet, pour le confort des futurs résidents.",False,,,"Prévenir les risques de nuisances sonores le long des axes de circulation. Toute urbanisation nouvelle, en extension, le long des axes à risques, doit être évité.","…et les espaces agricoles proprement dits. Maintenir la place qu'il convient à des éléments paysagers tels que jardins, haies champêtres, bosquets et vergers, de telle sorte qu'ils soient intégrés comme des éléments de conception à part entière dans le cadre de l'aménagement de ces futurs quartiers. Prévenir les risques de nuisances sonores le long des axes de circulation. Toute urbanisation nouvelle, en extension, le long des axes à risques, doit être évité. habitations. En effet, le territoire du HATTGAU comporte, entre autre, un certain nombre d'Installations Classées pour la Protection de l'Environnement (ICPE). Objectif 1-2 : Les politiques d'équipement Maintenir l'offre d'équipements et permettre son fonctionnement autant dans les villages que dans…","Le PADD énonce un objectif de prévention des nuisances sonores le long des axes de circulation et d'évitement de l'urbanisation nouvelle en extension le long des axes à risques. Cette règle concerne bien l'urbanisation résidentielle à proximité des infrastructures (pas seulement l'infrastructure elle-même), donc elle relève du périmètre diagBruit. Il s'agit d'un objectif de PADD, formulé de façon assez générale et programmatique (recommandation), sans zone réglementaire précise délimitée, donc portée administrative par défaut.",https://www.geoportail-urbanisme.gouv.fr/api/document/284928e1449906994f1323c4fc818562/files/200040178_padd_20260629_A.pdf,page 9,lutte_bruit_existant
420,284928e1449906994f1323c4fc818562,2_200040178_padd_20260629_A.pdf,"En cas de reconversion d'un corps de ferme vers du logement ou une activité, il est recommandé de limiter les nuisances potentielles, notamment liées au stationnement et au bruit. Anticipez cette orientation dès la conception de votre projet, pour le confort des futurs occupants et du voisinage.",False,,,"permettant, par exemple, l'évolution des corps de ferme vers du logement ou de l'activité en limitant les nuisances potentielles (stationnement, bruit, etc.)","…la structure de l'habitat rural traditionnel caractérisé par la configuration ferme-cour. Préserver l'identité visuelle forte des rues par la présence de constructions traditionnelles à colombages dans les villages. Protéger le patrimoine bâti remarquable des communes du HATTGAU par des possibilités permettant, par exemple, l'évolution des corps de ferme vers du logement ou de l'activité en limitant les nuisances potentielles (stationnement, bruit, etc.) annexes en habitat par exemple. Urbanisme, du patrimoine à l'innovation Encadrer l'évolution du bâti traditionnel en préservant ses caractéristiques urbaines et architecturales (volumes et modes d'implantation, matériaux de constructions, présence de jardin et vergers, etc.). Préserver la valeur du…","Le PADD recommande de permettre l'évolution des corps de ferme vers du logement ou de l'activité tout en limitant les nuisances potentielles, dont le bruit. Il s'agit d'une orientation générale applicable à l'ensemble du bâti rural traditionnel des communes concernées, en lien avec des projets de reconversion de bâtiments, ce qui relève du périmètre diagBruit. La formulation reste toutefois assez générale et associée à d'autres nuisances (stationnement), ce qui limite la précision de la règle.",https://www.geoportail-urbanisme.gouv.fr/api/document/284928e1449906994f1323c4fc818562/files/200040178_padd_20260629_A.pdf,page 10,autre
297,2e782afabec0a8c1c78ec25955bff2c3,1_67308_reglement_20211115.pdf,"En zone U, les équipements techniques extérieurs de votre bâtiment doivent être traités pour limiter leur émergence acoustique. Sont concernés notamment :
- les centrales de traitement d'air,
- les unités extérieures de pompes à chaleur,
- les unités de climatisation,
- les pompes de traitement des eaux de piscine.
Anticipez ce traitement acoustique dès la conception, pour le confort de vos futurs voisins.",False,,,"CLIMATIQUE volumétrie s’insère harmonieusement dans le cadre bâti environnant. • Les éléments techniques extérieurs liés au bâtiment (centrales de traitement d’air, unités EMERGENCES extérieures de pompes à chaleur, unités de climatisation, pompe de traitements des eaux de ACOUSTIQUES piscine, etc) devront être traités de manière à limiter l’émergence acoustique. 19 PLAN LOCAL D’URBANISME DE MUNCHHAUSEN","…destinés à économiser de l’énergie ou à produire de l’énergie renouvelable dans les D’ÉNERGIE ET constructions, tels que panneaux solaires, éoliennes, toitures végétalisées, rehaussement de L’ADAPTATION couverture pour isolation thermique, sont autorisés en saillies des toitures à condition que leur CLIMATIQUE volumétrie s’insère harmonieusement dans le cadre bâti environnant. • Les éléments techniques extérieurs liés au bâtiment (centrales de traitement d’air, unités EMERGENCES extérieures de pompes à chaleur, unités de climatisation, pompe de traitements des eaux de ACOUSTIQUES piscine, etc) devront être traités de manière à limiter l’émergence acoustique. 19 PLAN LOCAL D’URBANISME DE MUNCHHAUSEN PRAGMA TRAITEMENT ENVIRONNEMENTAL ET","Le passage impose que les éléments techniques extérieurs liés aux bâtiments (climatisation, pompes à chaleur, traitement des eaux de piscine, etc.) soient traités pour limiter leur émergence acoustique. Il s'agit d'une règle autonome liée au bruit concernant les constructions, entrant pleinement dans le périmètre diagBruit, sans lien avec le classement sonore ou le PEB. Aucune limite spatiale spécifique n'étant précisée, la règle s'applique à l'ensemble du zonage couvert par le document.",https://www.geoportail-urbanisme.gouv.fr/api/document/2e782afabec0a8c1c78ec25955bff2c3/files/67308_reglement_20211115.pdf,alinéa 4,autre
417,2e782afabec0a8c1c78ec25955bff2c3,2_67308_reglement_20211115.pdf,"Dans le secteur 1AUh, la création, l'extension ou la transformation d'un établissement est interdite si elle entraîne une augmentation significative des nuisances pour le voisinage, notamment sonores et olfactives, ou des risques accrus pour la salubrité et la sécurité publique. Évaluez l'impact sonore et olfactif de votre projet avant tout dépôt de permis. Cette règle protège le cadre de vie des riverains du secteur.",False,,,"en résulte une augmentation collectif et services publics. significative des nuisances (notamment sonores et olfactives) pour le voisinage, ainsi que des risques accrus pour la salubrité et la sécurité publique. 21 PLAN LOCAL D’URBANISME DE MUNCHHAUSEN","…SECTEUR • La création, l’extension ou la • à l’habitat (logement, constructions dédiées aux activités 1AUh transformation d’établissements de hébergement) ; soient inférieures à 100 mètres toute nature - qu’ils comportent ou carrées. non des installations classées - s’il • aux équipements d'intérêt en résulte une augmentation collectif et services publics. significative des nuisances (notamment sonores et olfactives) pour le voisinage, ainsi que des risques accrus pour la salubrité et la sécurité publique. 21 PLAN LOCAL D’URBANISME DE MUNCHHAUSEN PRAGMA","Le règlement interdit ou encadre dans le secteur 1AUh la création/extension/transformation d'établissements s'il en résulte une augmentation significative des nuisances sonores (et olfactives) pour le voisinage. Il s'agit d'une règle autonome propre au document d'urbanisme, distincte du classement sonore des voies ou du PEB, et qui concerne bien les bâtiments/activités et non une infrastructure de transport.",https://www.geoportail-urbanisme.gouv.fr/api/document/2e782afabec0a8c1c78ec25955bff2c3/files/67308_reglement_20211115.pdf,Article AU1,autre
298,2e782afabec0a8c1c78ec25955bff2c3,3_67308_reglement_20211115.pdf,"Dans le secteur 1AUh, les équipements techniques extérieurs (centrales de traitement d'air, pompes à chaleur, climatisation, pompe de traitement des eaux de piscine, etc.) doivent être traités pour limiter leur émergence acoustique. Anticipez le choix et l'installation de ces équipements dès la conception de votre projet, pour le confort des futurs résidents et du voisinage.",False,,,"CLIMATIQUE volumétrie s’insère harmonieusement dans le cadre bâti environnant. • Les éléments techniques extérieurs liés au bâtiment (centrales de traitement d’air, unités EMERGENCES extérieures de pompes à chaleur, unités de climatisation, pompe de traitements des eaux de ACOUSTIQUES piscine, etc) devront être traités de manière à limiter l’émergence acoustique. 25 PLAN LOCAL D’URBANISME DE MUNCHHAUSEN","…destinés à économiser de l’énergie ou à produire de l’énergie renouvelable dans les D’ÉNERGIE ET constructions, tels que panneaux solaires, éoliennes, toitures végétalisées, rehaussement de L’ADAPTATION couverture pour isolation thermique, sont autorisés en saillies des toitures à condition que leur CLIMATIQUE volumétrie s’insère harmonieusement dans le cadre bâti environnant. • Les éléments techniques extérieurs liés au bâtiment (centrales de traitement d’air, unités EMERGENCES extérieures de pompes à chaleur, unités de climatisation, pompe de traitements des eaux de ACOUSTIQUES piscine, etc) devront être traités de manière à limiter l’émergence acoustique. 25 PLAN LOCAL D’URBANISME DE MUNCHHAUSEN PRAGMA TRAITEMENT ENVIRONNEMENTAL ET","Le passage impose une prescription autonome visant à limiter l'émergence acoustique des équipements techniques extérieurs liés aux bâtiments (climatisation, pompes à chaleur, traitement d'air, etc.), applicable a priori à l'ensemble du zonage du PLU. Cette règle concerne directement les constructions et ne relève ni du classement sonore ni du PEB, elle est donc bien dans le périmètre diagBruit.",https://www.geoportail-urbanisme.gouv.fr/api/document/2e782afabec0a8c1c78ec25955bff2c3/files/67308_reglement_20211115.pdf,Article AU5,autre
299,2e782afabec0a8c1c78ec25955bff2c3,4_67308_reglement_20211115.pdf,"Dans la zone A1, les équipements techniques extérieurs du bâtiment (centrales de traitement d'air, unités de pompes à chaleur, climatisation…) doivent être traités pour limiter leur émergence acoustique. Anticipez ce traitement dès la conception, pour le confort de vos futurs résidents et du voisinage.",False,,,ACOUSTIQUES l’émergence acoustique.,"…E ET énergétiques efficaces et utilisant les énergies renouvelables. L’ADAPTATION CLIMATIQUE • Les éléments techniques extérieurs liés au bâtiment (centrales de traitement d’air, unités A1 EMERGENCES extérieures de pompes à chaleur, unités de climatisation…) devront être traités de manière à limiter ACOUSTIQUES l’émergence acoustique. ARTICLE A6 TRAITEMENT ENVIRONNEMENTAL ET PAYSAGER DES ESPACES A6 TRAITEMENT ENVIRONNEMENTAL ET PAYSAGER DES ESPACES • Les constructions et aménagements veilleront à limiter leur impact sur l’imperméabilisation des sols et à favoriser la circulation de la biodiversité. Ensemble de la zone A • Dans le…","Le passage prescrit que les équipements techniques extérieurs des bâtiments (climatisation, pompes à chaleur, etc.) soient traités pour limiter l'émergence acoustique, ce qui relève directement du périmètre diagBruit (bâtiments). Il n'y a pas de limite spatiale spécifique mentionnée, donc portée administrative par défaut.",https://www.geoportail-urbanisme.gouv.fr/api/document/2e782afabec0a8c1c78ec25955bff2c3/files/67308_reglement_20211115.pdf,Article AU6,autre
300,2e782afabec0a8c1c78ec25955bff2c3,5_67308_reglement_20211115.pdf,"Dans la zone N, la conception bioclimatique est recommandée pour les constructions neuves : bonne orientation, apports solaires en hiver, protection contre le rayonnement en été, compacité, forte isolation, systèmes énergétiques efficaces et énergies renouvelables. Il est également conseillé de traiter les éléments techniques extérieurs du bâtiment - centrales de traitement d'air, unités de pompes à chaleur, climatiseurs - pour limiter le bruit qu'ils génèrent. Anticipez ces choix dès la conception, pour le confort des futurs occupants et du voisinage.",False,,,"ÉCONOMIES constructions bien orientées - bénéficiant d’apports solaires gratuits en hiver et protégées du D’ÉNERGIE ET rayonnement solaire direct en été -, compactes, très isolées, mettant en œuvre des systèmes L’ADAPTATION énergétiques efficaces et utilisant les énergies renouvelables. CLIMATIQUE EMERGENCES • Les éléments techniques extérieurs liés au bâtiment (centrales de traitement d’air, unités ACOUSTIQUES extérieures de pompes à chaleur, unités de climatisation…) devront être traités de ma…","…ce dernier que vu depuis l’extérieur. Ce plan mettra également en perspective le respect et la valorisation de la présence de la nature et de la biodiversité au sein même du site. DISPOSITIFS FAVORISANT LES • La conception bioclimatique est recommandée pour la construction des bâtiments neufs : des ÉCONOMIES constructions bien orientées - bénéficiant d’apports solaires gratuits en hiver et protégées du D’ÉNERGIE ET rayonnement solaire direct en été -, compactes, très isolées, mettant en œuvre des systèmes L’ADAPTATION énergétiques efficaces et utilisant les énergies renouvelables. CLIMATIQUE EMERGENCES • Les éléments techniques extérieurs liés au bâtiment (centrales de traitement d’air, unités ACOUSTIQUES extérieures de pompes à chaleur, unités de climatisation…) devront être traités de ma… limiter l’émergence acoustique.","Le passage prescrit/recommande que les éléments techniques extérieurs liés au bâtiment (climatisation, pompes à chaleur, etc.) soient traités pour limiter l'émergence acoustique. Cette règle concerne directement les constructions de bâtiments, relève donc pleinement du périmètre diagBruit. Aucune limite spatiale spécifique n'étant mentionnée, la portée est considérée comme administrative.",https://www.geoportail-urbanisme.gouv.fr/api/document/2e782afabec0a8c1c78ec25955bff2c3/files/67308_reglement_20211115.pdf,Article AU6,autre
205,36ec473498c3ae5a14b4c61db4f79394,1_67200_padd_20260216.pdf,"Cette parcelle se situe à proximité de zones identifiées comme exposées au bruit, le long de la RN 83 et de la voie ferrée. Les possibilités de construction y sont strictement réglementées. Il est recommandé de privilégier le développement urbain en dehors de ces secteurs bruyants. Renseignez-vous sur l'exposition sonore de votre terrain avant d'engager votre projet.",False,,,"zones à risques et à fortes nuisances Les risques et nuisances ont été recensés : - inondations de la Scheer, - périmètres de bruits le long de la RN 83 et de la voie ferrée, - périmètres de protection autour des installations classées (une installation d’élevage est classée sur la commune). Dans ces zones, les possibilités de constructions sont strictement réglementées. Les zones d’extensions urbaines sont situées en dehors de","…en compte la vocation d’agrément d’aménagement numérique. des prairies à l’est de la Petite-Ill et laisse la possibilité de réaliser de petits aménagements tels des aires de jeux pour enfants. La zone des équipements sportifs existants est confortée. 2.5 Développer les nouveaux projets en-dehors des zones à risques et à fortes nuisances Les risques et nuisances ont été recensés : - inondations de la Scheer, - périmètres de bruits le long de la RN 83 et de la voie ferrée, - périmètres de protection autour des installations classées (une installation d’élevage est classée sur la commune). Dans ces zones, les possibilités de constructions sont strictement réglementées. Les zones d’extensions urbaines sont situées en dehors de ces zones à risques ou à forte nuisance. 2.6 Développer les communications numériques Dans la mesure du possible et du raisonnable, la commune cherchera à améliorer le développement de l’accès aux technologies numériques de qualité, Commune de Hipsheim - Révision du PLU - Projet d'Aménagement et de…","Le PADD identifie les périmètres de bruit le long de la RN 83 et de la voie ferrée comme des zones à nuisances où les possibilités de construction sont strictement réglementées, et prévoit que les zones d'extension urbaine soient situées en dehors de ces zones. Il ne s'agit pas d'un simple renvoi au classement sonore standard mais d'une orientation d'urbanisme visant à éviter le développement urbain dans ces secteurs bruyants, ce qui dépasse la simple isolation acoustique réglementaire. La règle s'applique à l'échelle communale sans zone réglementaire précise délimitée dans le texte.",https://www.geoportail-urbanisme.gouv.fr/api/document/36ec473498c3ae5a14b4c61db4f79394/files/67200_padd_20260216.pdf,page 12,lutte_bruit_existant
223,529d586585da83ff5a056d71c9c1c7eb,3_67266_reglement_20260706.pdf,"Pour limiter les nuisances sonores envers le voisinage, il est recommandé d'implanter avec soin :
- les pompes à chaleur,
- les autres dispositifs de climatisation,
- les équipements liés au fonctionnement des piscines.
Cette recommandation s'applique dans la mesure où les conditions techniques d'implantation le permettent. Pensez à intégrer ce critère dès la conception de votre projet, pour le confort de vos voisins.",False,,,"Les pompes à chaleur et autres dispositifs de climatisation, ainsi que les équipements liés au fonctionnement des piscines devront être implantés de manière à présenter le moins possible de nuisances sonores pour le voisinage dans la mesure où les conditions techniques d'implantation le permettent.","= Aux constructions et installations de faible emprise nécessaires à l'exploitation des réseaux publics tels
que postes de transformation électrique dont l'implantation ne devra cependant pas nuire à la qualité des
alignements existants et du paysage urbain. Les pompes à chaleur et autres dispositifs de climatisation, ainsi que les équipements liés au fonctionnement des piscines devront être implantés de manière à présenter le moins possible de nuisances sonores pour le voisinage dans la mesure où les conditions techniques d'implantation le permettent. 4. Les pompes à chaleur ne devront pas être visibles depuis le domaine public, dans la mesure où les conditions
techniques d'implantation le permettent.","Le passage impose une règle relative aux équipements techniques (pompes à chaleur, climatisation, équipements de piscine) qui doivent être implantés de manière à limiter les nuisances sonores pour le voisinage, dans la mesure où les conditions techniques le permettent. C'est une prescription/recommandation autonome liée au bruit dans le cadre de constructions, applicable à l'ensemble du zonage sans zone spécifique mentionnée.",https://www.geoportail-urbanisme.gouv.fr/api/document/529d586585da83ff5a056d71c9c1c7eb/files/67266_reglement_20260706.pdf,Article 2.2.,autre
314,5edf63b8118051e81a650e2a279541fd,12_67188_reglement_20251217.pdf,"Dans le secteur 1AUh, l'artisanat, le commerce et les services sont autorisés à condition de ne pas générer d'augmentation significative des nuisances pour le voisinage, notamment sonores et olfactives. Si l'emprise au sol dépasse 100 m², le projet doit également ne pas accroître les risques pour la salubrité et la sécurité publique. Vérifiez ce critère de nuisances dès la conception de votre projet d'activité.",False,,,"significative des nuisances constructions dédiées aux activités (notamment sonores et olfactives) • aux équipements d'intérêt soient inférieures à 100 mètres carrés. collectif et services publics. pour le voisinage, ainsi que des risques accrus pour la salubrité et la • Dans le cas d’un projet architectural commun à deux unités foncières limitrophes, la construction sur la limite commune sécurité publique. est autorisée.","…nagements • L’artisanat et les activités de SECTEUR toute nature - qu’ils comportent ou destinés : commerces et de services sous non des installations classées - s’il • à l’habitat (logement, réserve que l’emprise au sol des 1AUh en résulte une augmentation hébergement) ; constructions ou parties de significative des nuisances constructions dédiées aux activités (notamment sonores et olfactives) • aux équipements d'intérêt soient inférieures à 100 mètres carrés. collectif et services publics. pour le voisinage, ainsi que des risques accrus pour la salubrité et la • Dans le cas d’un projet architectural commun à deux unités foncières limitrophes, la construction sur la limite commune sécurité publique. est autorisée. • En dérogation des alinéas présentés ci-dessus, des constructions peuvent être édifiées à moins de 3 mètres des limites séparatives de voisinage selon les modalités présentées ci-contre. SECTEUR 1AUh 26 Plan local d’Urbanisme - règlement VOIR LA NOTE DE PRÉSENTATION ET D’ILLUSTRATION DES TYPES DE S…","Le passage encadre l'implantation d'activités artisanales, commerciales et de services dans le secteur 1AUh en réservant leur autorisation à la condition qu'elles n'entraînent pas d'augmentation significative des nuisances, notamment sonores, pour le voisinage. Il s'agit d'une règle autonome liée au bruit concernant des activités et non uniquement une infrastructure de transport, applicable à une zone spécifique (secteur 1AUh).",https://www.geoportail-urbanisme.gouv.fr/api/document/5edf63b8118051e81a650e2a279541fd/files/67188_reglement_20251217.pdf,Article au1,autre
193,5edf63b8118051e81a650e2a279541fd,16_67188_reglement_20251217.pdf,"Les équipements techniques extérieurs (pompes à chaleur, climatisation, traitement des eaux) doivent être traités pour limiter leur émergence acoustique. Anticipez ce traitement dès la conception, pour le confort des riverains et des futurs résidents.",False,,,devront être traités de manière à limiter l’émergence acoustique,"…hniques extérieurs liés au bâtiment (centrales de traitement d’air, unités sont autorisées. Cependant, dans le cas d’une • Au-delà d’une surface de plancher de 50 mètres carrés, il sera réalisé un minimum de 2 extérieures de pompes à chaleur, unités de climatisation, pompe de traitements des eaux de devront être traités de manière à limiter l’émergence acoustique une surface d’au moins 1,25 mètre carré. DES PROJETS • Les constructions devront s’inscrire dans une cohérence d'ambiance, de tonalité et de matérialité. • Coté rue et au droit des zone A et N, les clôtures doivent : Equipements d’intérêt • Être d’une hauteur inférieure à 1,8 mètre au droit des rues…","Le passage contient une prescription générale imposant que les dispositifs techniques extérieurs liés au bâtiment (pompes à chaleur, climatisation, traitement des eaux/piscine) soient traités de manière à limiter l'émergence acoustique. Cette règle concerne directement la conception des bâtiments (périmètre diagBruit) et non une infrastructure de transport, donc la confiance n'est pas limitée pour ce motif. Aucune zone spécifique n'étant mentionnée, la règle s'applique à l'ensemble du règlement.",https://www.geoportail-urbanisme.gouv.fr/api/document/5edf63b8118051e81a650e2a279541fd/files/67188_reglement_20251217.pdf,Article au5,autre
194,5edf63b8118051e81a650e2a279541fd,17_67188_reglement_20251217.pdf,"La conception des bâtiments neufs privilégie une orientation optimisant les apports solaires gratuits en hiver, tout en limitant le rayonnement direct en été. Il est recommandé de concevoir des constructions compactes, bien isolées, avec des systèmes énergétiques efficaces et recourant aux énergies renouvelables. Le texte disponible ne permet pas de préciser davantage cette recommandation.",False,,,"PLT CBS INTÉGRATION ARCHITECTURALE ET PAYSAGÈRE DES PROJETS L’ADAPTATION CLIMATIQUE compactes, très isolées, mettant en oeuvre des systèmes énergétiques efficaces et utilisant les énergies renouvelables. DISPOSITION Coefficient de Coefficient de COEFFICIENT DE BIOTOPE PAR SURFACE (CBS) SEC A T b EUR • L en es tr e a b 1 r 0 is ° e d t e 4 p 5 â ° t . u res doivent avoir une pente comprise • La hauteur maximale des abris de pâtures est de 4 mètres. Ensemble de la ZONE A • • I L l e d s e a vr ir…","…andée pour la construction des DISPOSITIFS FAVORISANT LES ARCHITECTURE ET PAYSAGE bâtiments neufs : des constructions bien orientées - bénéficiant d’apports A3 TOITURES HAUTEURS A4 STATIONNEMENT A5 ÉCONOMIES D’ÉNERGIE ET solaires gratuits en hiver et protégées du rayonnement solaire direct en été -, PLT CBS INTÉGRATION ARCHITECTURALE ET PAYSAGÈRE DES PROJETS L’ADAPTATION CLIMATIQUE compactes, très isolées, mettant en oeuvre des systèmes énergétiques efficaces et utilisant les énergies renouvelables. DISPOSITION Coefficient de Coefficient de COEFFICIENT DE BIOTOPE PAR SURFACE (CBS) SEC A T b EUR • L en es tr e a b 1 r 0 is ° e d t e 4 p 5 â ° t . u res doivent avoir une pente comprise • La hauteur maximale des abris de pâtures est de 4 mètres. Ensemble de la ZONE A • • I L l e d s e a vr ir… GÉNÉRALE perméables. CONCEPTION GÉNÉRALE traitement des façades des bâtiments agricoles privilégiera le bois et leurs traitements des eaux de piscine, etc) devront être traités de manière à limiter surface en pleine biotope par ET SURFACE DE PLEINE TERRE (PLT) abords, ainsi que ceux des aires de sto…","Le passage évoque des 'émergences acoustiques' et une limite technique d'émission sonore extérieure liée aux équipements techniques des bâtiments (climatisation, pompe à chaleur, etc.), ce qui constitue une règle autonome concernant les constructions, distincte du classement sonore ou du PEB. Toutefois le texte est très fragmenté (erreurs d'extraction OCR mélangeant lettres et mots), ce qui rend la formulation peu claire et incomplète.",https://www.geoportail-urbanisme.gouv.fr/api/document/5edf63b8118051e81a650e2a279541fd/files/67188_reglement_20251217.pdf,Article au6,lutte_bruit_existant
195,5edf63b8118051e81a650e2a279541fd,1_67188_reglement_20251217.pdf,"Dans la zone Ur, la création ou l'extension de constructions est interdite si elle entraîne une augmentation significative des nuisances sonores et olfactives pour le voisinage. Ce risque accru pèse aussi sur la salubrité et la sécurité publique. Vérifiez l'impact sonore et olfactif de votre projet avant tout dépôt.",False,,,"en résulte une augmentation situation existante au moment de peuvent déborder de 70 cm au maximum du •aux activités des secteurs significative des nuisances l’approbation du PLU. plan du mur de la construction considérée. (notamment sonores et olfactives) secondaire ou tertiaire (industrie, entrepôt, bureau) ; pour le voisinage, ainsi que des risques accrus pour la salubrité et la • Les constructions liées à la • La distance minimale d’implantation des","…EUR toute nature - qu’ils comportent ou collectif et services publics. sol maximale supplémentaire de 50 limite (Schlupf) peut se substituer à la limite Ue non des installations classées - s’il •commerces et activités de service mètres carrés relativement à la séparative. Dans ce cas, les gouttières en résulte une augmentation situation existante au moment de peuvent déborder de 70 cm au maximum du •aux activités des secteurs significative des nuisances l’approbation du PLU. plan du mur de la construction considérée. (notamment sonores et olfactives) secondaire ou tertiaire (industrie, entrepôt, bureau) ; pour le voisinage, ainsi que des risques accrus pour la salubrité et la • Les constructions liées à la • La distance minimale d’implantation des sécurité publique. • La création ou l’extension de restauration, à l'hébergement hôtelier constructions par rapport aux limites SECTEUR constructions destinées : et touristique dans la limite d’une SECTEURS séparatives est fixée à H/2 (hauteur de la emprise au sol maximale SECTEURS construction en t…","Le passage mentionne une interdiction (ou restriction) des créations/extensions de constructions générant une augmentation significative des nuisances sonores et olfactives pour le voisinage, ce qui constitue une règle autonome liée au bruit dans le cadre de l'urbanisation, indépendante du classement sonore ou du PEB. Le texte est cependant fragmenté et coupé, ce qui limite la clarté de l'extrait.",https://www.geoportail-urbanisme.gouv.fr/api/document/5edf63b8118051e81a650e2a279541fd/files/67188_reglement_20251217.pdf,page 16,lutte_bruit_existant
196,5edf63b8118051e81a650e2a279541fd,1_67188_reglement_20251217.pdf__2,"Dans la zone Uh, la création ou l'extension de constructions est interdite si elle entraîne une augmentation significative des nuisances sonores et olfactives pour le voisinage. Cette règle vise notamment les activités générant des risques accrus pour la salubrité et la sécurité publique. Vérifiez la compatibilité de votre projet avec cette exigence avant tout dépôt de permis.",False,,,"en résulte une augmentation situation existante au moment de peuvent déborder de 70 cm au maximum du •aux activités des secteurs significative des nuisances l’approbation du PLU. plan du mur de la construction considérée. (notamment sonores et olfactives) secondaire ou tertiaire (industrie, entrepôt, bureau) ; pour le voisinage, ainsi que des risques accrus pour la salubrité et la • Les constructions liées à la • La distance minimale d’implantation des","…EUR toute nature - qu’ils comportent ou collectif et services publics. sol maximale supplémentaire de 50 limite (Schlupf) peut se substituer à la limite Ue non des installations classées - s’il •commerces et activités de service mètres carrés relativement à la séparative. Dans ce cas, les gouttières en résulte une augmentation situation existante au moment de peuvent déborder de 70 cm au maximum du •aux activités des secteurs significative des nuisances l’approbation du PLU. plan du mur de la construction considérée. (notamment sonores et olfactives) secondaire ou tertiaire (industrie, entrepôt, bureau) ; pour le voisinage, ainsi que des risques accrus pour la salubrité et la • Les constructions liées à la • La distance minimale d’implantation des sécurité publique. • La création ou l’extension de restauration, à l'hébergement hôtelier constructions par rapport aux limites SECTEUR constructions destinées : et touristique dans la limite d’une SECTEURS séparatives est fixée à H/2 (hauteur de la emprise au sol maximale SECTEURS construction en t…","Le passage mentionne une interdiction (ou restriction) des créations/extensions de constructions générant une augmentation significative des nuisances sonores et olfactives pour le voisinage, ce qui constitue une règle autonome liée au bruit dans le cadre de l'urbanisation, indépendante du classement sonore ou du PEB. Le texte est cependant fragmenté et coupé, ce qui limite la clarté de l'extrait.",https://www.geoportail-urbanisme.gouv.fr/api/document/5edf63b8118051e81a650e2a279541fd/files/67188_reglement_20251217.pdf,page 16,lutte_bruit_existant
197,5edf63b8118051e81a650e2a279541fd,1_67188_reglement_20251217.pdf__3,"Dans la zone Uhe, la création ou l'extension de constructions est interdite si elle entraîne une augmentation significative des nuisances sonores et olfactives pour le voisinage. Cette règle vise notamment les activités générant des risques accrus pour la salubrité et la sécurité publique. Vérifiez la nature de votre projet au regard de ce critère avant tout dépôt de permis.",False,,,"en résulte une augmentation situation existante au moment de peuvent déborder de 70 cm au maximum du •aux activités des secteurs significative des nuisances l’approbation du PLU. plan du mur de la construction considérée. (notamment sonores et olfactives) secondaire ou tertiaire (industrie, entrepôt, bureau) ; pour le voisinage, ainsi que des risques accrus pour la salubrité et la • Les constructions liées à la • La distance minimale d’implantation des","…EUR toute nature - qu’ils comportent ou collectif et services publics. sol maximale supplémentaire de 50 limite (Schlupf) peut se substituer à la limite Ue non des installations classées - s’il •commerces et activités de service mètres carrés relativement à la séparative. Dans ce cas, les gouttières en résulte une augmentation situation existante au moment de peuvent déborder de 70 cm au maximum du •aux activités des secteurs significative des nuisances l’approbation du PLU. plan du mur de la construction considérée. (notamment sonores et olfactives) secondaire ou tertiaire (industrie, entrepôt, bureau) ; pour le voisinage, ainsi que des risques accrus pour la salubrité et la • Les constructions liées à la • La distance minimale d’implantation des sécurité publique. • La création ou l’extension de restauration, à l'hébergement hôtelier constructions par rapport aux limites SECTEUR constructions destinées : et touristique dans la limite d’une SECTEURS séparatives est fixée à H/2 (hauteur de la emprise au sol maximale SECTEURS construction en t…","Le passage mentionne une interdiction (ou restriction) des créations/extensions de constructions générant une augmentation significative des nuisances sonores et olfactives pour le voisinage, ce qui constitue une règle autonome liée au bruit dans le cadre de l'urbanisation, indépendante du classement sonore ou du PEB. Le texte est cependant fragmenté et coupé, ce qui limite la clarté de l'extrait.",https://www.geoportail-urbanisme.gouv.fr/api/document/5edf63b8118051e81a650e2a279541fd/files/67188_reglement_20251217.pdf,page 16,lutte_bruit_existant
198,5edf63b8118051e81a650e2a279541fd,1_67188_reglement_20251217.pdf__4,"Dans la zone Ue, la création ou l'extension de constructions est interdite si elle entraîne une augmentation significative des nuisances sonores et olfactives pour le voisinage. Cette règle vise notamment les activités secondaires ou tertiaires (industrie, entrepôt, bureau). Vérifiez l'impact sonore de votre projet avant tout dépôt de demande.",False,,,"en résulte une augmentation situation existante au moment de peuvent déborder de 70 cm au maximum du •aux activités des secteurs significative des nuisances l’approbation du PLU. plan du mur de la construction considérée. (notamment sonores et olfactives) secondaire ou tertiaire (industrie, entrepôt, bureau) ; pour le voisinage, ainsi que des risques accrus pour la salubrité et la • Les constructions liées à la • La distance minimale d’implantation des","…EUR toute nature - qu’ils comportent ou collectif et services publics. sol maximale supplémentaire de 50 limite (Schlupf) peut se substituer à la limite Ue non des installations classées - s’il •commerces et activités de service mètres carrés relativement à la séparative. Dans ce cas, les gouttières en résulte une augmentation situation existante au moment de peuvent déborder de 70 cm au maximum du •aux activités des secteurs significative des nuisances l’approbation du PLU. plan du mur de la construction considérée. (notamment sonores et olfactives) secondaire ou tertiaire (industrie, entrepôt, bureau) ; pour le voisinage, ainsi que des risques accrus pour la salubrité et la • Les constructions liées à la • La distance minimale d’implantation des sécurité publique. • La création ou l’extension de restauration, à l'hébergement hôtelier constructions par rapport aux limites SECTEUR constructions destinées : et touristique dans la limite d’une SECTEURS séparatives est fixée à H/2 (hauteur de la emprise au sol maximale SECTEURS construction en t…","Le passage mentionne une interdiction (ou restriction) des créations/extensions de constructions générant une augmentation significative des nuisances sonores et olfactives pour le voisinage, ce qui constitue une règle autonome liée au bruit dans le cadre de l'urbanisation, indépendante du classement sonore ou du PEB. Le texte est cependant fragmenté et coupé, ce qui limite la clarté de l'extrait.",https://www.geoportail-urbanisme.gouv.fr/api/document/5edf63b8118051e81a650e2a279541fd/files/67188_reglement_20251217.pdf,page 16,lutte_bruit_existant
199,5edf63b8118051e81a650e2a279541fd,1_67188_reglement_20251217.pdf__5,"Dans le secteur Ut, la création ou l'extension de constructions est interdite si elle entraîne une augmentation significative des nuisances pour le voisinage, notamment sonores et olfactives. Cette règle vise aussi les risques accrus pour la salubrité et la sécurité publique. Vérifiez l'impact de votre projet sur le voisinage avant tout dépôt de permis.",False,,,"en résulte une augmentation situation existante au moment de peuvent déborder de 70 cm au maximum du •aux activités des secteurs significative des nuisances l’approbation du PLU. plan du mur de la construction considérée. (notamment sonores et olfactives) secondaire ou tertiaire (industrie, entrepôt, bureau) ; pour le voisinage, ainsi que des risques accrus pour la salubrité et la • Les constructions liées à la • La distance minimale d’implantation des","…EUR toute nature - qu’ils comportent ou collectif et services publics. sol maximale supplémentaire de 50 limite (Schlupf) peut se substituer à la limite Ue non des installations classées - s’il •commerces et activités de service mètres carrés relativement à la séparative. Dans ce cas, les gouttières en résulte une augmentation situation existante au moment de peuvent déborder de 70 cm au maximum du •aux activités des secteurs significative des nuisances l’approbation du PLU. plan du mur de la construction considérée. (notamment sonores et olfactives) secondaire ou tertiaire (industrie, entrepôt, bureau) ; pour le voisinage, ainsi que des risques accrus pour la salubrité et la • Les constructions liées à la • La distance minimale d’implantation des sécurité publique. • La création ou l’extension de restauration, à l'hébergement hôtelier constructions par rapport aux limites SECTEUR constructions destinées : et touristique dans la limite d’une SECTEURS séparatives est fixée à H/2 (hauteur de la emprise au sol maximale SECTEURS construction en t…","Le passage mentionne une interdiction (ou restriction) des créations/extensions de constructions générant une augmentation significative des nuisances sonores et olfactives pour le voisinage, ce qui constitue une règle autonome liée au bruit dans le cadre de l'urbanisation, indépendante du classement sonore ou du PEB. Le texte est cependant fragmenté et coupé, ce qui limite la clarté de l'extrait.",https://www.geoportail-urbanisme.gouv.fr/api/document/5edf63b8118051e81a650e2a279541fd/files/67188_reglement_20251217.pdf,page 16,lutte_bruit_existant
200,5edf63b8118051e81a650e2a279541fd,2_67188_padd_20251217.pdf,"Face aux nuisances, notamment acoustiques, il est recommandé de prévoir des mesures préventives et d'atténuation. Aucune mesure concrète n'est précisée à ce stade. Anticipez cet enjeu dès la conception de votre projet, pour le confort des futurs résidents.",False,,,"Concernant les nuissances, notamment acoustique, le PADD prévoit que soient prises des mesures préventives et d’atténuation.","…es choix de développement et d’urbanisation La protection des populations doit être une priorité des politiques publiques. Le Plan Local d’Urbanisme doit prendre l’ensemble des risques recensés en compte et être l’occasion de renforcer l’information et la sensibilisation des habitants à ces risques. Concernant les nuissances, notamment acoustique, le PADD prévoit que soient prises des mesures préventives et d’atténuation. PP RR AA GG MM AA -- SS CC FF 38 rue de la Chambre 67360 GOERSDORF tel : 03 69 81 26 49 info@pragma-scf.com www.pragma-scf.com","Le PADD prévoit de manière générale des mesures préventives et d'atténuation contre les nuisances acoustiques sur l'ensemble de la commune de Heiligenberg. Il s'agit d'une orientation générale du PADD, peu précise (pas de mesures concrètes détaillées), mais qui constitue bien une règle autonome distincte du classement sonore ou du PEB.",https://www.geoportail-urbanisme.gouv.fr/api/document/5edf63b8118051e81a650e2a279541fd/files/67188_padd_20251217.pdf,page 25,lutte_bruit_existant
201,5edf63b8118051e81a650e2a279541fd,3_67188_reglement_20251217.pdf,"La création ou l'extension de constructions ou installations est interdite si elle entraîne une augmentation significative des nuisances pour le voisinage, notamment sonores et olfactives. Cette interdiction s'applique en particulier aux activités secondaires ou tertiaires (industrie, entrepôt, bureau). Vérifiez l'impact sonore de votre projet sur le voisinage avant tout dépôt de permis.",False,,,"en résulte une augmentation situation existante au moment de peuvent déborder de 70 cm au maximum du •aux activités des secteurs significative des nuisances l’approbation du PLU. plan du mur de la construction considérée. (notamment sonores et olfactives) secondaire ou tertiaire (industrie, entrepôt, bureau) ; pour le voisinage, ainsi que des risques accrus pour la salubrité et la • Les constructions liées à la • La distance minimale d’implantation des","…EUR toute nature - qu’ils comportent ou collectif et services publics. sol maximale supplémentaire de 50 limite (Schlupf) peut se substituer à la limite Ue non des installations classées - s’il •commerces et activités de service mètres carrés relativement à la séparative. Dans ce cas, les gouttières en résulte une augmentation situation existante au moment de peuvent déborder de 70 cm au maximum du •aux activités des secteurs significative des nuisances l’approbation du PLU. plan du mur de la construction considérée. (notamment sonores et olfactives) secondaire ou tertiaire (industrie, entrepôt, bureau) ; pour le voisinage, ainsi que des risques accrus pour la salubrité et la • Les constructions liées à la • La distance minimale d’implantation des sécurité publique. • La création ou l’extension de restauration, à l'hébergement hôtelier constructions par rapport aux limites SECTEUR constructions destinées : et touristique dans la limite d’une SECTEURS séparatives est fixée à H/2 (hauteur de la emprise au sol maximale SECTEURS construction en t…","Le passage mentionne que sont interdites les constructions/installations pouvant entraîner une augmentation significative des nuisances (notamment sonores) pour le voisinage. Il s'agit d'une règle autonome relative aux nuisances sonores générées par les activités/constructions vis-à-vis du voisinage, distincte du classement sonore ou du PEB, et concernant bien des bâtiments/usages (activités, entrepôts, bureaux), donc dans le périmètre diagBruit. Le texte est cependant fragmenté et coupé par l'extraction automatique, ce qui limite la clarté de la citation.",https://www.geoportail-urbanisme.gouv.fr/api/document/5edf63b8118051e81a650e2a279541fd/files/67188_reglement_20251217.pdf,page 18,lutte_bruit_existant
249,5efb9b5e06dc686b9c2a2ac17632ff2d,1_67380_reglement_20200717.pdf,"La création, l'extension ou la transformation d'un établissement est interdite si elle entraîne une augmentation significative des nuisances pour le voisinage, notamment sonores ou olfactives, ou un risque accru pour la salubrité et la sécurité publiques. Cette interdiction s'applique que l'établissement comporte ou non des installations classées. Anticipez cet enjeu dès la conception de votre projet pour le confort du voisinage.",False,,,"La création, l’extension ou la transformation d’établissements de toute nature - qu’ils comportent ou non des installations classées - s’il en résulte une augmentation significative des nuisances (notamment sonores et olfactives) pour le voisinage, ainsi que des risques accrus pour la salubrité et la sécurité publiques.","…: Occupations et utilisations du sol interdites 1.1 Les installations classées nouvelles, qu’elles soient soumises ou non à autorisation ou déclaration, incompatibles avec le voisinage des zones d’habitation. 1.2 La création, l’extension ou la transformation d’établissements de toute nature - qu’ils La création, l’extension ou la transformation d’établissements de toute nature - qu’ils comportent ou non des installations classées - s’il en résulte une augmentation significative des nuisances (notamment sonores et olfactives) pour le voisinage, ainsi que des risques accrus pour la salubrité et la sécurité publiques. - les terrains de camping et de caravanage ; - les dépôts de ferrailles, de déchets et de véhicules hors d’usage ; - les dépôts de véhicules susceptibles de contenir au moins dix unités ; - les affouillements et exhaussements du sol autres que ceux liés aux occupations et utilisations du sol admises…","Le passage interdit la création, l'extension ou la transformation d'établissements entraînant une augmentation significative des nuisances sonores (et autres) pour le voisinage. Cette règle relève du périmètre diagBruit car elle concerne la limitation des nuisances sonores liées à des établissements pouvant affecter des zones d'habitation, sans référence au classement sonore des voies ni au PEB. Aucune limite spatiale précise n'étant indiquée, la portée est considérée comme administrative.",https://www.geoportail-urbanisme.gouv.fr/api/document/5efb9b5e06dc686b9c2a2ac17632ff2d/files/67380_reglement_20200717.pdf,page 6,autre
357,5efb9b5e06dc686b9c2a2ac17632ff2d,2_67380_reglement_20200717.pdf,"Dans la zone UA, la transformation et l'extension de constructions agricoles sont autorisées à une condition : ne pas accroître les nuisances sonores et olfactives existantes. Vérifiez que votre projet respecte ce plafond avant tout dépôt de demande.",False,,,La transformation et l’extension des constructions agricoles à condition de ne pas accroître les nuisances olfactives et sonores.,…tés ; - les affouillements et exhaussements du sol autres que ceux liés aux occupations et utilisations du sol admises dans la zone. UA 2 : Occupations et utilisations du sol soumises à des conditions particulières 2.1 La démolition de tout ou partie d’une construction est soumise à l’obtention d’un La transformation et l’extension des constructions agricoles à condition de ne pas accroître les nuisances olfactives et sonores. respectant pas les dispositions des articles 6 et 10. 2.5 La réalisation des opérations inscrites sous forme d’emplacement réservé et reportées au plan de zonage n°3b. ADAUHR / COGIT-HABILIS P.L.U. de PRINTZHEIM 4 Décembre 2009 Règlement,"Le règlement de la zone UA impose que la transformation et l'extension des constructions agricoles ne doivent pas accroître les nuisances sonores (ni olfactives) - il s'agit d'une règle autonome liée au bruit s'appliquant aux bâtiments dans cette zone spécifique, distincte du classement sonore ou du PEB.",https://www.geoportail-urbanisme.gouv.fr/api/document/5efb9b5e06dc686b9c2a2ac17632ff2d/files/67380_reglement_20200717.pdf,page 6,lutte_bruit_existant
351,6323ebfdb5e4067dc63f9a2c212d715b,1_67274_orientations_amenagement_20240314.pdf,"En zone 2AU, une bande inconstructible existe le long de la RD919 pour limiter l'exposition au bruit des futurs habitants. Plutôt que d'imposer cette contrainte sonore aux résidents, il est recommandé d'aménager cette bande en espace paysager, en y accueillant le bassin. Cette approche valorise aussi l'entrée de village.",False,,,"Plutôt de d'imposer la contraintes sonore aux futurs habitants, et dans la but de valoriser l'entrée de village, cette bande inconstructible pourra être aménagée paysagèrement en accueillant le bassin.","- des rues secondaires permettent de desservir les différentes parcelles dans la «profondeur» de l'opération selon des axes Est-
Ouest. Plutôt de d'imposer la contraintes sonore aux futurs habitants, et dans la but de valoriser l'entrée de village, cette bande inconstructible pourra être aménagée paysagèrement en accueillant le bassin. - le découpage des parcelles devra permettre d'orienter les maisons au sud, dans un soucis d'optimisation des apports solaires et
de réduction des dépenses énergétiques de la maison.","Le passage traite d'une zone d'aménagement à proximité de la RD919 (route à grande circulation), pour laquelle un recul de 25m est imposé aux constructions. Ce recul n'est pas présenté comme découlant du classement sonore des voies bruyantes déjà couvert par diagBruit, mais du statut de route à grande circulation (article L111-6 du code de l'urbanisme, motif sécurité/urbanisme). Toutefois, le texte évoque explicitement la 'contrainte sonore' et recommande, plutôt que d'imposer cette contrainte aux futurs habitants, d'aménager la bande inconstructible en espace paysager accueillant un bassin de rétention - il s'agit donc bien d'une recommandation d'urbanisme visant à protéger les futurs habitants du bruit, en zone 2AU, à proximité de la RD919. La règle concerne l'aménagement urbain (localisation d'un bassin, inconstructibilité pour raison sonore) donc elle relève du périmètre diagBruit et n'est pas qu'une règle d'infrastructure.",https://www.geoportail-urbanisme.gouv.fr/api/document/6323ebfdb5e4067dc63f9a2c212d715b/files/67274_orientations_amenagement_20240314.pdf,alinéa 3,autre
352,6323ebfdb5e4067dc63f9a2c212d715b,2_67274_orientations_amenagement_20240314.pdf,"Il est recommandé d'éviter les passages automobiles sur les voies de circulation douce. Préservées de la circulation, ces voies gagnent en tranquillité sonore et peuvent devenir de véritables espaces de vie partagés, à l'usage des habitants et des enfants. Pensez à cette organisation dès la conception de votre projet, pour le confort des futurs résidents.",False,,,"on évite les passages automobiles dans les «voies de circulation douce»: celles-ci, préservées des nuisances sonores et des risques de la circulation, deviennent de véritables cours urbaines à l'usage des habitants, des enfants...","- le découpage des parcelles devra permettre d'orienter les maisons au sud, dans un soucis d'optimisation des apports solaires et
de réduction des dépenses énergétiques de la maison. on évite les passages automobiles dans les «voies de circulation douce»: celles-ci, préservées des nuisances sonores et des risques de la circulation, deviennent de véritables cours urbaines à l'usage des habitants, des enfants... Commune de Lorentzen // Elaboration du PLU // Orientations Particulières d'Aménagement","Le passage recommande de détacher le stationnement des parcelles et de le regrouper en tête de parcelle donnant sur les voies secondaires, afin notamment de préserver les 'voies de circulation douce' des nuisances sonores automobiles, en évitant les passages automobiles dans ces voies. C'est une règle d'aménagement urbain (organisation du stationnement et des voies) visant la préservation d'espaces calmes, donc dans le périmètre diagBruit. La portée est limitée aux voies de circulation douce identifiées dans cette OAP, donc zone spécifique.",https://www.geoportail-urbanisme.gouv.fr/api/document/6323ebfdb5e4067dc63f9a2c212d715b/files/67274_orientations_amenagement_20240314.pdf,alinéa 3,preservation_zone_calme
164,70fe46752c08fc68eb2f95c554562007,2_67045_reglement_20250908.pdf,"Dans cette zone à caractère résidentiel, les constructions admises (habitation, équipement collectif, stationnement) doivent respecter une condition stricte : les activités qui y sont exercées ne doivent générer aucune nuisance incompatible avec ce caractère résidentiel. Le bruit est explicitement mentionné, aux côtés de la fumée, l'odeur, la poussière et les trépidations. Vérifiez que l'activité envisagée respecte cette condition avant tout projet.",False,,,"à condition que les activités exercées ne créent pas de nuisances (bruit, fumée, odeur, poussière, trépidations, etc.) ou de dangers incompatibles avec le caractère résidentiel de la zone","- Les constructions à condition qu’elles soient à usage d'habitation, d'équipement
collectif ou de stationnement, à condition que les activités exercées ne créent pas de nuisances (bruit, fumée, odeur, poussière, trépidations, etc.) ou de dangers incompatibles avec le caractère résidentiel de la zone - Les lotissements à condition qu’ils soient à usage principal d'habitation,","Le passage impose une condition d'admissibilité pour certaines constructions (artisanat, commerce, hôtellerie, bureaux, services, usage viticole) dans une zone à caractère résidentiel : les activités ne doivent pas créer de nuisances, dont le bruit est explicitement cité. Cette règle est autonome par rapport au classement sonore des voies ou au PEB, et vise à préserver le caractère résidentiel de la zone en limitant les nuisances sonores générées par les activités elles-mêmes, ce qui relève du périmètre diagBruit. La règle s'applique à une zone réglementaire spécifique (non précisée dans l'extrait mais visiblement un zonage particulier à caractère résidentiel) dont le contour n'est pas automatiquement disponible.",https://www.geoportail-urbanisme.gouv.fr/api/document/70fe46752c08fc68eb2f95c554562007/files/67045_reglement_20250908.pdf,Article 1,autre
238,712f0fae0fee0e49bf7d0bbd7e3d0b47,1_67329_padd_20140710.pdf,"Votre parcelle est concernée par les nuisances sonores et la pollution générées par la voie et la RD 426 à proximité. L'objectif est de réduire ces nuisances et de limiter l'exposition des futurs résidents. Anticipez cet enjeu dans la conception de votre projet, pour le confort de vos futurs occupants.",False,,,"Acter les nuisances acoustiques et la pollution générées par la VRPV la RD 426, et tendre vers une réduction de ces nuisances et une exposition limitée des résidents.","…urels ou agricoles - Protéger les habitants et les constructions et installations des risques connus et notamment des risques d’inondation tout en respectant les champs d’expansion de crues situés sur le ban communal. - Au regard de l’impact visuel produit sur le paysage urbain par l’actuel comptoir Acter les nuisances acoustiques et la pollution générées par la VRPV la RD 426, et tendre vers une réduction de ces nuisances et une exposition limitée des résidents. 1.2 Vers une évolution concertée du patrimoine urbain - Maîtriser les évolutions du patrimoine architectural et urbain remarquable, dont notamment le château de Landsberg et ses abords (mur d’enceinte, douves, tour), ainsi que la Villa Reine. - Valoriser les potentialités de réutilisation du bâti an…","Le PADD acte les nuisances acoustiques générées par la VRPV et la RD 426 et fixe un objectif de réduction de ces nuisances et de limitation de l'exposition des résidents. Il s'agit d'une orientation générale du PADD, non liée à un classement sonore ou PEB, qui vise à limiter l'exposition des habitants au bruit routier existant à proximité des constructions - donc bien dans le périmètre diagBruit puisqu'elle concerne l'exposition des résidents et non la seule infrastructure. Portée non spatialement délimitée précisément, donc considérée comme administrative.",https://www.geoportail-urbanisme.gouv.fr/api/document/712f0fae0fee0e49bf7d0bbd7e3d0b47/files/67329_padd_20140710.pdf,page 6,lutte_bruit_existant
356,712f0fae0fee0e49bf7d0bbd7e3d0b47,2_67329_padd_20140710.pdf,"La traversée du village par la RD 426 est concernée par une orientation d'apaisement global de la circulation. L'objectif est double : renforcer la sécurité des résidents et usagers, et réduire les nuisances acoustiques et la pollution liées au trafic routier. Cette orientation ne prescrit pas d'aménagement précis, mais oriente les futurs projets sur ce secteur.",False,,,"Apaiser globalement la traversée du village par la RD 426, en vue d’une sécurité accrue des résidents et des usagers, et en vue d’une réduction des nuisances acoustiques et de la pollution générée par le trafic des véhicules.","…entre les secteurs d’habitation et les équipements de la commune. - Améliorer les liens entre le quartier Max de Reinach et le centre du village par des liaisons douces et la sécurisation de la traversée de la RD 426. - Apaiser globalement la traversée du village par la RD 426, en vue d’une sécurité Apaiser globalement la traversée du village par la RD 426, en vue d’une sécurité accrue des résidents et des usagers, et en vue d’une réduction des nuisances acoustiques et de la pollution générée par le trafic des véhicules. 2.3 Poursuivre le développement des technologies numériques - Profiter des opérations à venir d’aménagement urbain pour permettre le développement du réseau et mieux irriguer le territoire communal. - S’inscrire dans les démarches de modernisation et de renforcement de la desserte numérique initiées…","Le PADD exprime une orientation visant à apaiser la traversée du village par la RD 426, notamment pour réduire les nuisances acoustiques liées au trafic. Cette règle concerne principalement l'infrastructure routière elle-même (apaisement de la circulation sur la RD 426), sans mention explicite de bâtiments ou d'aménagements urbains à protéger, d'où une confiance faible malgré le fait que le contexte évoque aussi la sécurité des résidents. La portée est géographiquement limitée à la traversée du village par cette voie, donc zone_specifique.",https://www.geoportail-urbanisme.gouv.fr/api/document/712f0fae0fee0e49bf7d0bbd7e3d0b47/files/67329_padd_20140710.pdf,page 8,lutte_bruit_existant
175,71be1d2fe04f069bd2638676c5c499ec,12_67101_reglement_20260706.pdf,"Les constructions à usage d'activités sont autorisées uniquement si leur implantation n'engendre pas de nuisances incompatibles avec le caractère résidentiel du secteur : bruits, trépidations, odeurs. Vérifiez que votre projet respecte cette compatibilité avant implantation. Cette exigence protège le cadre de vie des résidents environnants.",False,,,"Les constructions à usage d'activités à condition que leur implantation n'engendre pas de risques et de nuisances incompatibles avec le caractère résidentiel principal des secteurs de zone (bruits, trépidations, odeurs....)","l'opération d'ensemble : Les constructions à usage d'activités à condition que leur implantation n'engendre pas de risques et de nuisances incompatibles avec le caractère résidentiel principal des secteurs de zone (bruits, trépidations, odeurs....) - Les abris d'animaux à condition qu'ils abritent uniquement des élevages de type familial et que
l'élevage des animaux n'engendre pas de nuisances ou de risques incompatibles avec le
caractère nrincinalement résidentiel de la zone.","La règle conditionne l'implantation de constructions d'activités à l'absence de nuisances (bruits, trépidations, odeurs) incompatibles avec le caractère résidentiel de la zone. Cette prescription concerne directement les bâtiments (constructions à usage d'activités) et leur compatibilité avec l'urbanisation résidentielle environnante, donc pleinement dans le périmètre diagBruit.",https://www.geoportail-urbanisme.gouv.fr/api/document/71be1d2fe04f069bd2638676c5c499ec/files/67101_reglement_20260706.pdf,Article 2,lutte_bruit_existant
175,71be1d2fe04f069bd2638676c5c499ec,7_67101_reglement_20260706.pdf,"L'implantation d'une construction ne doit pas engendrer de nuisances incompatibles avec le caractère de la zone (bruits, trépidations, odeurs). Cette condition s'applique notamment aux nouvelles constructions à usage agricole, qui doivent être liées à une exploitation existante dans la zone et ne pas générer de nuisances intolérables pour le voisinage. Vérifiez la compatibilité de votre projet avec cette exigence avant son implantation.",False,,,"implantation n'engendre
' zone (bruits,","pas de risques et de nuisances incompatibies avec ie Caractère rl Si
trépidations, odeurs .…). implantation n'engendre
' zone (bruits, - Les nouvelles constructions à usage agricole à condition qu'elles soient liées à une exploitation
agricole existante dans la zone et qu'elles n'engendrent pas de nuisances ou de risques
intolérables pour le voisinage.","Le passage, bien que fragmenté, énonce une condition d'implantation générale interdisant les nuisances (bruits, trépidations, odeurs) incompatibles avec le caractère de la zone, applicable notamment aux nouvelles constructions à usage agricole. C'est une règle autonome liée au bruit dans le cadre de la construction de bâtiments, distincte du classement sonore ou du PEB. Le texte étant coupé et peu clair syntaxiquement, la confiance dans l'extrait reste limitée.",https://www.geoportail-urbanisme.gouv.fr/api/document/71be1d2fe04f069bd2638676c5c499ec/files/67101_reglement_20260706.pdf,Article 2,lutte_bruit_existant
310,71be1d2fe04f069bd2638676c5c499ec,3_67101_reglement_20260706.pdf,"Les constructions à usage d'artisanat, d'industrie, de commerce ou de tertiaire sont autorisées uniquement si leur implantation n'engendre pas de nuisances incompatibles avec le caractère de la zone : bruits, trépidations, odeurs. Vérifiez que l'activité envisagée respecte cette condition avant tout dépôt de projet.",False,,,"Les constructions à usage d'artisanat, d'industrie, de commerce et de tertiaire à condition que leur implantation n'engendre pas de risques et de nuisances incompatibles avec le caractère de la zone (bruits, trépidations, odeurs.….).","Commune de Dorlisheim — Révision du Plan Local d'Urbanisme page 19/196
Approbation — Règlement — Mars 2009 Les constructions à usage d'artisanat, d'industrie, de commerce et de tertiaire à condition que leur implantation n'engendre pas de risques et de nuisances incompatibles avec le caractère de la zone (bruits, trépidations, odeurs.….). - Les dépôts et stockages de toute nature à condition qu'ils soient dans des constructions
closes ou aménagées à cet effet.","Le règlement conditionne l'admission d'activités artisanales, industrielles, commerciales et tertiaires à l'absence de nuisances (dont le bruit) incompatibles avec le caractère de la zone. C'est une règle autonome liée au bruit dans le cadre de projets de construction, applicable à une zone réglementaire spécifique du PLU (non précisée dans l'extrait mais visiblement circonscrite à une zone particulière du zonage).",https://www.geoportail-urbanisme.gouv.fr/api/document/71be1d2fe04f069bd2638676c5c499ec/files/67101_reglement_20260706.pdf,Article 2-UA,autre
355,74a1152d00062069c9290dee2489e046,1_67311_orientations_amenagement_1_20241008.pdf,"Dans le secteur d'activité limitrophe de l'habitat, il est recommandé de prévoir un traitement paysager entre l'activité et les habitations, pour réduire les nuisances visuelles et sonores. Ce traitement peut prendre la forme d'un merlon planté, sur le modèle de celui existant en bordure du lotissement des Iris, avec une emprise minimale de 12 mètres. Anticipez cet aménagement dès la conception de votre projet, pour le confort des futurs résidents.",False,,,"un traitement paysager sera nécessaire pour délimiter et séparer l’activité de l’habitat, dans un souci de réduction des nuisances visuelles ou sonores liées aux activités","largeur minimale de 2,00 mètres et sera éventuellement doublé d'une bande plantée. 21 P L U d e M U T T E R S H O L T Z • • • O A P • • • A t e l i e r [ i n S i t u ] • I u p S • O r é a d e - B r è c h e • • • 2 8 m a r s 2 0 1 9 un traitement paysager sera nécessaire pour délimiter et séparer l’activité de l’habitat, dans un souci de réduction des nuisances visuelles ou sonores liées aux activités collectif et devra proposer une barrière visuelle entre activité et habitations de type ""merlon planté"", sur le modèle du merlon actuel en bordure Sud-Ouest du lotissement des Iris. L'emprise minimale cet aménagement paysager sera de 12 mètres. • Une frange Est sur le milieu agricole et naturel est…","Le passage impose un traitement paysager (espace vert, merlon planté) entre la zone d'activité et les habitations, explicitement pour réduire les nuisances sonores liées aux activités. Ceci constitue une règle autonome d'urbanisme (aménagement paysager anti-bruit), distincte du classement sonore des infrastructures de transport ou du PEB, et concerne bien l'aménagement urbain à proximité de bâtiments. La portée est limitée à cette zone spécifique d'interface activité/habitat.",https://www.geoportail-urbanisme.gouv.fr/api/document/74a1152d00062069c9290dee2489e046/files/67311_orientations_amenagement_1_20241008.pdf,page 22,autre
354,793f094f1ffac726a071fb489baf0e43,1_67300_padd_20221220.pdf,"Dans les secteurs urbains à forte dominante résidentielle, hors vieille ville, la collectivité souhaite permettre l'implantation de services de proximité ou d'activités tertiaires. Cette ouverture reste conditionnée à l'absence de conflit d'usage et de nuisances pour les résidents, notamment liées au stockage, au bruit ou au stationnement. Si votre projet combine logements et activité économique dans ce type de secteur, veillez à limiter ces nuisances pour préserver la qualité de vie des futurs résidents.",False,,,"la collectivité entend ne pas y interdire les services de proximité ou l’activité tertiaire dès lors qu’ils ne génèrent pas de conflit d’usage ou ne perturbent pas la qualité de vie pour ces secteurs par leur fonctionnement (stockage, nuisances sonores, stationnement, …)","…S COMMUNICATIONS NUMERIQUES, L'EQUIPEMENT COMMERCIAL, LE DEVELOPPEMENT ECONOMIQUE ET LES LOISIRS Permettre la diffusion de certaines formes d’activités économiques dans les secteurs à forte dominante résidentielle Aujourd’hui, certains secteurs urbains, hors vieille ville, sont quasi exclusivement à la collectivité entend ne pas y interdire les services de proximité ou l’activité tertiaire dès lors qu’ils ne génèrent pas de conflit d’usage ou ne perturbent pas la qualité de vie pour ces secteurs par leur fonctionnement (stockage, nuisances sonores, stationnement, …) créations de petites structures uni-personnelles, …) et limite par là même les besoins fonciers nécessaires à ceux-ci. Le développement du potentiel touristique Forte d'un patrimoine culturel et historique de grande qualité, d'équipements hôteliers et de restauration, ainsi que d’une importante acti…","Le PADD exprime une orientation visant à permettre l'implantation d'activités économiques de proximité dans des secteurs résidentiels, à condition qu'elles ne génèrent pas de nuisances sonores perturbant la qualité de vie. Cette règle concerne bien l'urbanisation (mixité fonctionnelle bâtiments résidentiels/activités) et relève donc du périmètre diagBruit. La portée est limitée aux 'secteurs urbains, hors vieille ville, à forte dominante résidentielle', une zone spécifique non automatiquement délimitable.",https://www.geoportail-urbanisme.gouv.fr/api/document/793f094f1ffac726a071fb489baf0e43/files/67300_padd_20221220.pdf,page 16,lutte_bruit_existant
169,7ba5c245843c439061a106418e9f4c9b,1_67076_reglement_20170921.pdf,"Pour une pompe à chaleur ou un climatiseur installé en façade, il est recommandé de choisir la façade générant le moins de nuisances visuelles et sonores pour le voisinage, dans la mesure où les conditions techniques le permettent. Anticipez ce choix d'implantation dès la conception de votre projet, pour le confort de vos voisins.",False,,,Les pompes à chaleur ou dispositifs de climatisation installés en façade de la construction doivent être implantés sur la façade où ils présentent le moins de nuisances visuelles et/ou sonores pour le voisinage dans la mesure où les conditions techniques d’implantation le permettent.,"…de construire peut être refusé ou n'être accordé que sous réserve de l'observation de prescriptions spéciales si les constructions, par leur situation, leurs dimensions ou l'aspect extérieur des bâtiments ou ouvrages à édifier ou à modifier, sont de nature à porter atteinte aux espaces, paysages et Les pompes à chaleur ou dispositifs de climatisation installés en façade de la construction doivent être implantés sur la façade où ils présentent le moins de nuisances visuelles et/ou sonores pour le voisinage dans la mesure où les conditions techniques d’implantation le permettent. voisinage dans la mesure où les conditions techniques d’implantation le permettent. Les toitures : Les toitures des constructions seront constituées de charpentes à deux pans droits ou à deux pans brisés, d’une pente comprise entre 30° et 52°. Les croupes et demi-croupes sont autorisées. Cette règle…","Le passage impose une prescription/recommandation concernant l'implantation des pompes à chaleur et dispositifs de climatisation en façade, afin de limiter les nuisances sonores pour le voisinage. Il s'agit d'une règle autonome liée au bruit, applicable aux constructions, sans référence à une zone réglementaire spécifique, donc portée administrative par défaut.",https://www.geoportail-urbanisme.gouv.fr/api/document/7ba5c245843c439061a106418e9f4c9b/files/67076_reglement_20170921.pdf,Article 11,autre
306,7ba5c245843c439061a106418e9f4c9b,2_67076_padd_20170921.pdf,"Dans la zone artisanale, il est recommandé de privilégier l'implantation d'activités ne générant pas de nuisances visuelles et sonores pour les habitations voisines. Cette orientation vise à préserver le confort des riverains proches de la zone. Prenez-la en compte dans le choix et l'organisation des activités de votre projet.",False,,,Autoriser l’implantation d’activités ne générant pas de nuisances visuelles et sonores pour les habitations voisines," Œuvrer en faveur de l’amélioration de la couverture du réseau de téléphonie mobile et d’internet tout en veillant à éviter les nuisances sonores et visuelles dans le cas d’installations techniques PLU de COLROY-LA-ROCHE – PADD Autoriser l’implantation d’activités ne générant pas de nuisances visuelles et sonores pour les habitations voisines  Assurer la pérennisation des commerces, services et établissements touristiques existants  Promouvoir le « tourisme vert » notamment pour mettre en valeur le patrimoine naturel et les paysages du territoire ORIENTATIONS GENERALES EN MATIERE DE RESEAUX D’ENERGIE Axe 11 : L’évolution des réseaux d’…","Le PADD fixe une orientation pour la zone artisanale visant à limiter les nuisances sonores des activités futures vis-à-vis des habitations voisines. C'est une règle autonome, non liée au classement sonore ou au PEB, concernant l'implantation d'activités économiques à proximité de zones résidentielles, ce qui relève du périmètre diagBruit (aménagement urbain).",https://www.geoportail-urbanisme.gouv.fr/api/document/7ba5c245843c439061a106418e9f4c9b/files/67076_padd_20170921.pdf,page 16,autre
384,7d848d9a8bbaa9897cd3c4e1350621c7,1_67501_reglement_20231218.pdf,"En zone Ua, il est recommandé d'implanter les pompes à chaleur, dispositifs de climatisation et équipements de piscines de façon à limiter au maximum les nuisances sonores pour le voisinage, dans la mesure où les conditions techniques le permettent. Anticipez cette implantation dès la conception de votre projet, pour le confort de vos voisins.",False,,,"Les pompes à chaleur et autres dispositifs de climatisation, ainsi que les équipements liés au fonctionnement des piscines devront être implantés de manière à présenter le moins possible de nuisances sonores pour le voisinage dans la mesure où les conditions techniques d’implantation le permettent.","d'urbanisme en vigueur, sous réserve que les travaux d’isolation ne nuisent pas à l’aspect extérieur de la construction 14 * se reporter au lexique pour la définition Les pompes à chaleur et autres dispositifs de climatisation, ainsi que les équipements liés au fonctionnement des piscines devront être implantés de manière à présenter le moins possible de nuisances sonores pour le voisinage dans la mesure où les conditions techniques d’implantation le permettent. Article 2.3. Ua - Implantation des constructions les unes par rapport aux autres sur une même propriété Non règlementé.","Le passage impose une règle d'implantation pour limiter les nuisances sonores des pompes à chaleur et équipements de piscines vis-à-vis du voisinage, dans le cadre de la zone Ua. C'est une règle autonome liée au bruit, applicable aux constructions dans cette zone spécifique, distincte du classement sonore ou du PEB.",https://www.geoportail-urbanisme.gouv.fr/api/document/7d848d9a8bbaa9897cd3c4e1350621c7/files/67501_reglement_20231218.pdf,Article 2.2.,autre
385,7d848d9a8bbaa9897cd3c4e1350621c7,2_67501_reglement_20231218.pdf,"En zone Ub, il est recommandé d'implanter les pompes à chaleur, climatiseurs et équipements de piscine de manière à limiter les nuisances sonores pour le voisinage, dans la mesure des possibilités techniques. Anticipez l'emplacement de ces équipements dès la conception de votre projet pour préserver la tranquillité de vos voisins.",False,,,"Les pompes à chaleur et autres dispositifs de climatisation, ainsi que les équipements liés au fonctionnement des piscines devront être implantés de manière à présenter le moins possible de nuisances sonores pour le voisinage dans la mesure où les conditions techniques d’implantation le permettent.","…les travaux portent sur la mise en place d'isolation extérieure en saillie des façades sur des constructions existantes à la date d'approbation du PLU, dans la limite d'un dépassement de 20 centimètres par rapport aux règles d'implantation des constructions autorisées par le règlement du plan local Les pompes à chaleur et autres dispositifs de climatisation, ainsi que les équipements liés au fonctionnement des piscines devront être implantés de manière à présenter le moins possible de nuisances sonores pour le voisinage dans la mesure où les conditions techniques d’implantation le permettent. Article 2.3. Ub - Implantation des constructions les unes par rapport aux autres sur une même propriété Non règlementé.","Le passage prescrit une implantation des pompes à chaleur, climatiseurs et équipements de piscine limitant les nuisances sonores pour le voisinage, dans la mesure des conditions techniques. C'est une règle autonome liée au bruit applicable aux constructions, dans le périmètre de diagBruit. Elle figure dans un article de la zone Ub (implantation), donc portée géométrique limitée à cette zone.",https://www.geoportail-urbanisme.gouv.fr/api/document/7d848d9a8bbaa9897cd3c4e1350621c7/files/67501_reglement_20231218.pdf,Article 2.2.,lutte_bruit_existant
386,7d848d9a8bbaa9897cd3c4e1350621c7,3_67501_reglement_20231218.pdf,"En zone 1AU, il est recommandé d'implanter les pompes à chaleur, dispositifs de climatisation et équipements de piscine de manière à limiter les nuisances sonores pour le voisinage, dans la mesure où les conditions techniques le permettent. Pensez à cet emplacement dès la conception de votre projet, pour préserver la tranquillité de vos voisins.",False,,,"▪ Aux constructions et installations de faible emprise nécessaires à l'exploitation des réseaux publics tels que postes de transformation électrique. 4. Les pompes à chaleur et autres dispositifs de climatisation, ainsi que les équipements liés au fonctionnement des piscines devront être implantés de manière à présenter le moins possible de nuisances sonores pour le voisinage dans la mesure où les conditions techniques d’implantation le permettent.","…ci-dessus ne s’appliquent pas : ▪ Aux piscines, qui devront être implantées à une distance minimale de 1m des limites séparatives, mesurée depuis les bords du bassin. ▪ Aux abris (jardin, piscine, bois…) dont la hauteur maximale hors tout n’excède pas 2m et dont l’emprise au sol n’excède pas 15 m². ▪ Aux constructions et installations de faible emprise nécessaires à l'exploitation des réseaux publics tels que postes de transformation électrique. 4. Les pompes à chaleur et autres dispositifs de climatisation, ainsi que les équipements liés au fonctionnement des piscines devront être implantés de manière à présenter le moins possible de nuisances sonores pour le voisinage dans la mesure où les conditions techniques d’implantation le permettent. Article 2.3. 1AU - Implantation des constructions les unes par rapport aux autres sur une même propriété Non règlementé.","Le passage impose une recommandation d'implantation des pompes à chaleur, dispositifs de climatisation et équipements de piscines afin de limiter les nuisances sonores pour le voisinage. Il s'agit d'une règle autonome liée au bruit dans le cadre de constructions (bâtiments et équipements associés), donc dans le périmètre diagBruit. La formulation 'dans la mesure où les conditions techniques d'implantation le permettent' en fait une recommandation plutôt qu'une prescription stricte. Cette règle s'inscrit dans l'article 2.3 de la zone 1AU, donc portée géométrique zone_specifique.",https://www.geoportail-urbanisme.gouv.fr/api/document/7d848d9a8bbaa9897cd3c4e1350621c7/files/67501_reglement_20231218.pdf,Article 2.2.,autre
318,82eeb21b6a85ba624ac13526596f3b2d,3_67246_reglement_20260409.pdf,"Les nouvelles constructions d'établissements d'enseignement, de santé et d'action sociale sont interdites dans les secteurs affectés par le bruit des infrastructures de transport terrestre. Seule leur implantation en dehors de ces secteurs est autorisée. Vérifiez le périmètre exact de ces secteurs en annexe avant tout projet de ce type.",False,,,"Les nouvelles constructions à destination d’établissements d'enseignement, de santé et d'action sociale à condition d’être situées en dehors des secteurs affectés par le bruit lié aux infrastructures de transport terrestre figurant en annexe du présent PLU.","…voquer la formation de terrains enclavés ou de terrains délaissés inconstructibles. Sont autorisés sous conditions les usages et affectations des sols, constructions et activités suivants : 2. Les constructions, mentionnées dans le tableau de synthèse comme « autorisées sous condition », à condition Les nouvelles constructions à destination d’établissements d'enseignement, de santé et d'action sociale à condition d’être situées en dehors des secteurs affectés par le bruit lié aux infrastructures de transport terrestre figurant en annexe du présent PLU. dans la zone ou aux fouilles archéologiques. 48 * se reporter au lexique pour la définition","Le passage n'est pas un simple renvoi à l'isolement acoustique standard du classement sonore : il crée une règle différente et plus stricte, à savoir l'interdiction pure et simple des nouvelles constructions d'établissements d'enseignement, de santé et d'action sociale dans les secteurs affectés par le bruit des infrastructures de transport terrestre, sauf à être situées en dehors de ces secteurs. C'est donc une règle autonome, retenue avec confiance forte car la règle est claire mais la portée géométrique exacte du secteur doit être vérifiée en annexe.",https://www.geoportail-urbanisme.gouv.fr/api/document/82eeb21b6a85ba624ac13526596f3b2d/files/67246_reglement_20260409.pdf,Article 1.2.,autre
182,86e3aeb923c7874e80bd3455f01aac22,1_67115_reglement_20260303.pdf,La création de talus ou remblais artificiels est interdite. Une exception est prévue : les éléments mis en place pour limiter les nuisances acoustiques restent autorisés. Ce dispositif peut donc être mobilisé pour traiter un enjeu de bruit sur votre projet.,False,,,La création de talus ou remblais artificiels est interdite à l’exception des éléments mis en place pour limiter les nuisances acoustiques.,"ainsi qu’à la conservation des perspectives monumentales. Les dispositions du présent article ne s’appliquent pas aux petites constructions*. Commune d’Ebersheim Règlement écrit Modification n°3 du PLU Février 2026 La création de talus ou remblais artificiels est interdite à l’exception des éléments mis en place pour limiter les nuisances acoustiques. Façades et murs Les façades de plus de 12 mètres de long intègreront des éléments de rupture sur une largeur minimale de 1 mètre (décrochement, traitement architectural,…) à raison d’au moins un élément tous les 12 mètres de façade. Antennes paraboliques Sauf impératifs techniques, celles-ci doivent…","Le passage autorise une exception à l'interdiction des talus/remblais artificiels pour les éléments destinés à limiter les nuisances acoustiques - c'est une règle autonome liée au bruit dans le cadre de constructions/aménagements, applicable à l'ensemble de la zone concernée par cet article (pas de restriction géographique spécifique mentionnée).",https://www.geoportail-urbanisme.gouv.fr/api/document/86e3aeb923c7874e80bd3455f01aac22/files/67115_reglement_20260303.pdf,Article 11,autre
219,8ae18694b57b473bb4461d1d66380731,12_67261_reglement_20250505.pdf,"En zone AU, les équipements techniques extérieurs (centrales de traitement d'air, pompes à chaleur, climatiseurs) doivent être traités pour limiter leur émergence acoustique. Anticipez ce traitement dès la conception de votre projet, pour le confort de vos futurs résidents et de leur voisinage.",False,,,"autorisés en saillies des toitures à condition que leur volumétrie s’insère harmonieusement dans le cadre bâti environnant. • Les éléments techniques extérieurs liés au bâtiment (centrales de traitement d’air, EMERGENCES ACOUSTIQUES unités extérieures de pompes à chaleur, unités de climatisation) devront être traités de manière à limiter l’émergence acoustique. 28 Plan local d’Urbanisme - règlement 5","…s renouvelables. ÉCONOMIES D’ÉNERGIE ET • Les dispositifs destinés à économiser de l’énergie ou à produire de l’énergie L’ADAPTATION CLIMATIQUE renouvelable dans les constructions, tels que panneaux solaires, éoliennes, toitures végétalisées, rehaussement de couverture pour isolation thermique, sont autorisés en saillies des toitures à condition que leur volumétrie s’insère harmonieusement dans le cadre bâti environnant. • Les éléments techniques extérieurs liés au bâtiment (centrales de traitement d’air, EMERGENCES ACOUSTIQUES unités extérieures de pompes à chaleur, unités de climatisation) devront être traités de manière à limiter l’émergence acoustique. 28 Plan local d’Urbanisme - règlement 5 traiteMent environneMental","Le passage impose que les éléments techniques extérieurs liés au bâtiment (climatisation, pompes à chaleur, centrales de traitement d'air) soient traités pour limiter l'émergence acoustique, ce qui constitue une règle autonome liée au bruit dans le cadre de constructions, applicable semble-t-il à l'ensemble du zonage sans restriction géographique précisée.",https://www.geoportail-urbanisme.gouv.fr/api/document/8ae18694b57b473bb4461d1d66380731/files/67261_reglement_20250505.pdf,Article au5,autre
220,8ae18694b57b473bb4461d1d66380731,15_67261_reglement_20250505.pdf,"Dans la zone A, les équipements techniques extérieurs de votre bâtiment (centrales de traitement d'air, unités extérieures de pompe à chaleur, climatisation…) doivent être traités pour limiter leur émergence acoustique. Cette obligation protège la tranquillité du voisinage. Anticipez le choix et l'implantation de ces équipements dès la conception de votre projet.",False,,,"Les éléments techniques extérieurs liés au bâtiment (centrales de traitement EMERGENCES ACOUSTIQUES d’air, unités extérieures de pompes à chaleur, unités de climatisation…) devront être traités de manière à limiter l’émergence acoustique.","…es DISPOSITIFS FAVORISANT LES bâtiments neufs : des constructions bien orientées - bénéficiant d’apports ÉCONOMIES D’ÉNERGIE ET solaires gratuits en hiver et protégées du rayonnement solaire direct en été -, L’ADAPTATION CLIMATIQUE compactes, très isolées, mettant en oeuvre des systèmes énergétiques Les éléments techniques extérieurs liés au bâtiment (centrales de traitement EMERGENCES ACOUSTIQUES d’air, unités extérieures de pompes à chaleur, unités de climatisation…) devront être traités de manière à limiter l’émergence acoustique. article a6 et paysager des espaces A6 TRAITEMENT ENVIRONNEMENTAL ET PAYSAGER DES ESPACES • Les constructions et aménagements veilleront à limiter leur impact sur l’imperméabilisation des Ensemble de la ZONE A sols en limitant l'étanchéification des sols (dalles, enrobé, béton, etc) aux espaces où la…","Le passage impose que les équipements techniques extérieurs des bâtiments (climatisation, pompes à chaleur, centrales de traitement d'air) soient traités pour limiter l'émergence acoustique. Il s'agit d'une règle autonome de lutte contre le bruit généré par les équipements de bâtiments, dans le périmètre de diagBruit, sans lien avec le classement sonore ou le PEB. Aucune limite spatiale spécifique n'étant précisée dans ce passage, la portée est considérée comme administrative.",https://www.geoportail-urbanisme.gouv.fr/api/document/8ae18694b57b473bb4461d1d66380731/files/67261_reglement_20250505.pdf,Article au6,lutte_bruit_existant
331,8ae18694b57b473bb4461d1d66380731,17_67261_reglement_20250505.pdf,"Dans la zone U5, les émergences sonores produites par les équipements techniques des constructions (climatisation, extraction…) doivent rester limitées vis-à-vis du voisinage. Vérifiez le dimensionnement et l'implantation de ces équipements dès la conception de votre projet. Consultez un acousticien pour anticiper cette contrainte.",False,,,"EMERGENCES ACOUSTIQUES • L d êt e ’ r a s e i r é , t r l u é a n m it i é t e é s n s d t e s e x t m t e é c a r h i n e n i u è iq r r e e u s e à d s l e i e m x p i t o t é e m r r i e p l’ u é e r m s s à e li r é c g s h e a a n u l c e e u b r â a , t c u im o n u i e t s é n t s t iq ( d u c e e e n . c t l r im al a e t s i s d a e ti o tr n a … ite ) m d e e n v t r ont","…tion harmonieuse dans le ÉCONOMIES D’ÉNERGIE ET solaires gratuits en hiver et protégées du rayonnement solaire direct en été -, existantes est limitée à la hauteur de ces dernières. • Non règlementé paysage. L’ADAPTATION CLIMATIQUE compactes, très isolées, mettant en oeuvre des systèmes énergétiques EMERGENCES ACOUSTIQUES • L d êt e ’ r a s e i r é , t r l u é a n m it i é t e é s n s d t e s e x t m t e é c a r h i n e n i u è iq r r e e u s e à d s l e i e m x p i t o t é e m r r i e p l’ u é e r m s s à e li r é c g s h e a a n u l c e e u b r â a , t c u im o n u i e t s é n t s t iq ( d u c e e e n . c t l r im al a e t s i s d a e ti o tr n a … ite ) m d e e n v t r ont Neq mètres. AMÉNAGEMENTS • La hauteur maximale des extensions des constructions • Seules sont admises les clôtures rendues indispensables pour des motifs de existantes est limitée à la hauteur de ces dernières. DES CLÔTURES sécurité. Dans ce cas, elles doivent être constituées d’une haie vive à feui…","Le passage évoque, dans une section intitulée 'ÉMERGENCES ACOUSTIQUES', une prescription limitant les émergences sonores générées par les équipements techniques (climatisation, extraction...) des constructions vis-à-vis du voisinage. Il s'agit d'une règle autonome liée au bruit émis par les bâtiments eux-mêmes, entrant dans le périmètre diagBruit. Le texte est cependant très corrompu par l'extraction OCR (lettres et mots dispersés), ce qui rend la citation difficile à isoler proprement malgré le sens globalement compréhensible.",https://www.geoportail-urbanisme.gouv.fr/api/document/8ae18694b57b473bb4461d1d66380731/files/67261_reglement_20250505.pdf,Article au6,autre
332,8ae18694b57b473bb4461d1d66380731,17_67261_reglement_20250505.pdf__2,"Dans la zone AU5, les émergences sonores générées par les équipements techniques des constructions (climatisation, extraction, etc.) doivent rester limitées vis-à-vis du voisinage. Prenez en compte cette contrainte dès le choix et l'implantation de vos équipements techniques, pour préserver le confort des riverains.",False,,,"EMERGENCES ACOUSTIQUES • L d êt e ’ r a s e i r é , t r l u é a n m it i é t e é s n s d t e s e x t m t e é c a r h i n e n i u è iq r r e e u s e à d s l e i e m x p i t o t é e m r r i e p l’ u é e r m s s à e li r é c g s h e a a n u l c e e u b r â a , t c u im o n u i e t s é n t s t iq ( d u c e e e n . c t l r im al a e t s i s d a e ti o tr n a … ite ) m d e e n v t r ont","…tion harmonieuse dans le ÉCONOMIES D’ÉNERGIE ET solaires gratuits en hiver et protégées du rayonnement solaire direct en été -, existantes est limitée à la hauteur de ces dernières. • Non règlementé paysage. L’ADAPTATION CLIMATIQUE compactes, très isolées, mettant en oeuvre des systèmes énergétiques EMERGENCES ACOUSTIQUES • L d êt e ’ r a s e i r é , t r l u é a n m it i é t e é s n s d t e s e x t m t e é c a r h i n e n i u è iq r r e e u s e à d s l e i e m x p i t o t é e m r r i e p l’ u é e r m s s à e li r é c g s h e a a n u l c e e u b r â a , t c u im o n u i e t s é n t s t iq ( d u c e e e n . c t l r im al a e t s i s d a e ti o tr n a … ite ) m d e e n v t r ont Neq mètres. AMÉNAGEMENTS • La hauteur maximale des extensions des constructions • Seules sont admises les clôtures rendues indispensables pour des motifs de existantes est limitée à la hauteur de ces dernières. DES CLÔTURES sécurité. Dans ce cas, elles doivent être constituées d’une haie vive à feui…","Le passage évoque, dans une section intitulée 'ÉMERGENCES ACOUSTIQUES', une prescription limitant les émergences sonores générées par les équipements techniques (climatisation, extraction...) des constructions vis-à-vis du voisinage. Il s'agit d'une règle autonome liée au bruit émis par les bâtiments eux-mêmes, entrant dans le périmètre diagBruit. Le texte est cependant très corrompu par l'extraction OCR (lettres et mots dispersés), ce qui rend la citation difficile à isoler proprement malgré le sens globalement compréhensible.",https://www.geoportail-urbanisme.gouv.fr/api/document/8ae18694b57b473bb4461d1d66380731/files/67261_reglement_20250505.pdf,Article au6,autre
333,8ae18694b57b473bb4461d1d66380731,17_67261_reglement_20250505.pdf__3,"Dans le secteur A5, les émergences sonores générées par les équipements techniques des constructions (climatisation, extraction…) doivent rester limitées vis-à-vis du voisinage. Vérifiez le dimensionnement et l'implantation de ces équipements dès la conception de votre projet.",False,,,"EMERGENCES ACOUSTIQUES • L d êt e ’ r a s e i r é , t r l u é a n m it i é t e é s n s d t e s e x t m t e é c a r h i n e n i u è iq r r e e u s e à d s l e i e m x p i t o t é e m r r i e p l’ u é e r m s s à e li r é c g s h e a a n u l c e e u b r â a , t c u im o n u i e t s é n t s t iq ( d u c e e e n . c t l r im al a e t s i s d a e ti o tr n a … ite ) m d e e n v t r ont","…tion harmonieuse dans le ÉCONOMIES D’ÉNERGIE ET solaires gratuits en hiver et protégées du rayonnement solaire direct en été -, existantes est limitée à la hauteur de ces dernières. • Non règlementé paysage. L’ADAPTATION CLIMATIQUE compactes, très isolées, mettant en oeuvre des systèmes énergétiques EMERGENCES ACOUSTIQUES • L d êt e ’ r a s e i r é , t r l u é a n m it i é t e é s n s d t e s e x t m t e é c a r h i n e n i u è iq r r e e u s e à d s l e i e m x p i t o t é e m r r i e p l’ u é e r m s s à e li r é c g s h e a a n u l c e e u b r â a , t c u im o n u i e t s é n t s t iq ( d u c e e e n . c t l r im al a e t s i s d a e ti o tr n a … ite ) m d e e n v t r ont Neq mètres. AMÉNAGEMENTS • La hauteur maximale des extensions des constructions • Seules sont admises les clôtures rendues indispensables pour des motifs de existantes est limitée à la hauteur de ces dernières. DES CLÔTURES sécurité. Dans ce cas, elles doivent être constituées d’une haie vive à feui…","Le passage évoque, dans une section intitulée 'ÉMERGENCES ACOUSTIQUES', une prescription limitant les émergences sonores générées par les équipements techniques (climatisation, extraction...) des constructions vis-à-vis du voisinage. Il s'agit d'une règle autonome liée au bruit émis par les bâtiments eux-mêmes, entrant dans le périmètre diagBruit. Le texte est cependant très corrompu par l'extraction OCR (lettres et mots dispersés), ce qui rend la citation difficile à isoler proprement malgré le sens globalement compréhensible.",https://www.geoportail-urbanisme.gouv.fr/api/document/8ae18694b57b473bb4461d1d66380731/files/67261_reglement_20250505.pdf,Article au6,autre
334,8ae18694b57b473bb4461d1d66380731,17_67261_reglement_20250505.pdf__4,"Dans la zone N5, les émergences acoustiques générées par les équipements techniques des constructions (climatisation, extraction...) doivent rester limitées vis-à-vis du voisinage. Cette prescription vise à préserver la tranquillité des riverains. Anticipez le choix et l'implantation de ces équipements dès la conception de votre projet.",False,,,"EMERGENCES ACOUSTIQUES • L d êt e ’ r a s e i r é , t r l u é a n m it i é t e é s n s d t e s e x t m t e é c a r h i n e n i u è iq r r e e u s e à d s l e i e m x p i t o t é e m r r i e p l’ u é e r m s s à e li r é c g s h e a a n u l c e e u b r â a , t c u im o n u i e t s é n t s t iq ( d u c e e e n . c t l r im al a e t s i s d a e ti o tr n a … ite ) m d e e n v t r ont","…tion harmonieuse dans le ÉCONOMIES D’ÉNERGIE ET solaires gratuits en hiver et protégées du rayonnement solaire direct en été -, existantes est limitée à la hauteur de ces dernières. • Non règlementé paysage. L’ADAPTATION CLIMATIQUE compactes, très isolées, mettant en oeuvre des systèmes énergétiques EMERGENCES ACOUSTIQUES • L d êt e ’ r a s e i r é , t r l u é a n m it i é t e é s n s d t e s e x t m t e é c a r h i n e n i u è iq r r e e u s e à d s l e i e m x p i t o t é e m r r i e p l’ u é e r m s s à e li r é c g s h e a a n u l c e e u b r â a , t c u im o n u i e t s é n t s t iq ( d u c e e e n . c t l r im al a e t s i s d a e ti o tr n a … ite ) m d e e n v t r ont Neq mètres. AMÉNAGEMENTS • La hauteur maximale des extensions des constructions • Seules sont admises les clôtures rendues indispensables pour des motifs de existantes est limitée à la hauteur de ces dernières. DES CLÔTURES sécurité. Dans ce cas, elles doivent être constituées d’une haie vive à feui…","Le passage évoque, dans une section intitulée 'ÉMERGENCES ACOUSTIQUES', une prescription limitant les émergences sonores générées par les équipements techniques (climatisation, extraction...) des constructions vis-à-vis du voisinage. Il s'agit d'une règle autonome liée au bruit émis par les bâtiments eux-mêmes, entrant dans le périmètre diagBruit. Le texte est cependant très corrompu par l'extraction OCR (lettres et mots dispersés), ce qui rend la citation difficile à isoler proprement malgré le sens globalement compréhensible.",https://www.geoportail-urbanisme.gouv.fr/api/document/8ae18694b57b473bb4461d1d66380731/files/67261_reglement_20250505.pdf,Article au6,autre
336,8ae18694b57b473bb4461d1d66380731,1_67261_reglement_20250505.pdf,"Dans le secteur Uh, des constructions peuvent être autorisées en dérogation à condition de ne pas générer d'augmentation significative des nuisances pour le voisinage, notamment sonores et olfactives. Cette dérogation est limitée à une emprise au sol supplémentaire cumulée de 1500 m² par rapport à celle existante au moment de l'approbation du PLU. Vérifiez ce seuil avant de dimensionner votre projet.",False,,,"nuisances (notamment sonores et cumulée de 1500 mètres carrés par dessus, des constructions peuvent être SECTEUR olfactives) pour le voisinage, ainsi rapport à celle existante au moment Ut q sa u l e u b d r e it s é r e is t q la u e s s é c a u c r c it r é u s p u p b o l u iq r u la e . • L co a n c s r t é r a u t c io ti n o , n l s ’e e x t t e le n s s i a o m n é d n e a gements de l’approbation du PLU. Voir les schémas en grand format en annexe é sé d p ifi a é r e a s ti v à e m s d o…","…ts de toute nature - commerces, de restaurants, qu’ils comportent ou non des équipements sanitaires, de sports et installations classées - s’il en résulte de détente dans la limite d’une une augmentation significative des emprise au sol supplémentaire totale • En dérogation des alinéas présentés ci- nuisances (notamment sonores et cumulée de 1500 mètres carrés par dessus, des constructions peuvent être SECTEUR olfactives) pour le voisinage, ainsi rapport à celle existante au moment Ut q sa u l e u b d r e it s é r e is t q la u e s s é c a u c r c it r é u s p u p b o l u iq r u la e . • L co a n c s r t é r a u t c io ti n o , n l s ’e e x t t e le n s s i a o m n é d n e a gements de l’approbation du PLU. Voir les schémas en grand format en annexe é sé d p ifi a é r e a s ti v à e m s d o… destinés : • L se e r s v i l c o e g s e m lié e s n a ts u x d e é q fo u n ip c e ti m on e n o t u s de SECTEUR présentées ci-contre. • aux équipements d'intérêt • Les constructions sont libres d’implantation. collectif et services publics.. présents sur le site. Ui • Les équipements sportifs de…","Le passage, très mal segmenté par l'extraction PDF, évoque des constructions pouvant être autorisées en dérogation si elles ne génèrent pas de nuisances (notamment sonores et olfactives) significatives pour le voisinage, sous réserve de rester dans une limite d'emprise au sol supplémentaire. Il s'agit d'une règle propre au document d'urbanisme (pas un renvoi au classement sonore ou au PEB), concernant potentiellement des bâtiments (commerces, restaurants, équipements sportifs). La formulation est cependant très fragmentée et peu claire en raison du découpage OCR défaillant.",https://www.geoportail-urbanisme.gouv.fr/api/document/8ae18694b57b473bb4461d1d66380731/files/67261_reglement_20250505.pdf,page 15,autre
337,8ae18694b57b473bb4461d1d66380731,1_67261_reglement_20250505.pdf__10,"Dans le secteur Ut, les constructions et extensions ne doivent pas entraîner d'augmentation significative des nuisances pour le voisinage, notamment sonores et olfactives. Une dérogation d'emprise au sol supplémentaire, dans la limite de 1500 m² cumulés par rapport à l'existant à l'approbation du PLU, reste possible sous cette condition. Vérifiez l'impact sonore et olfactif de votre projet avant d'envisager cette extension.",False,,,"nuisances (notamment sonores et cumulée de 1500 mètres carrés par dessus, des constructions peuvent être SECTEUR olfactives) pour le voisinage, ainsi rapport à celle existante au moment Ut q sa u l e u b d r e it s é r e is t q la u e s s é c a u c r c it r é u s p u p b o l u iq r u la e . • L co a n c s r t é r a u t c io ti n o , n l s ’e e x t t e le n s s i a o m n é d n e a gements de l’approbation du PLU. Voir les schémas en grand format en annexe é sé d p ifi a é r e a s ti v à e m s d o…","…ts de toute nature - commerces, de restaurants, qu’ils comportent ou non des équipements sanitaires, de sports et installations classées - s’il en résulte de détente dans la limite d’une une augmentation significative des emprise au sol supplémentaire totale • En dérogation des alinéas présentés ci- nuisances (notamment sonores et cumulée de 1500 mètres carrés par dessus, des constructions peuvent être SECTEUR olfactives) pour le voisinage, ainsi rapport à celle existante au moment Ut q sa u l e u b d r e it s é r e is t q la u e s s é c a u c r c it r é u s p u p b o l u iq r u la e . • L co a n c s r t é r a u t c io ti n o , n l s ’e e x t t e le n s s i a o m n é d n e a gements de l’approbation du PLU. Voir les schémas en grand format en annexe é sé d p ifi a é r e a s ti v à e m s d o… destinés : • L se e r s v i l c o e g s e m lié e s n a ts u x d e é q fo u n ip c e ti m on e n o t u s de SECTEUR présentées ci-contre. • aux équipements d'intérêt • Les constructions sont libres d’implantation. collectif et services publics.. présents sur le site. Ui • Les équipements sportifs de…","Le passage, très mal segmenté par l'extraction PDF, évoque des constructions pouvant être autorisées en dérogation si elles ne génèrent pas de nuisances (notamment sonores et olfactives) significatives pour le voisinage, sous réserve de rester dans une limite d'emprise au sol supplémentaire. Il s'agit d'une règle propre au document d'urbanisme (pas un renvoi au classement sonore ou au PEB), concernant potentiellement des bâtiments (commerces, restaurants, équipements sportifs). La formulation est cependant très fragmentée et peu claire en raison du découpage OCR défaillant.",https://www.geoportail-urbanisme.gouv.fr/api/document/8ae18694b57b473bb4461d1d66380731/files/67261_reglement_20250505.pdf,page 15,autre
338,8ae18694b57b473bb4461d1d66380731,1_67261_reglement_20250505.pdf__2,"Dans le secteur Uhr, une construction ou une extension ne peut être autorisée en dérogation que si elle n'entraîne pas d'augmentation significative des nuisances pour le voisinage, notamment sonores et olfactives. Cette dérogation reste limitée à une emprise au sol supplémentaire cumulée de 1500 m² par rapport à celle existante au moment de l'approbation du document d'urbanisme. Vérifiez l'impact sonore et olfactif de votre projet sur le voisinage avant tout dépôt de dossier.",False,,,"nuisances (notamment sonores et cumulée de 1500 mètres carrés par dessus, des constructions peuvent être SECTEUR olfactives) pour le voisinage, ainsi rapport à celle existante au moment Ut q sa u l e u b d r e it s é r e is t q la u e s s é c a u c r c it r é u s p u p b o l u iq r u la e . • L co a n c s r t é r a u t c io ti n o , n l s ’e e x t t e le n s s i a o m n é d n e a gements de l’approbation du PLU. Voir les schémas en grand format en annexe é sé d p ifi a é r e a s ti v à e m s d o…","…ts de toute nature - commerces, de restaurants, qu’ils comportent ou non des équipements sanitaires, de sports et installations classées - s’il en résulte de détente dans la limite d’une une augmentation significative des emprise au sol supplémentaire totale • En dérogation des alinéas présentés ci- nuisances (notamment sonores et cumulée de 1500 mètres carrés par dessus, des constructions peuvent être SECTEUR olfactives) pour le voisinage, ainsi rapport à celle existante au moment Ut q sa u l e u b d r e it s é r e is t q la u e s s é c a u c r c it r é u s p u p b o l u iq r u la e . • L co a n c s r t é r a u t c io ti n o , n l s ’e e x t t e le n s s i a o m n é d n e a gements de l’approbation du PLU. Voir les schémas en grand format en annexe é sé d p ifi a é r e a s ti v à e m s d o… destinés : • L se e r s v i l c o e g s e m lié e s n a ts u x d e é q fo u n ip c e ti m on e n o t u s de SECTEUR présentées ci-contre. • aux équipements d'intérêt • Les constructions sont libres d’implantation. collectif et services publics.. présents sur le site. Ui • Les équipements sportifs de…","Le passage, très mal segmenté par l'extraction PDF, évoque des constructions pouvant être autorisées en dérogation si elles ne génèrent pas de nuisances (notamment sonores et olfactives) significatives pour le voisinage, sous réserve de rester dans une limite d'emprise au sol supplémentaire. Il s'agit d'une règle propre au document d'urbanisme (pas un renvoi au classement sonore ou au PEB), concernant potentiellement des bâtiments (commerces, restaurants, équipements sportifs). La formulation est cependant très fragmentée et peu claire en raison du découpage OCR défaillant.",https://www.geoportail-urbanisme.gouv.fr/api/document/8ae18694b57b473bb4461d1d66380731/files/67261_reglement_20250505.pdf,page 15,autre
339,8ae18694b57b473bb4461d1d66380731,1_67261_reglement_20250505.pdf__3,"Dans le secteur Ur, les extensions et aménagements de constructions existantes ne doivent pas engendrer d'augmentation significative des nuisances pour le voisinage, notamment sonores et olfactives. Cette règle s'applique en dérogation, dans la limite d'une emprise au sol supplémentaire cumulée de 1500 m² par rapport à l'existant au moment de l'approbation du PLU. Le texte étant fragmentaire à cet endroit, vérifiez les conditions précises et les schémas associés auprès des services d'urbanisme compétents.",False,,,"nuisances (notamment sonores et cumulée de 1500 mètres carrés par dessus, des constructions peuvent être SECTEUR olfactives) pour le voisinage, ainsi rapport à celle existante au moment Ut q sa u l e u b d r e it s é r e is t q la u e s s é c a u c r c it r é u s p u p b o l u iq r u la e . • L co a n c s r t é r a u t c io ti n o , n l s ’e e x t t e le n s s i a o m n é d n e a gements de l’approbation du PLU. Voir les schémas en grand format en annexe é sé d p ifi a é r e a s ti v à e m s d o…","…ts de toute nature - commerces, de restaurants, qu’ils comportent ou non des équipements sanitaires, de sports et installations classées - s’il en résulte de détente dans la limite d’une une augmentation significative des emprise au sol supplémentaire totale • En dérogation des alinéas présentés ci- nuisances (notamment sonores et cumulée de 1500 mètres carrés par dessus, des constructions peuvent être SECTEUR olfactives) pour le voisinage, ainsi rapport à celle existante au moment Ut q sa u l e u b d r e it s é r e is t q la u e s s é c a u c r c it r é u s p u p b o l u iq r u la e . • L co a n c s r t é r a u t c io ti n o , n l s ’e e x t t e le n s s i a o m n é d n e a gements de l’approbation du PLU. Voir les schémas en grand format en annexe é sé d p ifi a é r e a s ti v à e m s d o… destinés : • L se e r s v i l c o e g s e m lié e s n a ts u x d e é q fo u n ip c e ti m on e n o t u s de SECTEUR présentées ci-contre. • aux équipements d'intérêt • Les constructions sont libres d’implantation. collectif et services publics.. présents sur le site. Ui • Les équipements sportifs de…","Le passage, très mal segmenté par l'extraction PDF, évoque des constructions pouvant être autorisées en dérogation si elles ne génèrent pas de nuisances (notamment sonores et olfactives) significatives pour le voisinage, sous réserve de rester dans une limite d'emprise au sol supplémentaire. Il s'agit d'une règle propre au document d'urbanisme (pas un renvoi au classement sonore ou au PEB), concernant potentiellement des bâtiments (commerces, restaurants, équipements sportifs). La formulation est cependant très fragmentée et peu claire en raison du découpage OCR défaillant.",https://www.geoportail-urbanisme.gouv.fr/api/document/8ae18694b57b473bb4461d1d66380731/files/67261_reglement_20250505.pdf,page 15,autre
340,8ae18694b57b473bb4461d1d66380731,1_67261_reglement_20250505.pdf__4,"Dans le secteur Ui, une extension ou un aménagement de construction existante ne doit pas générer d'augmentation significative des nuisances (notamment sonores et olfactives) pour le voisinage. Cette règle s'applique en dérogation, dans la limite d'une emprise au sol supplémentaire cumulée de 1500 m² par rapport à celle existante au moment de l'approbation du document. Consultez les schémas en annexe pour plus de précisions.",False,,,"nuisances (notamment sonores et cumulée de 1500 mètres carrés par dessus, des constructions peuvent être SECTEUR olfactives) pour le voisinage, ainsi rapport à celle existante au moment Ut q sa u l e u b d r e it s é r e is t q la u e s s é c a u c r c it r é u s p u p b o l u iq r u la e . • L co a n c s r t é r a u t c io ti n o , n l s ’e e x t t e le n s s i a o m n é d n e a gements de l’approbation du PLU. Voir les schémas en grand format en annexe é sé d p ifi a é r e a s ti v à e m s d o…","…ts de toute nature - commerces, de restaurants, qu’ils comportent ou non des équipements sanitaires, de sports et installations classées - s’il en résulte de détente dans la limite d’une une augmentation significative des emprise au sol supplémentaire totale • En dérogation des alinéas présentés ci- nuisances (notamment sonores et cumulée de 1500 mètres carrés par dessus, des constructions peuvent être SECTEUR olfactives) pour le voisinage, ainsi rapport à celle existante au moment Ut q sa u l e u b d r e it s é r e is t q la u e s s é c a u c r c it r é u s p u p b o l u iq r u la e . • L co a n c s r t é r a u t c io ti n o , n l s ’e e x t t e le n s s i a o m n é d n e a gements de l’approbation du PLU. Voir les schémas en grand format en annexe é sé d p ifi a é r e a s ti v à e m s d o… destinés : • L se e r s v i l c o e g s e m lié e s n a ts u x d e é q fo u n ip c e ti m on e n o t u s de SECTEUR présentées ci-contre. • aux équipements d'intérêt • Les constructions sont libres d’implantation. collectif et services publics.. présents sur le site. Ui • Les équipements sportifs de…","Le passage, très mal segmenté par l'extraction PDF, évoque des constructions pouvant être autorisées en dérogation si elles ne génèrent pas de nuisances (notamment sonores et olfactives) significatives pour le voisinage, sous réserve de rester dans une limite d'emprise au sol supplémentaire. Il s'agit d'une règle propre au document d'urbanisme (pas un renvoi au classement sonore ou au PEB), concernant potentiellement des bâtiments (commerces, restaurants, équipements sportifs). La formulation est cependant très fragmentée et peu claire en raison du découpage OCR défaillant.",https://www.geoportail-urbanisme.gouv.fr/api/document/8ae18694b57b473bb4461d1d66380731/files/67261_reglement_20250505.pdf,page 15,autre
341,8ae18694b57b473bb4461d1d66380731,1_67261_reglement_20250505.pdf__5,"Dans la zone Ut, une extension ou une dérogation d'emprise au sol peut être autorisée pour des constructions existantes, dans la limite de 1500 m² au total. Cette possibilité est toutefois conditionnée : les constructions ne doivent pas entraîner d'augmentation significative des nuisances pour le voisinage, notamment sonores et olfactives. Vérifiez ce point avant d'envisager un projet d'extension sur ce secteur.",False,,,"nuisances (notamment sonores et cumulée de 1500 mètres carrés par dessus, des constructions peuvent être SECTEUR olfactives) pour le voisinage, ainsi rapport à celle existante au moment Ut q sa u l e u b d r e it s é r e is t q la u e s s é c a u c r c it r é u s p u p b o l u iq r u la e . • L co a n c s r t é r a u t c io ti n o , n l s ’e e x t t e le n s s i a o m n é d n e a gements de l’approbation du PLU. Voir les schémas en grand format en annexe é sé d p ifi a é r e a s ti v à e m s d o…","…ts de toute nature - commerces, de restaurants, qu’ils comportent ou non des équipements sanitaires, de sports et installations classées - s’il en résulte de détente dans la limite d’une une augmentation significative des emprise au sol supplémentaire totale • En dérogation des alinéas présentés ci- nuisances (notamment sonores et cumulée de 1500 mètres carrés par dessus, des constructions peuvent être SECTEUR olfactives) pour le voisinage, ainsi rapport à celle existante au moment Ut q sa u l e u b d r e it s é r e is t q la u e s s é c a u c r c it r é u s p u p b o l u iq r u la e . • L co a n c s r t é r a u t c io ti n o , n l s ’e e x t t e le n s s i a o m n é d n e a gements de l’approbation du PLU. Voir les schémas en grand format en annexe é sé d p ifi a é r e a s ti v à e m s d o… destinés : • L se e r s v i l c o e g s e m lié e s n a ts u x d e é q fo u n ip c e ti m on e n o t u s de SECTEUR présentées ci-contre. • aux équipements d'intérêt • Les constructions sont libres d’implantation. collectif et services publics.. présents sur le site. Ui • Les équipements sportifs de…","Le passage, très mal segmenté par l'extraction PDF, évoque des constructions pouvant être autorisées en dérogation si elles ne génèrent pas de nuisances (notamment sonores et olfactives) significatives pour le voisinage, sous réserve de rester dans une limite d'emprise au sol supplémentaire. Il s'agit d'une règle propre au document d'urbanisme (pas un renvoi au classement sonore ou au PEB), concernant potentiellement des bâtiments (commerces, restaurants, équipements sportifs). La formulation est cependant très fragmentée et peu claire en raison du découpage OCR défaillant.",https://www.geoportail-urbanisme.gouv.fr/api/document/8ae18694b57b473bb4461d1d66380731/files/67261_reglement_20250505.pdf,page 15,autre
342,8ae18694b57b473bb4461d1d66380731,1_67261_reglement_20250505.pdf__6,"Dans le secteur Ue, les constructions ou extensions ne doivent pas entraîner d'augmentation significative des nuisances pour le voisinage, notamment sonores et olfactives. Une dérogation à l'emprise au sol est possible, dans la limite d'une emprise supplémentaire cumulée de 1500 m² par rapport à l'existant à l'approbation du PLU. Vérifiez l'impact sonore et olfactif de votre projet sur le voisinage avant tout dépôt de dossier.",False,,,"nuisances (notamment sonores et cumulée de 1500 mètres carrés par dessus, des constructions peuvent être SECTEUR olfactives) pour le voisinage, ainsi rapport à celle existante au moment Ut q sa u l e u b d r e it s é r e is t q la u e s s é c a u c r c it r é u s p u p b o l u iq r u la e . • L co a n c s r t é r a u t c io ti n o , n l s ’e e x t t e le n s s i a o m n é d n e a gements de l’approbation du PLU. Voir les schémas en grand format en annexe é sé d p ifi a é r e a s ti v à e m s d o…","…ts de toute nature - commerces, de restaurants, qu’ils comportent ou non des équipements sanitaires, de sports et installations classées - s’il en résulte de détente dans la limite d’une une augmentation significative des emprise au sol supplémentaire totale • En dérogation des alinéas présentés ci- nuisances (notamment sonores et cumulée de 1500 mètres carrés par dessus, des constructions peuvent être SECTEUR olfactives) pour le voisinage, ainsi rapport à celle existante au moment Ut q sa u l e u b d r e it s é r e is t q la u e s s é c a u c r c it r é u s p u p b o l u iq r u la e . • L co a n c s r t é r a u t c io ti n o , n l s ’e e x t t e le n s s i a o m n é d n e a gements de l’approbation du PLU. Voir les schémas en grand format en annexe é sé d p ifi a é r e a s ti v à e m s d o… destinés : • L se e r s v i l c o e g s e m lié e s n a ts u x d e é q fo u n ip c e ti m on e n o t u s de SECTEUR présentées ci-contre. • aux équipements d'intérêt • Les constructions sont libres d’implantation. collectif et services publics.. présents sur le site. Ui • Les équipements sportifs de…","Le passage, très mal segmenté par l'extraction PDF, évoque des constructions pouvant être autorisées en dérogation si elles ne génèrent pas de nuisances (notamment sonores et olfactives) significatives pour le voisinage, sous réserve de rester dans une limite d'emprise au sol supplémentaire. Il s'agit d'une règle propre au document d'urbanisme (pas un renvoi au classement sonore ou au PEB), concernant potentiellement des bâtiments (commerces, restaurants, équipements sportifs). La formulation est cependant très fragmentée et peu claire en raison du découpage OCR défaillant.",https://www.geoportail-urbanisme.gouv.fr/api/document/8ae18694b57b473bb4461d1d66380731/files/67261_reglement_20250505.pdf,page 15,autre
343,8ae18694b57b473bb4461d1d66380731,1_67261_reglement_20250505.pdf__7,"Dans le secteur Up, les constructions et extensions ne doivent pas générer d'augmentation significative des nuisances pour le voisinage, notamment sonores et olfactives. Une dérogation d'emprise au sol est possible, dans la limite cumulée de 1 500 m² supplémentaires par rapport à l'existant au moment de l'approbation du PLU. Vérifiez ce point dès la conception de votre projet pour rester conforme à cette règle.",False,,,"nuisances (notamment sonores et cumulée de 1500 mètres carrés par dessus, des constructions peuvent être SECTEUR olfactives) pour le voisinage, ainsi rapport à celle existante au moment Ut q sa u l e u b d r e it s é r e is t q la u e s s é c a u c r c it r é u s p u p b o l u iq r u la e . • L co a n c s r t é r a u t c io ti n o , n l s ’e e x t t e le n s s i a o m n é d n e a gements de l’approbation du PLU. Voir les schémas en grand format en annexe é sé d p ifi a é r e a s ti v à e m s d o…","…ts de toute nature - commerces, de restaurants, qu’ils comportent ou non des équipements sanitaires, de sports et installations classées - s’il en résulte de détente dans la limite d’une une augmentation significative des emprise au sol supplémentaire totale • En dérogation des alinéas présentés ci- nuisances (notamment sonores et cumulée de 1500 mètres carrés par dessus, des constructions peuvent être SECTEUR olfactives) pour le voisinage, ainsi rapport à celle existante au moment Ut q sa u l e u b d r e it s é r e is t q la u e s s é c a u c r c it r é u s p u p b o l u iq r u la e . • L co a n c s r t é r a u t c io ti n o , n l s ’e e x t t e le n s s i a o m n é d n e a gements de l’approbation du PLU. Voir les schémas en grand format en annexe é sé d p ifi a é r e a s ti v à e m s d o… destinés : • L se e r s v i l c o e g s e m lié e s n a ts u x d e é q fo u n ip c e ti m on e n o t u s de SECTEUR présentées ci-contre. • aux équipements d'intérêt • Les constructions sont libres d’implantation. collectif et services publics.. présents sur le site. Ui • Les équipements sportifs de…","Le passage, très mal segmenté par l'extraction PDF, évoque des constructions pouvant être autorisées en dérogation si elles ne génèrent pas de nuisances (notamment sonores et olfactives) significatives pour le voisinage, sous réserve de rester dans une limite d'emprise au sol supplémentaire. Il s'agit d'une règle propre au document d'urbanisme (pas un renvoi au classement sonore ou au PEB), concernant potentiellement des bâtiments (commerces, restaurants, équipements sportifs). La formulation est cependant très fragmentée et peu claire en raison du découpage OCR défaillant.",https://www.geoportail-urbanisme.gouv.fr/api/document/8ae18694b57b473bb4461d1d66380731/files/67261_reglement_20250505.pdf,page 15,autre
344,8ae18694b57b473bb4461d1d66380731,1_67261_reglement_20250505.pdf__8,"Dans le secteur Us, une dérogation permet d'étendre ou d'aménager certaines constructions au-delà des règles habituelles, dans la limite d'une emprise au sol supplémentaire cumulée de 1500 m² par rapport à l'existant à l'approbation du PLU. Cette dérogation est conditionnée à l'absence d'augmentation significative des nuisances pour le voisinage, notamment sonores et olfactives. Vérifiez ce point avant tout projet d'extension ou d'aménagement dans ce secteur.",False,,,"nuisances (notamment sonores et cumulée de 1500 mètres carrés par dessus, des constructions peuvent être SECTEUR olfactives) pour le voisinage, ainsi rapport à celle existante au moment Ut q sa u l e u b d r e it s é r e is t q la u e s s é c a u c r c it r é u s p u p b o l u iq r u la e . • L co a n c s r t é r a u t c io ti n o , n l s ’e e x t t e le n s s i a o m n é d n e a gements de l’approbation du PLU. Voir les schémas en grand format en annexe é sé d p ifi a é r e a s ti v à e m s d o…","…ts de toute nature - commerces, de restaurants, qu’ils comportent ou non des équipements sanitaires, de sports et installations classées - s’il en résulte de détente dans la limite d’une une augmentation significative des emprise au sol supplémentaire totale • En dérogation des alinéas présentés ci- nuisances (notamment sonores et cumulée de 1500 mètres carrés par dessus, des constructions peuvent être SECTEUR olfactives) pour le voisinage, ainsi rapport à celle existante au moment Ut q sa u l e u b d r e it s é r e is t q la u e s s é c a u c r c it r é u s p u p b o l u iq r u la e . • L co a n c s r t é r a u t c io ti n o , n l s ’e e x t t e le n s s i a o m n é d n e a gements de l’approbation du PLU. Voir les schémas en grand format en annexe é sé d p ifi a é r e a s ti v à e m s d o… destinés : • L se e r s v i l c o e g s e m lié e s n a ts u x d e é q fo u n ip c e ti m on e n o t u s de SECTEUR présentées ci-contre. • aux équipements d'intérêt • Les constructions sont libres d’implantation. collectif et services publics.. présents sur le site. Ui • Les équipements sportifs de…","Le passage, très mal segmenté par l'extraction PDF, évoque des constructions pouvant être autorisées en dérogation si elles ne génèrent pas de nuisances (notamment sonores et olfactives) significatives pour le voisinage, sous réserve de rester dans une limite d'emprise au sol supplémentaire. Il s'agit d'une règle propre au document d'urbanisme (pas un renvoi au classement sonore ou au PEB), concernant potentiellement des bâtiments (commerces, restaurants, équipements sportifs). La formulation est cependant très fragmentée et peu claire en raison du découpage OCR défaillant.",https://www.geoportail-urbanisme.gouv.fr/api/document/8ae18694b57b473bb4461d1d66380731/files/67261_reglement_20250505.pdf,page 15,autre
345,8ae18694b57b473bb4461d1d66380731,1_67261_reglement_20250505.pdf__9,"Dans le secteur Ut, les constructions ou aménagements ne doivent pas entraîner d'augmentation significative des nuisances pour le voisinage, notamment sonores et olfactives. Une dérogation d'emprise au sol supplémentaire, limitée à 1500 m² au total, peut être accordée sous cette condition. Vérifiez l'impact sonore et olfactif de votre projet avant de solliciter cette dérogation.",False,,,"nuisances (notamment sonores et cumulée de 1500 mètres carrés par dessus, des constructions peuvent être SECTEUR olfactives) pour le voisinage, ainsi rapport à celle existante au moment Ut q sa u l e u b d r e it s é r e is t q la u e s s é c a u c r c it r é u s p u p b o l u iq r u la e . • L co a n c s r t é r a u t c io ti n o , n l s ’e e x t t e le n s s i a o m n é d n e a gements de l’approbation du PLU. Voir les schémas en grand format en annexe é sé d p ifi a é r e a s ti v à e m s d o…","…ts de toute nature - commerces, de restaurants, qu’ils comportent ou non des équipements sanitaires, de sports et installations classées - s’il en résulte de détente dans la limite d’une une augmentation significative des emprise au sol supplémentaire totale • En dérogation des alinéas présentés ci- nuisances (notamment sonores et cumulée de 1500 mètres carrés par dessus, des constructions peuvent être SECTEUR olfactives) pour le voisinage, ainsi rapport à celle existante au moment Ut q sa u l e u b d r e it s é r e is t q la u e s s é c a u c r c it r é u s p u p b o l u iq r u la e . • L co a n c s r t é r a u t c io ti n o , n l s ’e e x t t e le n s s i a o m n é d n e a gements de l’approbation du PLU. Voir les schémas en grand format en annexe é sé d p ifi a é r e a s ti v à e m s d o… destinés : • L se e r s v i l c o e g s e m lié e s n a ts u x d e é q fo u n ip c e ti m on e n o t u s de SECTEUR présentées ci-contre. • aux équipements d'intérêt • Les constructions sont libres d’implantation. collectif et services publics.. présents sur le site. Ui • Les équipements sportifs de…","Le passage, très mal segmenté par l'extraction PDF, évoque des constructions pouvant être autorisées en dérogation si elles ne génèrent pas de nuisances (notamment sonores et olfactives) significatives pour le voisinage, sous réserve de rester dans une limite d'emprise au sol supplémentaire. Il s'agit d'une règle propre au document d'urbanisme (pas un renvoi au classement sonore ou au PEB), concernant potentiellement des bâtiments (commerces, restaurants, équipements sportifs). La formulation est cependant très fragmentée et peu claire en raison du découpage OCR défaillant.",https://www.geoportail-urbanisme.gouv.fr/api/document/8ae18694b57b473bb4461d1d66380731/files/67261_reglement_20250505.pdf,page 15,autre
221,8ae18694b57b473bb4461d1d66380731,6_67261_reglement_20250505.pdf,"En zone U, les équipements techniques extérieurs du bâtiment (climatisation, pompes à chaleur, centrales de traitement d'air) doivent être traités pour limiter leur émergence acoustique. Anticipez leur emplacement et leur traitement dès la conception, pour le confort de vos futurs résidents et de leur voisinage.",False,,,"L’ADAPTATION tels que panneaux solaires, éoliennes, toitures végétalisées, rehaussement de couverture pour isolation CLIMATIQUE thermique, sont autorisés en saillies des toitures à condition que leur volumétrie s’insère harmonieusement dans le cadre bâti environnant. EMERGENCES • Les éléments techniques extérieurs liés au bâtiment (centrales de traitement d’air, unités extérieures de pompes à ACOUSTIQUES chaleur, unités de climatisation) devront être traités de manière à limiter l’émergence acou…","…rayonnement solaire direct en été ‐, compactes, très isolées, mettant en oeuvre des systèmes LES ÉCONOMIES énergétiques efficaces et utilisant les énergies renouvelables. D’ÉNERGIE ET • Les dispositifs destinés à économiser de l’énergie ou à produire de l’énergie renouvelable dans les constructions, L’ADAPTATION tels que panneaux solaires, éoliennes, toitures végétalisées, rehaussement de couverture pour isolation CLIMATIQUE thermique, sont autorisés en saillies des toitures à condition que leur volumétrie s’insère harmonieusement dans le cadre bâti environnant. EMERGENCES • Les éléments techniques extérieurs liés au bâtiment (centrales de traitement d’air, unités extérieures de pompes à ACOUSTIQUES chaleur, unités de climatisation) devront être traités de manière à limiter l’émergence acou… Secteur Ue AMÉNAGEMENTS • Dans le cas de dépôts de matériaux, ceux‐ci seront rendus invisible ou faiblement visible depuis le domaine public par DES CLÔTURES ET la plantation adaptée d’arbres, haies ou bosquets. DES ABORDS 19 LAUTERBOURG","Le passage impose que les éléments techniques extérieurs liés au bâtiment (climatiseurs, pompes à chaleur, centrales de traitement d'air) soient traités pour limiter l'émergence acoustique. Il s'agit d'une règle autonome liée au bruit, concernant directement les bâtiments (nuisances sonores générées par leurs équipements techniques), donc bien dans le périmètre diagBruit. Aucune limite spatiale spécifique n'étant précisée dans le passage lui-même (le secteur Ue apparaît seulement dans le contexte après, associé à un autre sujet), la règle semble s'appliquer plus largement dans le document.",https://www.geoportail-urbanisme.gouv.fr/api/document/8ae18694b57b473bb4461d1d66380731/files/67261_reglement_20250505.pdf,page 21,autre
346,8ae18694b57b473bb4461d1d66380731,7_67261_reglement_20250505.pdf,"Dans le secteur 1AUte, la création, l'extension ou la transformation d'établissements de toute nature sont interdites si elles entraînent une augmentation significative des nuisances sonores et olfactives pour le voisinage. Ce risque s'apprécie aussi au regard de la sécurité et de la salubrité publiques. Anticipez cet impact potentiel dès la conception de votre projet.",False,,,"toute nature - qu’ils comportent ou collectif et services publics. établissement d’hébergement 1AUh non des installations classées - s’il touristique et que la surface de 1AUp en résulte une augmentation plancher dédiée ne dépasse pas 100 significative des nuisances mètres carrés . (notamment sonores et olfactives) pour le voisinage, ainsi que des • La création, l’extension de • L’habitat dans la limite d’un logement","…es secteurs 1AUte admises dans la zone. l’hébergement hôtelier et inférieure à 150 mètres carrés. Uh et Ur. touristique. • La création, l’extension ou la • Les activités de commerces à la SECTEURS transformation d’établissements de • aux équipements d'intérêt condition qu’elles soient intégrées à un toute nature - qu’ils comportent ou collectif et services publics. établissement d’hébergement 1AUh non des installations classées - s’il touristique et que la surface de 1AUp en résulte une augmentation plancher dédiée ne dépasse pas 100 significative des nuisances mètres carrés . (notamment sonores et olfactives) pour le voisinage, ainsi que des • La création, l’extension de • L’habitat dans la limite d’un logement risques accrus pour la salubrité et la constructions et les aménagements par unité foncière sous réserve que la sécurité publique. destinés : construction de ce dernier soit SECTEUR intégrée au bâtiment principal de •aux équipements d'intérêt l’entreprise, ceci dans la limite d’une 1AUe collectif et…","Le passage évoque la création, l'extension ou la transformation d'établissements dont il pourrait résulter une augmentation significative des nuisances sonores et olfactives pour le voisinage, ce qui est une restriction liée au bruit encadrant l'implantation de constructions dans le secteur 1AUte. C'est une règle autonome distincte du classement sonore ou du PEB.",https://www.geoportail-urbanisme.gouv.fr/api/document/8ae18694b57b473bb4461d1d66380731/files/67261_reglement_20250505.pdf,Article au1,autre
347,8ae18694b57b473bb4461d1d66380731,7_67261_reglement_20250505.pdf__2,"Dans le secteur 1AUte, la création, l'extension ou la transformation d'établissements de toute nature est interdite si elle entraîne une augmentation significative des nuisances pour le voisinage, notamment sonores et olfactives, ou des risques accrus pour la salubrité et la sécurité publique. Cette restriction s'applique que l'établissement comporte ou non des installations classées. Vérifiez l'impact sonore et olfactif de votre projet avant tout dépôt de permis.",False,,,"toute nature - qu’ils comportent ou collectif et services publics. établissement d’hébergement 1AUh non des installations classées - s’il touristique et que la surface de 1AUp en résulte une augmentation plancher dédiée ne dépasse pas 100 significative des nuisances mètres carrés . (notamment sonores et olfactives) pour le voisinage, ainsi que des • La création, l’extension de • L’habitat dans la limite d’un logement","…es secteurs 1AUte admises dans la zone. l’hébergement hôtelier et inférieure à 150 mètres carrés. Uh et Ur. touristique. • La création, l’extension ou la • Les activités de commerces à la SECTEURS transformation d’établissements de • aux équipements d'intérêt condition qu’elles soient intégrées à un toute nature - qu’ils comportent ou collectif et services publics. établissement d’hébergement 1AUh non des installations classées - s’il touristique et que la surface de 1AUp en résulte une augmentation plancher dédiée ne dépasse pas 100 significative des nuisances mètres carrés . (notamment sonores et olfactives) pour le voisinage, ainsi que des • La création, l’extension de • L’habitat dans la limite d’un logement risques accrus pour la salubrité et la constructions et les aménagements par unité foncière sous réserve que la sécurité publique. destinés : construction de ce dernier soit SECTEUR intégrée au bâtiment principal de •aux équipements d'intérêt l’entreprise, ceci dans la limite d’une 1AUe collectif et…","Le passage évoque la création, l'extension ou la transformation d'établissements dont il pourrait résulter une augmentation significative des nuisances sonores et olfactives pour le voisinage, ce qui est une restriction liée au bruit encadrant l'implantation de constructions dans le secteur 1AUte. C'est une règle autonome distincte du classement sonore ou du PEB.",https://www.geoportail-urbanisme.gouv.fr/api/document/8ae18694b57b473bb4461d1d66380731/files/67261_reglement_20250505.pdf,Article au1,autre
348,8ae18694b57b473bb4461d1d66380731,7_67261_reglement_20250505.pdf__3,"Dans le secteur 1AUte, la création, l'extension ou la transformation d'établissements de toute nature - installations classées ou non - est interdite si elle entraîne une augmentation significative des nuisances pour le voisinage : bruit, odeurs, ou risques accrus pour la salubrité et la sécurité publique. Vérifiez l'impact sonore et olfactif de votre projet avant tout dépôt de demande.",False,,,"toute nature - qu’ils comportent ou collectif et services publics. établissement d’hébergement 1AUh non des installations classées - s’il touristique et que la surface de 1AUp en résulte une augmentation plancher dédiée ne dépasse pas 100 significative des nuisances mètres carrés . (notamment sonores et olfactives) pour le voisinage, ainsi que des • La création, l’extension de • L’habitat dans la limite d’un logement","…es secteurs 1AUte admises dans la zone. l’hébergement hôtelier et inférieure à 150 mètres carrés. Uh et Ur. touristique. • La création, l’extension ou la • Les activités de commerces à la SECTEURS transformation d’établissements de • aux équipements d'intérêt condition qu’elles soient intégrées à un toute nature - qu’ils comportent ou collectif et services publics. établissement d’hébergement 1AUh non des installations classées - s’il touristique et que la surface de 1AUp en résulte une augmentation plancher dédiée ne dépasse pas 100 significative des nuisances mètres carrés . (notamment sonores et olfactives) pour le voisinage, ainsi que des • La création, l’extension de • L’habitat dans la limite d’un logement risques accrus pour la salubrité et la constructions et les aménagements par unité foncière sous réserve que la sécurité publique. destinés : construction de ce dernier soit SECTEUR intégrée au bâtiment principal de •aux équipements d'intérêt l’entreprise, ceci dans la limite d’une 1AUe collectif et…","Le passage évoque la création, l'extension ou la transformation d'établissements dont il pourrait résulter une augmentation significative des nuisances sonores et olfactives pour le voisinage, ce qui est une restriction liée au bruit encadrant l'implantation de constructions dans le secteur 1AUte. C'est une règle autonome distincte du classement sonore ou du PEB.",https://www.geoportail-urbanisme.gouv.fr/api/document/8ae18694b57b473bb4461d1d66380731/files/67261_reglement_20250505.pdf,Article au1,autre
349,8ae18694b57b473bb4461d1d66380731,7_67261_reglement_20250505.pdf__4,"Dans le secteur 1AUe, la création, l'extension ou la transformation d'établissements de toute nature est interdite si elle entraîne une augmentation significative des nuisances sonores et olfactives pour le voisinage. Cette restriction s'applique également en cas de risques accrus pour la salubrité et la sécurité publique. Vérifiez l'impact sonore et olfactif de votre projet avant tout dépôt de permis.",False,,,"toute nature - qu’ils comportent ou collectif et services publics. établissement d’hébergement 1AUh non des installations classées - s’il touristique et que la surface de 1AUp en résulte une augmentation plancher dédiée ne dépasse pas 100 significative des nuisances mètres carrés . (notamment sonores et olfactives) pour le voisinage, ainsi que des • La création, l’extension de • L’habitat dans la limite d’un logement","…es secteurs 1AUte admises dans la zone. l’hébergement hôtelier et inférieure à 150 mètres carrés. Uh et Ur. touristique. • La création, l’extension ou la • Les activités de commerces à la SECTEURS transformation d’établissements de • aux équipements d'intérêt condition qu’elles soient intégrées à un toute nature - qu’ils comportent ou collectif et services publics. établissement d’hébergement 1AUh non des installations classées - s’il touristique et que la surface de 1AUp en résulte une augmentation plancher dédiée ne dépasse pas 100 significative des nuisances mètres carrés . (notamment sonores et olfactives) pour le voisinage, ainsi que des • La création, l’extension de • L’habitat dans la limite d’un logement risques accrus pour la salubrité et la constructions et les aménagements par unité foncière sous réserve que la sécurité publique. destinés : construction de ce dernier soit SECTEUR intégrée au bâtiment principal de •aux équipements d'intérêt l’entreprise, ceci dans la limite d’une 1AUe collectif et…","Le passage évoque la création, l'extension ou la transformation d'établissements dont il pourrait résulter une augmentation significative des nuisances sonores et olfactives pour le voisinage, ce qui est une restriction liée au bruit encadrant l'implantation de constructions dans le secteur 1AUte. C'est une règle autonome distincte du classement sonore ou du PEB.",https://www.geoportail-urbanisme.gouv.fr/api/document/8ae18694b57b473bb4461d1d66380731/files/67261_reglement_20250505.pdf,Article au1,autre
350,8ae18694b57b473bb4461d1d66380731,7_67261_reglement_20250505.pdf__5,"Dans le secteur 1AUtc, la création, l'extension ou la transformation d'établissements est interdite si elle entraîne une augmentation significative des nuisances sonores et olfactives pour le voisinage. Ce risque accru pour la salubrité et la sécurité publique s'applique quelle que soit la nature de l'établissement, qu'il comporte ou non des installations classées. Vérifiez l'impact sonore et olfactif de votre projet avant tout dépôt de dossier.",False,,,"toute nature - qu’ils comportent ou collectif et services publics. établissement d’hébergement 1AUh non des installations classées - s’il touristique et que la surface de 1AUp en résulte une augmentation plancher dédiée ne dépasse pas 100 significative des nuisances mètres carrés . (notamment sonores et olfactives) pour le voisinage, ainsi que des • La création, l’extension de • L’habitat dans la limite d’un logement","…es secteurs 1AUte admises dans la zone. l’hébergement hôtelier et inférieure à 150 mètres carrés. Uh et Ur. touristique. • La création, l’extension ou la • Les activités de commerces à la SECTEURS transformation d’établissements de • aux équipements d'intérêt condition qu’elles soient intégrées à un toute nature - qu’ils comportent ou collectif et services publics. établissement d’hébergement 1AUh non des installations classées - s’il touristique et que la surface de 1AUp en résulte une augmentation plancher dédiée ne dépasse pas 100 significative des nuisances mètres carrés . (notamment sonores et olfactives) pour le voisinage, ainsi que des • La création, l’extension de • L’habitat dans la limite d’un logement risques accrus pour la salubrité et la constructions et les aménagements par unité foncière sous réserve que la sécurité publique. destinés : construction de ce dernier soit SECTEUR intégrée au bâtiment principal de •aux équipements d'intérêt l’entreprise, ceci dans la limite d’une 1AUe collectif et…","Le passage évoque la création, l'extension ou la transformation d'établissements dont il pourrait résulter une augmentation significative des nuisances sonores et olfactives pour le voisinage, ce qui est une restriction liée au bruit encadrant l'implantation de constructions dans le secteur 1AUte. C'est une règle autonome distincte du classement sonore ou du PEB.",https://www.geoportail-urbanisme.gouv.fr/api/document/8ae18694b57b473bb4461d1d66380731/files/67261_reglement_20250505.pdf,Article au1,autre
167,8c7d85e0ce9d2768c89bffdf60120b55,1_67073_orientations_amenagement_20231012.pdf,"Pour limiter les nuisances sonores pour le voisinage, il est recommandé de porter attention aux équipements techniques du projet, notamment ceux liés au confort thermique (chauffage, climatisation). Cela concerne :
- leur conception,
- leur implantation,
- leur protection.
Anticipez ces choix techniques dès la conception, pour le confort des riverains.",False,,,"Les équipements techniques, notamment ceux favorisant le confort thermique, d’hiver comme d’été, seront conçus, implantés ou protégés de manière à réduire au maximum les nuisances sonores pour le voisinage.","…être mis en œuvre pour permettre le stockage et la réutilisation maximale des eaux de pluies pour tous les usages autorisés par la réglementation sanitaire en vigueur. 5. Les gisements d’économie d’énergie Les opérations devront intégrer des systèmes d’éclairage destinés à économiser la consommation Les équipements techniques, notamment ceux favorisant le confort thermique, d’hiver comme d’été, seront conçus, implantés ou protégés de manière à réduire au maximum les nuisances sonores pour le voisinage. 20","Le passage prescrit que les équipements techniques (notamment ceux liés au confort thermique) soient conçus, implantés ou protégés pour réduire les nuisances sonores pour le voisinage. C'est une règle autonome liée au bruit dans le cadre d'opérations d'aménagement, sans rapport avec le classement sonore ou le PEB. Aucune limite spatiale spécifique n'étant précisée, elle s'applique à l'ensemble du périmètre couvert par les OAP.",https://www.geoportail-urbanisme.gouv.fr/api/document/8c7d85e0ce9d2768c89bffdf60120b55/files/67073_orientations_amenagement_20231012.pdf,page 22,lutte_bruit_existant
168,8c7d85e0ce9d2768c89bffdf60120b55,1_67073_padd_20231012.pdf,"Ce secteur est concerné par des nuisances sonores liées à l'A35 et à la future déviation de Châtenois, ainsi que par des nuisances olfactives issues du centre d'enfouissement des déchets. Il est recommandé de préserver les habitants et les constructions de ces nuisances existantes et à venir. Anticipez cet enjeu dans la conception de votre projet, pour le confort des futurs résidents.",False,,,"préserver les habitants et les constructions des nuisances existantes et à venir (nuisances olfactives du centre d’enfouissement des déchets, nuisances sonores liées à l’A35 et à la future déviation de Châtenois)","…s le long des voies afin de stopper l’extension urbaine linéaire. - Encadrer les modalités d’évolution des constructions dispersées, en tenant compte de leur éloignement du bourg et de l’absence de certains réseaux. - Protéger les habitants et les constructions et installations des risques connus et préserver les habitants et les constructions des nuisances existantes et à venir (nuisances olfactives du centre d’enfouissement des déchets, nuisances sonores liées à l’A35 et à la future déviation de Châtenois) 1.2 Vers une évolution concertée du patrimoine urbain - Préserver et valoriser le patrimoine architectural et urbain remarquable du vieux bourg. - Valoriser les potentialités de réutilisation du bâti ancien à des fins de logements ou d’activités économiques. - Garantir l’harmonie des nouvelles const…","Le PADD affirme une orientation générale visant à préserver les habitants et les constructions des nuisances sonores existantes et à venir liées à l'A35 et à la future déviation de Châtenois, notamment via des reculs appropriés. Cette règle concerne bien la protection des constructions vis-à-vis du bruit (pas seulement l'infrastructure elle-même), et s'applique à l'ensemble du territoire communal sans zone spécifique délimitée, d'où une portée administrative.",https://www.geoportail-urbanisme.gouv.fr/api/document/8c7d85e0ce9d2768c89bffdf60120b55/files/67073_padd_20231012.pdf,page 5,lutte_bruit_existant
319,931dce441c11b4256949000dafed91f0,1_67248_orientations_amenagement_20240219.pdf,"Dans la zone AU, l'urbanisation doit conserver la plus grande partie des boisements existants, en particulier ceux situés le long de l'Ehn et entre les secteurs IIAU et IIAUX. Cette exigence vise à préserver un tampon végétal atténuant le bruit provenant de la zone d'activités. Intégrez cette contrainte dès la conception de votre projet.",False,,,L'urbanisation des zones AU devra maintenir la plus grande partie des boisements existants et plus particulièrement ceux situés le long de l’Ehn et entre la zone IIAU: et la zone IIAUX afin de préserver un tampon végétal atténuant le bruit le long de la zone d'activités.,"3. ELEMENTS DE PAYSAGE A PRESERVER ET DE PLANTATIONS A CONSERVER : L'urbanisation des zones AU devra maintenir la plus grande partie des boisements existants et plus particulièrement ceux situés le long de l’Ehn et entre la zone IIAU: et la zone IIAUX afin de préserver un tampon végétal atténuant le bruit le long de la zone d'activités. L'urbanisation des zones d'extension à vocation économique comprendra la création d’une frange verte s'appuyant sur
les écrans végétaux existant, lorsqu'ils existent, en vue de leur bonne intégration paysagère.","Le passage impose de conserver les boisements existants entre deux zones spécifiques afin de préserver un tampon végétal atténuant le bruit provenant de la zone d'activités, ce qui constitue une règle autonome d'urbanisme (protection paysagère à fonction acoustique) distincte du classement sonore ou du PEB. La règle s'applique à une zone précise (limite entre IIAU et IIAUX), d'où portee_geometrique=zone_specifique.",https://www.geoportail-urbanisme.gouv.fr/api/document/931dce441c11b4256949000dafed91f0/files/67248_orientations_amenagement_20240219.pdf,page 5,lutte_bruit_existant
303,94f9f4e5ec6ea7ea1486a043770a393e,1_67047_reglement_20251217.pdf,"En zone UA, si votre projet intègre une pompe à chaleur ou un dispositif de climatisation en façade, implantez-le sur la façade générant le moins de nuisances visuelles et sonores pour le voisinage. Cette implantation s'applique dans la mesure où les conditions techniques le permettent. Anticipez ce choix dès la conception, pour le confort de vos voisins.",False,,,Les pompes à chaleur ou dispositifs de climatisation installés en façade de la construction doivent être implantés sur la façade où ils présentent le moins de nuisances visuelles et/ou sonores pour le voisinage dans la mesure où les conditions techniques d’implantation le permettent.,"…ronnant. - La destruction d’une façade identifiée au règlement graphique est interdite (OUI ?) sauf cas de nécessité au regard de la sécurité ou de la salubrité publique. En cas de reconstruction, la nouvelle construction devra nécessairement présenter une façade respectant la construction initiale. Les pompes à chaleur ou dispositifs de climatisation installés en façade de la construction doivent être implantés sur la façade où ils présentent le moins de nuisances visuelles et/ou sonores pour le voisinage dans la mesure où les conditions techniques d’implantation le permettent. doivent être plus hautes que larges. Les ouvertures de garages ou en soubassement (type soupiraux) ne sont pas concernées par cette présente disposition. 5. Clôtures : Clôtures en limite d’emprise publique : - La hauteur des clôtures ne devra pas excéder 1,00 mètre maximum non compris le portail don…","Le passage impose que les pompes à chaleur et dispositifs de climatisation en façade soient implantés de manière à limiter les nuisances sonores pour le voisinage. Il s'agit d'une règle autonome liée au bruit dans le périmètre diagBruit (construction de bâtiments), sans lien avec le classement sonore ou un PEB. Aucune limite spatiale spécifique n'étant précisée, la règle s'applique à l'ensemble du document.",https://www.geoportail-urbanisme.gouv.fr/api/document/94f9f4e5ec6ea7ea1486a043770a393e/files/67047_reglement_20251217.pdf,Article 2.7.,autre
304,94f9f4e5ec6ea7ea1486a043770a393e,2_67047_reglement_20251217.pdf,"Dans la zone UB, il est recommandé d'implanter les pompes à chaleur ou dispositifs de climatisation en façade en choisissant l'emplacement générant le moins de nuisances visuelles et sonores pour le voisinage, dans la mesure où les conditions techniques le permettent. Pensez à intégrer ce choix dès la conception de votre projet, pour le confort de vos voisins.",False,,,"sonores pour le voisinage dans la mesure où les conditions techniques d’implantation le permettent. 4. Clôtures : Clôtures en limite d’emprise publique : - La hauteur des clôtures ne devra pas excéder 1,00 mètre maximum non compris le portail dont la hauteur pourra être supérieure. - Elles devront être constituées d’un mur bahut d’une hauteur maximale de 0,60 mètre, surmonté d’un dispositif à claire-voie comportant à minima 1/3 de vides sur l’ensemble de","…dre bâti environnant. - Les murs en béton revêtu de planches de bois clouées sur la façade ne sont pas autorisés. - Les pompes à chaleur ou dispositifs de climatisation installés en façade de la construction doivent être implantés sur la façade où ils présentent le moins de nuisances visuelles et/ou sonores pour le voisinage dans la mesure où les conditions techniques d’implantation le permettent. 4. Clôtures : Clôtures en limite d’emprise publique : - La hauteur des clôtures ne devra pas excéder 1,00 mètre maximum non compris le portail dont la hauteur pourra être supérieure. - Elles devront être constituées d’un mur bahut d’une hauteur maximale de 0,60 mètre, surmonté d’un dispositif à claire-voie comportant à minima 1/3 de vides sur l’ensemble de sa surface. - Les clôtures pleines ne sont autorisées que lorsqu'elles répondent à des nécessités ou à une utilité tenant compte de la nature de l'occupation ou du caractère des constructions édifiées sur la parcelle intéressée. Elles seront dans ce cas établies de telle sorte qu'elles ne créent pas…","Le passage recommande d'implanter les pompes à chaleur ou dispositifs de climatisation en façade de façon à minimiser les nuisances sonores pour le voisinage, ce qui constitue une règle autonome liée au bruit dans le cadre de projets de construction. Cette règle semble s'appliquer de façon générale sans délimitation de zone spécifique mentionnée dans l'extrait.",https://www.geoportail-urbanisme.gouv.fr/api/document/94f9f4e5ec6ea7ea1486a043770a393e/files/67047_reglement_20251217.pdf,Article 2.7.,autre
305,94f9f4e5ec6ea7ea1486a043770a393e,3_67047_reglement_20251217.pdf,"En zone 1AU, les pompes à chaleur ou climatiseurs installés en façade doivent être placés sur la façade générant le moins de nuisances visuelles et sonores pour le voisinage. Cette implantation s'applique dans la mesure où les conditions techniques le permettent. Anticipez le choix d'emplacement de ces équipements dès la conception de votre projet, pour préserver la tranquillité du voisinage.",False,,,Les pompes à chaleur ou dispositifs de climatisation installés en façade de la construction doivent être implantés sur la façade où ils présentent le moins de nuisances visuelles et/ou sonores pour le voisinage dans la mesure où les conditions techniques d’implantation le permettent.,"…ironnant. 2. Couvertures Dispositions générales : - Les couleurs des matériaux de couvertures des constructions principales sont celles des matériaux ardoise et tuile. 3. Façades : - Les couleurs des façades et les matériaux utilisés devront s’intégrer harmonieusement avec le cadre bâti environnant. Les pompes à chaleur ou dispositifs de climatisation installés en façade de la construction doivent être implantés sur la façade où ils présentent le moins de nuisances visuelles et/ou sonores pour le voisinage dans la mesure où les conditions techniques d’implantation le permettent. - En façade sur rue, les ouvertures des constructions à usage d’habitation, hors annexes, doivent être plus hautes que larges. Les ouvertures de garages ou en soubassement (type soupiraux) ne sont pas concernées par cette présente disposition. 5. Clôtures : Clôtures en limite d’emprise publique : -…","Le passage impose que les pompes à chaleur ou dispositifs de climatisation installés en façade soient placés là où ils présentent le moins de nuisances sonores pour le voisinage. C'est une règle autonome relative aux nuisances sonores générées par les équipements techniques des bâtiments, dans le périmètre diagBruit. Aucune limite spatiale spécifique n'étant mentionnée, elle s'applique à l'ensemble du règlement (portée administrative).",https://www.geoportail-urbanisme.gouv.fr/api/document/94f9f4e5ec6ea7ea1486a043770a393e/files/67047_reglement_20251217.pdf,Article 2.7.,autre
360,95d1353266453723447fb10f024c31fa,1_67410_reglement_20180413.pdf,"Dans la zone UA, les constructions ou installations à usage agricole, industriel, artisanal ou commercial sont autorisées à une condition : l'activité ne doit pas générer de nuisances incompatibles avec le caractère de la zone. Sont notamment visés le bruit, les trépidations, les odeurs, les poussières, les gaz et les pollutions accidentelles ou chroniques. Anticipez cette exigence dès la conception de votre projet d'activité.",False,,,"les constructions ou installations destinées à l’activité agricole, l’industrie, l’artisanat, au commerce à condition que l’activité ne crée pas de nuisances incompatibles avec le caractère de la zone (bruit, trépidations, odeurs, poussières, gaz, pollutions accidentelles ou chroniques…)","…utilisations du sol suivantes, si elles respectent les conditions ci-après : – les affouillements ou exhaussements du sol à condition d'être nécessaires à des constructions ou installations admises dans la zone ; – les dépôts à ciel ouvert de toute nature uniquement s’ils sont liés à une occupation les constructions ou installations destinées à l’activité agricole, l’industrie, l’artisanat, au commerce à condition que l’activité ne crée pas de nuisances incompatibles avec le caractère de la zone (bruit, trépidations, odeurs, poussières, gaz, pollutions accidentelles ou chroniques…) ou chroniques…) ; – l’édification de clôtures si celles-ci n’entraînent par l’obstruction de chemins et sentiers cadastrés existants. OTE INGÉNIERIE – CABINET ANDRES 19/58 PLU approuvé par DCM du 13/04/2018","Le passage conditionne l'admission de constructions ou installations agricoles, industrielles, artisanales ou commerciales dans la zone à l'absence de nuisances incompatibles avec le caractère de la zone, dont le bruit. C'est une règle autonome relative aux bâtiments/activités (pas une infrastructure de transport), applicable à une zone spécifique du règlement (dont le nom exact n'est pas précisé dans l'extrait).",https://www.geoportail-urbanisme.gouv.fr/api/document/95d1353266453723447fb10f024c31fa/files/67410_reglement_20180413.pdf,Article 2,autre
361,95d1353266453723447fb10f024c31fa,2_67410_reglement_20180413.pdf,"En zone UB, une activité (agricole, artisanale, industrielle ou commerciale) ne peut être admise que si elle ne crée pas de nuisances incompatibles avec le caractère de la zone. Le bruit fait partie des nuisances explicitement visées, aux côtés des trépidations, odeurs, poussières, gaz et pollutions accidentelles ou chroniques. Vérifiez la compatibilité sonore de votre activité avec l'environnement urbain avant tout dépôt de projet.",False,,,"à condition que l’activité ne crée pas de nuisances incompatibles avec le caractère de la zone (bruit, trépidations, odeurs, poussières, gaz, pollutions accidentelles ou chroniques…)","temporaire induite par un chantier, liés à une activité agricole existante dans la zone, à l’approvisionnement en combustibles d’une habitation ou à une activité implantée dans la zone ; 26/58 OTE INGÉNIERIE – CABINET ANDRES PLU approuvé par DCM du 13/04/2018 à condition que l’activité ne crée pas de nuisances incompatibles avec le caractère de la zone (bruit, trépidations, odeurs, poussières, gaz, pollutions accidentelles ou chroniques…) cadastrés existants. 2. En secteurs UBa et UBc, les constructions et installations devront être compatibles avec les orientations d’aménagement et de programmation définies et veiller à ne pas créer de terrains enclavés.","Le passage conditionne l'admission des constructions/installations agricoles, industrielles, artisanales ou commerciales dans les zones urbaines à l'absence de nuisances incompatibles avec le caractère de la zone, dont explicitement le bruit. Il s'agit d'une règle autonome liée au bruit dans le cadre de projets de construction, donc dans le périmètre diagBruit. Aucune limite spatiale spécifique n'étant précisée, la règle s'applique à l'ensemble des zones urbaines concernées du document.",https://www.geoportail-urbanisme.gouv.fr/api/document/95d1353266453723447fb10f024c31fa/files/67410_reglement_20180413.pdf,Article 2,lutte_bruit_existant
358,a140daa327d42ef2ed7d0d1a0d4d14d7,1_67401_reglement_20251222.pdf,"En zone UA, sont interdits les établissements et installations susceptibles de générer des nuisances incompatibles avec le caractère de la zone : bruits, trépidations, odeurs, ou toute gêne matérielle, sonore, olfactive ou visuelle. Cette interdiction vise aussi les activités pouvant porter atteinte à la salubrité ou à la sécurité. Vérifiez la compatibilité de votre projet avec cette règle avant tout dépôt de permis.",False,,,"Les établissements et installations de toutes natures destinés à accueillir des activités pouvant porter atteinte à la salubrité et à la sécurité, ou apporter une gêne matérielle, sonore, olfactive ou visuelle, ou qui engendrent des risques ou nuisances incompatibles avec le caractère de la zone (bruits, trépidations, odeurs…)","…e est réservée aux constructions à prédominance d'habitation, de commerce, de service et de bureau ainsi qu'à leurs dépendances. Articles UA 1 : Occupations et utilisations du sol interdites 1.1. Les établissements et installations de toutes natures destinés à accueillir des activités pouvant porter Les établissements et installations de toutes natures destinés à accueillir des activités pouvant porter atteinte à la salubrité et à la sécurité, ou apporter une gêne matérielle, sonore, olfactive ou visuelle, ou qui engendrent des risques ou nuisances incompatibles avec le caractère de la zone (bruits, trépidations, odeurs…) nuisances pour le voisinage des habitations ou une atteinte à la salubrité ou à la sécurité publique. 1.3. Les modes particuliers d'utilisation du sol suivants : - les parcs d'attraction et de jeux permanents, stands et champs de tir, aires aménagées pour la pratique des sports motorisés ; - les ter…","Le règlement interdit dans la zone UA les établissements et installations susceptibles d'apporter une gêne sonore ou d'engendrer des nuisances de bruit incompatibles avec le caractère résidentiel/commercial de la zone. C'est une règle autonome d'urbanisme (interdiction d'occupation du sol liée à la nuisance sonore), distincte du classement sonore ou du PEB, applicable spécifiquement à la zone UA.",https://www.geoportail-urbanisme.gouv.fr/api/document/a140daa327d42ef2ed7d0d1a0d4d14d7/files/67401_reglement_20251222.pdf,page 7,autre
359,a140daa327d42ef2ed7d0d1a0d4d14d7,2_67401_reglement_20251222.pdf,"En zone UB, sont interdits les établissements et installations pouvant générer une gêne sonore, olfactive, visuelle ou matérielle, ou des nuisances (bruits, trépidations, odeurs…) incompatibles avec le caractère de la zone. Cette interdiction s'applique aussi aux activités présentant des risques pour la salubrité ou la sécurité. Vérifiez la nature de votre projet au regard de cette règle avant tout dépôt.",False,,,"Les établissements et installations de toutes natures destinés à accueillir des activités pouvant porter atteinte à la salubrité et à la sécurité, ou apporter une gêne matérielle, sonore, olfactive ou visuelle, ou qui engendrent des risques ou nuisances incompatibles avec le caractère de la zone (bruits, trépidations, odeurs…)","UA 15 : Obligations en matière de performances énergétiques et environnementales Néant. UA 16 : Obligations en matière de réseaux de communication électroniques Néant. 12 Les établissements et installations de toutes natures destinés à accueillir des activités pouvant porter atteinte à la salubrité et à la sécurité, ou apporter une gêne matérielle, sonore, olfactive ou visuelle, ou qui engendrent des risques ou nuisances incompatibles avec le caractère de la zone (bruits, trépidations, odeurs…) qui engendrent des risques ou nuisances incompatibles avec le caractère de la zone (bruits, trépidations, odeurs…), ou qui, par leur taille ou leur organisation sont incompatibles avec la structure architecturale ou urbaine de la zone ; 1.2. L'agrandissement des établissements existants s'il en résu…","Le règlement de la zone UB interdit les établissements et installations pouvant générer une gêne sonore ou des nuisances incompatibles avec le caractère de la zone. C'est une règle autonome d'urbanisme (interdiction d'occupations du sol bruyantes), sans lien avec le classement sonore des voies ou le PEB, applicable uniquement à la zone UB.",https://www.geoportail-urbanisme.gouv.fr/api/document/a140daa327d42ef2ed7d0d1a0d4d14d7/files/67401_reglement_20251222.pdf,page 13,autre
312,a3b81f92d7de7491d24efd66e6384ba9,1_67168_orientations_amenagement_20250113.pdf,"Pour limiter l'exposition au bruit du trafic routier dans les quartiers résidentiels le long de la voie, il est recommandé d'agir sur le dispositif urbain, par exemple avec :
- un espace tampon,
- des constructions à usage d'activité formant écran,
- des plantations.
Pensez à intégrer ces éléments dès la conception de votre projet, pour le confort des futurs résidents.",False,,,"Limiter l'exposition au bruit généré par le trafic routier pour les quartiers résidentiels par le dispositif urbain adopté le long de la I voie (espace tampon, constructions à usage d'activité formant écran, plantations….)","…eposant sur les conditions d'aménagement suivantes :  Constituer un front urbain pouvant tirer avantage de son exposition à la voie ;  Exprimer une volumétrie claire dans l'implantation, la hauteur et I le caractère des constructions ;  Réserver une zone verte le long de la RD 1420 affectée à des Limiter l'exposition au bruit généré par le trafic routier pour les quartiers résidentiels par le dispositif urbain adopté le long de la I voie (espace tampon, constructions à usage d'activité formant écran, plantations….) cohérente au tissu urbain existant, en prolongeant la voirie et les infrastructures en place. Dans ces conditions, en exploitant de façon rationnelle un ensemble de terrains, occupant un espace interstitiel au sein de l'enveloppe urbaine, ce projet urbain s'inscrit dans le droit fil des objectifs du…","Le passage prescrit de limiter l'exposition au bruit du trafic routier pour les quartiers résidentiels par un dispositif urbain (espace tampon, constructions écran, plantations) le long de la voie RD 1420. Il s'agit d'une règle autonome d'aménagement urbain visant à protéger les futurs bâtiments résidentiels du bruit routier, distincte du classement sonore, et propre à ce secteur d'OAP.",https://www.geoportail-urbanisme.gouv.fr/api/document/a3b81f92d7de7491d24efd66e6384ba9/files/67168_orientations_amenagement_20250113.pdf,page 7,lutte_bruit_existant
353,ad6748bd26d5270fed09bf7e8c200b8d,1_67275_reglement_20191211.pdf,"Dans la zone UA, la création, l'extension ou la transformation d'un établissement est interdite si elle entraîne une augmentation significative des nuisances pour le voisinage, notamment sonores ou olfactives. Cette interdiction s'applique que l'établissement comporte ou non des installations classées. Elle vise aussi les situations créant des risques accrus pour la salubrité et la sécurité publiques. Vérifiez l'impact sonore de votre projet dès sa conception pour préserver le voisinage.",False,,,"La création, l’extension ou la transformation d’établissements de toute nature - qu’ils comportent ou non des installations classées - s’il en résulte une augmentation significative des nuisances (notamment sonores et olfactives) pour le voisinage, ainsi que des risques accrus pour la salubrité et la sécurité publiques.","…ène. L’objectif d’aménagement est de préserver et de valoriser cette typicité de la zone UA. SECTION 1 - NATURE DE L’OCCUPATION ET DE L’UTILISATION DU SOL UA 1 : Occupations et utilisations du sol interdites 1.1. Les installations classées nouvelles, qu’elles soient soumises ou non à autorisation ou La création, l’extension ou la transformation d’établissements de toute nature - qu’ils comportent ou non des installations classées - s’il en résulte une augmentation significative des nuisances (notamment sonores et olfactives) pour le voisinage, ainsi que des risques accrus pour la salubrité et la sécurité publiques. • le stationnement de caravanes isolées ; • les garages collectifs de caravanes ; • les terrains de camping et de caravanage ; • les terrains d’accueil d’habitations légères de loisirs ; • les dépôts de ferrailles, de déchets, de gravats et de véhicules hors d’usage ; • les dépôts de véhicules susce…","Le règlement de la zone UA interdit les créations, extensions ou transformations d'établissements entraînant une augmentation significative des nuisances sonores pour le voisinage, ce qui constitue une règle autonome de limitation du bruit lié aux activités, distincte du classement sonore des voies ou du PEB.",https://www.geoportail-urbanisme.gouv.fr/api/document/ad6748bd26d5270fed09bf7e8c200b8d/files/67275_reglement_20191211.pdf,page 6,lutte_bruit_existant
224,ad6748bd26d5270fed09bf7e8c200b8d,2_67275_reglement_20191211.pdf,"La transformation ou l'extension de constructions agricoles est autorisée, à deux conditions :
- ne pas accroître les nuisances sonores et olfactives,
- respecter les dispositions applicables à ce type d'activités.
Vérifiez ces points en amont de votre projet.",False,,,"La transformation et l’extension des constructions agricoles sont autorisées à condition de ne pas accroître les nuisances olfactives et sonores, et sous réserve des dispositions applicables à ce type d’activités.","…pations et utilisations du sol soumises à des conditions particulières 2.1. Pour des motifs d’ordre esthétique ou sanitaire, l’autorisation de construire pourra être subordonnée à la démolition de tout ou partie de bâtiments existant sur le terrain où l’implantation de la construction est envisagée. La transformation et l’extension des constructions agricoles sont autorisées à condition de ne pas accroître les nuisances olfactives et sonores, et sous réserve des dispositions applicables à ce type d’activités. PLU de Lupstein Modification simplifiée n°1 5","Le passage impose une condition liée au bruit pour la transformation/extension des constructions agricoles : ne pas accroître les nuisances sonores (et olfactives), ainsi qu'une condition de compatibilité sonore lors d'un changement de destination vis-à-vis du voisinage des zones d'habitation. Il s'agit d'une règle autonome d'urbanisme concernant des bâtiments, distincte du classement sonore ou du PEB, applicable à l'ensemble de la zone du règlement (pas de secteur spécifique mentionné).",https://www.geoportail-urbanisme.gouv.fr/api/document/ad6748bd26d5270fed09bf7e8c200b8d/files/67275_reglement_20191211.pdf,page 6,lutte_bruit_existant
329,af81b900318ba97d31ca21fae4b03e6c,1_67505_reglement_20200731.pdf,"En zone UA, sont interdites les activités, constructions et installations susceptibles d'entraîner des nuisances incompatibles avec le voisinage : sonores, olfactives, polluantes. Sont également interdites celles pouvant porter atteinte à la salubrité ou à la sécurité publique. Vérifiez la compatibilité de votre projet avec cette règle dès sa conception.",False,,,"Les activités, constructions et installations de nature à entraîner des nuisances incompatibles avec le voisinage (nuisances sonores, olfactives, polluantes…) ou une atteinte à la salubrité et à la sécurité publique.","…ns publiques et assimilés Etablissements d’enseignement, de santé et d’action sociale Salles d’art et de spectacles Equipements sportifs Autres équipements recevant du public Légende : Int La sous-destination est interdite. La sous-destination est soumise à condition(s). Les numéros figurant dans la Les activités, constructions et installations de nature à entraîner des nuisances incompatibles avec le voisinage (nuisances sonores, olfactives, polluantes…) ou une atteinte à la salubrité et à la sécurité publique. résulte une augmentation de nuisances pour le milieu environnant ou une atteinte à la salubrité et à la sécurité publique. 1.4 Les nouvelles occupations et utilisations du sol suivantes : - les parcs d'attraction ouverts au public, - le stationnement de caravanes isolées, - les terrains de camping e…","Le règlement de la zone UA interdit les activités, constructions et installations de nature à entraîner des nuisances sonores incompatibles avec le voisinage, ainsi que l'agrandissement d'établissements augmentant ces nuisances. Il s'agit d'une règle autonome de limitation du bruit à la source pour les projets de construction, applicable spécifiquement dans la zone UA.",https://www.geoportail-urbanisme.gouv.fr/api/document/af81b900318ba97d31ca21fae4b03e6c/files/67505_reglement_20200731.pdf,Article UA,lutte_bruit_existant
330,af81b900318ba97d31ca21fae4b03e6c,1_67505_reglement_20200731.pdf__2,"Dans cette zone, sont interdites les activités, constructions et installations susceptibles d'entraîner des nuisances incompatibles avec le voisinage : nuisances sonores, olfactives, polluantes. Sont également interdites celles portant atteinte à la salubrité ou à la sécurité publique. Vérifiez la compatibilité de votre projet avec cette règle avant tout dépôt de permis.",False,,,"Les activités, constructions et installations de nature à entraîner des nuisances incompatibles avec le voisinage (nuisances sonores, olfactives, polluantes…) ou une atteinte à la salubrité et à la sécurité publique.","…ns publiques et assimilés Etablissements d’enseignement, de santé et d’action sociale Salles d’art et de spectacles Equipements sportifs Autres équipements recevant du public Légende : Int La sous-destination est interdite. La sous-destination est soumise à condition(s). Les numéros figurant dans la Les activités, constructions et installations de nature à entraîner des nuisances incompatibles avec le voisinage (nuisances sonores, olfactives, polluantes…) ou une atteinte à la salubrité et à la sécurité publique. résulte une augmentation de nuisances pour le milieu environnant ou une atteinte à la salubrité et à la sécurité publique. 1.4 Les nouvelles occupations et utilisations du sol suivantes : - les parcs d'attraction ouverts au public, - le stationnement de caravanes isolées, - les terrains de camping e…","Le règlement de la zone UA interdit les activités, constructions et installations de nature à entraîner des nuisances sonores incompatibles avec le voisinage, ainsi que l'agrandissement d'établissements augmentant ces nuisances. Il s'agit d'une règle autonome de limitation du bruit à la source pour les projets de construction, applicable spécifiquement dans la zone UA.",https://www.geoportail-urbanisme.gouv.fr/api/document/af81b900318ba97d31ca21fae4b03e6c/files/67505_reglement_20200731.pdf,Article UA,lutte_bruit_existant
380,b41a7e70e8fbeb0240065dde230a8ce6,1_67445_reglement_20230228.pdf,"Les constructions à usage d'artisanat, de commerce, de bureau ou de service sont admises à condition que les activités exercées ne créent pas de nuisances incompatibles avec le caractère résidentiel de la zone. Le bruit fait partie des nuisances visées, au même titre que les fumées, odeurs ou poussières. Vérifiez que l'activité prévue respecte cette condition avant tout dépôt de projet.",False,,," sol admises dans la zone, à condition que soient mises en œuvre toutes les dispositions utiles pour les rendre compatibles avec le milieu environnant et qu’elles satisfassent à la réglementation en vigueur les concernant, Les constructions à usage d’artisanat, de commerce, de bureau ou de service à condition  que les activités exercées ne créent pas de nuisances (bruit, fumées, odeur, poussière, etc.)","…u règlement du sinistre, L’aménagement, la transformation ou l’extension des établissements industriels ou agricoles  existants à condition qu’il n’en résulte pas une aggravation des dangers ou des nuisances, Les installations classées ou non nouvelles nécessaires aux occupations et utilisations du  sol admises dans la zone, à condition que soient mises en œuvre toutes les dispositions utiles pour les rendre compatibles avec le milieu environnant et qu’elles satisfassent à la réglementation en vigueur les concernant, Les constructions à usage d’artisanat, de commerce, de bureau ou de service à condition  que les activités exercées ne créent pas de nuisances (bruit, fumées, odeur, poussière, etc.) ou de dangers incompatibles avec le caractère résidentiel de la zone, Les affouillements et exhaussements du sol, quelles que soient leurs dimensions, à  condition qu’ils soient liés aux occupations et utilisations du sol admises dans la zone. Dans les secteurs concernés par des risques technologiq…","Le passage conditionne l'admission des constructions à usage d'artisanat, commerce, bureau ou service à l'absence de nuisances (dont le bruit) incompatibles avec le caractère résidentiel de la zone. C'est une règle autonome liée au bruit, applicable à une zone réglementaire spécifique (probablement une zone à dominante résidentielle) non précisée par son nom dans l'extrait disponible.",https://www.geoportail-urbanisme.gouv.fr/api/document/b41a7e70e8fbeb0240065dde230a8ce6/files/67445_reglement_20230228.pdf,Article 2UC,lutte_bruit_existant
263,b41a7e70e8fbeb0240065dde230a8ce6,2_67445_padd_20230228.pdf,"Cette commune est traversée par l'A35 et la voie ferrée Strasbourg–Bâle, sources de nuisances sonores. Il est recommandé d'encadrer l'urbanisation autour des activités et infrastructures génératrices de nuisances, et de prévoir des zones tampons entre secteurs d'habitat et secteurs d'activité, y compris agricole et viticole. Anticipez ces orientations dans vos choix d'implantation, pour le confort des futurs résidents.",False,,,"générant des nuisances sonores. La commune souhaite intégrer ces contraintes dans son choix de développement et dans les réflexions d’aménagement. C’est pourquoi elle entend : Orientation  Encadrer l’urbanisation autour des activités ou infrastructures génératrices de nuisances.  Prévoir des zones tampons entre les secteurs d’habitat, d’activité, y compris agricole et viticole. Révision PLU de Scherwiller – PADD","…es et olfactives : La commune de Scherwiller se caractérise par des activités en développement. Le risque lié au transport de matières dangereuses est présent sur la commune du fait notamment des deux infrastructures qui traversent son ban communal (A35, et voie ferrée de la ligne Strasbourg – Bâle) générant des nuisances sonores. La commune souhaite intégrer ces contraintes dans son choix de développement et dans les réflexions d’aménagement. C’est pourquoi elle entend : Orientation  Encadrer l’urbanisation autour des activités ou infrastructures génératrices de nuisances.  Prévoir des zones tampons entre les secteurs d’habitat, d’activité, y compris agricole et viticole. Révision PLU de Scherwiller – PADD Approbation – octobre 2013 5","Le PADD énonce une orientation générale d'encadrement de l'urbanisation autour des activités/infrastructures génératrices de nuisances sonores, avec prévision de zones tampons entre secteurs d'habitat et d'activité. Cette règle concerne directement l'aménagement urbain et la localisation des bâtiments par rapport aux nuisances, donc relève du périmètre diagBruit. Il ne s'agit pas d'un simple renvoi au classement sonore ou au PEB, mais d'une orientation propre au document. La portée n'étant pas limitée à une zone précise, elle est considérée comme applicable à l'ensemble de la commune.",https://www.geoportail-urbanisme.gouv.fr/api/document/b41a7e70e8fbeb0240065dde230a8ce6/files/67445_padd_20230228.pdf,page 7,autre
414,b5ae1da72ed7f5ecf4aa179df33e1076,1_200041325_orientations_amenagement_20250929.pdf,"Le long de la voie ferrée bordant le secteur, un écran sonore doit être réalisé. Son rôle de corridor de biodiversité doit être maintenu. Cette double exigence protège à la fois le confort acoustique des futurs occupants et la continuité écologique du site.",False,,,Un écran sonore doit être réalisée le long de cette voie ferrée et son rôle de corridor de biodiversité doit être maintenu.,"…est inférieur à la surface minimale précédemment exigée, celui-ci peut néanmoins être urbanisé à condition de couvrir l’intégralité des terrains restants. 3. Intégration environnementale et paysagère Le Corridor Ecologique Régional longe la limite ouest du secteur. Cette limite correspond aussi à la Un écran sonore doit être réalisée le long de cette voie ferrée et son rôle de corridor de biodiversité doit être maintenu. le long de cette voie ferrée et son rôle de corridor de biodiversité doit être maintenu. Au sud, le secteur est contigu à une zone UX. Un écran végétal marquant la transition avec ce secteur à vocation économique doit être réalisé. Ces espaces de transitions en limites nord, ouest et sud du secteur…","La règle prescrit la réalisation d'un écran sonore le long de la voie ferrée Strasbourg-Lauterbourg qui longe le secteur au nord, ce qui constitue une mesure de lutte contre le bruit existant liée à l'aménagement du secteur (protection des futurs bâtiments/aménagements urbains, pas seulement de l'infrastructure elle-même). La règle s'applique spécifiquement au secteur décrit dans cette OAP, dont le contour n'est pas administrativement générique.",https://www.geoportail-urbanisme.gouv.fr/api/document/b5ae1da72ed7f5ecf4aa179df33e1076/files/200041325_orientations_amenagement_20250929.pdf,page 107,lutte_bruit_existant
288,b5ae1da72ed7f5ecf4aa179df33e1076,1_200041325_reglement_20250929.pdf,"Les climatiseurs et pompes à chaleur doivent être implantés à une distance suffisante de la limite séparative de propriété. Cette distance doit permettre d'éviter toute nuisance pour le voisinage, à la fois :
- au niveau sonore, en respectant les normes d'émissions sonores en vigueur,
- et au niveau du souffle d'air.
Anticipez l'implantation de ces équipements dès la conception de votre projet, pour le confort de vos futurs voisins.",False,,,Les climatiseurs et pompes à chaleur doivent être implantés à une distance suffisante de la limite séparative de manière à ne créer aucune nuisance à la propriété voisine tant au niveau sonore (respect des normes d’émissions sonores en vigueur) que du souffle.,"…es, etc.) doit être intégrée dans le volume de la construction ou dans la clôture en s’implantant selon une logique de dissimulation qui tienne compte des modénatures et des matériaux constitutifs. Ces installations techniques peuvent également s’implanter au sol (par exemple les paraboles) si cette Les climatiseurs et pompes à chaleur doivent être implantés à une distance suffisante de la limite séparative de manière à ne créer aucune nuisance à la propriété voisine tant au niveau sonore (respect des normes d’émissions sonores en vigueur) que du souffle. Article C.2 : Caractéristiques architecturales des façades et toitures des constructions neuves, rénovées ou réhabilitées 1. Dispositions générales Se reporter aux dispositions applicables dans les différentes zones 2. Dispositions particulières Les équipements d’intérêt collectif, les services publ…","Le passage impose une règle propre au document d'urbanisme concernant l'implantation des équipements techniques (climatiseurs, pompes à chaleur) afin de limiter les nuisances sonores pour le voisinage. Cette règle concerne directement les constructions et leur impact sur les propriétés voisines, ce qui relève bien du périmètre diagBruit. Aucune zone spécifique n'est mentionnée, la règle semble s'appliquer de façon générale dans le document.",https://www.geoportail-urbanisme.gouv.fr/api/document/b5ae1da72ed7f5ecf4aa179df33e1076/files/200041325_reglement_20250929.pdf,Article 3,autre
210,b69e260ffc76830aef751103cbfd0f82,2_67239_padd_20260128.pdf,Cette parcelle se situe à proximité d'axes routiers identifiés comme sources de nuisances sonores. Il est recommandé de limiter l'exposition des futurs résidents à ces nuisances en encadrant la constructibilité aux abords de ces sites. Anticipez cet enjeu dès la conception de votre projet.,False,,,"éviter l’exposition des personnes à ces nuisances, en encadrant notamment la constructibilité à proximité de ces sites","La commune envisage de prévenir et de limiter de nouveaux risques en proposant de : • éviter l’exposition des personnes à ces nuisances, en encadrant notamment la constructibilité à proximité de ces sites ; PADD – PLU de KINTZHEIM – Approbation 17 éviter l’exposition des personnes à ces nuisances, en encadrant notamment la constructibilité à proximité de ces sites la RN 59, existent sur la commune. Ces deux axes sont également les vecteurs de nuisances sonores, de dispersions de polluants aux particules. Sur Châtenois, mais à proximité du site du Danielsrain, un centre d’enfouissement des déchets génère des nuisances olfactives significatives. La prise en com…","Le PADD fixe un objectif général de maîtrise des expositions sonores liées au trafic routier (A35, RN59) et d'encadrement de la constructibilité à proximité de ces sites générateurs de nuisances. Il s'agit d'une orientation de portée communale générale, non liée à un classement sonore ou PEB existant, mais formulée de façon programmatique et peu précise (pas de prescription opérationnelle claire), d'où une confiance limitée.",https://www.geoportail-urbanisme.gouv.fr/api/document/b69e260ffc76830aef751103cbfd0f82/files/67239_padd_20260128.pdf,page 20,lutte_bruit_existant
211,b69e260ffc76830aef751103cbfd0f82,3_67239_padd_20260128.pdf,"Votre parcelle se situe à proximité d'axes routiers générateurs de nuisances sonores. Pour en tenir compte, il est recommandé de :
- limiter les expositions dans les zones de nuisances recensées,
- encadrer l'urbanisation à distance de ces zones,
- mettre en place des dispositifs réduisant ces nuisances (zones tampons, filtres végétalisés…).
Intégrez ces orientations dès la conception de votre projet, pour le confort des futurs résidents.",False,,,"la RN 59, existent sur la commune. Ces deux axes sont également les vecteurs de nuisances sonores, de dispersions de polluants aux particules. Sur Châtenois, mais à proximité du site du Danielsrain, un centre d’enfouissement des déchets génère des nuisances olfactives significatives. La prise en compte de ces nuisances amène la commune à proposer de : • limiter les expositions dans les zones de nuisances recensées ;","…ion des biens et de la santé Objectif 6 : Gérer les risques et limiter les nuisances 6.2 : Maîtriser les expositions sonores, olfactives, les expositions aux polluants et limiter les risques technologiques Les risques liés aux transports de matières dangereuses, du fait de la présence de l’A35 et de la RN 59, existent sur la commune. Ces deux axes sont également les vecteurs de nuisances sonores, de dispersions de polluants aux particules. Sur Châtenois, mais à proximité du site du Danielsrain, un centre d’enfouissement des déchets génère des nuisances olfactives significatives. La prise en compte de ces nuisances amène la commune à proposer de : • limiter les expositions dans les zones de nuisances recensées ; • encadrer l’urbanisation à distance de ces zones ; • mettre en place des dispositifs opérant des réductions de ces nuisances (zones tampons, filtres par la végétation, …) PADD – PLU de KINTZHEIM – Approbation 18","Le PADD, orientation d'urbanisme générale, exprime la volonté de limiter les expositions dans les zones de nuisances sonores recensées (liées aux axes A35/RN59) et d'encadrer l'urbanisation à distance de ces zones. Il s'agit d'une orientation d'aménagement concernant l'urbanisation à proximité d'infrastructures bruyantes, donc dans le périmètre diagBruit, sans lien avec le classement sonore réglementaire (simple renvoi). La règle s'applique à l'échelle communale, sans zone réglementaire précise délimitée.",https://www.geoportail-urbanisme.gouv.fr/api/document/b69e260ffc76830aef751103cbfd0f82/files/67239_padd_20260128.pdf,page 20,lutte_bruit_existant
396,b6db06b412549843d8e3b6c51b772e51,1_67554_reglement_20260427.pdf,"En zone UA, les constructions et installations à proximité d'habitations doivent être compatibles avec le caractère résidentiel du secteur. Elles ne doivent pas engendrer de risques ou nuisances incompatibles avec ce caractère, notamment :
- bruits,
- trépidations,
- odeurs nauséabondes.
Vérifiez la compatibilité de votre projet avec son environnement résidentiel avant tout dépôt.",False,,,"sous réserve qu'elles soient compatibles avec la proximité d abitations, c'est-à-dire quelles nengendrent pas de risques et de nuisances incompatibles avec le caractère de la zone (bruits, trépidations, odeurs nauséabonde","…isirs ; - les étangs, les carrières ou décharges ; - les déchets tels que gravats, carcasses de véhicules, ferraille ; - les terrains de camping aménagés ; - les terrains de caravaning ; - les parcs d'attractions permanents ; - les garages collectifs de caravanes ; - le stationnement de caravanes. - sous réserve qu'elles soient compatibles avec la proximité d abitations, c'est-à-dire quelles nengendrent pas de risques et de nuisances incompatibles avec le caractère de la zone (bruits, trépidations, odeurs nauséabonde PlanLocald'UrbanismedeWOLXHEIM Règlement_UA","Le règlement de la zone UA autorise les constructions industrielles, artisanales, commerciales et de bureaux sous réserve de compatibilité avec la proximité d'habitations, en excluant notamment les nuisances sonores (bruits, trépidations) incompatibles avec le caractère résidentiel de la zone. C'est une règle autonome propre au document d'urbanisme, applicable uniquement à la zone UA, distincte du classement sonore des voies.",https://www.geoportail-urbanisme.gouv.fr/api/document/b6db06b412549843d8e3b6c51b772e51/files/67554_reglement_20260427.pdf,Article 2,lutte_bruit_existant
397,b6db06b412549843d8e3b6c51b772e51,2_67554_reglement_20260427.pdf,"En zone UB, les constructions agricoles, viticoles et autres activités susceptibles de générer des nuisances doivent rester compatibles avec la proximité des habitations. Elles ne doivent engendrer aucun risque ni nuisance incompatible avec le caractère de la zone, notamment en matière de bruit, trépidations ou odeurs. Vérifiez la compatibilité de votre projet avec le voisinage résidentiel dès sa conception.",False,,,"sous réserve qu'elles soient compatibles avec la proximité dhabitations, c'est-à-dire quelles nengendrent pas de risques et de nuisances incompatibles avec le caractère de la zone (bruits, trépidations, odeurs nauséabonde","…agricole et viticole, à condition quelles soient liées et nécessaires à une exploitation agricole existante dans la zone, et quelle soit située sur le terrain de cette exploitation, ainsi que aménagement et lextension des constructions à usage agricole (sous-entendu comprenant viticole) existantes ; sous réserve qu'elles soient compatibles avec la proximité dhabitations, c'est-à-dire quelles nengendrent pas de risques et de nuisances incompatibles avec le caractère de la zone (bruits, trépidations, odeurs nauséabonde la zone, à condition quelles soient compatibles avec le voisinage d abitation ; - les affouillements et exhaussements du sol à condition dêtre liés à la réalisation dune occupation ou utilisation du sol autorisée dans la zone ou dans le cas de fouilles archéologiques. Dans le sous-secteur UBi : Les…","Le passage conditionne l'admission des constructions industrielles, artisanales, commerciales, agricoles, de services et de bureaux, ainsi que des installations classées, à leur compatibilité avec la proximité d'habitations, en visant explicitement l'absence de nuisances incompatibles telles que le bruit. Il s'agit d'une règle autonome d'urbanisme (compatibilité d'usage) liée au bruit, propre à la zone UB (et son sous-secteur UBi), distincte du classement sonore des infrastructures.",https://www.geoportail-urbanisme.gouv.fr/api/document/b6db06b412549843d8e3b6c51b772e51/files/67554_reglement_20260427.pdf,Article 2,autre
316,c9722795c3e231844b4aae1adcb3327d,1_67205_orientations_amenagement_18_00_20250623.pdf,"En raison des nuisances sonores du trafic routier et autoroutier, les constructions sont interdites :
- sur 100 mètres de part et d'autre de l'axe de l'autoroute A35,
- sur 75 mètres de part et d'autre de l'axe de la RD37, route à grande circulation.
Ces marges d'isolement doivent être respectées, pour des raisons de nuisances sonores, de sécurité et de qualité architecturale, urbaine et paysagère. Vérifiez la position de votre parcelle par rapport à ces axes avant tout projet de construction.",False,,,"les constructions sont interdites sur une bande de 100 mètres de part et d'autre de l'axe de l'autoroute A35 et de 75 mètres de part et d'autre de l'axe de la RD37, route classée à grande circulation. Ces marges d'isolement doivent être respectées en raison des nuisances sonores et pour des raisons de sécurité et de qualité architecturale, urbaine et paysagère.","…e cas de toits plats, une végétal isation est souhaitée. Les couleurs variant dans le gris (bardage métallique) ou dans les couleurs terre (brique apparente) seront à privilégier. 5. Contraintes à respecter En raison des nuisances générées par le trafic routier et autoroutier, les constructions sont les constructions sont interdites sur une bande de 100 mètres de part et d'autre de l'axe de l'autoroute A35 et de 75 mètres de part et d'autre de l'axe de la RD37, route classée à grande circulation. Ces marges d'isolement doivent être respectées en raison des nuisances sonores et pour des raisons de sécurité et de qualité architecturale, urbaine et paysagère. d'arbres et/ou d'arbustes d'essences locales. Un oléoduc passe dans l'angle Sud-Est du secteur générant des contraintes sous forme de distances d'implantation à respecter pour tout établissement. Ces retraits sont plus ou moins importants en fonction du type d'établissement (recevant du public ou no…","La règle interdit les constructions dans une bande de 100 m (A35) et 75 m (RD37) autour des axes routiers, explicitement en raison des nuisances sonores générées par ces infrastructures. Ceci concerne directement l'urbanisation à proximité (interdiction de construire), donc relève du périmètre diagBruit. Il ne s'agit pas d'un simple renvoi au classement sonore standard mais d'une règle spécifique d'inconstructibilité définie par ce document d'urbanisme, avec des distances propres qui vont au-delà d'un simple isolement acoustique. La portée est géométriquement limitée aux bandes autour de ces deux axes, donc zone_specifique.",https://www.geoportail-urbanisme.gouv.fr/api/document/c9722795c3e231844b4aae1adcb3327d/files/67205_orientations_amenagement_18_00_20250623.pdf,page 17,lutte_bruit_existant
317,c9722795c3e231844b4aae1adcb3327d,2_67205_orientations_amenagement_18_00_20250623.pdf,"Votre parcelle est concernée par la zone 1AUx3, à proximité directe des voies A35, RD37 et M301. Il est recommandé de concevoir et organiser les constructions de manière à limiter autant que possible les nuisances sonores des parties tertiaires, compte tenu de l'importance de la circulation routière. Anticipez ce critère dès la conception architecturale de votre projet.",False,,,"Les constructions situées à proximité directe des voies A35, RD37 et M301 devront, dans leur conception et leur organisation, s’ériger de manière à minimiser autant que possible les nuisances sonores des parties tertiaires, le cas échéant, compte-tenu de l’importance de la circulation routière.","…être traité comme volume résiduel (appentis). Chacun devra être considéré comme partie intégrante de l’ensemble.  Les façades arrières des constructions positionnées le long des voies (A35, RD37, M301 et future voie communautaire) feront l’objet d’un traitement fin visant à offrir une architecture Les constructions situées à proximité directe des voies A35, RD37 et M301 devront, dans leur conception et leur organisation, s’ériger de manière à minimiser autant que possible les nuisances sonores des parties tertiaires, le cas échéant, compte-tenu de l’importance de la circulation routière. dissimulé des vues depuis les voies de circulation et les alentours.  Tout dépôt ou stockage à l’air libre visible depuis les RD existantes en périphérie de la zone d’activités devra être masqué par un rideau végétal ou un bardage qualitatif.  Les aires de stockage à l’air libre devront veiller à…","Le passage impose une exigence de conception architecturale pour les constructions situées à proximité des voies A35, RD37 et M301, afin de minimiser les nuisances sonores des parties tertiaires. Il ne s'agit pas d'un simple renvoi au classement sonore mais d'une exigence de conception propre au document d'urbanisme, concernant directement les bâtiments (et non l'infrastructure elle-même). La portée est limitée aux constructions situées à proximité directe de ces voies, ce qui constitue une zone géographique spécifique à tracer manuellement (bande le long de ces axes).",https://www.geoportail-urbanisme.gouv.fr/api/document/c9722795c3e231844b4aae1adcb3327d/files/67205_orientations_amenagement_18_00_20250623.pdf,page 29,autre
236,ca84fda748e905528fde6670420367c7,1_67327_reglement_20231212.pdf,"La création, l'extension ou la transformation d'un établissement (avec ou sans installation classée) est interdite si elle entraîne une augmentation significative des nuisances pour le voisinage, notamment sonores et olfactives. Cette interdiction s'applique aussi si le projet accroît les risques pour la salubrité et la sécurité publique. Vérifiez l'impact de votre projet sur ces critères avant tout dépôt de demande.",False,,,"transformation d'établissements de
toute nature - qu'ils comportent ou
non des installations classées - s'il
en résulte une augmentation
significative des nuisances
{notamment sonores et olfactives)
pour le voisinage, ainsi que des
risques accrus pour la salubrité et la
sécurité publique.","+ La création, l’extension ou la transformation d'établissements de
toute nature - qu'ils comportent ou
non des installations classées - s'il
en résulte une augmentation
significative des nuisances
{notamment sonores et olfactives)
pour le voisinage, ainsi que des
risques accrus pour la salubrité et la
sécurité publique. NIERDERLAUTERBACH","Le passage établit une règle limitant la création, l'extension ou la transformation d'établissements générant une augmentation significative des nuisances sonores (et autres) pour le voisinage. Cette règle est autonome par rapport au classement sonore des voies ou au PEB, et concerne bien les bâtiments/établissements et leur impact sur le voisinage, ce qui relève du périmètre diagBruit. Aucune limite géographique spécifique n'étant précisée, la règle s'applique à l'ensemble du document.",https://www.geoportail-urbanisme.gouv.fr/api/document/ca84fda748e905528fde6670420367c7/files/67327_reglement_20231212.pdf,page 13,lutte_bruit_existant
237,ca84fda748e905528fde6670420367c7,3_67327_reglement_20231212.pdf,"Traitez les équipements techniques extérieurs de votre bâtiment (climatisation, pompes à chaleur, centrales de traitement d'air) pour limiter l'émergence acoustique qu'ils génèrent. Cette obligation s'applique à votre projet, quelle que soit sa localisation. En limitant ces nuisances, vous préservez le confort sonore des futurs résidents et du voisinage.",False,,,"Les éléments techniques extérieurs liés au bâtiment (centrales de traitement d'air, unités extérieures de pompes à chaleur, unités de climatisation) devront être traités de manière à limiter l'émergence acoustique.","…roduire de l'énergie
renouvelable dans es constructions, tels que panneaux solaires, éoliennes,
toitures végétalisées, rehaussement de couveriure pour isolation thermique, sont
autorisés en saillies des 1oïtures à condition que leur volumétrie s’insère
harmonieusement dans le cadre bâti environnant. Les éléments techniques extérieurs liés au bâtiment (centrales de traitement d'air, unités extérieures de pompes à chaleur, unités de climatisation) devront être traités de manière à limiter l'émergence acoustique. + Les éléments techniques extérieurs liés au bâtiment (centrales de traitement d'air,
unités extérieures de pompes à chaleur, unités de climatisation) devront être traités
de manière à limiter l'émergence acoustique.","Le passage prescrit un traitement des équipements techniques extérieurs des bâtiments (climatisation, pompes à chaleur, centrales de traitement d'air) afin de limiter les émergences acoustiques qu'ils génèrent. Il s'agit d'une règle autonome liée au bruit et directement rattachée aux constructions, donc dans le périmètre diagBruit. Aucune limite géographique spécifique n'est mentionnée, la règle s'applique donc à l'ensemble du document.",https://www.geoportail-urbanisme.gouv.fr/api/document/ca84fda748e905528fde6670420367c7/files/67327_reglement_20231212.pdf,page 27,autre
307,cdb6d75af2a5bb92b64433525049065f,1_67080_reglement_20260408.pdf,"En zone UA, les activités doivent respecter une condition stricte : ne pas générer de nuisances supplémentaires (bruit, trafic, poussières, odeurs) ni de risques supplémentaires. Cette obligation s'applique aussi aux nuisances temporaires liées aux chantiers et au stockage de bois de chauffage. Vérifiez que votre projet d'activité respecte cette condition pour être admis dans le secteur.",False,,,"de ne pas générer de nuisances (bruit, trafic, poussières, odeurs...) ou de risques supplémentaires","…tres activités des secteurs secondaire ou tertiaire - Industrie X A condition que ce soit compatible avec le voisinage d’habitation. - Entrepôt X La surface de plancher est limitée à 100m². - Bureau - Centre de congrès et d’exposition X Activités interdites ou soumises à des conditions particulières de ne pas générer de nuisances (bruit, trafic, poussières, odeurs...) ou de risques supplémentaires temporaires liés à des chantiers et des stockages de bois de chauffage. 1.1.5. Les carrières sont interdites. Usages et affectations des sols soumis à des conditions particulières 1.1.6. En secteur UA2, les châssis et les serres sont admis à condition que l’emprise au sol n’excède pas 40m² par unité…","Le règlement conditionne l'admission des activités à la non-génération de nuisances, dont le bruit, dans les secteurs UA1/UA2. C'est une règle autonome de limitation du bruit à la source des activités admises, distincte du classement sonore des infrastructures de transport.",https://www.geoportail-urbanisme.gouv.fr/api/document/cdb6d75af2a5bb92b64433525049065f/files/67080_reglement_20260408.pdf,Article 1.1.-,lutte_bruit_existant
381,d0dd2ff09a9715dabbc034b0b9e0c4f7,1_67448_reglement_20250324.pdf,"Dans la zone UX, les installations classées sont admises uniquement si elles ne génèrent pas de nuisances incompatibles avec le fonctionnement des autres activités du secteur et le caractère résidentiel ou de loisirs des zones environnantes. Le bruit fait partie des nuisances explicitement visées, au même titre que les fumées, odeurs, poussières et trépidations. Vérifiez que votre projet respecte cette compatibilité avant tout dépôt de dossier.",False,,,"les installations classées à condition qu’il n’en résulte pas de dangers ou de nuisances (bruits, fumées, odeurs, poussières, trépidations...) incompatibles avec le bon fonctionnement des autres occupations et utilisations du sol admises dans la zone et avec la caractère des zones d’habitation et de loisirs environnantes","…lles soient limitées à 1 logement et à 100 m2 au maximum de SHON à usage d'habitat, par activité ;  qu’elles soient intégrées à la construction à usage d’activité, sous réserve que les contraintes de sécurité le permettent ; 3. les constructions à usage d'équipements collectifs, tels que restaurant les installations classées à condition qu’il n’en résulte pas de dangers ou de nuisances (bruits, fumées, odeurs, poussières, trépidations...) incompatibles avec le bon fonctionnement des autres occupations et utilisations du sol admises dans la zone et avec la caractère des zones d’habitation et de loisirs environnantes environnantes, 5. les réseaux publics et d'intérêt général et les constructions et installations nécessaires à l’exploitation de ces réseaux ; P.L.U. Modification simplifiée n°2 Approuvé mars 2025 60","Le passage conditionne l'admission des installations classées dans la zone à l'absence de nuisances (dont le bruit) incompatibles avec le fonctionnement des autres occupations et le caractère résidentiel/loisirs des zones environnantes. C'est une règle autonome d'urbanisme (limitation des nuisances sonores générées par les activités admises dans la zone vis-à-vis de l'habitat), distincte du classement sonore des infrastructures de transport. La portée est limitée à la zone réglementaire concernée par cet article, non précisée dans l'extrait mais correspondant à un zonage spécifique du PLU.",https://www.geoportail-urbanisme.gouv.fr/api/document/d0dd2ff09a9715dabbc034b0b9e0c4f7/files/67448_reglement_20250324.pdf,Article 2,lutte_bruit_existant
382,d0dd2ff09a9715dabbc034b0b9e0c4f7,2_67448_reglement_20250324.pdf,"Dans la zone IAU1, les installations classées sont autorisées à une condition : elles ne doivent générer aucun danger ni nuisance (bruit, fumée, odeur, poussière, trépidation) incompatible avec les autres usages admis dans la zone et avec le caractère résidentiel et de loisirs des secteurs environnants. Vérifiez la compatibilité sonore de votre projet dès la conception, pour préserver le cadre de vie des zones d'habitation voisines.",False,,,"les installations classées à condition qu’il n'en résulte pas de dangers ou de nuisances (bruits, fumées, odeurs, poussières, trépidations...) incompatibles avec le bon fonctionnement des autres occupations et utilisations du sol admises dans la zone et avec la caractère des zones d’habitation et de loisirs environnantes","…la zone ;  les affouillements et exhaussements de sol à condition qu’ils soient nécessaires aux occupations et utilisations du sol admises dans la zone ;  les aires de jeux et de sport, ainsi que le mobilier urbain ; 2. les installations classées à condition qu’il n'en résulte pas de dangers ou de les installations classées à condition qu’il n'en résulte pas de dangers ou de nuisances (bruits, fumées, odeurs, poussières, trépidations...) incompatibles avec le bon fonctionnement des autres occupations et utilisations du sol admises dans la zone et avec la caractère des zones d’habitation et de loisirs environnantes 2.2.2. Dans le secteur IAU1a 1. les constructions à usage artisanal, commercial et tertiaire à condition : que ces activités soient compatibles avec l'habitat voisin et qu’elles n'entraînent pas de nuisances pour le voisinage ; 2. les entrepôts commerciaux à condition qu'ils soient liés à un commerc…","Le passage conditionne l'admission des installations classées dans la zone à l'absence de nuisances (dont le bruit) incompatibles avec le caractère résidentiel et de loisirs environnant. C'est une règle autonome d'urbanisme (non liée au classement sonore ni au PEB) qui limite les usages du sol en fonction du bruit généré, applicable à une zone réglementaire spécifique du document.",https://www.geoportail-urbanisme.gouv.fr/api/document/d0dd2ff09a9715dabbc034b0b9e0c4f7/files/67448_reglement_20250324.pdf,Article 2,autre
383,d0dd2ff09a9715dabbc034b0b9e0c4f7,3_67448_reglement_20250324.pdf,"Dans la zone IAU2, les installations classées ne sont admises qu'à une condition : elles ne doivent pas générer de nuisances (bruit, odeurs, poussières, trépidations...) incompatibles avec le bon fonctionnement des autres activités de la zone et avec le caractère des zones d'habitation et de loisirs environnantes. Vérifiez dès la conception de votre projet que les nuisances sonores générées resteront compatibles avec ce voisinage.",False,,,"les installations classées à condition qu’il n’en résulte pas de dangers ou de nuisances (bruits, filmées, odeurs, poussières, trépidations...) incompatibles avec le bon fonctionnement des autres occupations et utilisations du sol admises dans la zone et avec la caractère des zones d’habitation et de loisirs environnantes","…ents de fonction et de gardiennage en complément aux occupations et utilisation du sol admises dans la zone ;  qu’elles soient limitées à 1 logement et à 100 m2 au maximum de SHON à usage d’habitat, par activité ;  et qu’elles soient intégrées à la construction à usage d’activité, sous réserve que les installations classées à condition qu’il n’en résulte pas de dangers ou de nuisances (bruits, filmées, odeurs, poussières, trépidations...) incompatibles avec le bon fonctionnement des autres occupations et utilisations du sol admises dans la zone et avec la caractère des zones d’habitation et de loisirs environnantes fonctionnement des autres occupations et utilisations du sol admises dans la zone et avec la caractère des zones d’habitation et de loisirs environnantes ; 5. l’aménagement et l'extension limitée des constructions et activités existantes à condition que cette extension ne dépasse pas au total 30% de…","Le passage conditionne l'admission des installations classées à l'absence de nuisances incompatibles, dont le bruit, avec le caractère des zones environnantes. Il s'agit d'une règle autonome liée au bruit dans une zone réglementaire spécifique (probablement une zone d'activités), distincte du classement sonore des voies ou du PEB.",https://www.geoportail-urbanisme.gouv.fr/api/document/d0dd2ff09a9715dabbc034b0b9e0c4f7/files/67448_reglement_20250324.pdf,Article 2,lutte_bruit_existant
273,d699ee12b61bc58eb849e550fac799eb,18_67523_reglement_20191205.pdf,"Dans le secteur Ur Ac - Acr, les éléments techniques extérieurs liés au bâtiment (centrales de traitement d'air, climatisation…) doivent respecter le seuil acoustique applicable. Anticipez leur implantation dès la conception de votre projet, pour limiter les nuisances sonores autour de votre bâtiment.",False,,,"deux pans. Cette disposition cependant ne s’applique pas projection verticale de ce point sur le terrain naturel. SECTEUR Ur Ac - Acr éléments d’accompagnement d’architecture, tels les SOUBASSEMENT ET • Le niveau supérieur de la dalle du rez-de-chaussée ne pourra être supérieur à 0,8 mètre EMERGENCES • Les éléments techniques extérieurs liés au bâtiment (centrales de traitement d’air, ➡ L’extension des cAoenstruchcietniso-asnsiss, leos uco yalaux ect lreé luacatrnieos.n d’annexes C t e e d c t h…","…n o t le p s r é p s r e iv n i t lé e g r i u e n ra c l a e r a b c o t i è s r e e t s l o e i u g r n s é a e b t o e rd n s tr , e a te in n s u i . que ceux des aires de CLIMATIQUE m ren et o t u a v n e t l e a n b l o e e s. uvre des systèmes énergétiques efficaces et utilisant les énergies deux pans. Cette disposition cependant ne s’applique pas projection verticale de ce point sur le terrain naturel. SECTEUR Ur Ac - Acr éléments d’accompagnement d’architecture, tels les SOUBASSEMENT ET • Le niveau supérieur de la dalle du rez-de-chaussée ne pourra être supérieur à 0,8 mètre EMERGENCES • Les éléments techniques extérieurs liés au bâtiment (centrales de traitement d’air, ➡ L’extension des cAoenstruchcietniso-asnsiss, leos uco yalaux ect lreé luacatrnieos.n d’annexes C t e e d c t h… respecter le CBS appli•cCaonbcelrena nst lues rv olluam eps aannrecxees ldl’eun em emapriisse anu seol son te t l s p qu a e s de s s a o nte u nn m es o is u d e e s s c heminées. CONSTRUCTIONS dessous illustre les présentes modalités : inférieure à 30m2, les toitures doivent comprendre un ou Les e…","Le passage, bien que très abîmé par l'extraction OCR, contient une prescription concernant les émergences acoustiques liées aux équipements techniques extérieurs (climatisation, traitement d'air) qui devront être traités pour respecter un seuil acoustique, dans le secteur Ur Ac/Acr. Cette règle concerne les équipements des bâtiments et non une infrastructure de transport, donc pas de motif de confiance faible pour cette raison ; en revanche le texte est fortement corrompu par le découpage OCR, ce qui limite la clarté de l'extrait.",https://www.geoportail-urbanisme.gouv.fr/api/document/d699ee12b61bc58eb849e550fac799eb/files/67523_reglement_20191205.pdf,Article au6,autre
387,d699ee12b61bc58eb849e550fac799eb,1_67523_padd_20191205.pdf,"Dans le secteur « Espace d'activité » (partie est), il est recommandé de privilégier des activités artisanales locales :
- générant peu de flux de déplacement,
- sans conséquence olfactive ou acoustique sur les quartiers d'habitation voisins.
Pensez à cette compatibilité avec le voisinage résidentiel dès la conception de votre projet.",False,,,résidentiel du voisinage. La partie est du site est dédiée en particulier au développement des activités artisanales locales faiblement génératrices de flux de déplacement et sans conséquence olfactive ou acoustique sur les quartiers d’habitation voisins. 14 Projet d’Aménagement et de Développement Durables Centralité complémentaire d’avenir Coeur de village VVeerrss GGrriieess Espace d’activité,"…n du site à la sortie est du village en direction de Coeur Gries. de village La partie ouest du site jouxtant le secteur VVeerrss GGrriieess résidentiel du village est réservée aux implantations mixtes pouvant comprendre un logement et Espace d’activité d’une compatibilité maximale avec le caractère résidentiel du voisinage. La partie est du site est dédiée en particulier au développement des activités artisanales locales faiblement génératrices de flux de déplacement et sans conséquence olfactive ou acoustique sur les quartiers d’habitation voisins. 14 Projet d’Aménagement et de Développement Durables Centralité complémentaire d’avenir Coeur de village VVeerrss GGrriieess Espace d’activité • Conforter l’offre de commerces et de services • Sécuriser la vitalité de l’agriculture de coeur de village La vitalité de l’agriculture est une chose fondamentale tant d’un point Bourg de près de 3000 habitants, Weitbruch dispose d’un potentiel de de vue économique que de la sécurité alimentaire m…","Le PADD recommande que la zone d'activité artisanale à l'est du site soit développée sans conséquence acoustique sur les quartiers d'habitation voisins, ce qui constitue une orientation d'aménagement liée au bruit affectant l'implantation et l'organisation des activités par rapport aux zones résidentielles - relève du périmètre diagBruit (aménagement urbain). La portée est limitée à la zone d'activité spécifique identifiée dans le document, pas à l'ensemble du territoire.",https://www.geoportail-urbanisme.gouv.fr/api/document/d699ee12b61bc58eb849e550fac799eb/files/67523_padd_20191205.pdf,page 14,autre
388,d699ee12b61bc58eb849e550fac799eb,1_67523_reglement_20191205.pdf,"Le texte réglementaire de la zone Uh est ici fragmentaire et ne permet pas de reconstituer précisément la règle. Il évoque des nuisances (notamment sonores et olfactives) liées à des usages publics, en lien avec l'implantation des constructions. Consultez le règlement complet en page 17 pour vérifier les modalités exactes applicables à votre projet.",False,,,Us (notamment sonores et olfactives) publics.,"…e d t ’ s in e f r r v a i s c t e ru s c ture d to ’u ta n le e c e u m m p u ri l s é e e a d u e s 4 o 0 l 0 s 0 u p m p è lé tr m es e ntaire • e D s a t n a s u l t e o r c i a sé s e d . e l’existence d’une construction en limite, l’adossement à la façade de la dite construction est autorisé, Us (notamment sonores et olfactives) publics. Up Cependant : •aux équipements d'intérêt ‣ Dans le cas d’une implantation en limite de rue de l’une ou des deux constructions mitoyennes, un mur d’une hauteur collectif et services publics. comprise entre 2,5 mètre et 3,5 mètres (hauteur maximale portée à 4,5 mètres pour la réalisation de porches)…","Le passage mentionne des nuisances sonores et olfactives comme critère d'interdiction ou d'encadrement de certaines constructions/aménagements dans les secteurs Uh-Ur, mais le texte est très fragmenté et coupé, rendant la règle précise difficile à reconstituer clairement.",https://www.geoportail-urbanisme.gouv.fr/api/document/d699ee12b61bc58eb849e550fac799eb/files/67523_reglement_20191205.pdf,page 17,autre
389,d699ee12b61bc58eb849e550fac799eb,1_67523_reglement_20191205.pdf__2,"Le texte disponible pour la zone Ur est fragmentaire à cet endroit et ne permet pas de reconstituer clairement la règle applicable. Il évoque des nuisances (notamment sonores et olfactives) en lien avec des équipements ou services publics. Pour connaître précisément vos obligations, consultez la version intégrale du règlement, page 17.",False,,,Us (notamment sonores et olfactives) publics.,"…e d t ’ s in e f r r v a i s c t e ru s c ture d to ’u ta n le e c e u m m p u ri l s é e e a d u e s 4 o 0 l 0 s 0 u p m p è lé tr m es e ntaire • e D s a t n a s u l t e o r c i a sé s e d . e l’existence d’une construction en limite, l’adossement à la façade de la dite construction est autorisé, Us (notamment sonores et olfactives) publics. Up Cependant : •aux équipements d'intérêt ‣ Dans le cas d’une implantation en limite de rue de l’une ou des deux constructions mitoyennes, un mur d’une hauteur collectif et services publics. comprise entre 2,5 mètre et 3,5 mètres (hauteur maximale portée à 4,5 mètres pour la réalisation de porches)…","Le passage mentionne des nuisances sonores et olfactives comme critère d'interdiction ou d'encadrement de certaines constructions/aménagements dans les secteurs Uh-Ur, mais le texte est très fragmenté et coupé, rendant la règle précise difficile à reconstituer clairement.",https://www.geoportail-urbanisme.gouv.fr/api/document/d699ee12b61bc58eb849e550fac799eb/files/67523_reglement_20191205.pdf,page 17,autre
390,d699ee12b61bc58eb849e550fac799eb,1_67523_reglement_20191205.pdf__3,"Le texte disponible pour la zone Uj est fragmentaire à cet endroit et ne permet pas de reconstituer clairement la règle. Il évoque des nuisances (notamment sonores et olfactives) liées à des usages publics, en lien avec des équipements d'intérêt collectif et services publics. Consultez le règlement écrit complet, page 17, pour vérifier la prescription exacte applicable à votre projet.",False,,,Us (notamment sonores et olfactives) publics.,"…e d t ’ s in e f r r v a i s c t e ru s c ture d to ’u ta n le e c e u m m p u ri l s é e e a d u e s 4 o 0 l 0 s 0 u p m p è lé tr m es e ntaire • e D s a t n a s u l t e o r c i a sé s e d . e l’existence d’une construction en limite, l’adossement à la façade de la dite construction est autorisé, Us (notamment sonores et olfactives) publics. Up Cependant : •aux équipements d'intérêt ‣ Dans le cas d’une implantation en limite de rue de l’une ou des deux constructions mitoyennes, un mur d’une hauteur collectif et services publics. comprise entre 2,5 mètre et 3,5 mètres (hauteur maximale portée à 4,5 mètres pour la réalisation de porches)…","Le passage mentionne des nuisances sonores et olfactives comme critère d'interdiction ou d'encadrement de certaines constructions/aménagements dans les secteurs Uh-Ur, mais le texte est très fragmenté et coupé, rendant la règle précise difficile à reconstituer clairement.",https://www.geoportail-urbanisme.gouv.fr/api/document/d699ee12b61bc58eb849e550fac799eb/files/67523_reglement_20191205.pdf,page 17,autre
391,d699ee12b61bc58eb849e550fac799eb,1_67523_reglement_20191205.pdf__4,"Le texte disponible pour la zone Us est fragmentaire à cet endroit : il mentionne les nuisances, notamment sonores et olfactives, comme critère pris en compte pour les équipements publics. La règle précise ne peut pas être reconstituée avec certitude à partir de cet extrait. Consultez le règlement complet (page 17) pour connaître l'obligation exacte applicable à votre projet.",False,,,Us (notamment sonores et olfactives) publics.,"…e d t ’ s in e f r r v a i s c t e ru s c ture d to ’u ta n le e c e u m m p u ri l s é e e a d u e s 4 o 0 l 0 s 0 u p m p è lé tr m es e ntaire • e D s a t n a s u l t e o r c i a sé s e d . e l’existence d’une construction en limite, l’adossement à la façade de la dite construction est autorisé, Us (notamment sonores et olfactives) publics. Up Cependant : •aux équipements d'intérêt ‣ Dans le cas d’une implantation en limite de rue de l’une ou des deux constructions mitoyennes, un mur d’une hauteur collectif et services publics. comprise entre 2,5 mètre et 3,5 mètres (hauteur maximale portée à 4,5 mètres pour la réalisation de porches)…","Le passage mentionne des nuisances sonores et olfactives comme critère d'interdiction ou d'encadrement de certaines constructions/aménagements dans les secteurs Uh-Ur, mais le texte est très fragmenté et coupé, rendant la règle précise difficile à reconstituer clairement.",https://www.geoportail-urbanisme.gouv.fr/api/document/d699ee12b61bc58eb849e550fac799eb/files/67523_reglement_20191205.pdf,page 17,autre
392,d699ee12b61bc58eb849e550fac799eb,1_67523_reglement_20191205.pdf__5,"Le texte disponible pour la zone Up est fragmentaire et ne permet pas de reconstituer clairement cette règle. Il évoque des nuisances, notamment sonores et olfactives, liées à des usages publics, sans que le contexte exact de la prescription soit identifiable. Pour connaître précisément les obligations applicables à votre projet, consultez le règlement complet de la zone Up, page 17.",False,,,Us (notamment sonores et olfactives) publics.,"…e d t ’ s in e f r r v a i s c t e ru s c ture d to ’u ta n le e c e u m m p u ri l s é e e a d u e s 4 o 0 l 0 s 0 u p m p è lé tr m es e ntaire • e D s a t n a s u l t e o r c i a sé s e d . e l’existence d’une construction en limite, l’adossement à la façade de la dite construction est autorisé, Us (notamment sonores et olfactives) publics. Up Cependant : •aux équipements d'intérêt ‣ Dans le cas d’une implantation en limite de rue de l’une ou des deux constructions mitoyennes, un mur d’une hauteur collectif et services publics. comprise entre 2,5 mètre et 3,5 mètres (hauteur maximale portée à 4,5 mètres pour la réalisation de porches)…","Le passage mentionne des nuisances sonores et olfactives comme critère d'interdiction ou d'encadrement de certaines constructions/aménagements dans les secteurs Uh-Ur, mais le texte est très fragmenté et coupé, rendant la règle précise difficile à reconstituer clairement.",https://www.geoportail-urbanisme.gouv.fr/api/document/d699ee12b61bc58eb849e550fac799eb/files/67523_reglement_20191205.pdf,page 17,autre
274,d699ee12b61bc58eb849e550fac799eb,2_67523_padd_20191205.pdf,Le calme et la sérénité des lieux sont identifiés comme un objectif majeur pour l'avenir du territoire. Le paysage et le cadre de vie sont considérés comme des leviers importants d'attractivité et de bien-être. Il est recommandé de préserver ces qualités dans la conception de votre projet.,False,,,"le paysage, le cadre de vie, le calme et la serennité des lieux constituent des objectifs et des leviers majeurs du devenir communal","…ctifs paysagers, zoom sur la partie centrale du village (voir légende page ci-contre) • Le paysage, support d’attractivité et du bien-être chez soi (son village) Le paysage et le patrimoine représentent à la fois des valeurs sociétales majeures et des leviers importants de vitalité et d’attractivité le paysage, le cadre de vie, le calme et la serennité des lieux constituent des objectifs et des leviers majeurs du devenir communal Eglise préserver le patrimoine architectural et la forme Mairie urbaine constituée en particulier par le coeur historique de Weitbruch. 16 Projet d’Aménagement et de Développement Durables","Le passage évoque le calme et la sérénité des lieux comme un objectif majeur du PADD pour l'ensemble du territoire communal, ce qui relève de la préservation d'une ambiance sonore calme, mais l'expression est vague et non localisée précisément, sans zone réglementaire identifiée.",https://www.geoportail-urbanisme.gouv.fr/api/document/d699ee12b61bc58eb849e550fac799eb/files/67523_padd_20191205.pdf,page 16,preservation_zone_calme
393,d699ee12b61bc58eb849e550fac799eb,7_67523_reglement_20191205.pdf,"Le texte source étant trop fragmenté, nous ne pouvons pas garantir la reconstitution fidèle de cette règle. Pour connaître les conditions exactes applicables aux activités et extensions de constructions dans ce secteur, consultez l'article AU1 du règlement de la zone 1AUh.",False,,,"en résulte une augmentation définie dans les OAP, la création, à 50% de cette dernière et d’une significative des nuisances l’extension de constructions et les surface habitable inférieure à 150 m2. • En dérogation des alinéas présentés ci-dessus, des SECTEUR (notamment sonores et olfactives) aménagements destinés : constructions peuvent être édifiées à moins de 3 mètres 1AUe pour le voisinage, ainsi que des •Au commerce et activités de • Dans la partie Est du site, tel que des limites séparativ…","…nsformation d’établissements de s'effectue l'accueil d’une clientèle) ; ce dernier soit attenante au bâtiment toute nature - qu’ils comportent ou principal de l’entreprise, ceci dans la non des installations classées - s’il • Dans la partie Est du site, tel que limite d’une emprise au sol inférieure en résulte une augmentation définie dans les OAP, la création, à 50% de cette dernière et d’une significative des nuisances l’extension de constructions et les surface habitable inférieure à 150 m2. • En dérogation des alinéas présentés ci-dessus, des SECTEUR (notamment sonores et olfactives) aménagements destinés : constructions peuvent être édifiées à moins de 3 mètres 1AUe pour le voisinage, ainsi que des •Au commerce et activités de • Dans la partie Est du site, tel que des limites séparativ… risques accrus pour la salubrité et la service (Artisanat, commerce de définie dans les OAP, l’habitat dans la présentées ci-contre. sécurité publique. d gr é o ta s, il , a r c e t s iv t i a té u s ra d ti e o n s , e c rv o ic m e m s e o r ù c e de l s im ou it s e r d é ’ s u e n r v lo e g q e…","Le passage traite de la limitation des extensions et créations d'activités (commerce, artisanat) dans le secteur 1AUe en raison d'une augmentation significative des nuisances sonores et olfactives pour le voisinage, ce qui constitue une règle d'urbanisme visant à limiter les nuisances sonores liées à des activités proches des bâtiments. Le texte est cependant fragmenté et difficile à reconstituer précisément en raison du découpage automatique du PDF.",https://www.geoportail-urbanisme.gouv.fr/api/document/d699ee12b61bc58eb849e550fac799eb/files/67523_reglement_20191205.pdf,Article au1,lutte_bruit_existant
275,d699ee12b61bc58eb849e550fac799eb,8_67523_reglement_20191205.pdf,"Le texte source de cette règle est trop endommagé pour en extraire un résumé fiable. Dans le secteur 1AUe, une prescription encadre les constructions et aménagements destinés au commerce et aux activités de service, en lien avec une augmentation des nuisances sonores et olfactives pour le voisinage. Consultez l'article AU2 du règlement pour connaître le détail exact de cette obligation.",False,,,"en résulte une augmentation définie dans les OAP, la création, à 50% de cette dernière et d’une significative des nuisances l’extension de constructions et les surface habitable inférieure à 150 m2. • En dérogation des alinéas présentés ci-dessus, des SECTEUR (notamment sonores et olfactives) aménagements destinés : constructions peuvent être édifiées à moins de 3 mètres 1AUe pour le voisinage, ainsi que des •Au commerce et activités de • Dans la partie Est du site, tel que des limites séparativ…","…nsformation d’établissements de s'effectue l'accueil d’une clientèle) ; ce dernier soit attenante au bâtiment toute nature - qu’ils comportent ou principal de l’entreprise, ceci dans la non des installations classées - s’il • Dans la partie Est du site, tel que limite d’une emprise au sol inférieure en résulte une augmentation définie dans les OAP, la création, à 50% de cette dernière et d’une significative des nuisances l’extension de constructions et les surface habitable inférieure à 150 m2. • En dérogation des alinéas présentés ci-dessus, des SECTEUR (notamment sonores et olfactives) aménagements destinés : constructions peuvent être édifiées à moins de 3 mètres 1AUe pour le voisinage, ainsi que des •Au commerce et activités de • Dans la partie Est du site, tel que des limites séparativ… risques accrus pour la salubrité et la service (Artisanat, commerce de définie dans les OAP, l’habitat dans la présentées ci-contre. sécurité publique. d gr é o ta s, il , a r c e t s iv t i a té u s ra d ti e o n s , e c rv o ic m e m s e o r ù c e de l s im ou it s e r d é ’ s u e n r v lo e g q e…","Le passage évoque un encadrement des constructions et aménagements destinés au commerce et activités de service dans le secteur 1AUe, en lien avec une augmentation des nuisances sonores et olfactives pour le voisinage. C'est une règle d'urbanisme (limitation de l'implantation de certaines activités générant du bruit) autonome et distincte du classement sonore des voies ou du PEB. Toutefois le texte est fortement corrompu (mots mélangés, coupures) rendant la citation difficile à isoler proprement.",https://www.geoportail-urbanisme.gouv.fr/api/document/d699ee12b61bc58eb849e550fac799eb/files/67523_reglement_20191205.pdf,Article au2,lutte_bruit_existant
394,d699ee12b61bc58eb849e550fac799eb,9_67523_reglement_20191205.pdf,"Le texte source de cette règle est trop fragmenté pour être résumé de façon fiable. Il évoque une limitation des constructions et activités générant des nuisances (notamment sonores et olfactives) pour le voisinage dans le secteur 1AUe, avec des critères liés à l'emprise au sol, la surface habitable et des dérogations possibles. Consultez le règlement écrit correspondant à l'article Au2 pour vérifier les conditions précises applicables à votre projet.",False,,,"en résulte une augmentation définie dans les OAP, la création, à 50% de cette dernière et d’une significative des nuisances l’extension de constructions et les surface habitable inférieure à 150 m2. • En dérogation des alinéas présentés ci-dessus, des SECTEUR (notamment sonores et olfactives) aménagements destinés : constructions peuvent être édifiées à moins de 3 mètres 1AUe pour le voisinage, ainsi que des •Au commerce et activités de • Dans la partie Est du site, tel que des limites séparativ…","…nsformation d’établissements de s'effectue l'accueil d’une clientèle) ; ce dernier soit attenante au bâtiment toute nature - qu’ils comportent ou principal de l’entreprise, ceci dans la non des installations classées - s’il • Dans la partie Est du site, tel que limite d’une emprise au sol inférieure en résulte une augmentation définie dans les OAP, la création, à 50% de cette dernière et d’une significative des nuisances l’extension de constructions et les surface habitable inférieure à 150 m2. • En dérogation des alinéas présentés ci-dessus, des SECTEUR (notamment sonores et olfactives) aménagements destinés : constructions peuvent être édifiées à moins de 3 mètres 1AUe pour le voisinage, ainsi que des •Au commerce et activités de • Dans la partie Est du site, tel que des limites séparativ… risques accrus pour la salubrité et la service (Artisanat, commerce de définie dans les OAP, l’habitat dans la présentées ci-contre. sécurité publique. d gr é o ta s, il , a r c e t s iv t i a té u s ra d ti e o n s , e c rv o ic m e m s e o r ù c e de l s im ou it s e r d é ’ s u e n r v lo e g q e…","Le passage évoque une limitation des constructions/activités générant des nuisances sonores et olfactives pour le voisinage dans le secteur 1AUe, en lien avec l'accueil d'activités commerciales et artisanales. C'est une règle autonome d'urbanisme visant à limiter les nuisances sonores pour le voisinage, distincte du classement sonore des infrastructures de transport. Le texte est toutefois fragmenté et difficile à reconstituer précisément (mélange d'alinéas et de dérogations), d'où une confiance limitée.",https://www.geoportail-urbanisme.gouv.fr/api/document/d699ee12b61bc58eb849e550fac799eb/files/67523_reglement_20191205.pdf,Article au2,lutte_bruit_existant
395,d699ee12b61bc58eb849e550fac799eb,9_67523_reglement_20191205.pdf__2,"Le texte source relatif à ce secteur est fragmentaire, mais il ressort qu'une limitation s'applique aux constructions et activités générant des nuisances pour le voisinage, notamment sonores et olfactives. Vérifiez ce point précisément auprès de votre collectivité avant d'engager votre projet, la formulation exacte de la règle n'ayant pas pu être reconstituée avec certitude.",False,,,"en résulte une augmentation définie dans les OAP, la création, à 50% de cette dernière et d’une significative des nuisances l’extension de constructions et les surface habitable inférieure à 150 m2. • En dérogation des alinéas présentés ci-dessus, des SECTEUR (notamment sonores et olfactives) aménagements destinés : constructions peuvent être édifiées à moins de 3 mètres 1AUe pour le voisinage, ainsi que des •Au commerce et activités de • Dans la partie Est du site, tel que des limites séparativ…","…nsformation d’établissements de s'effectue l'accueil d’une clientèle) ; ce dernier soit attenante au bâtiment toute nature - qu’ils comportent ou principal de l’entreprise, ceci dans la non des installations classées - s’il • Dans la partie Est du site, tel que limite d’une emprise au sol inférieure en résulte une augmentation définie dans les OAP, la création, à 50% de cette dernière et d’une significative des nuisances l’extension de constructions et les surface habitable inférieure à 150 m2. • En dérogation des alinéas présentés ci-dessus, des SECTEUR (notamment sonores et olfactives) aménagements destinés : constructions peuvent être édifiées à moins de 3 mètres 1AUe pour le voisinage, ainsi que des •Au commerce et activités de • Dans la partie Est du site, tel que des limites séparativ… risques accrus pour la salubrité et la service (Artisanat, commerce de définie dans les OAP, l’habitat dans la présentées ci-contre. sécurité publique. d gr é o ta s, il , a r c e t s iv t i a té u s ra d ti e o n s , e c rv o ic m e m s e o r ù c e de l s im ou it s e r d é ’ s u e n r v lo e g q e…","Le passage évoque une limitation des constructions/activités générant des nuisances sonores et olfactives pour le voisinage dans le secteur 1AUe, en lien avec l'accueil d'activités commerciales et artisanales. C'est une règle autonome d'urbanisme visant à limiter les nuisances sonores pour le voisinage, distincte du classement sonore des infrastructures de transport. Le texte est toutefois fragmenté et difficile à reconstituer précisément (mélange d'alinéas et de dérogations), d'où une confiance limitée.",https://www.geoportail-urbanisme.gouv.fr/api/document/d699ee12b61bc58eb849e550fac799eb/files/67523_reglement_20191205.pdf,Article au2,lutte_bruit_existant
320,d9f1902e01d10dfb16b87041193ba1c5,1_67252_reglement_20250623.pdf,"Dans le secteur Uh, la création, l'extension ou la transformation d'établissements de toute nature — y compris les installations classées — est interdite si elle entraîne une augmentation significative des nuisances, notamment sonores et olfactives, pour le voisinage. Cette interdiction s'applique également en cas de risques accrus pour la salubrité et la sécurité publique. Anticipez cet impact sonore dès la conception de votre projet.",False,,,SECTEUR transformation d’établissements de constructions et les aménagements emprise au sol maximale cumulée de toute nature - qu’ils comportent ou destinés : 50 mètres carrés par rapport à celle Uj non des installations classées - s’il •aux équipements d'intérêt existante au moment de en résulte une augmentation collectif et services publics. l’approbation du PLU. significative des nuisances SECTEUR (notamment sonores et olfactives) • La création d’un abris récréatif dans ‣,"…celle existante au • Les affouillements et exhaussements moment de l’approbation du PLU. • SECTEUR du sol autres que : ceux liés aux occupations et utilisations du sol Uep admises dans la zone. • • La création, l’extension ou la • La création, l’extension de • La création d’abris ou annexes d’une ‣ SECTEUR transformation d’établissements de constructions et les aménagements emprise au sol maximale cumulée de toute nature - qu’ils comportent ou destinés : 50 mètres carrés par rapport à celle Uj non des installations classées - s’il •aux équipements d'intérêt existante au moment de en résulte une augmentation collectif et services publics. l’approbation du PLU. significative des nuisances SECTEUR (notamment sonores et olfactives) • La création d’un abris récréatif dans ‣ Up pour le voisinage, ainsi que des la limite d’une emprise au sol totale risques accrus pour la salubrité et la cumulée de 50 mètres carrés. ‣ • sécurité publique. • Les commerces, sous réserve que leur surface de vente soit inférieure à • La création, l’extension de 300 mètres carrés. ‣ édifiées à…","Le passage évoque la création/extension d'établissements de toute nature (y compris installations classées) qui pourrait être interdite s'il en résulte une augmentation significative des nuisances, notamment sonores, pour le voisinage, ainsi que des risques accrus pour la salubrité et la sécurité publique. C'est une règle autonome liée au bruit dans un contexte d'urbanisation (établissements, constructions), donc dans le périmètre diagBruit. La règle s'applique à un secteur réglementaire spécifique du PLU (Uep/Uj/Up), non à l'ensemble du document.",https://www.geoportail-urbanisme.gouv.fr/api/document/d9f1902e01d10dfb16b87041193ba1c5/files/67252_reglement_20250623.pdf,page 15,autre
321,d9f1902e01d10dfb16b87041193ba1c5,1_67252_reglement_20250623.pdf__2,"Dans le secteur Uep, la création, l'extension ou la transformation d'établissements de toute nature - y compris les installations classées - est interdite si elle entraîne une augmentation significative des nuisances, notamment sonores et olfactives, pour le voisinage. Vérifiez l'impact sonore de votre projet avant tout dépôt de permis.",False,,,SECTEUR transformation d’établissements de constructions et les aménagements emprise au sol maximale cumulée de toute nature - qu’ils comportent ou destinés : 50 mètres carrés par rapport à celle Uj non des installations classées - s’il •aux équipements d'intérêt existante au moment de en résulte une augmentation collectif et services publics. l’approbation du PLU. significative des nuisances SECTEUR (notamment sonores et olfactives) • La création d’un abris récréatif dans ‣,"…celle existante au • Les affouillements et exhaussements moment de l’approbation du PLU. • SECTEUR du sol autres que : ceux liés aux occupations et utilisations du sol Uep admises dans la zone. • • La création, l’extension ou la • La création, l’extension de • La création d’abris ou annexes d’une ‣ SECTEUR transformation d’établissements de constructions et les aménagements emprise au sol maximale cumulée de toute nature - qu’ils comportent ou destinés : 50 mètres carrés par rapport à celle Uj non des installations classées - s’il •aux équipements d'intérêt existante au moment de en résulte une augmentation collectif et services publics. l’approbation du PLU. significative des nuisances SECTEUR (notamment sonores et olfactives) • La création d’un abris récréatif dans ‣ Up pour le voisinage, ainsi que des la limite d’une emprise au sol totale risques accrus pour la salubrité et la cumulée de 50 mètres carrés. ‣ • sécurité publique. • Les commerces, sous réserve que leur surface de vente soit inférieure à • La création, l’extension de 300 mètres carrés. ‣ édifiées à…","Le passage évoque la création/extension d'établissements de toute nature (y compris installations classées) qui pourrait être interdite s'il en résulte une augmentation significative des nuisances, notamment sonores, pour le voisinage, ainsi que des risques accrus pour la salubrité et la sécurité publique. C'est une règle autonome liée au bruit dans un contexte d'urbanisation (établissements, constructions), donc dans le périmètre diagBruit. La règle s'applique à un secteur réglementaire spécifique du PLU (Uep/Uj/Up), non à l'ensemble du document.",https://www.geoportail-urbanisme.gouv.fr/api/document/d9f1902e01d10dfb16b87041193ba1c5/files/67252_reglement_20250623.pdf,page 15,autre
322,d9f1902e01d10dfb16b87041193ba1c5,1_67252_reglement_20250623.pdf__3,"Dans le secteur Uj, la création, l'extension ou la transformation d'établissements de toute nature - y compris les installations classées - est interdite si elle entraîne une augmentation significative des nuisances pour le voisinage, notamment sonores et olfactives. Cette règle vise aussi les risques accrus pour la salubrité et la sécurité publique. Vérifiez l'impact sonore de votre projet avant tout dépôt de permis dans ce secteur.",False,,,SECTEUR transformation d’établissements de constructions et les aménagements emprise au sol maximale cumulée de toute nature - qu’ils comportent ou destinés : 50 mètres carrés par rapport à celle Uj non des installations classées - s’il •aux équipements d'intérêt existante au moment de en résulte une augmentation collectif et services publics. l’approbation du PLU. significative des nuisances SECTEUR (notamment sonores et olfactives) • La création d’un abris récréatif dans ‣,"…celle existante au • Les affouillements et exhaussements moment de l’approbation du PLU. • SECTEUR du sol autres que : ceux liés aux occupations et utilisations du sol Uep admises dans la zone. • • La création, l’extension ou la • La création, l’extension de • La création d’abris ou annexes d’une ‣ SECTEUR transformation d’établissements de constructions et les aménagements emprise au sol maximale cumulée de toute nature - qu’ils comportent ou destinés : 50 mètres carrés par rapport à celle Uj non des installations classées - s’il •aux équipements d'intérêt existante au moment de en résulte une augmentation collectif et services publics. l’approbation du PLU. significative des nuisances SECTEUR (notamment sonores et olfactives) • La création d’un abris récréatif dans ‣ Up pour le voisinage, ainsi que des la limite d’une emprise au sol totale risques accrus pour la salubrité et la cumulée de 50 mètres carrés. ‣ • sécurité publique. • Les commerces, sous réserve que leur surface de vente soit inférieure à • La création, l’extension de 300 mètres carrés. ‣ édifiées à…","Le passage évoque la création/extension d'établissements de toute nature (y compris installations classées) qui pourrait être interdite s'il en résulte une augmentation significative des nuisances, notamment sonores, pour le voisinage, ainsi que des risques accrus pour la salubrité et la sécurité publique. C'est une règle autonome liée au bruit dans un contexte d'urbanisation (établissements, constructions), donc dans le périmètre diagBruit. La règle s'applique à un secteur réglementaire spécifique du PLU (Uep/Uj/Up), non à l'ensemble du document.",https://www.geoportail-urbanisme.gouv.fr/api/document/d9f1902e01d10dfb16b87041193ba1c5/files/67252_reglement_20250623.pdf,page 15,autre
323,d9f1902e01d10dfb16b87041193ba1c5,1_67252_reglement_20250623.pdf__4,"Dans le secteur Up, la création, l'extension ou la transformation d'établissements de toute nature — y compris les installations classées — est interdite si elle entraîne une augmentation significative des nuisances pour le voisinage, notamment sonores et olfactives, ainsi que des risques accrus pour la salubrité et la sécurité publique. Vérifiez l'impact sonore de votre projet avant tout dépôt de permis.",False,,,SECTEUR transformation d’établissements de constructions et les aménagements emprise au sol maximale cumulée de toute nature - qu’ils comportent ou destinés : 50 mètres carrés par rapport à celle Uj non des installations classées - s’il •aux équipements d'intérêt existante au moment de en résulte une augmentation collectif et services publics. l’approbation du PLU. significative des nuisances SECTEUR (notamment sonores et olfactives) • La création d’un abris récréatif dans ‣,"…celle existante au • Les affouillements et exhaussements moment de l’approbation du PLU. • SECTEUR du sol autres que : ceux liés aux occupations et utilisations du sol Uep admises dans la zone. • • La création, l’extension ou la • La création, l’extension de • La création d’abris ou annexes d’une ‣ SECTEUR transformation d’établissements de constructions et les aménagements emprise au sol maximale cumulée de toute nature - qu’ils comportent ou destinés : 50 mètres carrés par rapport à celle Uj non des installations classées - s’il •aux équipements d'intérêt existante au moment de en résulte une augmentation collectif et services publics. l’approbation du PLU. significative des nuisances SECTEUR (notamment sonores et olfactives) • La création d’un abris récréatif dans ‣ Up pour le voisinage, ainsi que des la limite d’une emprise au sol totale risques accrus pour la salubrité et la cumulée de 50 mètres carrés. ‣ • sécurité publique. • Les commerces, sous réserve que leur surface de vente soit inférieure à • La création, l’extension de 300 mètres carrés. ‣ édifiées à…","Le passage évoque la création/extension d'établissements de toute nature (y compris installations classées) qui pourrait être interdite s'il en résulte une augmentation significative des nuisances, notamment sonores, pour le voisinage, ainsi que des risques accrus pour la salubrité et la sécurité publique. C'est une règle autonome liée au bruit dans un contexte d'urbanisation (établissements, constructions), donc dans le périmètre diagBruit. La règle s'applique à un secteur réglementaire spécifique du PLU (Uep/Uj/Up), non à l'ensemble du document.",https://www.geoportail-urbanisme.gouv.fr/api/document/d9f1902e01d10dfb16b87041193ba1c5/files/67252_reglement_20250623.pdf,page 15,autre
324,d9f1902e01d10dfb16b87041193ba1c5,1_67252_reglement_20250623.pdf__5,"Dans le secteur Ul, la création, l'extension ou la transformation d'établissements de toute nature, y compris les installations classées, est interdite si elle entraîne une augmentation significative des nuisances pour le voisinage, notamment sonores et olfactives, ainsi que des risques accrus pour la salubrité et la sécurité publique. Vérifiez l'impact sonore de votre projet dès sa conception pour respecter cette règle.",False,,,SECTEUR transformation d’établissements de constructions et les aménagements emprise au sol maximale cumulée de toute nature - qu’ils comportent ou destinés : 50 mètres carrés par rapport à celle Uj non des installations classées - s’il •aux équipements d'intérêt existante au moment de en résulte une augmentation collectif et services publics. l’approbation du PLU. significative des nuisances SECTEUR (notamment sonores et olfactives) • La création d’un abris récréatif dans ‣,"…celle existante au • Les affouillements et exhaussements moment de l’approbation du PLU. • SECTEUR du sol autres que : ceux liés aux occupations et utilisations du sol Uep admises dans la zone. • • La création, l’extension ou la • La création, l’extension de • La création d’abris ou annexes d’une ‣ SECTEUR transformation d’établissements de constructions et les aménagements emprise au sol maximale cumulée de toute nature - qu’ils comportent ou destinés : 50 mètres carrés par rapport à celle Uj non des installations classées - s’il •aux équipements d'intérêt existante au moment de en résulte une augmentation collectif et services publics. l’approbation du PLU. significative des nuisances SECTEUR (notamment sonores et olfactives) • La création d’un abris récréatif dans ‣ Up pour le voisinage, ainsi que des la limite d’une emprise au sol totale risques accrus pour la salubrité et la cumulée de 50 mètres carrés. ‣ • sécurité publique. • Les commerces, sous réserve que leur surface de vente soit inférieure à • La création, l’extension de 300 mètres carrés. ‣ édifiées à…","Le passage évoque la création/extension d'établissements de toute nature (y compris installations classées) qui pourrait être interdite s'il en résulte une augmentation significative des nuisances, notamment sonores, pour le voisinage, ainsi que des risques accrus pour la salubrité et la sécurité publique. C'est une règle autonome liée au bruit dans un contexte d'urbanisation (établissements, constructions), donc dans le périmètre diagBruit. La règle s'applique à un secteur réglementaire spécifique du PLU (Uep/Uj/Up), non à l'ensemble du document.",https://www.geoportail-urbanisme.gouv.fr/api/document/d9f1902e01d10dfb16b87041193ba1c5/files/67252_reglement_20250623.pdf,page 15,autre
325,d9f1902e01d10dfb16b87041193ba1c5,1_67252_reglement_20250623.pdf__6,"Dans le secteur Ue, la création, l'extension ou la transformation d'établissements de toute nature — y compris les installations classées — est interdite si elle entraîne une augmentation significative des nuisances, notamment sonores et olfactives, pour le voisinage. Ce type de projet est également prohibé s'il accroît les risques pour la salubrité et la sécurité publique. Anticipez l'impact sonore de votre projet dès sa conception pour respecter cette règle.",False,,,SECTEUR transformation d’établissements de constructions et les aménagements emprise au sol maximale cumulée de toute nature - qu’ils comportent ou destinés : 50 mètres carrés par rapport à celle Uj non des installations classées - s’il •aux équipements d'intérêt existante au moment de en résulte une augmentation collectif et services publics. l’approbation du PLU. significative des nuisances SECTEUR (notamment sonores et olfactives) • La création d’un abris récréatif dans ‣,"…celle existante au • Les affouillements et exhaussements moment de l’approbation du PLU. • SECTEUR du sol autres que : ceux liés aux occupations et utilisations du sol Uep admises dans la zone. • • La création, l’extension ou la • La création, l’extension de • La création d’abris ou annexes d’une ‣ SECTEUR transformation d’établissements de constructions et les aménagements emprise au sol maximale cumulée de toute nature - qu’ils comportent ou destinés : 50 mètres carrés par rapport à celle Uj non des installations classées - s’il •aux équipements d'intérêt existante au moment de en résulte une augmentation collectif et services publics. l’approbation du PLU. significative des nuisances SECTEUR (notamment sonores et olfactives) • La création d’un abris récréatif dans ‣ Up pour le voisinage, ainsi que des la limite d’une emprise au sol totale risques accrus pour la salubrité et la cumulée de 50 mètres carrés. ‣ • sécurité publique. • Les commerces, sous réserve que leur surface de vente soit inférieure à • La création, l’extension de 300 mètres carrés. ‣ édifiées à…","Le passage évoque la création/extension d'établissements de toute nature (y compris installations classées) qui pourrait être interdite s'il en résulte une augmentation significative des nuisances, notamment sonores, pour le voisinage, ainsi que des risques accrus pour la salubrité et la sécurité publique. C'est une règle autonome liée au bruit dans un contexte d'urbanisation (établissements, constructions), donc dans le périmètre diagBruit. La règle s'applique à un secteur réglementaire spécifique du PLU (Uep/Uj/Up), non à l'ensemble du document.",https://www.geoportail-urbanisme.gouv.fr/api/document/d9f1902e01d10dfb16b87041193ba1c5/files/67252_reglement_20250623.pdf,page 15,autre
213,d9f1902e01d10dfb16b87041193ba1c5,2_67252_padd_20250623.pdf,"Pour limiter les nuisances sonores des infrastructures de transport, il est recommandé d'éviter de localiser l'extension urbaine à proximité de la voie ferrée. Prenez en compte cette orientation dès la conception de votre projet, pour le confort des futurs résidents.",False,,,"Le PADD prévoit de : conception. • Prendre en compte les nuisances sonores des infrastructures de transports, ceci en évitant notamment de localiser l’extension urbaine du Le très haut débit étant également celui de la 5G, le PADD village à proximité de la voie ferrée. prévoit de pouvoir déployer localement les solutions techniques • Prévenir et prendre en compte les risques de coulée de boue et d’érosion nécessaires.","…risques recensés en compte et être l’occasion de renforcer d’aujourd’hui, le déploiement généralisé d’un réseau de l’information et la sensibilisation des habitants à ces risques. fibres optiques, le PADD prévoit que l’ensemble des projets d’aménagement intègre d’ores et déjà ce déploiement dès leur Le PADD prévoit de : conception. • Prendre en compte les nuisances sonores des infrastructures de transports, ceci en évitant notamment de localiser l’extension urbaine du Le très haut débit étant également celui de la 5G, le PADD village à proximité de la voie ferrée. prévoit de pouvoir déployer localement les solutions techniques • Prévenir et prendre en compte les risques de coulée de boue et d’érosion nécessaires. des sols dans la partie ouest du ban communal. • Prendre en compte le passage de l’oléoduc Total Petrochemicals France. • D’assurer la mémoire de l’ancienne décharge et de souligner les précautions d’usages qui en découlent. • Prendre en compte la problématique de santé publique liée à l’épandages d…","Le PADD prévoit de prendre en compte les nuisances sonores des infrastructures de transport en évitant de localiser l'extension urbaine du village à proximité de la voie ferrée. Il s'agit d'une orientation d'urbanisation en lien avec le bruit, applicable à l'ensemble de la commune (pas de zone réglementaire précise identifiée), donc portée administrative.",https://www.geoportail-urbanisme.gouv.fr/api/document/d9f1902e01d10dfb16b87041193ba1c5/files/67252_padd_20250623.pdf,page 27,lutte_bruit_existant
214,d9f1902e01d10dfb16b87041193ba1c5,2_67252_reglement_20250623.pdf,"Traitez les équipements techniques extérieurs de vos constructions — centrales de traitement d'air, pompes à chaleur, climatiseurs, pompes de traitement des eaux de piscine — de manière à limiter leur émergence acoustique. Cette obligation s'applique à tous vos équipements techniques extérieurs. Anticipez ce traitement dès la conception pour préserver la tranquillité du voisinage.",False,,,"pour les espaces extérieurs devra privilégier les tons clairs caractérisés par un albédo* élevé. • EMERGENCES • Les éléments techniques extérieurs liés aux constructions (centrales de traitement d’air, unités extérieures de pompes à chaleur, unités de climatisation, pompe de traitements des eaux de ACOUSTIQUES piscine, etc.) devront être traités de manière à limiter l’émergence acoustique. 19 KURTZENHOUSE","…ement de couverture pour isolation thermique, sont autorisés en saillies des toitures à condition que leur L’ADAPTATION • volumétrie s’insère harmonieusement dans le cadre bâti environnant. CLIMATIQUE • Dans le cadre de la lutte contre le phénomène d’îlots de chaleur, l’emploi de revêtements de sols pour les espaces extérieurs devra privilégier les tons clairs caractérisés par un albédo* élevé. • EMERGENCES • Les éléments techniques extérieurs liés aux constructions (centrales de traitement d’air, unités extérieures de pompes à chaleur, unités de climatisation, pompe de traitements des eaux de ACOUSTIQUES piscine, etc.) devront être traités de manière à limiter l’émergence acoustique. 19 KURTZENHOUSE PPRRAAGGMMAA traiteMent environneMental a u6 rticle et paysager des espaces U6 TRAITEMENT ENVIRONNEMENTAL ET PAYSAGER DES ESPACES PLT CBS DISPOSITION COEFFICIENT DE BIOTOPE PAR SURFACE (CBS) Coefficient de Coefficient de GÉNÉRALE surface en pleine biotope par ET SURFACE DE PLEINE TERRE (PLT) terre s…","Le passage impose une prescription limitant les émergences acoustiques des équipements techniques extérieurs liés aux constructions (climatisation, pompes à chaleur, etc.), ce qui relève directement du périmètre diagBruit (bâtiments). Aucune zone réglementaire spécifique n'étant mentionnée, la règle s'applique à l'ensemble du zonage couvert par le document.",https://www.geoportail-urbanisme.gouv.fr/api/document/d9f1902e01d10dfb16b87041193ba1c5/files/67252_reglement_20250623.pdf,page 21,lutte_bruit_existant
215,d9f1902e01d10dfb16b87041193ba1c5,3_67252_reglement_20250623.pdf,"L'extension ou la transformation d'établissements industriels, d'entrepôts, de bureaux ou d'activités de service est interdite si elle entraîne une augmentation significative des nuisances pour le voisinage, notamment sonores et olfactives, ainsi que des risques accrus pour la salubrité et la sécurité publique. Vérifiez l'impact de votre projet sur ces nuisances avant toute extension ou transformation de ce type de bâtiment.",False,,,"une augmentation significative des nuisances (notamment sonores et • Les secteurs 2AUh, 2AUp et 2AUs sont SECTEURS olfactives) pour le voisinage, ainsi que inconstructibles. Leur constructibilité des risques accrus pour la salubrité et la 2AUh implique, par une procédure adaptée sécurité publique. (telle une modification ou une révision du PLU), 2AUp leur versement en secteurs 1AUh, 2AUs 1AUp et 1AUs respectivement.","…l’extension ou la • aux activités des secteurs surface de vente soit inférieure à 300 mètres carrés. transformation d’établissements de secondaire ou tertiaire (industrie, toute nature - qu’ils comportent ou non entrepôt, bureau) ; des installations classées - s’il en résulte • activités de service. une augmentation significative des nuisances (notamment sonores et • Les secteurs 2AUh, 2AUp et 2AUs sont SECTEURS olfactives) pour le voisinage, ainsi que inconstructibles. Leur constructibilité des risques accrus pour la salubrité et la 2AUh implique, par une procédure adaptée sécurité publique. (telle une modification ou une révision du PLU), 2AUp leur versement en secteurs 1AUh, 2AUs 1AUp et 1AUs respectivement. Cependant, y sont autorisés les équipements d’infrastructure d'intérêt collectif et services publics. • Les affouillements et exhaussements du • La création ou l’extension de • La création, l’extension ou la sol autres que : ceux liés aux constructions destinées aux transformation d’établissements d…","Le passage conditionne l'extension ou la transformation d'établissements (industrie, entrepôt, bureau, activités de service) au fait qu'il n'en résulte pas une augmentation significative des nuisances notamment sonores pour le voisinage. Cette règle concerne bien des bâtiments/activités et non une infrastructure de transport, elle est donc retenue avec une confiance correcte, bien que l'extrait soit un peu coupé du fait du découpage automatique.",https://www.geoportail-urbanisme.gouv.fr/api/document/d9f1902e01d10dfb16b87041193ba1c5/files/67252_reglement_20250623.pdf,Article AU1,lutte_bruit_existant
326,d9f1902e01d10dfb16b87041193ba1c5,4_67252_reglement_20250623.pdf,"Dans le secteur 1AUp, la création, l'extension ou la transformation d'établissements peut être admise même si elle entraîne une augmentation significative des nuisances sonores. Dans ce cas, des dispositifs de protection acoustique doivent être installés au droit des habitations riveraines. Anticipez cette obligation dès la conception de votre projet, pour préserver le confort des riverains.",False,,,"admises dans la zone. services publics. non des installations classées – s’il en SECTEUR résulte une augmentation significative 1AUp des nuisances, sous condition de mettre en place des dispositifs de protection acoustiques au droit des habitations riveraines KURTZENHOUSE 23","…affouillements et exhaussements du • La création ou l’extension de • La création, l’extension ou la sol autres que : ceux liés aux constructions destinées aux transformation d’établissements de occupations et utilisations du sol équipements d'intérêt collectif et toute nature - qu’ils comportent ou admises dans la zone. services publics. non des installations classées – s’il en SECTEUR résulte une augmentation significative 1AUp des nuisances, sous condition de mettre en place des dispositifs de protection acoustiques au droit des habitations riveraines KURTZENHOUSE 23 PPRRAAGGMMAA a au2 iMplantation des constructions rticle AU2a ALIGNEMENT PAR RAPPORT AUX VOIES ET EMPRISES PUBLIQUES SECTEUR • L’implantation des constructions respectera un retrait minimum de 3 mètres par rapport à l’emprise des voies publiques. 1AUh • • SECTEURS • • 1AUe • L’implantation des const…","Le passage impose, dans le secteur 1AUp, la mise en place de dispositifs de protection acoustique au droit des habitations riveraines en cas d'augmentation significative des nuisances liées à la création/extension d'établissements de toute nature. C'est une règle autonome liée au bruit qui concerne directement la protection des bâtiments (habitations riveraines), donc pleinement dans le périmètre diagBruit. Le texte est cependant mal structuré (tableau éclaté par l'extraction PDF), ce qui limite la clarté de la citation.",https://www.geoportail-urbanisme.gouv.fr/api/document/d9f1902e01d10dfb16b87041193ba1c5/files/67252_reglement_20250623.pdf,Article AU1,autre
327,d9f1902e01d10dfb16b87041193ba1c5,5_67252_reglement_20250623.pdf,"Dans le secteur 1AUp, un dispositif de protection acoustique (mur anti-bruit) peut remplacer la clôture habituellement exigée. Respectez alors une hauteur inférieure à 4,5 mètres pour ce dispositif.",False,,,"dans le secteur 1AUp : • Par exception aux règles ci-dessus, les dispositifs de protection acoustiques (de type mur anti-bruit) valant clôture sont autorisés. Dans ce cas, ces dispositifs doivent être d’une hauteur inférieure à 4,5 mètres.","…, au droit du secteur Anc les limites séparatives seront constituées d’une haie vive « anti-dérive des produits phytosanitaires » d’au-moins 5 mètres de largeur. Cette mesure s’applique à tous les équipements de santé, les équipements scolaires, péri-scolaires, les équipements d’accueil de la petite dans le secteur 1AUp : • Par exception aux règles ci-dessus, les dispositifs de protection acoustiques (de type mur anti-bruit) valant clôture sont autorisés. Dans ce cas, ces dispositifs doivent être d’une hauteur inférieure à 4,5 mètres. essences. Leur nature peut être nourricière ou esthétique et privilégier : ESSENCES • une approche plus naturelle qui favorise les plantes champêtres mixtes ou mélangées composées d’essences VÉGÉTALES indigènes (voir tableau Palette végétale d'essences indigène en annexe 4). • De façon générale, tou…","Le passage autorise, dans le secteur 1AUp, des dispositifs de protection acoustique (murs anti-bruit) en lieu et place des haies imposées comme clôture, avec une limite de hauteur de 4,5 mètres. Il s'agit d'une règle autonome d'urbanisme concernant l'aménagement des clôtures/protections acoustiques des projets, sans lien avec le classement sonore ou le PEB, donc pleinement dans le périmètre diagBruit.",https://www.geoportail-urbanisme.gouv.fr/api/document/d9f1902e01d10dfb16b87041193ba1c5/files/67252_reglement_20250623.pdf,Article AU5,autre
216,d9f1902e01d10dfb16b87041193ba1c5,6_67252_reglement_20250623.pdf,"Dans la zone A, les équipements techniques extérieurs de votre construction (climatisation, pompe à chaleur, traitement des eaux de piscine, etc.) doivent être traités pour limiter leur émergence acoustique. Anticipez ce traitement dès la conception, pour le confort de vos futurs résidents et du voisinage.",False,,,"extérieures de pompes à chaleur, unités de climatisation, pompe de traitements des eaux de piscine, etc) ACOUSTIQUES devront être traités de manière à limiter l’émergence acoustique. 28 Plan Local d’Urbanisme - Règlement","…le cadre de la lutte contre le phénomène d’îlots de chaleur, l’emploi de revêtements de sols pour les espaces extérieurs devra privilégier les tons clairs caractérisés par un albédo* élevé. EMERGENCES • Les éléments techniques extérieurs liés aux constructions (centrales de traitement d’air, unités extérieures de pompes à chaleur, unités de climatisation, pompe de traitements des eaux de piscine, etc) ACOUSTIQUES devront être traités de manière à limiter l’émergence acoustique. 28 Plan Local d’Urbanisme - Règlement traiteMent environneMental a au6 rticle et paysager des espaces AU6 TRAITEMENT ENVIRONNEMENTAL ET PAYSAGER DES ESPACES PLT CBS DISPOSITION COEFFICIENT DE BIOTOPE PAR SURFACE (CBS) Coefficient de Coefficient de GÉNÉRALE surface en pleine biotope par ET SURFACE DE PLEINE TERRE (PLT) terre surface SECT…","Le passage impose que les équipements techniques extérieurs liés aux constructions (climatisation, pompes à chaleur, traitement d'eau de piscine) soient traités pour limiter l'émergence acoustique. Il s'agit d'une règle autonome de limitation des nuisances sonores générées par les bâtiments, relevant du périmètre diagBruit, applicable de façon générale sans zone spécifique mentionnée.",https://www.geoportail-urbanisme.gouv.fr/api/document/d9f1902e01d10dfb16b87041193ba1c5/files/67252_reglement_20250623.pdf,Article AU5,autre
217,d9f1902e01d10dfb16b87041193ba1c5,7_67252_reglement_20250623.pdf,"Dans la zone AU, les équipements techniques extérieurs de votre bâtiment (centrales de traitement d'air, unités de climatisation, pompes à chaleur…) doivent être traités pour limiter leur émergence acoustique. Anticipez ce traitement dès la conception, pour le confort de vos futurs résidents et de leur voisinage.",False,,,"protégées du rayonnement solaire direct en été -, compactes, très isolées, mettant en L’ADAPTATION oeuvre des systèmes énergétiques efficaces et utilisant les énergies renouvelables. CLIMATIQUE EMERGENCES • Les éléments techniques extérieurs liés au bâtiment (centrales de traitement d’air, unités extérieures de pompes à chaleur, unités de climatisation…) devront être traités ACOUSTIQUES de manière à limiter l’émergence acoustique.","…a place des haies et alignements d’arbres dans la structure paysagère des espaces. DISPOSITIFS FAVORISANT LES ÉCONOMIES • La conception bioclimatique est recommandée pour les nouvelles constructions : des D’ÉNERGIE ET constructions bien orientées - bénéficiant d’apports solaires gratuits en hiver et protégées du rayonnement solaire direct en été -, compactes, très isolées, mettant en L’ADAPTATION oeuvre des systèmes énergétiques efficaces et utilisant les énergies renouvelables. CLIMATIQUE EMERGENCES • Les éléments techniques extérieurs liés au bâtiment (centrales de traitement d’air, unités extérieures de pompes à chaleur, unités de climatisation…) devront être traités ACOUSTIQUES de manière à limiter l’émergence acoustique. traiteMent environneMental a a6 rticle et paysager des espaces A6 TRAITEMENT ENVIRONNEMENTAL ET PAYSAGER DES ESPACES • Les constructions et aménagements veilleront à limiter leur impact sur l’imperméabilisation des sols et à favoriser la circulation de la biodiversité. Ensemble de la ZONE A • Dans l…","Le passage prescrit que les éléments techniques extérieurs liés aux bâtiments (climatisation, pompes à chaleur, etc.) doivent être traités pour limiter l'émergence acoustique. Il s'agit d'une règle autonome relative au bruit émis par les équipements des bâtiments, applicable à l'ensemble des constructions du document sans zone spécifique mentionnée.",https://www.geoportail-urbanisme.gouv.fr/api/document/d9f1902e01d10dfb16b87041193ba1c5/files/67252_reglement_20250623.pdf,Article AU5,lutte_bruit_existant
328,d9f1902e01d10dfb16b87041193ba1c5,8_67252_reglement_20250623.pdf,"Dans la zone N, traitez acoustiquement les équipements techniques extérieurs du bâtiment (centrales de traitement d'air, unités extérieures de pompes à chaleur, climatisations…) pour limiter leur émergence sonore. Cette obligation s'ajoute aux exigences de performance énergétique du bâtiment. Anticipez ce traitement dès la conception, pour le confort des riverains.",False,,,"CLIMATIQUE EMERGENCES • Les éléments techniques extérieurs liés au bâtiment (centrales de traitement d’air, unités extérieures de pompes à chaleur, unités de climatisation…) devront être traités ACOUSTIQUES de manière à limiter l’émergence acoustique. 37 KURTZENHOUSE","…elles : des ÉCONOMIES D’ÉNERGIE constructions bien orientées - bénéficiant d’apports solaires gratuits en hiver et protégées du rayonnement solaire direct en été -, compactes, très isolées, mettant en ET L’ADAPTATION oeuvre des systèmes énergétiques efficaces et utilisant les énergies renouvelables. CLIMATIQUE EMERGENCES • Les éléments techniques extérieurs liés au bâtiment (centrales de traitement d’air, unités extérieures de pompes à chaleur, unités de climatisation…) devront être traités ACOUSTIQUES de manière à limiter l’émergence acoustique. 37 KURTZENHOUSE PPRRAAGGMMAA traiteMent environneMental a n6 rticle et paysager des espaces N6 BIODIVERSITÉ Ensemble • Dans les sites identifiés au plan de zonage au titre de l’article L.151-23 du code de l’urbanisme, de la ZONE N la gestion des espaces doit être réalisée de manière à garantir la préservation et la…","Le passage impose que les équipements techniques extérieurs des bâtiments (climatisation, pompes à chaleur, etc.) soient traités pour limiter l'émergence acoustique. C'est une règle autonome de lutte contre le bruit liée à la construction de bâtiments, applicable de manière générale sans zone spécifique mentionnée.",https://www.geoportail-urbanisme.gouv.fr/api/document/d9f1902e01d10dfb16b87041193ba1c5/files/67252_reglement_20250623.pdf,Article AU5,lutte_bruit_existant
363,df3f10e0d71211fc007fed1d5a595587,1_67433_reglement_20260720.pdf,"En zone Ub, à la limite avec la zone Ux2, les clôtures doivent limiter les nuisances sonores liées aux activités voisines. Elles peuvent être constituées :
- d'un mur plein enduit,
- ou de tout autre matériau réduisant efficacement le bruit.
Pensez à ce traitement acoustique dès la conception de votre clôture, pour le confort des futurs occupants.",False,,,elles peuvent être constituées d’un mur plein enduit ou de tout autre matériau permettant la réduction des nuisances sonores liées aux activités,"…limitée à 2 mètres, sous réserve de ne pas entraver la visibilité depuis la voie publique. Qu’elles soient sur limite d’emprise publique ou sur limite séparative, elles devront être constituées de grilles ou de grillages sombres, pouvant être doublées d’une haie vive et accompagnées d’un mur bahut. elles peuvent être constituées d’un mur plein enduit ou de tout autre matériau permettant la réduction des nuisances sonores liées aux activités - qu’en toiture inclinée, ils soient implantés dans le(s) plan(s) de la toiture, ou parallèle à ce(s) plan(s) et n’en débordent pas. Ils peuvent également être autorisés en façade à condition d’être implantés - soit de manière symétrique par rapport à la façade ; - soit dans la continuité des rythme…","Le passage prescrit que les clôtures implantées en limite avec la zone Ub peuvent être constituées d'un mur plein ou d'un matériau permettant la réduction des nuisances sonores liées aux activités (probablement de la zone Ux). Il s'agit d'une règle autonome de traitement du bruit à la source par des dispositifs de clôture, distincte du classement sonore des voies ou du PEB, et applicable spécifiquement à la limite entre les zones Ux et Ub.",https://www.geoportail-urbanisme.gouv.fr/api/document/df3f10e0d71211fc007fed1d5a595587/files/67433_reglement_20260720.pdf,Article 11,lutte_bruit_existant
260,fc6bee104103d89651e5a0410d49cd49,13_67443_reglement_20200303.pdf,"Dans la zone 1AUh, les équipements techniques extérieurs liés au bâtiment doivent être traités pour limiter l'émergence acoustique. Sont notamment concernés :
- les centrales de traitement d'air,
- les unités extérieures de pompes à chaleur,
- les unités de climatisation,
- les pompes de traitement des eaux de piscine.
Anticipez ce traitement acoustique dès la conception de votre projet, pour le confort des futurs résidents et du voisinage.",False,,,"extérieures de pompes à chaleur, unités de climatisation, pompe de traitements des eaux ACOUSTIQUES de piscine, etc) devront être traités de manière à limiter l’émergence acoustique. 5","…es, rehaussement de couverture pour isolation thermique, sont autorisés en CLIMATIQUE saillies des toitures à condition que leur volumétrie s’insère harmonieusement dans le cadre bâti environnant. EMERGENCES • Les éléments techniques extérieurs liés au bâtiment (centrales de traitement d’air, unités extérieures de pompes à chaleur, unités de climatisation, pompe de traitements des eaux ACOUSTIQUES de piscine, etc) devront être traités de manière à limiter l’émergence acoustique. 5 PPRRAAGGMMAA","La règle impose de traiter les équipements techniques extérieurs (climatisation, pompes à chaleur, etc.) liés aux bâtiments afin de limiter l'émergence acoustique. C'est une prescription autonome concernant les constructions, dans le périmètre de diagBruit, sans lien avec le classement sonore ou le PEB.",https://www.geoportail-urbanisme.gouv.fr/api/document/fc6bee104103d89651e5a0410d49cd49/files/67443_reglement_20200303.pdf,Article Au4,autre
364,fc6bee104103d89651e5a0410d49cd49,17_67443_reglement_20200303.pdf,"En zone A, les équipements techniques extérieurs liés au bâtiment doivent être traités pour limiter leur émergence acoustique. Sont concernés notamment : les centrales de traitement d'air, les unités extérieures de pompes à chaleur, les unités de climatisation, les pompes de traitement des eaux de piscine. Anticipez ce traitement acoustique dès la conception de votre projet.",False,,,"ZONE A CONSTRUCTIONS des hangars et d’un usage obligatoire pour la réalisation des abris de pâture. CLIMATIQUE EMERGENCES • Les éléments techniques extérieurs liés au bâtiment (centrales de traitement d’air, unités AMÉNAGEMENTS • Seules sont admises les clôtures précaires nécessaires à l’exploitation agricole ou celles rendues ACOUSTIQUES extérieures de pompes à chaleur, unités de climatisation, pompe de traitements des eaux de","…uction en pente, ce seuil est ramené D’ÉNERGIE ET énergétiques efficaces et utilisant les énergies renouvelables. de la DES à 0,5 mètre côté amont, mais peut être dépassé côté aval. L’ADAPTATION • Dans un objectif à la fois paysager et d’éco-construction, le bois sera privilégié dans la construction ZONE A CONSTRUCTIONS des hangars et d’un usage obligatoire pour la réalisation des abris de pâture. CLIMATIQUE EMERGENCES • Les éléments techniques extérieurs liés au bâtiment (centrales de traitement d’air, unités AMÉNAGEMENTS • Seules sont admises les clôtures précaires nécessaires à l’exploitation agricole ou celles rendues ACOUSTIQUES extérieures de pompes à chaleur, unités de climatisation, pompe de traitements des eaux de DES CLÔTURES indispensables pour des motifs de sécurité. Dans ce dernier cas, elles doivent être constituées piscine, etc) devront être traités de manière à limiter l’émergence acoustique. d’une haie vive à feuillage caduc, pouvant, le cas échéant, être doublé d’un grillage posé coté ET DES ABORDS i…","Le passage prescrit que les éléments techniques extérieurs liés au bâtiment (climatisation, pompes à chaleur, traitement des eaux de piscine, etc.) soient traités pour limiter l'émergence acoustique en zone A. Il s'agit d'une règle autonome liée au bruit des équipements de bâtiments, dans le périmètre diagBruit, applicable à une zone réglementaire spécifique (zone A - agricole).",https://www.geoportail-urbanisme.gouv.fr/api/document/fc6bee104103d89651e5a0410d49cd49/files/67443_reglement_20200303.pdf,Article Au6,autre
365,fc6bee104103d89651e5a0410d49cd49,1_67443_reglement_20200303.pdf,"Dans le secteur Uc1, des nuisances notamment sonores et olfactives sont associées à certains équipements et activités (équipements d'intérêt collectif et services publics, commerce de détail, restauration, activités de services). Une implantation en retrait de l'emprise publique est requise pour ces constructions, en raison de risques accrus pour la salubrité et la sécurité publique. Vérifiez la nature de votre projet au regard de cette prescription avant toute implantation.",False,,,"(notamment sonores et olfactives) •aux équipements d'intérêt l’alignement à l’emprise publique peut se substituer à la construction en limite. Dans ce cas, l’ouverture d’entrée de hauteur inférieure ou égale à celle du bâtiment agrandi. SECTEUR pour le voisinage, ainsi que des collectif et services publics. propriété ne peut excéder une largeur de 4 mètres et les constructions peuvent être implantées sans contrainte de","…is pour le débord des significative des nuisances destinés : comprise entre 2,5 mètre et 3,5 mètres (hauteur maximale portée à 4,5 mètres pour la réalisation de porches) marquant gouttières caractéristique des passages usuellement nommé Schlupf), ceci sur une longueur maximale de 5 mètres et sur une (notamment sonores et olfactives) •aux équipements d'intérêt l’alignement à l’emprise publique peut se substituer à la construction en limite. Dans ce cas, l’ouverture d’entrée de hauteur inférieure ou égale à celle du bâtiment agrandi. SECTEUR pour le voisinage, ainsi que des collectif et services publics. propriété ne peut excéder une largeur de 4 mètres et les constructions peuvent être implantées sans contrainte de Uc1 risques accrus pour la salubrité et la •Commerce de détail, restauration, distance par rapport à l’emprise publique. sécurité publique. activités de services où s'effectue ‣ Dans le cas d’une construction comportant un décroché, seul un minimum de 50% de la façade sur rue doit respecter les l'ac…","Le passage mentionne des nuisances 'notamment sonores et olfactives' pour justifier l'implantation en retrait des équipements d'intérêt collectif et services publics, commerces, restauration et activités de service dans le secteur Uc1, en raison de risques accrus pour la salubrité et sécurité publique. C'est une règle d'urbanisme (implantation des bâtiments) liée au bruit, mais le texte est très fragmenté et la formulation exacte de la contrainte reste peu claire.",https://www.geoportail-urbanisme.gouv.fr/api/document/fc6bee104103d89651e5a0410d49cd49/files/67443_reglement_20200303.pdf,page 16,lutte_bruit_existant
366,fc6bee104103d89651e5a0410d49cd49,1_67443_reglement_20200303.pdf__2,"Le texte est fragmentaire à cet endroit et ne permet pas d'identifier clairement la contrainte d'implantation applicable. Pour connaître précisément les règles d'implantation liées aux nuisances sonores et olfactives en secteur Uc1/Uc2, vérifiez le règlement complet page 16 ou rapprochez-vous du service urbanisme compétent.",False,,,"(notamment sonores et olfactives) •aux équipements d'intérêt l’alignement à l’emprise publique peut se substituer à la construction en limite. Dans ce cas, l’ouverture d’entrée de hauteur inférieure ou égale à celle du bâtiment agrandi. SECTEUR pour le voisinage, ainsi que des collectif et services publics. propriété ne peut excéder une largeur de 4 mètres et les constructions peuvent être implantées sans contrainte de","…is pour le débord des significative des nuisances destinés : comprise entre 2,5 mètre et 3,5 mètres (hauteur maximale portée à 4,5 mètres pour la réalisation de porches) marquant gouttières caractéristique des passages usuellement nommé Schlupf), ceci sur une longueur maximale de 5 mètres et sur une (notamment sonores et olfactives) •aux équipements d'intérêt l’alignement à l’emprise publique peut se substituer à la construction en limite. Dans ce cas, l’ouverture d’entrée de hauteur inférieure ou égale à celle du bâtiment agrandi. SECTEUR pour le voisinage, ainsi que des collectif et services publics. propriété ne peut excéder une largeur de 4 mètres et les constructions peuvent être implantées sans contrainte de Uc1 risques accrus pour la salubrité et la •Commerce de détail, restauration, distance par rapport à l’emprise publique. sécurité publique. activités de services où s'effectue ‣ Dans le cas d’une construction comportant un décroché, seul un minimum de 50% de la façade sur rue doit respecter les l'ac…","Le passage mentionne des nuisances 'notamment sonores et olfactives' pour justifier l'implantation en retrait des équipements d'intérêt collectif et services publics, commerces, restauration et activités de service dans le secteur Uc1, en raison de risques accrus pour la salubrité et sécurité publique. C'est une règle d'urbanisme (implantation des bâtiments) liée au bruit, mais le texte est très fragmenté et la formulation exacte de la contrainte reste peu claire.",https://www.geoportail-urbanisme.gouv.fr/api/document/fc6bee104103d89651e5a0410d49cd49/files/67443_reglement_20200303.pdf,page 16,lutte_bruit_existant
367,fc6bee104103d89651e5a0410d49cd49,1_67443_reglement_20200303.pdf__3,"Le texte source étant trop fragmenté sur ce point, la règle précise d'implantation applicable en secteur Uh ne peut pas être résumée de manière fiable ici. Reportez-vous directement à la page 16 du règlement écrit pour connaître les dispositions exactes concernant l'implantation des constructions et les nuisances mentionnées (notamment sonores et olfactives).",False,,,"(notamment sonores et olfactives) •aux équipements d'intérêt l’alignement à l’emprise publique peut se substituer à la construction en limite. Dans ce cas, l’ouverture d’entrée de hauteur inférieure ou égale à celle du bâtiment agrandi. SECTEUR pour le voisinage, ainsi que des collectif et services publics. propriété ne peut excéder une largeur de 4 mètres et les constructions peuvent être implantées sans contrainte de","…is pour le débord des significative des nuisances destinés : comprise entre 2,5 mètre et 3,5 mètres (hauteur maximale portée à 4,5 mètres pour la réalisation de porches) marquant gouttières caractéristique des passages usuellement nommé Schlupf), ceci sur une longueur maximale de 5 mètres et sur une (notamment sonores et olfactives) •aux équipements d'intérêt l’alignement à l’emprise publique peut se substituer à la construction en limite. Dans ce cas, l’ouverture d’entrée de hauteur inférieure ou égale à celle du bâtiment agrandi. SECTEUR pour le voisinage, ainsi que des collectif et services publics. propriété ne peut excéder une largeur de 4 mètres et les constructions peuvent être implantées sans contrainte de Uc1 risques accrus pour la salubrité et la •Commerce de détail, restauration, distance par rapport à l’emprise publique. sécurité publique. activités de services où s'effectue ‣ Dans le cas d’une construction comportant un décroché, seul un minimum de 50% de la façade sur rue doit respecter les l'ac…","Le passage mentionne des nuisances 'notamment sonores et olfactives' pour justifier l'implantation en retrait des équipements d'intérêt collectif et services publics, commerces, restauration et activités de service dans le secteur Uc1, en raison de risques accrus pour la salubrité et sécurité publique. C'est une règle d'urbanisme (implantation des bâtiments) liée au bruit, mais le texte est très fragmenté et la formulation exacte de la contrainte reste peu claire.",https://www.geoportail-urbanisme.gouv.fr/api/document/fc6bee104103d89651e5a0410d49cd49/files/67443_reglement_20200303.pdf,page 16,lutte_bruit_existant
368,fc6bee104103d89651e5a0410d49cd49,1_67443_reglement_20200303.pdf__4,"Le texte réglementaire disponible pour le secteur Uc1 est fragmenté à cet endroit et ne permet pas de reconstituer clairement la règle d'implantation applicable aux équipements d'intérêt collectif, services publics et activités commerciales. Il est fait mention de nuisances notamment sonores et olfactives, ainsi que de risques accrus pour la salubrité et la sécurité publique, justifiant une contrainte d'implantation par rapport à l'emprise publique. Reportez-vous au règlement écrit (page 16) pour vérifier précisément la distance ou les conditions d'implantation exigées avant de finaliser votre projet.",False,,,"(notamment sonores et olfactives) •aux équipements d'intérêt l’alignement à l’emprise publique peut se substituer à la construction en limite. Dans ce cas, l’ouverture d’entrée de hauteur inférieure ou égale à celle du bâtiment agrandi. SECTEUR pour le voisinage, ainsi que des collectif et services publics. propriété ne peut excéder une largeur de 4 mètres et les constructions peuvent être implantées sans contrainte de","…is pour le débord des significative des nuisances destinés : comprise entre 2,5 mètre et 3,5 mètres (hauteur maximale portée à 4,5 mètres pour la réalisation de porches) marquant gouttières caractéristique des passages usuellement nommé Schlupf), ceci sur une longueur maximale de 5 mètres et sur une (notamment sonores et olfactives) •aux équipements d'intérêt l’alignement à l’emprise publique peut se substituer à la construction en limite. Dans ce cas, l’ouverture d’entrée de hauteur inférieure ou égale à celle du bâtiment agrandi. SECTEUR pour le voisinage, ainsi que des collectif et services publics. propriété ne peut excéder une largeur de 4 mètres et les constructions peuvent être implantées sans contrainte de Uc1 risques accrus pour la salubrité et la •Commerce de détail, restauration, distance par rapport à l’emprise publique. sécurité publique. activités de services où s'effectue ‣ Dans le cas d’une construction comportant un décroché, seul un minimum de 50% de la façade sur rue doit respecter les l'ac…","Le passage mentionne des nuisances 'notamment sonores et olfactives' pour justifier l'implantation en retrait des équipements d'intérêt collectif et services publics, commerces, restauration et activités de service dans le secteur Uc1, en raison de risques accrus pour la salubrité et sécurité publique. C'est une règle d'urbanisme (implantation des bâtiments) liée au bruit, mais le texte est très fragmenté et la formulation exacte de la contrainte reste peu claire.",https://www.geoportail-urbanisme.gouv.fr/api/document/fc6bee104103d89651e5a0410d49cd49/files/67443_reglement_20200303.pdf,page 16,lutte_bruit_existant
369,fc6bee104103d89651e5a0410d49cd49,1_67443_reglement_20200303.pdf__5,"Le texte concernant ce secteur est fragmentaire, mais il mentionne des nuisances notamment sonores et olfactives pour justifier des règles d'implantation spécifiques aux équipements d'intérêt collectif, services publics, commerces et activités de service. Ces règles visent à limiter les risques pour la salubrité et la sécurité publique. Rapprochez-vous du service urbanisme pour connaître précisément les distances d'implantation applicables à votre projet.",False,,,"(notamment sonores et olfactives) •aux équipements d'intérêt l’alignement à l’emprise publique peut se substituer à la construction en limite. Dans ce cas, l’ouverture d’entrée de hauteur inférieure ou égale à celle du bâtiment agrandi. SECTEUR pour le voisinage, ainsi que des collectif et services publics. propriété ne peut excéder une largeur de 4 mètres et les constructions peuvent être implantées sans contrainte de","…is pour le débord des significative des nuisances destinés : comprise entre 2,5 mètre et 3,5 mètres (hauteur maximale portée à 4,5 mètres pour la réalisation de porches) marquant gouttières caractéristique des passages usuellement nommé Schlupf), ceci sur une longueur maximale de 5 mètres et sur une (notamment sonores et olfactives) •aux équipements d'intérêt l’alignement à l’emprise publique peut se substituer à la construction en limite. Dans ce cas, l’ouverture d’entrée de hauteur inférieure ou égale à celle du bâtiment agrandi. SECTEUR pour le voisinage, ainsi que des collectif et services publics. propriété ne peut excéder une largeur de 4 mètres et les constructions peuvent être implantées sans contrainte de Uc1 risques accrus pour la salubrité et la •Commerce de détail, restauration, distance par rapport à l’emprise publique. sécurité publique. activités de services où s'effectue ‣ Dans le cas d’une construction comportant un décroché, seul un minimum de 50% de la façade sur rue doit respecter les l'ac…","Le passage mentionne des nuisances 'notamment sonores et olfactives' pour justifier l'implantation en retrait des équipements d'intérêt collectif et services publics, commerces, restauration et activités de service dans le secteur Uc1, en raison de risques accrus pour la salubrité et sécurité publique. C'est une règle d'urbanisme (implantation des bâtiments) liée au bruit, mais le texte est très fragmenté et la formulation exacte de la contrainte reste peu claire.",https://www.geoportail-urbanisme.gouv.fr/api/document/fc6bee104103d89651e5a0410d49cd49/files/67443_reglement_20200303.pdf,page 16,lutte_bruit_existant
370,fc6bee104103d89651e5a0410d49cd49,1_67443_reglement_20200303.pdf__6,"Le texte source relatif à cette zone est trop fragmenté pour permettre un résumé fiable de la règle d'implantation concernée. Il évoque des nuisances notamment sonores et olfactives en lien avec certains équipements et activités, mais la formulation exacte de la prescription ne peut être établie avec certitude. Consultez le règlement écrit, page 16, secteur Uep, pour connaître précisément vos obligations d'implantation.",False,,,"(notamment sonores et olfactives) •aux équipements d'intérêt l’alignement à l’emprise publique peut se substituer à la construction en limite. Dans ce cas, l’ouverture d’entrée de hauteur inférieure ou égale à celle du bâtiment agrandi. SECTEUR pour le voisinage, ainsi que des collectif et services publics. propriété ne peut excéder une largeur de 4 mètres et les constructions peuvent être implantées sans contrainte de","…is pour le débord des significative des nuisances destinés : comprise entre 2,5 mètre et 3,5 mètres (hauteur maximale portée à 4,5 mètres pour la réalisation de porches) marquant gouttières caractéristique des passages usuellement nommé Schlupf), ceci sur une longueur maximale de 5 mètres et sur une (notamment sonores et olfactives) •aux équipements d'intérêt l’alignement à l’emprise publique peut se substituer à la construction en limite. Dans ce cas, l’ouverture d’entrée de hauteur inférieure ou égale à celle du bâtiment agrandi. SECTEUR pour le voisinage, ainsi que des collectif et services publics. propriété ne peut excéder une largeur de 4 mètres et les constructions peuvent être implantées sans contrainte de Uc1 risques accrus pour la salubrité et la •Commerce de détail, restauration, distance par rapport à l’emprise publique. sécurité publique. activités de services où s'effectue ‣ Dans le cas d’une construction comportant un décroché, seul un minimum de 50% de la façade sur rue doit respecter les l'ac…","Le passage mentionne des nuisances 'notamment sonores et olfactives' pour justifier l'implantation en retrait des équipements d'intérêt collectif et services publics, commerces, restauration et activités de service dans le secteur Uc1, en raison de risques accrus pour la salubrité et sécurité publique. C'est une règle d'urbanisme (implantation des bâtiments) liée au bruit, mais le texte est très fragmenté et la formulation exacte de la contrainte reste peu claire.",https://www.geoportail-urbanisme.gouv.fr/api/document/fc6bee104103d89651e5a0410d49cd49/files/67443_reglement_20200303.pdf,page 16,lutte_bruit_existant
261,fc6bee104103d89651e5a0410d49cd49,23_67443_reglement_20200303.pdf,"En zone N, les équipements techniques extérieurs des bâtiments neufs (centrales de traitement d'air, unités extérieures de pompes à chaleur, unités de climatisation) doivent être traités pour limiter leur émergence acoustique. Anticipez ce traitement dès le choix et l'implantation de ces équipements, pour le confort de vos futurs résidents et du voisinage.",False,,,"bâtiments neufs : des constructions bien orientées - bénéficiant d’apports ÉCONOMES D’ÉNERGIE RT solaires gratuits en hiver et protégées du rayonnement solaire direct en été -, L’ADAPTATION CLIMATIQUE compactes, très isolées, mettant en oeuvre des systèmes énergétiques efficaces et utilisant les énergies renouvelables. • Les éléments techniques extérieurs liés au bâtiment (centrales de traitement EMERGENCES ACOUSTIQUES d’air, unités extérieures de pompes à chaleur, unités de climatisation…) devr…","…ments, un projet d’intégration paysagère à ESSENCES VÉGÉTALES partir d’implantation d’arbres à hautes tiges ou de haies vives, composées ZONE N d’essences champêtres (feuillus et fruitiers), sera exigé. DISPOSITIFS FAVORISANT LES • La conception bioclimatique est recommandée pour la construction des bâtiments neufs : des constructions bien orientées - bénéficiant d’apports ÉCONOMES D’ÉNERGIE RT solaires gratuits en hiver et protégées du rayonnement solaire direct en été -, L’ADAPTATION CLIMATIQUE compactes, très isolées, mettant en oeuvre des systèmes énergétiques efficaces et utilisant les énergies renouvelables. • Les éléments techniques extérieurs liés au bâtiment (centrales de traitement EMERGENCES ACOUSTIQUES d’air, unités extérieures de pompes à chaleur, unités de climatisation…) devr… être traités de manière à limiter l’émergence acoustique. 39 SCHEIBENHARD 11 11","Le passage impose que les équipements techniques extérieurs des bâtiments (climatisation, pompes à chaleur, traitement d'air) soient traités pour limiter l'émergence acoustique. C'est une règle autonome de construction liée au bruit, applicable aux constructions neuves de la zone N, sans lien avec le classement sonore ou le PEB.",https://www.geoportail-urbanisme.gouv.fr/api/document/fc6bee104103d89651e5a0410d49cd49/files/67443_reglement_20200303.pdf,Article Au6,lutte_bruit_existant
262,fc6bee104103d89651e5a0410d49cd49,6_67443_reglement_20200303.pdf,"Dans cette zone, les équipements techniques extérieurs liés au bâtiment (climatisation, pompe à chaleur, traitement d'air, pompe de piscine, etc.) doivent être traités pour limiter leur émergence acoustique. Anticipez le choix et l'implantation de ces équipements dès la conception, pour le confort de vos futurs résidents et de leur voisinage.",False,,,"couverture pour isolation thermique, sont autorisés en saillies des toitures à condition que leur CLIMATIQUE volumétrie s’insère harmonieusement dans le cadre bâti environnant. EMERGENCES • Les éléments techniques extérieurs liés au bâtiment (centrales de traitement d’air, unités extérieures de pompes à chaleur, unités de climatisation, pompe de traitements des eaux de piscine, etc) 19 ACOUSTIQUES SCHEIBENHARD devront être traités de manière à limiter l’émergence acoustique.","…tèmes ÉCONOMIES énergétiques efficaces et utilisant les énergies renouvelables. D’ÉNERGIE ET • Les dispositifs destinés à économiser de l’énergie ou à produire de l’énergie renouvelable dans les L’ADAPTATION constructions, tels que panneaux solaires, éoliennes, toitures végétalisées, rehaussement de couverture pour isolation thermique, sont autorisés en saillies des toitures à condition que leur CLIMATIQUE volumétrie s’insère harmonieusement dans le cadre bâti environnant. EMERGENCES • Les éléments techniques extérieurs liés au bâtiment (centrales de traitement d’air, unités extérieures de pompes à chaleur, unités de climatisation, pompe de traitements des eaux de piscine, etc) 19 ACOUSTIQUES SCHEIBENHARD devront être traités de manière à limiter l’émergence acoustique. 2","Le passage impose que les équipements techniques extérieurs liés aux bâtiments (climatisation, pompes à chaleur, etc.) soient traités pour limiter leur émergence acoustique. C'est une règle autonome concernant les constructions, distincte du classement sonore ou du PEB, applicable de façon générale sans zone spécifique mentionnée.",https://www.geoportail-urbanisme.gouv.fr/api/document/fc6bee104103d89651e5a0410d49cd49/files/67443_reglement_20200303.pdf,page 21,autre
371,fc6bee104103d89651e5a0410d49cd49,7_67443_reglement_20200303.pdf,"En zone U5, les équipements techniques extérieurs de votre bâtiment (climatisation, pompe à chaleur, traitement d'air, pompe à piscine, etc.) doivent être traités pour limiter le bruit émis. Anticipez ce traitement acoustique dès le choix et l'implantation de ces équipements, pour le confort de vos futurs résidents et du voisinage.",False,,,"couverture pour isolation thermique, sont autorisés en saillies des toitures à condition que leur CLIMATIQUE volumétrie s’insère harmonieusement dans le cadre bâti environnant. EMERGENCES • Les éléments techniques extérieurs liés au bâtiment (centrales de traitement d’air, unités extérieures de pompes à chaleur, unités de climatisation, pompe de traitements des eaux de piscine, etc) 20 ACOUSTIQUES Plan local d’Urbanisdmevero -nt rêtrèeg trlaeitmése dnet manière à limiter l’émergence acoustique.","…tèmes ÉCONOMIES énergétiques efficaces et utilisant les énergies renouvelables. D’ÉNERGIE ET • Les dispositifs destinés à économiser de l’énergie ou à produire de l’énergie renouvelable dans les L’ADAPTATION constructions, tels que panneaux solaires, éoliennes, toitures végétalisées, rehaussement de couverture pour isolation thermique, sont autorisés en saillies des toitures à condition que leur CLIMATIQUE volumétrie s’insère harmonieusement dans le cadre bâti environnant. EMERGENCES • Les éléments techniques extérieurs liés au bâtiment (centrales de traitement d’air, unités extérieures de pompes à chaleur, unités de climatisation, pompe de traitements des eaux de piscine, etc) 20 ACOUSTIQUES Plan local d’Urbanisdmevero -nt rêtrèeg trlaeitmése dnet manière à limiter l’émergence acoustique. 2","Le passage impose que les éléments techniques extérieurs liés au bâtiment (climatisation, pompes à chaleur, etc.) soient traités de manière à limiter l'émergence acoustique. C'est une règle autonome de limitation du bruit émis par les équipements des constructions, relevant directement du périmètre diagBruit, applicable à l'ensemble du zonage du document.",https://www.geoportail-urbanisme.gouv.fr/api/document/fc6bee104103d89651e5a0410d49cd49/files/67443_reglement_20200303.pdf,page 22,lutte_bruit_existant
372,fc6bee104103d89651e5a0410d49cd49,7_67443_reglement_20200303.pdf__2,"En zone AU5, les équipements techniques extérieurs de votre bâtiment (climatisation, pompe à chaleur, traitement d'air, pompe de piscine, etc.) doivent être traités pour limiter le bruit qu'ils émettent. Anticipez ce traitement acoustique dès le choix et l'implantation de ces installations, pour préserver la tranquillité du voisinage.",False,,,"couverture pour isolation thermique, sont autorisés en saillies des toitures à condition que leur CLIMATIQUE volumétrie s’insère harmonieusement dans le cadre bâti environnant. EMERGENCES • Les éléments techniques extérieurs liés au bâtiment (centrales de traitement d’air, unités extérieures de pompes à chaleur, unités de climatisation, pompe de traitements des eaux de piscine, etc) 20 ACOUSTIQUES Plan local d’Urbanisdmevero -nt rêtrèeg trlaeitmése dnet manière à limiter l’émergence acoustique.","…tèmes ÉCONOMIES énergétiques efficaces et utilisant les énergies renouvelables. D’ÉNERGIE ET • Les dispositifs destinés à économiser de l’énergie ou à produire de l’énergie renouvelable dans les L’ADAPTATION constructions, tels que panneaux solaires, éoliennes, toitures végétalisées, rehaussement de couverture pour isolation thermique, sont autorisés en saillies des toitures à condition que leur CLIMATIQUE volumétrie s’insère harmonieusement dans le cadre bâti environnant. EMERGENCES • Les éléments techniques extérieurs liés au bâtiment (centrales de traitement d’air, unités extérieures de pompes à chaleur, unités de climatisation, pompe de traitements des eaux de piscine, etc) 20 ACOUSTIQUES Plan local d’Urbanisdmevero -nt rêtrèeg trlaeitmése dnet manière à limiter l’émergence acoustique. 2","Le passage impose que les éléments techniques extérieurs liés au bâtiment (climatisation, pompes à chaleur, etc.) soient traités de manière à limiter l'émergence acoustique. C'est une règle autonome de limitation du bruit émis par les équipements des constructions, relevant directement du périmètre diagBruit, applicable à l'ensemble du zonage du document.",https://www.geoportail-urbanisme.gouv.fr/api/document/fc6bee104103d89651e5a0410d49cd49/files/67443_reglement_20200303.pdf,page 22,lutte_bruit_existant
374,fc6bee104103d89651e5a0410d49cd49,7_67443_reglement_20200303.pdf__4,"Dans la zone N5, les équipements techniques extérieurs du bâtiment (climatisation, pompes à chaleur, centrales de traitement d'air, pompes de piscine, etc.) doivent être traités pour limiter leur émergence acoustique. Anticipez le choix et l'implantation de ces équipements dès la conception, pour le confort des riverains et des futurs occupants.",False,,,"couverture pour isolation thermique, sont autorisés en saillies des toitures à condition que leur CLIMATIQUE volumétrie s’insère harmonieusement dans le cadre bâti environnant. EMERGENCES • Les éléments techniques extérieurs liés au bâtiment (centrales de traitement d’air, unités extérieures de pompes à chaleur, unités de climatisation, pompe de traitements des eaux de piscine, etc) 20 ACOUSTIQUES Plan local d’Urbanisdmevero -nt rêtrèeg trlaeitmése dnet manière à limiter l’émergence acoustique.","…tèmes ÉCONOMIES énergétiques efficaces et utilisant les énergies renouvelables. D’ÉNERGIE ET • Les dispositifs destinés à économiser de l’énergie ou à produire de l’énergie renouvelable dans les L’ADAPTATION constructions, tels que panneaux solaires, éoliennes, toitures végétalisées, rehaussement de couverture pour isolation thermique, sont autorisés en saillies des toitures à condition que leur CLIMATIQUE volumétrie s’insère harmonieusement dans le cadre bâti environnant. EMERGENCES • Les éléments techniques extérieurs liés au bâtiment (centrales de traitement d’air, unités extérieures de pompes à chaleur, unités de climatisation, pompe de traitements des eaux de piscine, etc) 20 ACOUSTIQUES Plan local d’Urbanisdmevero -nt rêtrèeg trlaeitmése dnet manière à limiter l’émergence acoustique. 2","Le passage impose que les éléments techniques extérieurs liés au bâtiment (climatisation, pompes à chaleur, etc.) soient traités de manière à limiter l'émergence acoustique. C'est une règle autonome de limitation du bruit émis par les équipements des constructions, relevant directement du périmètre diagBruit, applicable à l'ensemble du zonage du document.",https://www.geoportail-urbanisme.gouv.fr/api/document/fc6bee104103d89651e5a0410d49cd49/files/67443_reglement_20200303.pdf,page 22,lutte_bruit_existant
375,fc6bee104103d89651e5a0410d49cd49,9_67443_reglement_20200303.pdf,"Dans le secteur 1AUh, la création, l'extension ou la transformation d'établissements est interdite si elle entraîne une augmentation significative des nuisances pour le voisinage, notamment sonores et olfactives, ainsi que des risques accrus pour la salubrité et la sécurité publique. Des distances d'implantation par rapport aux limites séparatives s'appliquent selon la nature du projet. Vérifiez ce point dès la conception de votre projet pour anticiper d'éventuelles contraintes d'implantation.",False,,,"toute nature - qu’ils comportent ou collectif et services publics. soient inférieures à 100 mètres carrées. voisinage au-moins égale à la hauteur du dit point non des installations classées - s’il divisée par deux. en résulte une augmentation significative des nuisances (notamment sonores et olfactives) pour le voisinage, ainsi que des • L’aménagement du secteur devra être mené dans le cadre d’opération","…s limites séparatives de voisinage. SECTEUR • La création, l’extension ou la •à l’habitat (logement, hébergement) ; constructions ou parties de 1AUh transformation d’établissements de •aux équipements d'intérêt constructions dédiées aux activités - une distance par rapport aux limites séparatives de toute nature - qu’ils comportent ou collectif et services publics. soient inférieures à 100 mètres carrées. voisinage au-moins égale à la hauteur du dit point non des installations classées - s’il divisée par deux. en résulte une augmentation significative des nuisances (notamment sonores et olfactives) pour le voisinage, ainsi que des • L’aménagement du secteur devra être mené dans le cadre d’opération risques accrus pour la salubrité et la d’ensemble sécurité publique. • Cependant, des constructions peuvent être édifiées à moins de 3 mètres des limites séparatives de voisinage selon les modalités présentées ci-contre. Cette disposition ne s’applique pas au droit des secteurs","Le passage évoque une règle limitant l'implantation d'établissements (y compris installations classées) qui entraîneraient une augmentation significative des nuisances sonores et olfactives pour le voisinage, dans le secteur 1AUh. C'est une règle autonome liant urbanisation et nuisances sonores, mais le texte est très fragmenté et difficile à reconstituer précisément (mélange de tableaux et de règles de recul), d'où une confiance limitée.",https://www.geoportail-urbanisme.gouv.fr/api/document/fc6bee104103d89651e5a0410d49cd49/files/67443_reglement_20200303.pdf,Article Au1,lutte_bruit_existant
