nom_commune,code_insee_commune,code_siren_epci,nom_document,nature_document,id_gpu,date_approbation,niveau_couverture,lien_reglement,date_traitement,statut
Achenheim,67001,246700488,Plan Local d'Urbanisme intercommunal (PLUi) EUROMETROPOLE DE STRASBOURG,PLUi,95d3871caefe158c101a466ab9e91c5b,22/05/2026 11:10:48,EPCI,https://www.geoportail-urbanisme.gouv.fr/api/document/95d3871caefe158c101a466ab9e91c5b/files/246700488_reglement_20260206.pdf,2026-08-12,document trouvé
Adamswiller,67002,200067841,,,,,,,2026-08-12,trou de couverture
Albé,67003,246700777,Plan Local d'Urbanisme intercommunal (PLUi) DE LA VALLEE DE VILLE,PLUi,12666ec8d6fb548ead67bc9c63776f94,28/07/2025 11:05:15,EPCI,https://www.geoportail-urbanisme.gouv.fr/api/document/12666ec8d6fb548ead67bc9c63776f94/files/246700777_reglement_20250704.pdf,2026-08-12,document trouvé
Sommerau,67004,200068112,Plan Local d'Urbanisme (PLU) de la commune de SOMMERAU,PLU,412b38543365d415503144f60d56898b,02/06/2025 15:15:25,commune,https://www.geoportail-urbanisme.gouv.fr/api/document/412b38543365d415503144f60d56898b/files/67004_reglement_20250522.pdf,2026-08-12,document trouvé
Alteckendorf,67005,246700959,Plan Local d'Urbanisme intercommunal (PLUi) DU PAYS DE LA ZORN,PLUi,5d8ce7c57a62b3545d243546281d2546,03/08/2026 08:28:16,EPCI,https://www.geoportail-urbanisme.gouv.fr/api/document/5d8ce7c57a62b3545d243546281d2546/files/246700959_reglement_20260716.pdf,2026-08-12,document trouvé
Altenheim,67006,200068112,,,,,,,2026-08-12,trou de couverture
Altorf,67008,246701064,Plan Local d'Urbanisme (PLU) de la commune de ALTORF,PLU,20a61be30f5ddb32c595001f8ac12cc9,16/06/2025 15:33:12,commune,https://www.geoportail-urbanisme.gouv.fr/api/document/20a61be30f5ddb32c595001f8ac12cc9/files/67008_reglement_20250519.pdf,2026-08-12,document trouvé
Altwiller,67009,200067841,Carte Communale (CC) de la commune de ALTWILLER,CC,61b754234cdd428427297015327ce5cb,16/07/2019 11:48:22,commune,,2026-08-12,document trouvé
Andlau,67010,200034270,Plan Local d'Urbanisme intercommunal (PLUi) DU PAYS DE BARR,PLUi,d5d57b13334e4b7e4e0bbc3ca70df84f,16/01/2025 15:04:28,EPCI,https://www.geoportail-urbanisme.gouv.fr/api/document/d5d57b13334e4b7e4e0bbc3ca70df84f/files/200034270_reglement_20250107.pdf,2026-08-12,document trouvé
Artolsheim,67011,200030526,,,,,,,2026-08-12,trou de couverture
Aschbach,67012,200040178,Plan Local d'Urbanisme intercommunal (PLUi) DE L'OUTRE-FORET partie A,PLUi,284928e1449906994f1323c4fc818562,23/07/2026 09:49:19,EPCI,https://www.geoportail-urbanisme.gouv.fr/api/document/284928e1449906994f1323c4fc818562/files/200040178_reglement_20260629_A.pdf,2026-08-12,document trouvé
Asswiller,67013,200067841,,,,,,,2026-08-12,RNU confirmé
Avolsheim,67016,246701064,Plan Local d'Urbanisme (PLU) de la commune de AVOLSHEIM,PLU,813f994f377516c2348dce42f32bca39,02/04/2024 17:38:51,commune,https://www.geoportail-urbanisme.gouv.fr/api/document/813f994f377516c2348dce42f32bca39/files/67016_reglement_20240312.pdf,2026-08-12,document trouvé
Baerendorf,67017,200067841,Carte Communale (CC) de la commune de BAERENDORF,CC,401cd895db72aac988fd5d9b6d4fb738,08/02/2022 09:22:27,commune,,2026-08-12,document trouvé
Balbronn,67018,200068864,,,,,,,2026-08-12,trou de couverture
Baldenheim,67019,246700967,Plan Local d'Urbanisme (PLU) de la commune de BALDENHEIM,PLU,f99c666b1a03a166c7d8e745bb895fe9,11/07/2023 16:35:49,commune,https://www.geoportail-urbanisme.gouv.fr/api/document/f99c666b1a03a166c7d8e745bb895fe9/files/67019_reglement_20230525.pdf,2026-08-12,document trouvé
Barembach,67020,246700306,Plan Local d'Urbanisme (PLU) de la commune de BAREMBACH,PLU,fdc72623e276646f5d15a0627ebe2bee,07/12/2020 14:15:52,commune,https://www.geoportail-urbanisme.gouv.fr/api/document/fdc72623e276646f5d15a0627ebe2bee/files/67020_reglement_20201029.pdf,2026-08-12,document trouvé
Barr,67021,200034270,Plan Local d'Urbanisme intercommunal (PLUi) DU PAYS DE BARR,PLUi,d5d57b13334e4b7e4e0bbc3ca70df84f,16/01/2025 15:04:28,EPCI,https://www.geoportail-urbanisme.gouv.fr/api/document/d5d57b13334e4b7e4e0bbc3ca70df84f/files/200034270_reglement_20250107.pdf,2026-08-12,document trouvé
Bassemberg,67022,246700777,Plan Local d'Urbanisme intercommunal (PLUi) DE LA VALLEE DE VILLE,PLUi,12666ec8d6fb548ead67bc9c63776f94,28/07/2025 11:05:15,EPCI,https://www.geoportail-urbanisme.gouv.fr/api/document/12666ec8d6fb548ead67bc9c63776f94/files/246700777_reglement_20250704.pdf,2026-08-12,document trouvé
Batzendorf,67023,200067874,Plan Local d'Urbanisme intercommunal (PLUi) DE HAGUENAU,PLUi,171518c6d5441a4ad41c30cf32dbe4ca,05/05/2026 12:19:47,EPCI,https://www.geoportail-urbanisme.gouv.fr/api/document/171518c6d5441a4ad41c30cf32dbe4ca/files/200067874_reglement_20260427.pdf,2026-08-12,document trouvé
Beinheim,67025,200041283,Plan Local d'Urbanisme (PLU) de la commune de BEINHEIM,PLU,97f82206998e6053cdd813a283e12fa7,16/03/2026 16:31:06,commune,https://www.geoportail-urbanisme.gouv.fr/api/document/97f82206998e6053cdd813a283e12fa7/files/67025_reglement_20260305.pdf,2026-08-12,document trouvé
Bellefosse,67026,246700306,,,,,,,2026-08-12,RNU confirmé
Belmont,67027,246700306,,,,,,,2026-08-12,RNU confirmé
Benfeld,67028,200067924,Plan Local d'Urbanisme (PLU) de la commune de BENFELD,PLU,916b975c09a5ae9e3b9a2efb5859303d,16/07/2024 08:15:23,commune,https://www.geoportail-urbanisme.gouv.fr/api/document/916b975c09a5ae9e3b9a2efb5859303d/files/67028_reglement_20240703.pdf,2026-08-12,document trouvé
Berg,67029,200067841,,,,,,,2026-08-12,trou de couverture
Bergbieten,67030,200068864,,,,,,,2026-08-12,trou de couverture
Bernardswiller,67031,246701080,Plan Local d'Urbanisme (PLU) de la commune de BERNARDSWILLER,PLU,d75c4bfff8833530a5df735561dca24c,15/11/2023 10:41:28,commune,https://www.geoportail-urbanisme.gouv.fr/api/document/d75c4bfff8833530a5df735561dca24c/files/67031_reglement_20191217.pdf,2026-08-12,document trouvé
Bernardvillé,67032,200034270,Plan Local d'Urbanisme intercommunal (PLUi) DU PAYS DE BARR,PLUi,d5d57b13334e4b7e4e0bbc3ca70df84f,16/01/2025 15:04:28,EPCI,https://www.geoportail-urbanisme.gouv.fr/api/document/d5d57b13334e4b7e4e0bbc3ca70df84f/files/200034270_reglement_20250107.pdf,2026-08-12,document trouvé
Bernolsheim,67033,200067874,Plan Local d'Urbanisme intercommunal (PLUi) DE HAGUENAU,PLUi,171518c6d5441a4ad41c30cf32dbe4ca,05/05/2026 12:19:47,EPCI,https://www.geoportail-urbanisme.gouv.fr/api/document/171518c6d5441a4ad41c30cf32dbe4ca/files/200067874_reglement_20260427.pdf,2026-08-12,document trouvé
Berstett,67034,200034635,Plan Local d'Urbanisme intercommunal (PLUi) DU KOCHERSBERG ET DE L'ACKERLAND,PLUi,274e0297eee8a3b4d7650c9c8d2c950f,03/02/2026 14:11:50,EPCI,https://www.geoportail-urbanisme.gouv.fr/api/document/274e0297eee8a3b4d7650c9c8d2c950f/files/200034635_reglement_20251211.pdf,2026-08-12,document trouvé
Berstheim,67035,200067874,Plan Local d'Urbanisme intercommunal (PLUi) DE HAGUENAU,PLUi,171518c6d5441a4ad41c30cf32dbe4ca,05/05/2026 12:19:47,EPCI,https://www.geoportail-urbanisme.gouv.fr/api/document/171518c6d5441a4ad41c30cf32dbe4ca/files/200067874_reglement_20260427.pdf,2026-08-12,document trouvé
Bettwiller,67036,200067841,,,,,,,2026-08-12,trou de couverture
Biblisheim,67037,200013050,,,,,,,2026-08-12,trou de couverture
Bietlenheim,67038,246700843,,,,,,,2026-08-12,RNU confirmé
Bilwisheim,67039,200067874,Plan Local d'Urbanisme intercommunal (PLUi) DE HAGUENAU,PLUi,171518c6d5441a4ad41c30cf32dbe4ca,05/05/2026 12:19:47,EPCI,https://www.geoportail-urbanisme.gouv.fr/api/document/171518c6d5441a4ad41c30cf32dbe4ca/files/200067874_reglement_20260427.pdf,2026-08-12,document trouvé
Bindernheim,67040,200030526,Carte Communale (CC) de la commune de BINDERNHEIM,CC,221cba9a6ad9381896e533ada715003c,07/10/2021 16:28:57,commune,,2026-08-12,document trouvé
Bischheim,67043,246700488,Plan Local d'Urbanisme intercommunal (PLUi) EUROMETROPOLE DE STRASBOURG,PLUi,95d3871caefe158c101a466ab9e91c5b,22/05/2026 11:10:48,EPCI,https://www.geoportail-urbanisme.gouv.fr/api/document/95d3871caefe158c101a466ab9e91c5b/files/246700488_reglement_20260206.pdf,2026-08-12,document trouvé
Bischholtz,67044,200067783,Plan Local d'Urbanisme intercommunal (PLUi) DE HANAU-LA PETITE PIERRE partie A,PLUi,ed7dc9c81a38e442eb1ff778ba9be0a2,06/02/2026 15:28:13,EPCI,https://www.geoportail-urbanisme.gouv.fr/api/document/ed7dc9c81a38e442eb1ff778ba9be0a2/files/200067783_reglement_20260202_A.pdf,2026-08-12,document trouvé
Bischoffsheim,67045,246700744,Plan Local d'Urbanisme (PLU) de la commune de BISCHOFFSHEIM,PLU,70fe46752c08fc68eb2f95c554562007,23/09/2025 10:04:55,commune,https://www.geoportail-urbanisme.gouv.fr/api/document/70fe46752c08fc68eb2f95c554562007/files/67045_reglement_20250908.pdf,2026-08-12,document trouvé
Bischwiller,67046,200067874,Plan Local d'Urbanisme intercommunal (PLUi) DE HAGUENAU,PLUi,171518c6d5441a4ad41c30cf32dbe4ca,05/05/2026 12:19:47,EPCI,https://www.geoportail-urbanisme.gouv.fr/api/document/171518c6d5441a4ad41c30cf32dbe4ca/files/200067874_reglement_20260427.pdf,2026-08-12,document trouvé
Bissert,67047,200067841,Plan Local d'Urbanisme (PLU) de la commune de BISSERT,PLU,94f9f4e5ec6ea7ea1486a043770a393e,20/01/2026 17:00:57,commune,https://www.geoportail-urbanisme.gouv.fr/api/document/94f9f4e5ec6ea7ea1486a043770a393e/files/67047_reglement_20251217.pdf,2026-08-12,document trouvé
Bitschhoffen,67048,200067874,Plan Local d'Urbanisme intercommunal (PLUi) DE HAGUENAU,PLUi,171518c6d5441a4ad41c30cf32dbe4ca,05/05/2026 12:19:47,EPCI,https://www.geoportail-urbanisme.gouv.fr/api/document/171518c6d5441a4ad41c30cf32dbe4ca/files/200067874_reglement_20260427.pdf,2026-08-12,document trouvé
Blaesheim,67049,246700488,Plan Local d'Urbanisme intercommunal (PLUi) EUROMETROPOLE DE STRASBOURG,PLUi,95d3871caefe158c101a466ab9e91c5b,22/05/2026 11:10:48,EPCI,https://www.geoportail-urbanisme.gouv.fr/api/document/95d3871caefe158c101a466ab9e91c5b/files/246700488_reglement_20260206.pdf,2026-08-12,document trouvé
Blancherupt,67050,246700306,,,,,,,2026-08-12,trou de couverture
Blienschwiller,67051,200034270,Plan Local d'Urbanisme intercommunal (PLUi) DU PAYS DE BARR,PLUi,d5d57b13334e4b7e4e0bbc3ca70df84f,16/01/2025 15:04:28,EPCI,https://www.geoportail-urbanisme.gouv.fr/api/document/d5d57b13334e4b7e4e0bbc3ca70df84f/files/200034270_reglement_20250107.pdf,2026-08-12,document trouvé
Bœrsch,67052,246700744,Plan Local d'Urbanisme (PLU) de la commune de BOERSCH,PLU,a13c1673dd3e753fb6e0466a75a29539,14/10/2024 17:43:14,commune,https://www.geoportail-urbanisme.gouv.fr/api/document/a13c1673dd3e753fb6e0466a75a29539/files/67052_reglement_20240909.pdf,2026-08-12,document trouvé
Bœsenbiesen,67053,200030526,,,,,,,2026-08-12,trou de couverture
Bolsenheim,67054,200067924,,,,,,,2026-08-12,trou de couverture
Boofzheim,67055,200067924,Plan Local d'Urbanisme (PLU) de la commune de BOOFZHEIM,PLU,43a432f0e5b50ad621c6d01bd8d9e8e2,10/06/2025 12:36:49,commune,https://www.geoportail-urbanisme.gouv.fr/api/document/43a432f0e5b50ad621c6d01bd8d9e8e2/files/67055_reglement_20250428.pdf,2026-08-12,document trouvé
Bootzheim,67056,200030526,,,,,,,2026-08-12,trou de couverture
Bosselshausen,67057,200067783,Plan Local d'Urbanisme intercommunal (PLUi) DE HANAU-LA PETITE PIERRE partie A,PLUi,ed7dc9c81a38e442eb1ff778ba9be0a2,06/02/2026 15:28:13,EPCI,https://www.geoportail-urbanisme.gouv.fr/api/document/ed7dc9c81a38e442eb1ff778ba9be0a2/files/200067783_reglement_20260202_A.pdf,2026-08-12,document trouvé
Bossendorf,67058,246700959,Plan Local d'Urbanisme intercommunal (PLUi) DU PAYS DE LA ZORN,PLUi,5d8ce7c57a62b3545d243546281d2546,03/08/2026 08:28:16,EPCI,https://www.geoportail-urbanisme.gouv.fr/api/document/5d8ce7c57a62b3545d243546281d2546/files/246700959_reglement_20260716.pdf,2026-08-12,document trouvé
Bourg-Bruche,67059,246700306,,,,,,,2026-08-12,trou de couverture
Bourgheim,67060,200034270,Plan Local d'Urbanisme intercommunal (PLUi) DU PAYS DE BARR,PLUi,d5d57b13334e4b7e4e0bbc3ca70df84f,16/01/2025 15:04:28,EPCI,https://www.geoportail-urbanisme.gouv.fr/api/document/d5d57b13334e4b7e4e0bbc3ca70df84f/files/200034270_reglement_20250107.pdf,2026-08-12,document trouvé
Bouxwiller,67061,200067783,Plan Local d'Urbanisme intercommunal (PLUi) DE HANAU-LA PETITE PIERRE partie A,PLUi,ed7dc9c81a38e442eb1ff778ba9be0a2,06/02/2026 15:28:13,EPCI,https://www.geoportail-urbanisme.gouv.fr/api/document/ed7dc9c81a38e442eb1ff778ba9be0a2/files/200067783_reglement_20260202_A.pdf,2026-08-12,document trouvé
Breitenau,67062,246700777,Plan Local d'Urbanisme intercommunal (PLUi) DE LA VALLEE DE VILLE,PLUi,12666ec8d6fb548ead67bc9c63776f94,28/07/2025 11:05:15,EPCI,https://www.geoportail-urbanisme.gouv.fr/api/document/12666ec8d6fb548ead67bc9c63776f94/files/246700777_reglement_20250704.pdf,2026-08-12,document trouvé
Breitenbach,67063,246700777,Plan Local d'Urbanisme intercommunal (PLUi) DE LA VALLEE DE VILLE,PLUi,12666ec8d6fb548ead67bc9c63776f94,28/07/2025 11:05:15,EPCI,https://www.geoportail-urbanisme.gouv.fr/api/document/12666ec8d6fb548ead67bc9c63776f94/files/246700777_reglement_20250704.pdf,2026-08-12,document trouvé
Breuschwickersheim,67065,246700488,Plan Local d'Urbanisme intercommunal (PLUi) EUROMETROPOLE DE STRASBOURG,PLUi,95d3871caefe158c101a466ab9e91c5b,22/05/2026 11:10:48,EPCI,https://www.geoportail-urbanisme.gouv.fr/api/document/95d3871caefe158c101a466ab9e91c5b/files/246700488_reglement_20260206.pdf,2026-08-12,document trouvé
La Broque,67066,246700306,,,,,,,2026-08-12,trou de couverture
Brumath,67067,200067874,Plan Local d'Urbanisme intercommunal (PLUi) DE HAGUENAU,PLUi,171518c6d5441a4ad41c30cf32dbe4ca,05/05/2026 12:19:47,EPCI,https://www.geoportail-urbanisme.gouv.fr/api/document/171518c6d5441a4ad41c30cf32dbe4ca/files/200067874_reglement_20260427.pdf,2026-08-12,document trouvé
Buswiller,67068,200067783,Plan Local d'Urbanisme intercommunal (PLUi) DE HANAU-LA PETITE PIERRE partie A,PLUi,ed7dc9c81a38e442eb1ff778ba9be0a2,06/02/2026 15:28:13,EPCI,https://www.geoportail-urbanisme.gouv.fr/api/document/ed7dc9c81a38e442eb1ff778ba9be0a2/files/200067783_reglement_20260202_A.pdf,2026-08-12,document trouvé
Buhl,67069,200041283,,,,,,,2026-08-12,trou de couverture
Burbach,67070,200067841,Carte Communale (CC) de la commune de BURBACH,CC,4f77e2c665e683319c464009ad9fdf14,23/02/2021 19:25:38,commune,,2026-08-12,document trouvé
Bust,67071,200067841,,,,,,,2026-08-12,trou de couverture
Butten,67072,200067841,,,,,,,2026-08-12,trou de couverture
Châtenois,67073,246700967,Plan Local d'Urbanisme (PLU) de la commune de CHATENOIS,PLU,8c7d85e0ce9d2768c89bffdf60120b55,31/10/2023 17:05:43,commune,https://www.geoportail-urbanisme.gouv.fr/api/document/8c7d85e0ce9d2768c89bffdf60120b55/files/67073_reglement_20231012.pdf,2026-08-12,document trouvé
Cleebourg,67074,246700926,Plan Local d'Urbanisme intercommunal (PLUi) DU PAYS DE WISSEMBOURG,PLUi,c2e8753ac76f6b65769ace248d30f1ca,11/06/2026 10:23:33,EPCI,https://www.geoportail-urbanisme.gouv.fr/api/document/c2e8753ac76f6b65769ace248d30f1ca/files/246700926_reglement_20260601.pdf,2026-08-12,document trouvé
Climbach,67075,246700926,Plan Local d'Urbanisme intercommunal (PLUi) DU PAYS DE WISSEMBOURG,PLUi,c2e8753ac76f6b65769ace248d30f1ca,11/06/2026 10:23:33,EPCI,https://www.geoportail-urbanisme.gouv.fr/api/document/c2e8753ac76f6b65769ace248d30f1ca/files/246700926_reglement_20260601.pdf,2026-08-12,document trouvé
Colroy-la-Roche,67076,246700306,Plan Local d'Urbanisme (PLU) de la commune de COLROY-LA-ROCHE,PLU,7ba5c245843c439061a106418e9f4c9b,19/09/2018 09:38:25,commune,https://www.geoportail-urbanisme.gouv.fr/api/document/7ba5c245843c439061a106418e9f4c9b/files/67076_reglement_20170921.pdf,2026-08-12,document trouvé
Cosswiller,67077,200068864,Plan Local d'Urbanisme (PLU) de la commune de COSSWILLER,PLU,5f6131ac79d14ac08617c0cb7e1f9e89,06/02/2025 08:43:08,commune,https://www.geoportail-urbanisme.gouv.fr/api/document/5f6131ac79d14ac08617c0cb7e1f9e89/files/67077_reglement_20250131.pdf,2026-08-12,document trouvé
Crastatt,67078,200068864,,,,,,,2026-08-12,trou de couverture
Crœttwiller,67079,200041283,,,,,,,2026-08-12,trou de couverture
Dachstein,67080,246701064,Plan Local d'Urbanisme (PLU) de la commune de DACHSTEIN,PLU,cdb6d75af2a5bb92b64433525049065f,17/04/2026 09:54:48,commune,https://www.geoportail-urbanisme.gouv.fr/api/document/cdb6d75af2a5bb92b64433525049065f/files/67080_reglement_20260408.pdf,2026-08-12,document trouvé
Dahlenheim,67081,200068864,Plan Local d'Urbanisme (PLU) de la commune de DAHLENHEIM,PLU,0f531a175b4d150cfcabcdfd7a7cb304,12/03/2026 18:45:09,commune,https://www.geoportail-urbanisme.gouv.fr/api/document/0f531a175b4d150cfcabcdfd7a7cb304/files/67081_reglement_20231009.pdf,2026-08-12,document trouvé
Dalhunden,67082,200041325,Plan Local d'Urbanisme intercommunal (PLUi) DU PAYS RHENAN,PLUi,b5ae1da72ed7f5ecf4aa179df33e1076,13/10/2025 09:14:53,EPCI,https://www.geoportail-urbanisme.gouv.fr/api/document/b5ae1da72ed7f5ecf4aa179df33e1076/files/200041325_reglement_20250929.pdf,2026-08-12,document trouvé
Dambach,67083,246701098,Plan Local d'Urbanisme intercommunal (PLUi) DU PAYS DE NIEDERBRONN-LES-BAINS,PLUi,814f136f4faa17f4c90ac5067beb0446,27/05/2026 09:57:26,EPCI,https://www.geoportail-urbanisme.gouv.fr/api/document/814f136f4faa17f4c90ac5067beb0446/files/246701098_reglement_20260518.pdf,2026-08-12,document trouvé
Dambach-la-Ville,67084,200034270,Plan Local d'Urbanisme intercommunal (PLUi) DU PAYS DE BARR,PLUi,d5d57b13334e4b7e4e0bbc3ca70df84f,16/01/2025 15:04:28,EPCI,https://www.geoportail-urbanisme.gouv.fr/api/document/d5d57b13334e4b7e4e0bbc3ca70df84f/files/200034270_reglement_20250107.pdf,2026-08-12,document trouvé
Dangolsheim,67085,200068864,Plan Local d’Urbanisme (PLU) de la commune de DANGOLSHEIM,PLU,09a8b681d6edbd395bc34d72e130cd3d,19/05/2022 11:05:21,commune,https://www.geoportail-urbanisme.gouv.fr/api/document/09a8b681d6edbd395bc34d72e130cd3d/files/67085_reglement_20200609.pdf,2026-08-12,document trouvé
Daubensand,67086,200067924,Plan Local d'Urbanisme (PLU) de la commune de DAUBENSAND,PLU,52a7c80119aa99de78921616630187fa,01/04/2020 15:56:55,commune,https://www.geoportail-urbanisme.gouv.fr/api/document/52a7c80119aa99de78921616630187fa/files/67086_reglement_20200303.pdf,2026-08-12,document trouvé
Dauendorf,67087,200067874,Plan Local d'Urbanisme intercommunal (PLUi) DE HAGUENAU,PLUi,171518c6d5441a4ad41c30cf32dbe4ca,05/05/2026 12:19:47,EPCI,https://www.geoportail-urbanisme.gouv.fr/api/document/171518c6d5441a4ad41c30cf32dbe4ca/files/200067874_reglement_20260427.pdf,2026-08-12,document trouvé
Dehlingen,67088,200067841,,,,,,,2026-08-12,trou de couverture
Dettwiller,67089,200068112,,,,,,,2026-08-12,trou de couverture
Diebolsheim,67090,200067924,Plan Local d’Urbanisme (PLU) de la commune de DIEBOLSHEIM,PLU,1a06170e4506cd77d3a8a1fe53e71015,29/10/2021 10:34:21,commune,https://www.geoportail-urbanisme.gouv.fr/api/document/1a06170e4506cd77d3a8a1fe53e71015/files/67090_reglement_20210913.pdf,2026-08-12,document trouvé
Diedendorf,67091,200067841,Plan Local d’Urbanisme (PLU) de la commune de DIEDENDORF,PLU,cfb4d19a4564b50799d8db30bbc86138,10/12/2021 10:38:13,commune,https://www.geoportail-urbanisme.gouv.fr/api/document/cfb4d19a4564b50799d8db30bbc86138/files/67091_reglement_20210220.pdf,2026-08-12,document trouvé
Dieffenbach-au-Val,67092,246700777,Plan Local d'Urbanisme intercommunal (PLUi) DE LA VALLEE DE VILLE,PLUi,12666ec8d6fb548ead67bc9c63776f94,28/07/2025 11:05:15,EPCI,https://www.geoportail-urbanisme.gouv.fr/api/document/12666ec8d6fb548ead67bc9c63776f94/files/246700777_reglement_20250704.pdf,2026-08-12,document trouvé
Dieffenbach-lès-Wœrth,67093,200013050,Plan Local d'Urbanisme (PLU) de la commune de DIEFFENBACH-LES-WOERTH,PLU,ec624f62847bd6a78218e46c026efad8,11/12/2024 18:05:30,commune,https://www.geoportail-urbanisme.gouv.fr/api/document/ec624f62847bd6a78218e46c026efad8/files/67093_reglement_20241113.pdf,2026-08-12,document trouvé
Dieffenthal,67094,246700967,,,,,,,2026-08-12,trou de couverture
Diemeringen,67095,200067841,Plan Local d'Urbanisme (PLU) de la commune de DIEMERINGEN,PLU,042bb10d8d0fff992a5bfa427b7ad295,30/01/2023 16:18:19,commune,https://www.geoportail-urbanisme.gouv.fr/api/document/042bb10d8d0fff992a5bfa427b7ad295/files/67095_reglement_20180528.pdf,2026-08-12,document trouvé
Dimbsthal,67096,200068112,,,,,,,2026-08-12,RNU confirmé
Dingsheim,67097,200034635,Plan Local d'Urbanisme intercommunal (PLUi) DU KOCHERSBERG ET DE L'ACKERLAND,PLUi,274e0297eee8a3b4d7650c9c8d2c950f,03/02/2026 14:11:50,EPCI,https://www.geoportail-urbanisme.gouv.fr/api/document/274e0297eee8a3b4d7650c9c8d2c950f/files/200034635_reglement_20251211.pdf,2026-08-12,document trouvé
Dinsheim-sur-Bruche,67098,246701064,Plan Local d'Urbanisme (PLU) de la commune de DINSHEIM-SUR-BRUCHE,PLU,d71b3839404100b88dafa21060814bcd,07/02/2024 10:05:06,commune,https://www.geoportail-urbanisme.gouv.fr/api/document/d71b3839404100b88dafa21060814bcd/files/67098_reglement_20240122.pdf,2026-08-12,document trouvé
Domfessel,67099,200067841,,,,,,,2026-08-12,RNU confirmé
Donnenheim,67100,200067874,Plan Local d'Urbanisme intercommunal (PLUi) DE HAGUENAU,PLUi,171518c6d5441a4ad41c30cf32dbe4ca,05/05/2026 12:19:47,EPCI,https://www.geoportail-urbanisme.gouv.fr/api/document/171518c6d5441a4ad41c30cf32dbe4ca/files/200067874_reglement_20260427.pdf,2026-08-12,document trouvé
Dorlisheim,67101,246701064,Plan Local d'Urbanisme (PLU) de la commune de DORLISHEIM,PLU,71be1d2fe04f069bd2638676c5c499ec,17/07/2026 15:06:34,commune,https://www.geoportail-urbanisme.gouv.fr/api/document/71be1d2fe04f069bd2638676c5c499ec/files/67101_reglement_20260706.pdf,2026-08-12,document trouvé
Dossenheim-Kochersberg,67102,200034635,Plan Local d'Urbanisme intercommunal (PLUi) DU KOCHERSBERG ET DE L'ACKERLAND,PLUi,274e0297eee8a3b4d7650c9c8d2c950f,03/02/2026 14:11:50,EPCI,https://www.geoportail-urbanisme.gouv.fr/api/document/274e0297eee8a3b4d7650c9c8d2c950f/files/200034635_reglement_20251211.pdf,2026-08-12,document trouvé
Dossenheim-sur-Zinsel,67103,200067783,Plan Local d'Urbanisme intercommunal (PLUi) DE HANAU-LA PETITE PIERRE partie A,PLUi,ed7dc9c81a38e442eb1ff778ba9be0a2,06/02/2026 15:28:13,EPCI,https://www.geoportail-urbanisme.gouv.fr/api/document/ed7dc9c81a38e442eb1ff778ba9be0a2/files/200067783_reglement_20260202_A.pdf,2026-08-12,document trouvé
Drachenbronn-Birlenbach,67104,246700926,Plan Local d'Urbanisme intercommunal (PLUi) DU PAYS DE WISSEMBOURG,PLUi,c2e8753ac76f6b65769ace248d30f1ca,11/06/2026 10:23:33,EPCI,https://www.geoportail-urbanisme.gouv.fr/api/document/c2e8753ac76f6b65769ace248d30f1ca/files/246700926_reglement_20260601.pdf,2026-08-12,document trouvé
Drulingen,67105,200067841,Plan Local d’Urbanisme (PLU) de la commune de DRULINGEN,PLU,b85c3157a3dc7eb3893231f3ba3aba47,16/12/2021 15:47:05,commune,https://www.geoportail-urbanisme.gouv.fr/api/document/b85c3157a3dc7eb3893231f3ba3aba47/files/67105_reglement_20211129.pdf,2026-08-12,document trouvé
Drusenheim,67106,200041325,Plan Local d'Urbanisme intercommunal (PLUi) DU PAYS RHENAN,PLUi,b5ae1da72ed7f5ecf4aa179df33e1076,13/10/2025 09:14:53,EPCI,https://www.geoportail-urbanisme.gouv.fr/api/document/b5ae1da72ed7f5ecf4aa179df33e1076/files/200041325_reglement_20250929.pdf,2026-08-12,document trouvé
Duntzenheim,67107,246700959,Plan Local d'Urbanisme intercommunal (PLUi) DU PAYS DE LA ZORN,PLUi,5d8ce7c57a62b3545d243546281d2546,03/08/2026 08:28:16,EPCI,https://www.geoportail-urbanisme.gouv.fr/api/document/5d8ce7c57a62b3545d243546281d2546/files/246700959_reglement_20260716.pdf,2026-08-12,document trouvé
Duppigheim,67108,246701064,Plan Local d'Urbanisme (PLU) de la commune de DUPPIGHEIM,PLU,1413f9ce036f2b048fe492e3f46becd4,22/09/2025 17:18:05,commune,https://www.geoportail-urbanisme.gouv.fr/api/document/1413f9ce036f2b048fe492e3f46becd4/files/67108_reglement_20250624.pdf,2026-08-12,document trouvé
Durningen,67109,200034635,Plan Local d'Urbanisme intercommunal (PLUi) DU KOCHERSBERG ET DE L'ACKERLAND,PLUi,274e0297eee8a3b4d7650c9c8d2c950f,03/02/2026 14:11:50,EPCI,https://www.geoportail-urbanisme.gouv.fr/api/document/274e0297eee8a3b4d7650c9c8d2c950f/files/200034635_reglement_20251211.pdf,2026-08-12,document trouvé
Durrenbach,67110,200013050,Plan Local d'Urbanisme (PLU) de la commune de DURRENBACH,PLU,a914aaf88eb6760a8930bfce72a0b0c7,16/07/2024 08:45:10,commune,https://www.geoportail-urbanisme.gouv.fr/api/document/a914aaf88eb6760a8930bfce72a0b0c7/files/67110_reglement_20240516.pdf,2026-08-12,document trouvé
Durstel,67111,200067841,Carte Communale (CC) de la commune de DURSTEL,CC,2c702c9d50e1908f0e1aa3714d674b63,09/11/2020 12:12:31,commune,,2026-08-12,document trouvé
Duttlenheim,67112,246701064,Plan Local d'Urbanisme (PLU) de la commune de DUTTLENHEIM,PLU,4d645e5c1f646b15acfb7bfa668fb181,10/07/2025 11:09:15,commune,https://www.geoportail-urbanisme.gouv.fr/api/document/4d645e5c1f646b15acfb7bfa668fb181/files/67112_reglement_20250618.pdf,2026-08-12,document trouvé
Eberbach-Seltz,67113,200041283,Plan Local d'Urbanisme (PLU) de la commune de EBERBACH-SELTZ,PLU,c36b24e8099cdd81f6a3f59d4c7a05ae,11/12/2025 16:30:57,commune,https://www.geoportail-urbanisme.gouv.fr/api/document/c36b24e8099cdd81f6a3f59d4c7a05ae/files/67113_reglement_20251124.pdf,2026-08-12,document trouvé
Ebersheim,67115,246700967,Plan Local d'Urbanisme (PLU) de la commune de EBERSHEIM,PLU,86e3aeb923c7874e80bd3455f01aac22,11/05/2026 10:02:51,commune,https://www.geoportail-urbanisme.gouv.fr/api/document/86e3aeb923c7874e80bd3455f01aac22/files/67115_reglement_20260303.pdf,2026-08-12,document trouvé
Ebersmunster,67116,246700967,,,,,,,2026-08-12,trou de couverture
Eckartswiller,67117,200068112,,,,,,,2026-08-12,trou de couverture
Eckbolsheim,67118,246700488,Plan Local d'Urbanisme intercommunal (PLUi) EUROMETROPOLE DE STRASBOURG,PLUi,95d3871caefe158c101a466ab9e91c5b,22/05/2026 11:10:48,EPCI,https://www.geoportail-urbanisme.gouv.fr/api/document/95d3871caefe158c101a466ab9e91c5b/files/246700488_reglement_20260206.pdf,2026-08-12,document trouvé
Eckwersheim,67119,246700488,Plan Local d'Urbanisme intercommunal (PLUi) EUROMETROPOLE DE STRASBOURG,PLUi,95d3871caefe158c101a466ab9e91c5b,22/05/2026 11:10:48,EPCI,https://www.geoportail-urbanisme.gouv.fr/api/document/95d3871caefe158c101a466ab9e91c5b/files/246700488_reglement_20260206.pdf,2026-08-12,document trouvé
Eichhoffen,67120,200034270,Plan Local d'Urbanisme intercommunal (PLUi) DU PAYS DE BARR,PLUi,d5d57b13334e4b7e4e0bbc3ca70df84f,16/01/2025 15:04:28,EPCI,https://www.geoportail-urbanisme.gouv.fr/api/document/d5d57b13334e4b7e4e0bbc3ca70df84f/files/200034270_reglement_20250107.pdf,2026-08-12,document trouvé
Elsenheim,67121,200030526,,,,,,,2026-08-12,trou de couverture
Wangenbourg-Engenthal,67122,200068864,,,,,,,2026-08-12,trou de couverture
Engwiller,67123,200067874,Plan Local d'Urbanisme intercommunal (PLUi) DE HAGUENAU,PLUi,171518c6d5441a4ad41c30cf32dbe4ca,05/05/2026 12:19:47,EPCI,https://www.geoportail-urbanisme.gouv.fr/api/document/171518c6d5441a4ad41c30cf32dbe4ca/files/200067874_reglement_20260427.pdf,2026-08-12,document trouvé
Entzheim,67124,246700488,Plan Local d'Urbanisme intercommunal (PLUi) EUROMETROPOLE DE STRASBOURG,PLUi,95d3871caefe158c101a466ab9e91c5b,22/05/2026 11:10:48,EPCI,https://www.geoportail-urbanisme.gouv.fr/api/document/95d3871caefe158c101a466ab9e91c5b/files/246700488_reglement_20260206.pdf,2026-08-12,document trouvé
Epfig,67125,200034270,Plan Local d'Urbanisme intercommunal (PLUi) DU PAYS DE BARR,PLUi,d5d57b13334e4b7e4e0bbc3ca70df84f,16/01/2025 15:04:28,EPCI,https://www.geoportail-urbanisme.gouv.fr/api/document/d5d57b13334e4b7e4e0bbc3ca70df84f/files/200034270_reglement_20250107.pdf,2026-08-12,document trouvé
Erckartswiller,67126,200067783,,,,,,,2026-08-12,trou de couverture
Ergersheim,67127,246701064,Plan Local d'Urbanisme (PLU) de la commune de ERGERSHEIM,PLU,11f9934632fec3c03325e420a0237cd7,20/11/2025 11:25:47,commune,https://www.geoportail-urbanisme.gouv.fr/api/document/11f9934632fec3c03325e420a0237cd7/files/67127_reglement_20251113.pdf,2026-08-12,document trouvé
Ernolsheim-Bruche,67128,246701064,Plan Local d’Urbanisme (PLU) de la commune de ERNOLSHEIM-BRUCHE,PLU,f4556f23f75c5cfd9c4c839810510835,29/07/2022 15:17:13,commune,https://www.geoportail-urbanisme.gouv.fr/api/document/f4556f23f75c5cfd9c4c839810510835/files/67128_reglement_20211220.pdf,2026-08-12,document trouvé
Ernolsheim-lès-Saverne,67129,200068112,Plan Local d'Urbanisme (PLU) de la commune de ERNOLSHEIM-LES-SAVERNE,PLU,0fa5521e8d6c848b26e31a13cae992c1,10/08/2020 18:40:17,commune,https://www.geoportail-urbanisme.gouv.fr/api/document/0fa5521e8d6c848b26e31a13cae992c1/files/67129_reglement_20200626.pdf,2026-08-12,document trouvé
Erstein,67130,200067924,Plan Local d'Urbanisme (PLU) de la commune de ERSTEIN,PLU,a9bbdf43bf011015765405b8abff2a14,11/12/2025 17:00:41,commune,https://www.geoportail-urbanisme.gouv.fr/api/document/a9bbdf43bf011015765405b8abff2a14/files/67130_reglement_20251208.pdf,2026-08-12,document trouvé
Eschau,67131,246700488,Plan Local d'Urbanisme intercommunal (PLUi) EUROMETROPOLE DE STRASBOURG,PLUi,95d3871caefe158c101a466ab9e91c5b,22/05/2026 11:10:48,EPCI,https://www.geoportail-urbanisme.gouv.fr/api/document/95d3871caefe158c101a466ab9e91c5b/files/246700488_reglement_20260206.pdf,2026-08-12,document trouvé
Eschbach,67132,200013050,,,,,,,2026-08-12,trou de couverture
Eschbourg,67133,200067783,Plan Local d'Urbanisme intercommunal (PLUi) DE HANAU-LA PETITE PIERRE partie A,PLUi,ed7dc9c81a38e442eb1ff778ba9be0a2,06/02/2026 15:28:13,EPCI,https://www.geoportail-urbanisme.gouv.fr/api/document/ed7dc9c81a38e442eb1ff778ba9be0a2/files/200067783_reglement_20260202_A.pdf,2026-08-12,document trouvé
Eschwiller,67134,200067841,,,,,,,2026-08-12,trou de couverture
Ettendorf,67135,246700959,Plan Local d'Urbanisme intercommunal (PLUi) DU PAYS DE LA ZORN,PLUi,5d8ce7c57a62b3545d243546281d2546,03/08/2026 08:28:16,EPCI,https://www.geoportail-urbanisme.gouv.fr/api/document/5d8ce7c57a62b3545d243546281d2546/files/246700959_reglement_20260716.pdf,2026-08-12,document trouvé
Eywiller,67136,200067841,Carte Communale (CC) de la commune de EYWILLER,CC,d89a33f82b23aed6451596e727c2e131,09/12/2022 09:09:48,commune,,2026-08-12,document trouvé
Fegersheim,67137,246700488,Plan Local d'Urbanisme intercommunal (PLUi) EUROMETROPOLE DE STRASBOURG,PLUi,95d3871caefe158c101a466ab9e91c5b,22/05/2026 11:10:48,EPCI,https://www.geoportail-urbanisme.gouv.fr/api/document/95d3871caefe158c101a466ab9e91c5b/files/246700488_reglement_20260206.pdf,2026-08-12,document trouvé
Fessenheim-le-Bas,67138,200034635,Plan Local d'Urbanisme intercommunal (PLUi) DU KOCHERSBERG ET DE L'ACKERLAND,PLUi,274e0297eee8a3b4d7650c9c8d2c950f,03/02/2026 14:11:50,EPCI,https://www.geoportail-urbanisme.gouv.fr/api/document/274e0297eee8a3b4d7650c9c8d2c950f/files/200034635_reglement_20251211.pdf,2026-08-12,document trouvé
Flexbourg,67139,200068864,,,,,,,2026-08-12,trou de couverture
Forstfeld,67140,200041325,Plan Local d'Urbanisme intercommunal (PLUi) DU PAYS RHENAN,PLUi,b5ae1da72ed7f5ecf4aa179df33e1076,13/10/2025 09:14:53,EPCI,https://www.geoportail-urbanisme.gouv.fr/api/document/b5ae1da72ed7f5ecf4aa179df33e1076/files/200041325_reglement_20250929.pdf,2026-08-12,document trouvé
Forstheim,67141,200013050,Plan Local d'Urbanisme (PLU) de la commune de FORSTHEIM,PLU,f34ac9ef79e7251a3a8526b438fe60c1,04/12/2023 10:33:37,commune,https://www.geoportail-urbanisme.gouv.fr/api/document/f34ac9ef79e7251a3a8526b438fe60c1/files/67141_reglement_20231116.pdf,2026-08-12,document trouvé
Fort-Louis,67142,200041325,Plan Local d'Urbanisme intercommunal (PLUi) DU PAYS RHENAN,PLUi,b5ae1da72ed7f5ecf4aa179df33e1076,13/10/2025 09:14:53,EPCI,https://www.geoportail-urbanisme.gouv.fr/api/document/b5ae1da72ed7f5ecf4aa179df33e1076/files/200041325_reglement_20250929.pdf,2026-08-12,document trouvé
Fouchy,67143,246700777,Plan Local d'Urbanisme intercommunal (PLUi) DE LA VALLEE DE VILLE,PLUi,12666ec8d6fb548ead67bc9c63776f94,28/07/2025 11:05:15,EPCI,https://www.geoportail-urbanisme.gouv.fr/api/document/12666ec8d6fb548ead67bc9c63776f94/files/246700777_reglement_20250704.pdf,2026-08-12,document trouvé
Fouday,67144,246700306,,,,,,,2026-08-12,RNU confirmé
Friedolsheim,67145,200068112,,,,,,,2026-08-12,trou de couverture
Friesenheim,67146,200067924,Plan Local d'Urbanisme (PLU) de la commune de FRIESENHEIM,PLU,9659c684b42ce239c179221fe217486e,30/01/2026 09:10:40,commune,https://www.geoportail-urbanisme.gouv.fr/api/document/9659c684b42ce239c179221fe217486e/files/67146_reglement_20220118.pdf,2026-08-12,document trouvé
Frœschwiller,67147,200013050,,,,,,,2026-08-12,trou de couverture
Frohmuhl,67148,200067783,,,,,,,2026-08-12,trou de couverture
Furchhausen,67149,200068112,,,,,,,2026-08-12,RNU confirmé
Furdenheim,67150,200034635,Plan Local d'Urbanisme intercommunal (PLUi) DU KOCHERSBERG ET DE L'ACKERLAND,PLUi,274e0297eee8a3b4d7650c9c8d2c950f,03/02/2026 14:11:50,EPCI,https://www.geoportail-urbanisme.gouv.fr/api/document/274e0297eee8a3b4d7650c9c8d2c950f/files/200034635_reglement_20251211.pdf,2026-08-12,document trouvé
Gambsheim,67151,200041325,Plan Local d'Urbanisme intercommunal (PLUi) DU PAYS RHENAN,PLUi,b5ae1da72ed7f5ecf4aa179df33e1076,13/10/2025 09:14:53,EPCI,https://www.geoportail-urbanisme.gouv.fr/api/document/b5ae1da72ed7f5ecf4aa179df33e1076/files/200041325_reglement_20250929.pdf,2026-08-12,document trouvé
Geispolsheim,67152,246700488,Plan Local d'Urbanisme intercommunal (PLUi) EUROMETROPOLE DE STRASBOURG,PLUi,95d3871caefe158c101a466ab9e91c5b,22/05/2026 11:10:48,EPCI,https://www.geoportail-urbanisme.gouv.fr/api/document/95d3871caefe158c101a466ab9e91c5b/files/246700488_reglement_20260206.pdf,2026-08-12,document trouvé
Geiswiller-Zœbersdorf,67153,246700959,Plan Local d'Urbanisme intercommunal (PLUi) DU PAYS DE LA ZORN,PLUi,5d8ce7c57a62b3545d243546281d2546,03/08/2026 08:28:16,EPCI,https://www.geoportail-urbanisme.gouv.fr/api/document/5d8ce7c57a62b3545d243546281d2546/files/246700959_reglement_20260716.pdf,2026-08-12,document trouvé
Gerstheim,67154,200067924,Plan Local d'Urbanisme (PLU) de la commune de GERSTHEIM,PLU,dd7f71c81d64c5a110fd0eeaf2680f78,16/08/2023 14:29:00,commune,https://www.geoportail-urbanisme.gouv.fr/api/document/dd7f71c81d64c5a110fd0eeaf2680f78/files/67154_reglement_20170911.pdf,2026-08-12,document trouvé
Gertwiller,67155,200034270,Plan Local d'Urbanisme intercommunal (PLUi) DU PAYS DE BARR,PLUi,d5d57b13334e4b7e4e0bbc3ca70df84f,16/01/2025 15:04:28,EPCI,https://www.geoportail-urbanisme.gouv.fr/api/document/d5d57b13334e4b7e4e0bbc3ca70df84f/files/200034270_reglement_20250107.pdf,2026-08-12,document trouvé
Geudertheim,67156,246700843,Plan Local d'Urbanisme (PLU) de la commune de GEUDERTHEIM,PLU,b2ff4834e7566ea92ff6ba64783a38b9,27/06/2024 12:18:39,commune,https://www.geoportail-urbanisme.gouv.fr/api/document/b2ff4834e7566ea92ff6ba64783a38b9/files/67156_reglement_20240322.pdf,2026-08-12,document trouvé
Gœrlingen,67159,200067841,Carte Communale (CC) de la commune de GOERLINGEN,CC,6b126e438fda64c4b2f9bc21565333a5,10/02/2022 09:12:38,commune,,2026-08-12,document trouvé
Gœrsdorf,67160,200013050,,,,,,,2026-08-12,trou de couverture
Gottenhouse,67161,200068112,Plan Local d'Urbanisme (PLU) de la commune de GOTTENHOUSE,PLU,fc6221b63e5f08278b404450a8d9ee72,11/02/2020 14:09:05,commune,https://www.geoportail-urbanisme.gouv.fr/api/document/fc6221b63e5f08278b404450a8d9ee72/files/67161_reglement_20200204.pdf,2026-08-12,document trouvé
Gottesheim,67162,200068112,,,,,,,2026-08-12,trou de couverture
Gougenheim,67163,200034635,Plan Local d'Urbanisme intercommunal (PLUi) DU KOCHERSBERG ET DE L'ACKERLAND,PLUi,274e0297eee8a3b4d7650c9c8d2c950f,03/02/2026 14:11:50,EPCI,https://www.geoportail-urbanisme.gouv.fr/api/document/274e0297eee8a3b4d7650c9c8d2c950f/files/200034635_reglement_20251211.pdf,2026-08-12,document trouvé
Goxwiller,67164,200034270,Plan Local d'Urbanisme intercommunal (PLUi) DU PAYS DE BARR,PLUi,d5d57b13334e4b7e4e0bbc3ca70df84f,16/01/2025 15:04:28,EPCI,https://www.geoportail-urbanisme.gouv.fr/api/document/d5d57b13334e4b7e4e0bbc3ca70df84f/files/200034270_reglement_20250107.pdf,2026-08-12,document trouvé
Grandfontaine,67165,246700306,Carte Communale (CC) de la commune de GRANDFONTAINE,CC,cb53ff1e1468d99042d1ce805369d7d2,02/11/2021 15:40:03,commune,,2026-08-12,document trouvé
Grassendorf,67166,246700959,Plan Local d'Urbanisme intercommunal (PLUi) DU PAYS DE LA ZORN,PLUi,5d8ce7c57a62b3545d243546281d2546,03/08/2026 08:28:16,EPCI,https://www.geoportail-urbanisme.gouv.fr/api/document/5d8ce7c57a62b3545d243546281d2546/files/246700959_reglement_20260716.pdf,2026-08-12,document trouvé
Grendelbruch,67167,246700744,Plan Local d'Urbanisme (PLU) de la commune de GRENDELBRUCH,PLU,a39d43a19acccad27036f3a09c82b354,13/10/2022 13:52:04,commune,https://www.geoportail-urbanisme.gouv.fr/api/document/a39d43a19acccad27036f3a09c82b354/files/67167_reglement_20211208.pdf,2026-08-12,document trouvé
Gresswiller,67168,246701064,Plan Local d'Urbanisme (PLU) de la commune de GRESSWILLER,PLU,a3b81f92d7de7491d24efd66e6384ba9,22/01/2025 11:11:27,commune,https://www.geoportail-urbanisme.gouv.fr/api/document/a3b81f92d7de7491d24efd66e6384ba9/files/67168_reglement_20250113.pdf,2026-08-12,document trouvé
Gries,67169,246700843,,,,,,,2026-08-12,trou de couverture
Griesheim-près-Molsheim,67172,246700744,Plan Local d'Urbanisme (PLU) de la commune de GRIESHEIM-PRES-MOLSHEIM,PLU,12698d5bb8b9e934adf7daff50eef625,29/11/2022 10:42:33,commune,https://www.geoportail-urbanisme.gouv.fr/api/document/12698d5bb8b9e934adf7daff50eef625/files/67172_reglement_20191213.pdf,2026-08-12,document trouvé
Griesheim-sur-Souffel,67173,200034635,Plan Local d'Urbanisme intercommunal (PLUi) DU KOCHERSBERG ET DE L'ACKERLAND,PLUi,274e0297eee8a3b4d7650c9c8d2c950f,03/02/2026 14:11:50,EPCI,https://www.geoportail-urbanisme.gouv.fr/api/document/274e0297eee8a3b4d7650c9c8d2c950f/files/200034635_reglement_20251211.pdf,2026-08-12,document trouvé
Gumbrechtshoffen,67174,246701098,Plan Local d'Urbanisme intercommunal (PLUi) DU PAYS DE NIEDERBRONN-LES-BAINS,PLUi,814f136f4faa17f4c90ac5067beb0446,27/05/2026 09:57:26,EPCI,https://www.geoportail-urbanisme.gouv.fr/api/document/814f136f4faa17f4c90ac5067beb0446/files/246701098_reglement_20260518.pdf,2026-08-12,document trouvé
Gundershoffen,67176,246701098,Plan Local d'Urbanisme intercommunal (PLUi) DU PAYS DE NIEDERBRONN-LES-BAINS,PLUi,814f136f4faa17f4c90ac5067beb0446,27/05/2026 09:57:26,EPCI,https://www.geoportail-urbanisme.gouv.fr/api/document/814f136f4faa17f4c90ac5067beb0446/files/246701098_reglement_20260518.pdf,2026-08-12,document trouvé
Gunstett,67177,200013050,,,,,,,2026-08-12,trou de couverture
Gungwiller,67178,200067841,,,,,,,2026-08-12,trou de couverture
Haegen,67179,200068112,,,,,,,2026-08-12,trou de couverture
Haguenau,67180,200067874,Plan Local d'Urbanisme intercommunal (PLUi) DE HAGUENAU,PLUi,171518c6d5441a4ad41c30cf32dbe4ca,05/05/2026 12:19:47,EPCI,https://www.geoportail-urbanisme.gouv.fr/api/document/171518c6d5441a4ad41c30cf32dbe4ca/files/200067874_reglement_20260427.pdf,2026-08-12,document trouvé
Handschuheim,67181,200034635,Plan Local d'Urbanisme intercommunal (PLUi) DU KOCHERSBERG ET DE L'ACKERLAND,PLUi,274e0297eee8a3b4d7650c9c8d2c950f,03/02/2026 14:11:50,EPCI,https://www.geoportail-urbanisme.gouv.fr/api/document/274e0297eee8a3b4d7650c9c8d2c950f/files/200034635_reglement_20251211.pdf,2026-08-12,document trouvé
Hangenbieten,67182,246700488,Plan Local d'Urbanisme intercommunal (PLUi) EUROMETROPOLE DE STRASBOURG,PLUi,95d3871caefe158c101a466ab9e91c5b,22/05/2026 11:10:48,EPCI,https://www.geoportail-urbanisme.gouv.fr/api/document/95d3871caefe158c101a466ab9e91c5b/files/246700488_reglement_20260206.pdf,2026-08-12,document trouvé
Harskirchen,67183,200067841,,,,,,,2026-08-12,trou de couverture
Hatten,67184,200040178,Plan Local d'Urbanisme intercommunal (PLUi) DE L'OUTRE-FORET partie A,PLUi,284928e1449906994f1323c4fc818562,23/07/2026 09:49:19,EPCI,https://www.geoportail-urbanisme.gouv.fr/api/document/284928e1449906994f1323c4fc818562/files/200040178_reglement_20260629_A.pdf,2026-08-12,document trouvé
Hattmatt,67185,200068112,,,,,,,2026-08-12,trou de couverture
Hegeney,67186,200013050,Plan Local d'Urbanisme (PLU) de la commune de HEGENEY,PLU,327fe4caaec3e723896a4fa2d9e1af80,02/02/2021 15:47:34,commune,https://www.geoportail-urbanisme.gouv.fr/api/document/327fe4caaec3e723896a4fa2d9e1af80/files/67186_reglement_20210107.pdf,2026-08-12,document trouvé
Heidolsheim,67187,200030526,,,,,,,2026-08-12,trou de couverture
Heiligenberg,67188,246701064,Plan Local d'Urbanisme (PLU) de la commune de HEILIGENBERG,PLU,5edf63b8118051e81a650e2a279541fd,05/01/2026 13:42:39,commune,https://www.geoportail-urbanisme.gouv.fr/api/document/5edf63b8118051e81a650e2a279541fd/files/67188_reglement_20251217.pdf,2026-08-12,document trouvé
Heiligenstein,67189,200034270,Plan Local d'Urbanisme intercommunal (PLUi) DU PAYS DE BARR,PLUi,d5d57b13334e4b7e4e0bbc3ca70df84f,16/01/2025 15:04:28,EPCI,https://www.geoportail-urbanisme.gouv.fr/api/document/d5d57b13334e4b7e4e0bbc3ca70df84f/files/200034270_reglement_20250107.pdf,2026-08-12,document trouvé
Hengwiller,67190,200068112,,,,,,,2026-08-12,trou de couverture
Herbitzheim,67191,200067841,Plan Local d’Urbanisme (PLU) de la commune de HERBITZHEIM,PLU,eb0a09fe20c0a1d65085271042f0bb65,21/09/2021 13:44:16,commune,https://www.geoportail-urbanisme.gouv.fr/api/document/eb0a09fe20c0a1d65085271042f0bb65/files/67191_reglement_20210910.pdf,2026-08-12,document trouvé
Herbsheim,67192,200067924,Plan Local d'Urbanisme (PLU) de la commune de HERBSHEIM,PLU,3d7cbfa12357702dc77481a7e26719f4,25/10/2019 12:28:26,commune,https://www.geoportail-urbanisme.gouv.fr/api/document/3d7cbfa12357702dc77481a7e26719f4/files/67192_reglement_20191003.pdf,2026-08-12,document trouvé
Herrlisheim,67194,200041325,Plan Local d'Urbanisme intercommunal (PLUi) DU PAYS RHENAN,PLUi,b5ae1da72ed7f5ecf4aa179df33e1076,13/10/2025 09:14:53,EPCI,https://www.geoportail-urbanisme.gouv.fr/api/document/b5ae1da72ed7f5ecf4aa179df33e1076/files/200041325_reglement_20250929.pdf,2026-08-12,document trouvé
Hessenheim,67195,200030526,,,,,,,2026-08-12,trou de couverture
Hilsenheim,67196,200030526,Plan Local d'Urbanisme (PLU) de la commune de HILSENHEIM,PLU,f1062fdc3db934aa3440508de0c5f133,04/03/2026 08:29:21,commune,https://www.geoportail-urbanisme.gouv.fr/api/document/f1062fdc3db934aa3440508de0c5f133/files/67196_reglement_20260210.pdf,2026-08-12,document trouvé
Hindisheim,67197,200067924,Plan Local d'Urbanisme (PLU) de la commune de HINDISHEIM,PLU,1575c6d1cade47b0d2c362eea629042e,26/01/2026 17:26:29,commune,https://www.geoportail-urbanisme.gouv.fr/api/document/1575c6d1cade47b0d2c362eea629042e/files/67197_reglement_20251218.pdf,2026-08-12,document trouvé
Hinsbourg,67198,200067783,,,,,,,2026-08-12,trou de couverture
Hinsingen,67199,200067841,,,,,,,2026-08-12,trou de couverture
Hipsheim,67200,200067924,Plan Local d'Urbanisme (PLU) de la commune de HIPSHEIM,PLU,36ec473498c3ae5a14b4c61db4f79394,31/03/2026 10:39:36,commune,https://www.geoportail-urbanisme.gouv.fr/api/document/36ec473498c3ae5a14b4c61db4f79394/files/67200_reglement_20260216.pdf,2026-08-12,document trouvé
Hirschland,67201,200067841,,,,,,,2026-08-12,trou de couverture
Hochfelden,67202,246700959,Plan Local d'Urbanisme intercommunal (PLUi) DU PAYS DE LA ZORN,PLUi,5d8ce7c57a62b3545d243546281d2546,03/08/2026 08:28:16,EPCI,https://www.geoportail-urbanisme.gouv.fr/api/document/5d8ce7c57a62b3545d243546281d2546/files/246700959_reglement_20260716.pdf,2026-08-12,document trouvé
Hochstett,67203,200067874,Plan Local d'Urbanisme intercommunal (PLUi) DE HAGUENAU,PLUi,171518c6d5441a4ad41c30cf32dbe4ca,05/05/2026 12:19:47,EPCI,https://www.geoportail-urbanisme.gouv.fr/api/document/171518c6d5441a4ad41c30cf32dbe4ca/files/200067874_reglement_20260427.pdf,2026-08-12,document trouvé
Hœnheim,67204,246700488,Plan Local d'Urbanisme intercommunal (PLUi) EUROMETROPOLE DE STRASBOURG,PLUi,95d3871caefe158c101a466ab9e91c5b,22/05/2026 11:10:48,EPCI,https://www.geoportail-urbanisme.gouv.fr/api/document/95d3871caefe158c101a466ab9e91c5b/files/246700488_reglement_20260206.pdf,2026-08-12,document trouvé
Hœrdt,67205,246700843,Plan Local d'Urbanisme (PLU) de la commune de HOERDT,PLU,c9722795c3e231844b4aae1adcb3327d,08/09/2025 12:23:21,commune,https://www.geoportail-urbanisme.gouv.fr/api/document/c9722795c3e231844b4aae1adcb3327d/files/67205_reglement_20250623.pdf,2026-08-12,document trouvé
Hoffen,67206,200040178,Plan Local d'Urbanisme intercommunal (PLUi) DE L'OUTRE-FORET partie A,PLUi,284928e1449906994f1323c4fc818562,23/07/2026 09:49:19,EPCI,https://www.geoportail-urbanisme.gouv.fr/api/document/284928e1449906994f1323c4fc818562/files/200040178_reglement_20260629_A.pdf,2026-08-12,document trouvé
Hohengœft,67208,200068864,,,,,,,2026-08-12,trou de couverture
Hohfrankenheim,67209,246700959,Plan Local d'Urbanisme intercommunal (PLUi) DU PAYS DE LA ZORN,PLUi,5d8ce7c57a62b3545d243546281d2546,03/08/2026 08:28:16,EPCI,https://www.geoportail-urbanisme.gouv.fr/api/document/5d8ce7c57a62b3545d243546281d2546/files/246700959_reglement_20260716.pdf,2026-08-12,document trouvé
Le Hohwald,67210,200034270,Plan Local d'Urbanisme intercommunal (PLUi) DU PAYS DE BARR,PLUi,d5d57b13334e4b7e4e0bbc3ca70df84f,16/01/2025 15:04:28,EPCI,https://www.geoportail-urbanisme.gouv.fr/api/document/d5d57b13334e4b7e4e0bbc3ca70df84f/files/200034270_reglement_20250107.pdf,2026-08-12,document trouvé
Holtzheim,67212,246700488,Plan Local d'Urbanisme intercommunal (PLUi) EUROMETROPOLE DE STRASBOURG,PLUi,95d3871caefe158c101a466ab9e91c5b,22/05/2026 11:10:48,EPCI,https://www.geoportail-urbanisme.gouv.fr/api/document/95d3871caefe158c101a466ab9e91c5b/files/246700488_reglement_20260206.pdf,2026-08-12,document trouvé
Hunspach,67213,246700926,Plan Local d'Urbanisme intercommunal (PLUi) DU PAYS DE WISSEMBOURG,PLUi,c2e8753ac76f6b65769ace248d30f1ca,11/06/2026 10:23:33,EPCI,https://www.geoportail-urbanisme.gouv.fr/api/document/c2e8753ac76f6b65769ace248d30f1ca/files/246700926_reglement_20260601.pdf,2026-08-12,document trouvé
Hurtigheim,67214,200034635,Plan Local d'Urbanisme intercommunal (PLUi) DU KOCHERSBERG ET DE L'ACKERLAND,PLUi,274e0297eee8a3b4d7650c9c8d2c950f,03/02/2026 14:11:50,EPCI,https://www.geoportail-urbanisme.gouv.fr/api/document/274e0297eee8a3b4d7650c9c8d2c950f/files/200034635_reglement_20251211.pdf,2026-08-12,document trouvé
Huttendorf,67215,200067874,Plan Local d'Urbanisme intercommunal (PLUi) DE HAGUENAU,PLUi,171518c6d5441a4ad41c30cf32dbe4ca,05/05/2026 12:19:47,EPCI,https://www.geoportail-urbanisme.gouv.fr/api/document/171518c6d5441a4ad41c30cf32dbe4ca/files/200067874_reglement_20260427.pdf,2026-08-12,document trouvé
Huttenheim,67216,200067924,Plan Local d'Urbanisme (PLU) de la commune de HUTTENHEIM,PLU,bac30244fee876d81b11b1103b86dddc,11/03/2026 13:16:19,commune,https://www.geoportail-urbanisme.gouv.fr/api/document/bac30244fee876d81b11b1103b86dddc/files/67216_reglement_20260223.pdf,2026-08-12,document trouvé
Ichtratzheim,67217,200067924,,,,,,,2026-08-12,trou de couverture
Illkirch-Graffenstaden,67218,246700488,Plan Local d'Urbanisme intercommunal (PLUi) EUROMETROPOLE DE STRASBOURG,PLUi,95d3871caefe158c101a466ab9e91c5b,22/05/2026 11:10:48,EPCI,https://www.geoportail-urbanisme.gouv.fr/api/document/95d3871caefe158c101a466ab9e91c5b/files/246700488_reglement_20260206.pdf,2026-08-12,document trouvé
Ingenheim,67220,246700959,Plan Local d'Urbanisme intercommunal (PLUi) DU PAYS DE LA ZORN,PLUi,5d8ce7c57a62b3545d243546281d2546,03/08/2026 08:28:16,EPCI,https://www.geoportail-urbanisme.gouv.fr/api/document/5d8ce7c57a62b3545d243546281d2546/files/246700959_reglement_20260716.pdf,2026-08-12,document trouvé
Ingolsheim,67221,246700926,Plan Local d'Urbanisme intercommunal (PLUi) DU PAYS DE WISSEMBOURG,PLUi,c2e8753ac76f6b65769ace248d30f1ca,11/06/2026 10:23:33,EPCI,https://www.geoportail-urbanisme.gouv.fr/api/document/c2e8753ac76f6b65769ace248d30f1ca/files/246700926_reglement_20260601.pdf,2026-08-12,document trouvé
Ingwiller,67222,200067783,Plan Local d'Urbanisme intercommunal (PLUi) DE HANAU-LA PETITE PIERRE partie A,PLUi,ed7dc9c81a38e442eb1ff778ba9be0a2,06/02/2026 15:28:13,EPCI,https://www.geoportail-urbanisme.gouv.fr/api/document/ed7dc9c81a38e442eb1ff778ba9be0a2/files/200067783_reglement_20260202_A.pdf,2026-08-12,document trouvé
Innenheim,67223,246701080,Plan Local d'Urbanisme (PLU) de la commune de INNENHEIM,PLU,c061be10895aa90b36a60d7127fa24f0,14/05/2024 13:18:02,commune,https://www.geoportail-urbanisme.gouv.fr/api/document/c061be10895aa90b36a60d7127fa24f0/files/67223_reglement_20240219.pdf,2026-08-12,document trouvé
Issenhausen,67225,246700959,Plan Local d'Urbanisme intercommunal (PLUi) DU PAYS DE LA ZORN,PLUi,5d8ce7c57a62b3545d243546281d2546,03/08/2026 08:28:16,EPCI,https://www.geoportail-urbanisme.gouv.fr/api/document/5d8ce7c57a62b3545d243546281d2546/files/246700959_reglement_20260716.pdf,2026-08-12,document trouvé
Ittenheim,67226,200034635,Plan Local d'Urbanisme intercommunal (PLUi) DU KOCHERSBERG ET DE L'ACKERLAND,PLUi,274e0297eee8a3b4d7650c9c8d2c950f,03/02/2026 14:11:50,EPCI,https://www.geoportail-urbanisme.gouv.fr/api/document/274e0297eee8a3b4d7650c9c8d2c950f/files/200034635_reglement_20251211.pdf,2026-08-12,document trouvé
Itterswiller,67227,200034270,Plan Local d'Urbanisme intercommunal (PLUi) DU PAYS DE BARR,PLUi,d5d57b13334e4b7e4e0bbc3ca70df84f,16/01/2025 15:04:28,EPCI,https://www.geoportail-urbanisme.gouv.fr/api/document/d5d57b13334e4b7e4e0bbc3ca70df84f/files/200034270_reglement_20250107.pdf,2026-08-12,document trouvé
Neugartheim-Ittlenheim,67228,200034635,Plan Local d'Urbanisme intercommunal (PLUi) DU KOCHERSBERG ET DE L'ACKERLAND,PLUi,274e0297eee8a3b4d7650c9c8d2c950f,03/02/2026 14:11:50,EPCI,https://www.geoportail-urbanisme.gouv.fr/api/document/274e0297eee8a3b4d7650c9c8d2c950f/files/200034635_reglement_20251211.pdf,2026-08-12,document trouvé
Jetterswiller,67229,200068864,,,,,,,2026-08-12,trou de couverture
Kaltenhouse,67230,200067874,Plan Local d'Urbanisme intercommunal (PLUi) DE HAGUENAU,PLUi,171518c6d5441a4ad41c30cf32dbe4ca,05/05/2026 12:19:47,EPCI,https://www.geoportail-urbanisme.gouv.fr/api/document/171518c6d5441a4ad41c30cf32dbe4ca/files/200067874_reglement_20260427.pdf,2026-08-12,document trouvé
Kauffenheim,67231,200041325,Plan Local d'Urbanisme intercommunal (PLUi) DU PAYS RHENAN,PLUi,b5ae1da72ed7f5ecf4aa179df33e1076,13/10/2025 09:14:53,EPCI,https://www.geoportail-urbanisme.gouv.fr/api/document/b5ae1da72ed7f5ecf4aa179df33e1076/files/200041325_reglement_20250929.pdf,2026-08-12,document trouvé
Keffenach,67232,200040178,Plan Local d'Urbanisme (PLU) de la commune de KEFFENACH,PLU,1dc2c1cd430a77da5b529fa65edf5a1f,06/01/2021 13:07:51,commune,https://www.geoportail-urbanisme.gouv.fr/api/document/1dc2c1cd430a77da5b529fa65edf5a1f/files/67232_reglement_20130607.pdf,2026-08-12,document trouvé
Kertzfeld,67233,200067924,Plan Local d'Urbanisme (PLU) de la commune de KERTZFELD,PLU,04a34ffb72087d96326c513ae52dc0d2,01/02/2023 09:17:01,commune,https://www.geoportail-urbanisme.gouv.fr/api/document/04a34ffb72087d96326c513ae52dc0d2/files/67233_reglement_20200314.pdf,2026-08-12,document trouvé
Keskastel,67234,200067841,Plan Local d’Urbanisme (PLU) de la commune de KESKASTEL,PLU,d2bd1c96b21d78ad156e542926b6506f,07/04/2022 14:41:24,commune,https://www.geoportail-urbanisme.gouv.fr/api/document/d2bd1c96b21d78ad156e542926b6506f/files/67234_reglement_20220216.pdf,2026-08-12,document trouvé
Kesseldorf,67235,200041283,,,,,,,2026-08-12,trou de couverture
Kienheim,67236,200034635,Plan Local d'Urbanisme intercommunal (PLUi) DU KOCHERSBERG ET DE L'ACKERLAND,PLUi,274e0297eee8a3b4d7650c9c8d2c950f,03/02/2026 14:11:50,EPCI,https://www.geoportail-urbanisme.gouv.fr/api/document/274e0297eee8a3b4d7650c9c8d2c950f/files/200034635_reglement_20251211.pdf,2026-08-12,document trouvé
Kilstett,67237,200041325,Plan Local d'Urbanisme intercommunal (PLUi) DU PAYS RHENAN,PLUi,b5ae1da72ed7f5ecf4aa179df33e1076,13/10/2025 09:14:53,EPCI,https://www.geoportail-urbanisme.gouv.fr/api/document/b5ae1da72ed7f5ecf4aa179df33e1076/files/200041325_reglement_20250929.pdf,2026-08-12,document trouvé
Kindwiller,67238,200067874,Plan Local d'Urbanisme intercommunal (PLUi) DE HAGUENAU,PLUi,171518c6d5441a4ad41c30cf32dbe4ca,05/05/2026 12:19:47,EPCI,https://www.geoportail-urbanisme.gouv.fr/api/document/171518c6d5441a4ad41c30cf32dbe4ca/files/200067874_reglement_20260427.pdf,2026-08-12,document trouvé
Kintzheim,67239,246700967,Plan Local d'Urbanisme (PLU) de la commune de KINTZHEIM,PLU,b69e260ffc76830aef751103cbfd0f82,12/03/2026 13:22:24,commune,https://www.geoportail-urbanisme.gouv.fr/api/document/b69e260ffc76830aef751103cbfd0f82/files/67239_reglement_20260128.pdf,2026-08-12,document trouvé
Kirchheim,67240,200068864,Plan Local d'Urbanisme (PLU) de la commune de KIRCHHEIM,PLU,17cd7286dfcae35b7438498a09358adf,02/09/2022 17:24:30,commune,https://www.geoportail-urbanisme.gouv.fr/api/document/17cd7286dfcae35b7438498a09358adf/files/67240_reglement_20200228.pdf,2026-08-12,document trouvé
Kirrberg,67241,200067841,,,,,,,2026-08-12,trou de couverture
Kirrwiller,67242,200067783,Plan Local d'Urbanisme intercommunal (PLUi) DE HANAU-LA PETITE PIERRE partie A,PLUi,ed7dc9c81a38e442eb1ff778ba9be0a2,06/02/2026 15:28:13,EPCI,https://www.geoportail-urbanisme.gouv.fr/api/document/ed7dc9c81a38e442eb1ff778ba9be0a2/files/200067783_reglement_20260202_A.pdf,2026-08-12,document trouvé
Kleingœft,67244,200068112,,,,,,,2026-08-12,trou de couverture
Knœrsheim,67245,200068864,,,,,,,2026-08-12,trou de couverture
Kogenheim,67246,200067924,Plan Local d'Urbanisme (PLU) de la commune de KOGENHEIM,PLU,82eeb21b6a85ba624ac13526596f3b2d,21/04/2026 18:12:38,commune,https://www.geoportail-urbanisme.gouv.fr/api/document/82eeb21b6a85ba624ac13526596f3b2d/files/67246_reglement_20260409.pdf,2026-08-12,document trouvé
Kolbsheim,67247,246700488,Plan Local d'Urbanisme intercommunal (PLUi) EUROMETROPOLE DE STRASBOURG,PLUi,95d3871caefe158c101a466ab9e91c5b,22/05/2026 11:10:48,EPCI,https://www.geoportail-urbanisme.gouv.fr/api/document/95d3871caefe158c101a466ab9e91c5b/files/246700488_reglement_20260206.pdf,2026-08-12,document trouvé
Krautergersheim,67248,246701080,Plan Local d'Urbanisme (PLU) de la commune de KRAUTERGERSHEIM,PLU,931dce441c11b4256949000dafed91f0,14/05/2024 13:17:22,commune,https://www.geoportail-urbanisme.gouv.fr/api/document/931dce441c11b4256949000dafed91f0/files/67248_reglement_20240219.pdf,2026-08-12,document trouvé
Krautwiller,67249,200067874,Plan Local d'Urbanisme intercommunal (PLUi) DE HAGUENAU,PLUi,171518c6d5441a4ad41c30cf32dbe4ca,05/05/2026 12:19:47,EPCI,https://www.geoportail-urbanisme.gouv.fr/api/document/171518c6d5441a4ad41c30cf32dbe4ca/files/200067874_reglement_20260427.pdf,2026-08-12,document trouvé
Kriegsheim,67250,200067874,Plan Local d'Urbanisme intercommunal (PLUi) DE HAGUENAU,PLUi,171518c6d5441a4ad41c30cf32dbe4ca,05/05/2026 12:19:47,EPCI,https://www.geoportail-urbanisme.gouv.fr/api/document/171518c6d5441a4ad41c30cf32dbe4ca/files/200067874_reglement_20260427.pdf,2026-08-12,document trouvé
Kurtzenhouse,67252,246700843,Plan Local d'Urbanisme (PLU) de la commune de KURTZENHOUSE,PLU,d9f1902e01d10dfb16b87041193ba1c5,08/09/2025 12:24:14,commune,https://www.geoportail-urbanisme.gouv.fr/api/document/d9f1902e01d10dfb16b87041193ba1c5/files/67252_reglement_20250623.pdf,2026-08-12,document trouvé
Kuttolsheim,67253,200034635,Plan Local d'Urbanisme intercommunal (PLUi) DU KOCHERSBERG ET DE L'ACKERLAND,PLUi,274e0297eee8a3b4d7650c9c8d2c950f,03/02/2026 14:11:50,EPCI,https://www.geoportail-urbanisme.gouv.fr/api/document/274e0297eee8a3b4d7650c9c8d2c950f/files/200034635_reglement_20251211.pdf,2026-08-12,document trouvé
Kutzenhausen,67254,200013050,,,,,,,2026-08-12,trou de couverture
Lalaye,67255,246700777,Plan Local d'Urbanisme intercommunal (PLUi) DE LA VALLEE DE VILLE,PLUi,12666ec8d6fb548ead67bc9c63776f94,28/07/2025 11:05:15,EPCI,https://www.geoportail-urbanisme.gouv.fr/api/document/12666ec8d6fb548ead67bc9c63776f94/files/246700777_reglement_20250704.pdf,2026-08-12,document trouvé
Lampertheim,67256,246700488,Plan Local d'Urbanisme intercommunal (PLUi) EUROMETROPOLE DE STRASBOURG,PLUi,95d3871caefe158c101a466ab9e91c5b,22/05/2026 11:10:48,EPCI,https://www.geoportail-urbanisme.gouv.fr/api/document/95d3871caefe158c101a466ab9e91c5b/files/246700488_reglement_20260206.pdf,2026-08-12,document trouvé
Lampertsloch,67257,200013050,,,,,,,2026-08-12,trou de couverture
Landersheim,67258,200068112,,,,,,,2026-08-12,trou de couverture
Langensoultzbach,67259,200013050,Plan Local d'Urbanisme (PLU) de la commune de LANGENSOULTZBACH,PLU,d3aa9b769f860d2eb137337e980def1d,16/06/2020 12:39:40,commune,https://www.geoportail-urbanisme.gouv.fr/api/document/d3aa9b769f860d2eb137337e980def1d/files/67259_reglement_20200305.pdf,2026-08-12,document trouvé
Laubach,67260,200013050,Plan Local d’Urbanisme (PLU) de la commune de LAUBACH,PLU,6a23d3f9ed21d7d0ddedc85cdff71c1e,07/07/2022 19:02:35,commune,https://www.geoportail-urbanisme.gouv.fr/api/document/6a23d3f9ed21d7d0ddedc85cdff71c1e/files/67260_reglement_20220331.pdf,2026-08-12,document trouvé
Lauterbourg,67261,200041283,Plan Local d'Urbanisme (PLU) de la commune de LAUTERBOURG,PLU,8ae18694b57b473bb4461d1d66380731,28/05/2025 14:02:27,commune,https://www.geoportail-urbanisme.gouv.fr/api/document/8ae18694b57b473bb4461d1d66380731/files/67261_reglement_20250505.pdf,2026-08-12,document trouvé
Lembach,67263,200013050,Plan Local d'Urbanisme (PLU) de la commune de LEMBACH,PLU,d161b780c866c1c390f3d420efb8e48f,11/02/2026 10:12:16,commune,https://www.geoportail-urbanisme.gouv.fr/api/document/d161b780c866c1c390f3d420efb8e48f/files/67263_reglement_20260127.pdf,2026-08-12,document trouvé
Leutenheim,67264,200041325,Plan Local d'Urbanisme intercommunal (PLUi) DU PAYS RHENAN,PLUi,b5ae1da72ed7f5ecf4aa179df33e1076,13/10/2025 09:14:53,EPCI,https://www.geoportail-urbanisme.gouv.fr/api/document/b5ae1da72ed7f5ecf4aa179df33e1076/files/200041325_reglement_20250929.pdf,2026-08-12,document trouvé
Lichtenberg,67265,200067783,Plan Local d'Urbanisme intercommunal (PLUi) DE HANAU-LA PETITE PIERRE partie A,PLUi,ed7dc9c81a38e442eb1ff778ba9be0a2,06/02/2026 15:28:13,EPCI,https://www.geoportail-urbanisme.gouv.fr/api/document/ed7dc9c81a38e442eb1ff778ba9be0a2/files/200067783_reglement_20260202_A.pdf,2026-08-12,document trouvé
Limersheim,67266,200067924,Plan Local d'Urbanisme (PLU) de la commune de LIMERSHEIM,PLU,529d586585da83ff5a056d71c9c1c7eb,10/07/2026 14:20:45,commune,https://www.geoportail-urbanisme.gouv.fr/api/document/529d586585da83ff5a056d71c9c1c7eb/files/67266_reglement_20260706.pdf,2026-08-12,document trouvé
Lingolsheim,67267,246700488,Plan Local d'Urbanisme intercommunal (PLUi) EUROMETROPOLE DE STRASBOURG,PLUi,95d3871caefe158c101a466ab9e91c5b,22/05/2026 11:10:48,EPCI,https://www.geoportail-urbanisme.gouv.fr/api/document/95d3871caefe158c101a466ab9e91c5b/files/246700488_reglement_20260206.pdf,2026-08-12,document trouvé
Lipsheim,67268,246700488,Plan Local d'Urbanisme intercommunal (PLUi) EUROMETROPOLE DE STRASBOURG,PLUi,95d3871caefe158c101a466ab9e91c5b,22/05/2026 11:10:48,EPCI,https://www.geoportail-urbanisme.gouv.fr/api/document/95d3871caefe158c101a466ab9e91c5b/files/246700488_reglement_20260206.pdf,2026-08-12,document trouvé
Littenheim,67269,200068112,,,,,,,2026-08-12,trou de couverture
Lixhausen,67270,246700959,Plan Local d'Urbanisme intercommunal (PLUi) DU PAYS DE LA ZORN,PLUi,5d8ce7c57a62b3545d243546281d2546,03/08/2026 08:28:16,EPCI,https://www.geoportail-urbanisme.gouv.fr/api/document/5d8ce7c57a62b3545d243546281d2546/files/246700959_reglement_20260716.pdf,2026-08-12,document trouvé
Lobsann,67271,200013050,,,,,,,2026-08-12,trou de couverture
Lochwiller,67272,200068112,,,,,,,2026-08-12,trou de couverture
Lohr,67273,200067783,,,,,,,2026-08-12,trou de couverture
Lorentzen,67274,200067841,Plan Local d'Urbanisme (PLU) de la commune de LORENTZEN,PLU,6323ebfdb5e4067dc63f9a2c212d715b,16/05/2024 14:50:19,commune,https://www.geoportail-urbanisme.gouv.fr/api/document/6323ebfdb5e4067dc63f9a2c212d715b/files/67274_reglement_20240314.pdf,2026-08-12,document trouvé
Lupstein,67275,200068112,Plan Local d'Urbanisme (PLU) de la commune de LUPSTEIN,PLU,ad6748bd26d5270fed09bf7e8c200b8d,24/03/2020 12:12:57,commune,https://www.geoportail-urbanisme.gouv.fr/api/document/ad6748bd26d5270fed09bf7e8c200b8d/files/67275_reglement_20191211.pdf,2026-08-12,document trouvé
Lutzelhouse,67276,246700306,,,,,,,2026-08-12,trou de couverture
Mackenheim,67277,200030526,Plan Local d'Urbanisme (PLU) de la commune de MACKENHEIM,PLU,3a36cdc19d5e9f5776a864d1cfc09e54,10/06/2020 09:05:39,commune,https://www.geoportail-urbanisme.gouv.fr/api/document/3a36cdc19d5e9f5776a864d1cfc09e54/files/67277_reglement_20200203.pdf,2026-08-12,document trouvé
Mackwiller,67278,200067841,,,,,,,2026-08-12,trou de couverture
Maennolsheim,67279,200068112,,,,,,,2026-08-12,trou de couverture
Maisonsgoutte,67280,246700777,Plan Local d'Urbanisme intercommunal (PLUi) DE LA VALLEE DE VILLE,PLUi,12666ec8d6fb548ead67bc9c63776f94,28/07/2025 11:05:15,EPCI,https://www.geoportail-urbanisme.gouv.fr/api/document/12666ec8d6fb548ead67bc9c63776f94/files/246700777_reglement_20250704.pdf,2026-08-12,document trouvé
Marckolsheim,67281,200030526,Plan Local d'Urbanisme (PLU) de la commune de MARCKOLSHEIM,PLU,17ea7c671fae36cad3dfe829cabe8989,24/03/2026 15:36:08,commune,https://www.geoportail-urbanisme.gouv.fr/api/document/17ea7c671fae36cad3dfe829cabe8989/files/67281_reglement_20260305.pdf,2026-08-12,document trouvé
Marlenheim,67282,200068864,Plan Local d'Urbanisme (PLU) de la commune de MARLENHEIM,PLU,e8505c9b21a7672bf4fe62e4baae6541,03/01/2023 14:22:50,commune,https://www.geoportail-urbanisme.gouv.fr/api/document/e8505c9b21a7672bf4fe62e4baae6541/files/67282_reglement_20221128.pdf,2026-08-12,document trouvé
Marmoutier,67283,200068112,Plan Local d’Urbanisme (PLU) de la commune de MARMOUTIER,PLU,3a838b7e0825b454496a2bc46d118126,30/07/2021 12:31:58,commune,https://www.geoportail-urbanisme.gouv.fr/api/document/3a838b7e0825b454496a2bc46d118126/files/67283_reglement_20210628.pdf,2026-08-12,document trouvé
Matzenheim,67285,200067924,Plan Local d'Urbanisme (PLU) de la commune de MATZENHEIM,PLU,2c99b98333df5e6daa4fab9472eb8f0a,07/06/2024 13:18:00,commune,https://www.geoportail-urbanisme.gouv.fr/api/document/2c99b98333df5e6daa4fab9472eb8f0a/files/67285_reglement_20210825.pdf,2026-08-12,document trouvé
Meistratzheim,67286,246701080,,,,,,,2026-08-12,trou de couverture
Melsheim,67287,246700959,Plan Local d'Urbanisme intercommunal (PLUi) DU PAYS DE LA ZORN,PLUi,5d8ce7c57a62b3545d243546281d2546,03/08/2026 08:28:16,EPCI,https://www.geoportail-urbanisme.gouv.fr/api/document/5d8ce7c57a62b3545d243546281d2546/files/246700959_reglement_20260716.pdf,2026-08-12,document trouvé
Memmelshoffen,67288,200040178,Plan Local d'Urbanisme (PLU) de la commune de MEMMELSHOFFEN,PLU,db53fa8a615ab6ceab2b51a8653c545c,14/05/2025 10:40:33,commune,https://www.geoportail-urbanisme.gouv.fr/api/document/db53fa8a615ab6ceab2b51a8653c545c/files/67288_reglement_20250430.pdf,2026-08-12,document trouvé
Menchhoffen,67289,200067783,Plan Local d'Urbanisme intercommunal (PLUi) DE HANAU-LA PETITE PIERRE partie A,PLUi,ed7dc9c81a38e442eb1ff778ba9be0a2,06/02/2026 15:28:13,EPCI,https://www.geoportail-urbanisme.gouv.fr/api/document/ed7dc9c81a38e442eb1ff778ba9be0a2/files/200067783_reglement_20260202_A.pdf,2026-08-12,document trouvé
Merkwiller-Pechelbronn,67290,200013050,,,,,,,2026-08-12,trou de couverture
Mertzwiller,67291,246701098,Plan Local d'Urbanisme intercommunal (PLUi) DU PAYS DE NIEDERBRONN-LES-BAINS,PLUi,814f136f4faa17f4c90ac5067beb0446,27/05/2026 09:57:26,EPCI,https://www.geoportail-urbanisme.gouv.fr/api/document/814f136f4faa17f4c90ac5067beb0446/files/246701098_reglement_20260518.pdf,2026-08-12,document trouvé
Mietesheim,67292,246701098,Plan Local d'Urbanisme intercommunal (PLUi) DU PAYS DE NIEDERBRONN-LES-BAINS,PLUi,814f136f4faa17f4c90ac5067beb0446,27/05/2026 09:57:26,EPCI,https://www.geoportail-urbanisme.gouv.fr/api/document/814f136f4faa17f4c90ac5067beb0446/files/246701098_reglement_20260518.pdf,2026-08-12,document trouvé
Minversheim,67293,246700959,Plan Local d'Urbanisme intercommunal (PLUi) DU PAYS DE LA ZORN,PLUi,5d8ce7c57a62b3545d243546281d2546,03/08/2026 08:28:16,EPCI,https://www.geoportail-urbanisme.gouv.fr/api/document/5d8ce7c57a62b3545d243546281d2546/files/246700959_reglement_20260716.pdf,2026-08-12,document trouvé
Mittelbergheim,67295,200034270,Plan Local d'Urbanisme intercommunal (PLUi) DU PAYS DE BARR,PLUi,d5d57b13334e4b7e4e0bbc3ca70df84f,16/01/2025 15:04:28,EPCI,https://www.geoportail-urbanisme.gouv.fr/api/document/d5d57b13334e4b7e4e0bbc3ca70df84f/files/200034270_reglement_20250107.pdf,2026-08-12,document trouvé
Mittelhausbergen,67296,246700488,Plan Local d'Urbanisme intercommunal (PLUi) EUROMETROPOLE DE STRASBOURG,PLUi,95d3871caefe158c101a466ab9e91c5b,22/05/2026 11:10:48,EPCI,https://www.geoportail-urbanisme.gouv.fr/api/document/95d3871caefe158c101a466ab9e91c5b/files/246700488_reglement_20260206.pdf,2026-08-12,document trouvé
Mittelschaeffolsheim,67298,200067874,Plan Local d'Urbanisme intercommunal (PLUi) DE HAGUENAU,PLUi,171518c6d5441a4ad41c30cf32dbe4ca,05/05/2026 12:19:47,EPCI,https://www.geoportail-urbanisme.gouv.fr/api/document/171518c6d5441a4ad41c30cf32dbe4ca/files/200067874_reglement_20260427.pdf,2026-08-12,document trouvé
Mollkirch,67299,246700744,Plan Local d'Urbanisme (PLU) de la commune de MOLLKIRCH,PLU,402e585250d20814137c2c9db5f5529a,27/02/2023 08:28:03,commune,https://www.geoportail-urbanisme.gouv.fr/api/document/402e585250d20814137c2c9db5f5529a/files/67299_reglement_20221219.pdf,2026-08-12,document trouvé
Molsheim,67300,246701064,Plan Local d'Urbanisme (PLU) de la commune de MOLSHEIM,PLU,793f094f1ffac726a071fb489baf0e43,10/01/2023 10:54:21,commune,https://www.geoportail-urbanisme.gouv.fr/api/document/793f094f1ffac726a071fb489baf0e43/files/67300_reglement_20221220.pdf,2026-08-12,document trouvé
Mommenheim,67301,200067874,Plan Local d'Urbanisme intercommunal (PLUi) DE HAGUENAU,PLUi,171518c6d5441a4ad41c30cf32dbe4ca,05/05/2026 12:19:47,EPCI,https://www.geoportail-urbanisme.gouv.fr/api/document/171518c6d5441a4ad41c30cf32dbe4ca/files/200067874_reglement_20260427.pdf,2026-08-12,document trouvé
Monswiller,67302,200068112,Plan Local d'Urbanisme (PLU) de la commune de MONSWILLER,PLU,64d0b4127ea42b9de62a1e7ea87e5b22,24/07/2026 12:53:02,commune,https://www.geoportail-urbanisme.gouv.fr/api/document/64d0b4127ea42b9de62a1e7ea87e5b22/files/67302_reglement_20260709.pdf,2026-08-12,document trouvé
Morsbronn-les-Bains,67303,200013050,Plan Local d'Urbanisme (PLU) de la commune de MORSBRONN-LES-BAINS,PLU,58f0265aacb541d67e1eb088d94c3b33,05/06/2020 14:58:26,commune,https://www.geoportail-urbanisme.gouv.fr/api/document/58f0265aacb541d67e1eb088d94c3b33/files/67303_reglement_20150526.pdf,2026-08-12,document trouvé
Morschwiller,67304,200067874,Plan Local d'Urbanisme intercommunal (PLUi) DE HAGUENAU,PLUi,171518c6d5441a4ad41c30cf32dbe4ca,05/05/2026 12:19:47,EPCI,https://www.geoportail-urbanisme.gouv.fr/api/document/171518c6d5441a4ad41c30cf32dbe4ca/files/200067874_reglement_20260427.pdf,2026-08-12,document trouvé
Mothern,67305,200041283,,,,,,,2026-08-12,trou de couverture
Muhlbach-sur-Bruche,67306,246700306,,,,,,,2026-08-12,trou de couverture
Mulhausen,67307,200067783,Plan Local d'Urbanisme intercommunal (PLUi) DE HANAU-LA PETITE PIERRE partie A,PLUi,ed7dc9c81a38e442eb1ff778ba9be0a2,06/02/2026 15:28:13,EPCI,https://www.geoportail-urbanisme.gouv.fr/api/document/ed7dc9c81a38e442eb1ff778ba9be0a2/files/200067783_reglement_20260202_A.pdf,2026-08-12,document trouvé
Munchhausen,67308,200041283,Plan Local d’Urbanisme (PLU) de la commune de MUNCHHAUSEN,PLU,2e782afabec0a8c1c78ec25955bff2c3,20/12/2021 10:07:47,commune,https://www.geoportail-urbanisme.gouv.fr/api/document/2e782afabec0a8c1c78ec25955bff2c3/files/67308_reglement_20211115.pdf,2026-08-12,document trouvé
Mundolsheim,67309,246700488,Plan Local d'Urbanisme intercommunal (PLUi) EUROMETROPOLE DE STRASBOURG,PLUi,95d3871caefe158c101a466ab9e91c5b,22/05/2026 11:10:48,EPCI,https://www.geoportail-urbanisme.gouv.fr/api/document/95d3871caefe158c101a466ab9e91c5b/files/246700488_reglement_20260206.pdf,2026-08-12,document trouvé
Mussig,67310,246700967,,,,,,,2026-08-12,trou de couverture
Muttersholtz,67311,246700967,Plan Local d'Urbanisme (PLU) de la commune de MUTTERSHOLTZ,PLU,74a1152d00062069c9290dee2489e046,01/11/2024 18:00:06,commune,https://www.geoportail-urbanisme.gouv.fr/api/document/74a1152d00062069c9290dee2489e046/files/67311_reglement_20241008.pdf,2026-08-12,document trouvé
Mutzenhouse,67312,246700959,Plan Local d'Urbanisme intercommunal (PLUi) DU PAYS DE LA ZORN,PLUi,5d8ce7c57a62b3545d243546281d2546,03/08/2026 08:28:16,EPCI,https://www.geoportail-urbanisme.gouv.fr/api/document/5d8ce7c57a62b3545d243546281d2546/files/246700959_reglement_20260716.pdf,2026-08-12,document trouvé
Mutzig,67313,246701064,Plan Local d'Urbanisme (PLU) de la commune de MUTZIG,PLU,3b6464195e71f5bd0a3be8afedaf43be,11/03/2026 18:57:07,commune,https://www.geoportail-urbanisme.gouv.fr/api/document/3b6464195e71f5bd0a3be8afedaf43be/files/67313_reglement_20260224.pdf,2026-08-12,document trouvé
Natzwiller,67314,246700306,,,,,,,2026-08-12,RNU confirmé
Neewiller-près-Lauterbourg,67315,200041283,Plan Local d'Urbanisme (PLU) de la commune de NEEWILLER-PRES-LAUTERBOURG,PLU,31f78291a0bb24644dca69484d482c4f,15/07/2024 16:06:52,commune,https://www.geoportail-urbanisme.gouv.fr/api/document/31f78291a0bb24644dca69484d482c4f/files/67315_reglement_20240704.pdf,2026-08-12,document trouvé
Neubois,67317,246700777,Plan Local d'Urbanisme intercommunal (PLUi) DE LA VALLEE DE VILLE,PLUi,12666ec8d6fb548ead67bc9c63776f94,28/07/2025 11:05:15,EPCI,https://www.geoportail-urbanisme.gouv.fr/api/document/12666ec8d6fb548ead67bc9c63776f94/files/246700777_reglement_20250704.pdf,2026-08-12,document trouvé
Neuhaeusel,67319,200041325,Plan Local d'Urbanisme intercommunal (PLUi) DU PAYS RHENAN,PLUi,b5ae1da72ed7f5ecf4aa179df33e1076,13/10/2025 09:14:53,EPCI,https://www.geoportail-urbanisme.gouv.fr/api/document/b5ae1da72ed7f5ecf4aa179df33e1076/files/200041325_reglement_20250929.pdf,2026-08-12,document trouvé
Neuve-Église,67320,246700777,Plan Local d'Urbanisme intercommunal (PLUi) DE LA VALLEE DE VILLE,PLUi,12666ec8d6fb548ead67bc9c63776f94,28/07/2025 11:05:15,EPCI,https://www.geoportail-urbanisme.gouv.fr/api/document/12666ec8d6fb548ead67bc9c63776f94/files/246700777_reglement_20250704.pdf,2026-08-12,document trouvé
Neuviller-la-Roche,67321,246700306,Carte Communale (CC) de la commune de NEUVILLER-LA-ROCHE,CC,62c5953428f2362691f4f2828ad6dbbb,01/10/2019 08:49:02,commune,,2026-08-12,document trouvé
Neuwiller-lès-Saverne,67322,200067783,Plan Local d'Urbanisme intercommunal (PLUi) DE HANAU-LA PETITE PIERRE partie A,PLUi,ed7dc9c81a38e442eb1ff778ba9be0a2,06/02/2026 15:28:13,EPCI,https://www.geoportail-urbanisme.gouv.fr/api/document/ed7dc9c81a38e442eb1ff778ba9be0a2/files/200067783_reglement_20260202_A.pdf,2026-08-12,document trouvé
Niederbronn-les-Bains,67324,246701098,Plan Local d'Urbanisme intercommunal (PLUi) DU PAYS DE NIEDERBRONN-LES-BAINS,PLUi,814f136f4faa17f4c90ac5067beb0446,27/05/2026 09:57:26,EPCI,https://www.geoportail-urbanisme.gouv.fr/api/document/814f136f4faa17f4c90ac5067beb0446/files/246701098_reglement_20260518.pdf,2026-08-12,document trouvé
Niederhaslach,67325,246701064,Plan Local d'Urbanisme (PLU) de la commune de NIEDERHASLACH,PLU,e24d5b7bfc109965942a09a4f9e01760,17/10/2022 16:42:06,commune,https://www.geoportail-urbanisme.gouv.fr/api/document/e24d5b7bfc109965942a09a4f9e01760/files/67325_reglement_20201102.pdf,2026-08-12,document trouvé
Niederhausbergen,67326,246700488,Plan Local d'Urbanisme intercommunal (PLUi) EUROMETROPOLE DE STRASBOURG,PLUi,95d3871caefe158c101a466ab9e91c5b,22/05/2026 11:10:48,EPCI,https://www.geoportail-urbanisme.gouv.fr/api/document/95d3871caefe158c101a466ab9e91c5b/files/246700488_reglement_20260206.pdf,2026-08-12,document trouvé
Niederlauterbach,67327,200041283,Plan Local d'Urbanisme (PLU) de la commune de NIEDERLAUTERBACH,PLU,ca84fda748e905528fde6670420367c7,02/02/2024 08:13:05,commune,https://www.geoportail-urbanisme.gouv.fr/api/document/ca84fda748e905528fde6670420367c7/files/67327_reglement_20231212.pdf,2026-08-12,document trouvé
Niedermodern,67328,200067874,Plan Local d'Urbanisme intercommunal (PLUi) DE HAGUENAU,PLUi,171518c6d5441a4ad41c30cf32dbe4ca,05/05/2026 12:19:47,EPCI,https://www.geoportail-urbanisme.gouv.fr/api/document/171518c6d5441a4ad41c30cf32dbe4ca/files/200067874_reglement_20260427.pdf,2026-08-12,document trouvé
Niedernai,67329,246701080,Plan Local d'Urbanisme (PLU) de la commune de NIEDERNAI,PLU,712f0fae0fee0e49bf7d0bbd7e3d0b47,11/12/2023 18:32:25,commune,https://www.geoportail-urbanisme.gouv.fr/api/document/712f0fae0fee0e49bf7d0bbd7e3d0b47/files/67329_reglement_20230927.pdf,2026-08-12,document trouvé
Niederrœdern,67330,200041283,,,,,,,2026-08-12,trou de couverture
Niederschaeffolsheim,67331,200067874,Plan Local d'Urbanisme intercommunal (PLUi) DE HAGUENAU,PLUi,171518c6d5441a4ad41c30cf32dbe4ca,05/05/2026 12:19:47,EPCI,https://www.geoportail-urbanisme.gouv.fr/api/document/171518c6d5441a4ad41c30cf32dbe4ca/files/200067874_reglement_20260427.pdf,2026-08-12,document trouvé
Niedersoultzbach,67333,200067783,Plan Local d'Urbanisme intercommunal (PLUi) DE HANAU-LA PETITE PIERRE partie A,PLUi,ed7dc9c81a38e442eb1ff778ba9be0a2,06/02/2026 15:28:13,EPCI,https://www.geoportail-urbanisme.gouv.fr/api/document/ed7dc9c81a38e442eb1ff778ba9be0a2/files/200067783_reglement_20260202_A.pdf,2026-08-12,document trouvé
Niedersteinbach,67334,200013050,,,,,,,2026-08-12,RNU confirmé
Nordheim,67335,200068864,,,,,,,2026-08-12,trou de couverture
Nordhouse,67336,200067924,Plan Local d'Urbanisme (PLU) de la commune de NORDHOUSE,PLU,16e0b404bc7bf3ab4a801444cb15281f,20/07/2026 13:57:48,commune,https://www.geoportail-urbanisme.gouv.fr/api/document/16e0b404bc7bf3ab4a801444cb15281f/files/67336_reglement_20260629.pdf,2026-08-12,document trouvé
Nothalten,67337,200034270,Plan Local d'Urbanisme intercommunal (PLUi) DU PAYS DE BARR,PLUi,d5d57b13334e4b7e4e0bbc3ca70df84f,16/01/2025 15:04:28,EPCI,https://www.geoportail-urbanisme.gouv.fr/api/document/d5d57b13334e4b7e4e0bbc3ca70df84f/files/200034270_reglement_20250107.pdf,2026-08-12,document trouvé
Obenheim,67338,200067924,Plan Local d'Urbanisme (PLU) de la commune de OBENHEIM,PLU,82f72a525a374f3b60f983d690608854,23/03/2023 16:36:54,commune,https://www.geoportail-urbanisme.gouv.fr/api/document/82f72a525a374f3b60f983d690608854/files/67338_reglement_20230310.pdf,2026-08-12,document trouvé
Betschdorf,67339,200040178,Plan Local d'Urbanisme intercommunal (PLUi) DE L'OUTRE-FORET partie A,PLUi,284928e1449906994f1323c4fc818562,23/07/2026 09:49:19,EPCI,https://www.geoportail-urbanisme.gouv.fr/api/document/284928e1449906994f1323c4fc818562/files/200040178_reglement_20260629_A.pdf,2026-08-12,document trouvé
Oberbronn,67340,246701098,Plan Local d'Urbanisme intercommunal (PLUi) DU PAYS DE NIEDERBRONN-LES-BAINS,PLUi,814f136f4faa17f4c90ac5067beb0446,27/05/2026 09:57:26,EPCI,https://www.geoportail-urbanisme.gouv.fr/api/document/814f136f4faa17f4c90ac5067beb0446/files/246701098_reglement_20260518.pdf,2026-08-12,document trouvé
Oberdorf-Spachbach,67341,200013050,,,,,,,2026-08-12,trou de couverture
Oberhaslach,67342,246701064,Plan Local d’Urbanisme (PLU) de la commune de OBERHASLACH,PLU,4edabff809fffd143cf1e22662469284,04/08/2022 10:44:18,commune,https://www.geoportail-urbanisme.gouv.fr/api/document/4edabff809fffd143cf1e22662469284/files/67342_reglement_20190715.pdf,2026-08-12,document trouvé
Oberhausbergen,67343,246700488,Plan Local d'Urbanisme intercommunal (PLUi) EUROMETROPOLE DE STRASBOURG,PLUi,95d3871caefe158c101a466ab9e91c5b,22/05/2026 11:10:48,EPCI,https://www.geoportail-urbanisme.gouv.fr/api/document/95d3871caefe158c101a466ab9e91c5b/files/246700488_reglement_20260206.pdf,2026-08-12,document trouvé
Oberhoffen-lès-Wissembourg,67344,246700926,Plan Local d'Urbanisme intercommunal (PLUi) DU PAYS DE WISSEMBOURG,PLUi,c2e8753ac76f6b65769ace248d30f1ca,11/06/2026 10:23:33,EPCI,https://www.geoportail-urbanisme.gouv.fr/api/document/c2e8753ac76f6b65769ace248d30f1ca/files/246700926_reglement_20260601.pdf,2026-08-12,document trouvé
Oberhoffen-sur-Moder,67345,200067874,Plan Local d'Urbanisme intercommunal (PLUi) DE HAGUENAU,PLUi,171518c6d5441a4ad41c30cf32dbe4ca,05/05/2026 12:19:47,EPCI,https://www.geoportail-urbanisme.gouv.fr/api/document/171518c6d5441a4ad41c30cf32dbe4ca/files/200067874_reglement_20260427.pdf,2026-08-12,document trouvé
Oberlauterbach,67346,200041283,,,,,,,2026-08-12,trou de couverture
Obermodern-Zutzendorf,67347,200067783,Plan Local d'Urbanisme intercommunal (PLUi) DE HANAU-LA PETITE PIERRE partie A,PLUi,ed7dc9c81a38e442eb1ff778ba9be0a2,06/02/2026 15:28:13,EPCI,https://www.geoportail-urbanisme.gouv.fr/api/document/ed7dc9c81a38e442eb1ff778ba9be0a2/files/200067783_reglement_20260202_A.pdf,2026-08-12,document trouvé
Obernai,67348,246701080,Plan Local d'Urbanisme (PLU) de la commune de OBERNAI,PLU,5608d7490898dd51cae4466a03a53dc4,17/01/2024 13:10:03,commune,https://www.geoportail-urbanisme.gouv.fr/api/document/5608d7490898dd51cae4466a03a53dc4/files/67348_reglement_20231114.pdf,2026-08-12,document trouvé
Oberrœdern,67349,200040178,Plan Local d'Urbanisme intercommunal (PLUi) DE L'OUTRE-FORET partie A,PLUi,284928e1449906994f1323c4fc818562,23/07/2026 09:49:19,EPCI,https://www.geoportail-urbanisme.gouv.fr/api/document/284928e1449906994f1323c4fc818562/files/200040178_reglement_20260629_A.pdf,2026-08-12,document trouvé
Oberschaeffolsheim,67350,246700488,Plan Local d'Urbanisme intercommunal (PLUi) EUROMETROPOLE DE STRASBOURG,PLUi,95d3871caefe158c101a466ab9e91c5b,22/05/2026 11:10:48,EPCI,https://www.geoportail-urbanisme.gouv.fr/api/document/95d3871caefe158c101a466ab9e91c5b/files/246700488_reglement_20260206.pdf,2026-08-12,document trouvé
Seebach,67351,246700926,Plan Local d'Urbanisme intercommunal (PLUi) DU PAYS DE WISSEMBOURG,PLUi,c2e8753ac76f6b65769ace248d30f1ca,11/06/2026 10:23:33,EPCI,https://www.geoportail-urbanisme.gouv.fr/api/document/c2e8753ac76f6b65769ace248d30f1ca/files/246700926_reglement_20260601.pdf,2026-08-12,document trouvé
Obersoultzbach,67352,200067783,Plan Local d'Urbanisme intercommunal (PLUi) DE HANAU-LA PETITE PIERRE partie A,PLUi,ed7dc9c81a38e442eb1ff778ba9be0a2,06/02/2026 15:28:13,EPCI,https://www.geoportail-urbanisme.gouv.fr/api/document/ed7dc9c81a38e442eb1ff778ba9be0a2/files/200067783_reglement_20260202_A.pdf,2026-08-12,document trouvé
Obersteinbach,67353,200013050,Plan Local d'Urbanisme (PLU) de la commune de OBERSTEINBACH,PLU,ebd7767a1bbed1e10afd1cfc704d1784,15/03/2019 15:45:52,commune,https://www.geoportail-urbanisme.gouv.fr/api/document/ebd7767a1bbed1e10afd1cfc704d1784/files/67353_reglement_20190215.pdf,2026-08-12,document trouvé
Odratzheim,67354,200068864,Plan Local d'Urbanisme (PLU) de la commune de ODRATZHEIM,PLU,bce6875707d6b004c7458a6eb6e9eb51,21/06/2024 09:21:40,commune,https://www.geoportail-urbanisme.gouv.fr/api/document/bce6875707d6b004c7458a6eb6e9eb51/files/67354_reglement_20240606.pdf,2026-08-12,document trouvé
Oermingen,67355,200067841,Plan Local d'Urbanisme (PLU) de la commune de OERMINGEN,PLU,548c5cb943267914422c568633fdab33,14/09/2023 17:06:28,commune,https://www.geoportail-urbanisme.gouv.fr/api/document/548c5cb943267914422c568633fdab33/files/67355_reglement_20230711.pdf,2026-08-12,document trouvé
Offendorf,67356,200041325,Plan Local d'Urbanisme intercommunal (PLUi) DU PAYS RHENAN,PLUi,b5ae1da72ed7f5ecf4aa179df33e1076,13/10/2025 09:14:53,EPCI,https://www.geoportail-urbanisme.gouv.fr/api/document/b5ae1da72ed7f5ecf4aa179df33e1076/files/200041325_reglement_20250929.pdf,2026-08-12,document trouvé
Offwiller,67358,246701098,Plan Local d'Urbanisme intercommunal (PLUi) DU PAYS DE NIEDERBRONN-LES-BAINS,PLUi,814f136f4faa17f4c90ac5067beb0446,27/05/2026 09:57:26,EPCI,https://www.geoportail-urbanisme.gouv.fr/api/document/814f136f4faa17f4c90ac5067beb0446/files/246701098_reglement_20260518.pdf,2026-08-12,document trouvé
Ohlungen,67359,200067874,Plan Local d'Urbanisme intercommunal (PLUi) DE HAGUENAU,PLUi,171518c6d5441a4ad41c30cf32dbe4ca,05/05/2026 12:19:47,EPCI,https://www.geoportail-urbanisme.gouv.fr/api/document/171518c6d5441a4ad41c30cf32dbe4ca/files/200067874_reglement_20260427.pdf,2026-08-12,document trouvé
Ohnenheim,67360,200030526,,,,,,,2026-08-12,trou de couverture
Olwisheim,67361,200067874,Plan Local d'Urbanisme intercommunal (PLUi) DE HAGUENAU,PLUi,171518c6d5441a4ad41c30cf32dbe4ca,05/05/2026 12:19:47,EPCI,https://www.geoportail-urbanisme.gouv.fr/api/document/171518c6d5441a4ad41c30cf32dbe4ca/files/200067874_reglement_20260427.pdf,2026-08-12,document trouvé
Orschwiller,67362,246700967,Plan Local d'Urbanisme (PLU) de la commune de ORSCHWILLER,PLU,fd419c1717ad13a6650f74fad3883435,23/07/2025 10:36:18,commune,https://www.geoportail-urbanisme.gouv.fr/api/document/fd419c1717ad13a6650f74fad3883435/files/67362_reglement_20250618.pdf,2026-08-12,document trouvé
Osthoffen,67363,246700488,Plan Local d'Urbanisme intercommunal (PLUi) EUROMETROPOLE DE STRASBOURG,PLUi,95d3871caefe158c101a466ab9e91c5b,22/05/2026 11:10:48,EPCI,https://www.geoportail-urbanisme.gouv.fr/api/document/95d3871caefe158c101a466ab9e91c5b/files/246700488_reglement_20260206.pdf,2026-08-12,document trouvé
Osthouse,67364,200067924,Plan Local d'Urbanisme (PLU) de la commune de OSTHOUSE,PLU,07018dc02428aa20b32aad3b37241eb6,22/05/2024 17:07:51,commune,https://www.geoportail-urbanisme.gouv.fr/api/document/07018dc02428aa20b32aad3b37241eb6/files/67364_reglement_20240423.pdf,2026-08-12,document trouvé
Ostwald,67365,246700488,Plan Local d'Urbanisme intercommunal (PLUi) EUROMETROPOLE DE STRASBOURG,PLUi,95d3871caefe158c101a466ab9e91c5b,22/05/2026 11:10:48,EPCI,https://www.geoportail-urbanisme.gouv.fr/api/document/95d3871caefe158c101a466ab9e91c5b/files/246700488_reglement_20260206.pdf,2026-08-12,document trouvé
Ottersthal,67366,200068112,Plan Local d'Urbanisme (PLU) de la commune de OTTERSTHAL,PLU,ec055b21f1e1c44724b7e03c7123129b,15/02/2021 20:24:47,commune,https://www.geoportail-urbanisme.gouv.fr/api/document/ec055b21f1e1c44724b7e03c7123129b/files/67366_reglement_20200309.pdf,2026-08-12,document trouvé
Otterswiller,67367,200068112,Plan Local d'Urbanisme (PLU) de la commune de OTTERSWILLER,PLU,dea866c46a22716ab9d17f611eb7a7d4,17/02/2026 14:22:15,commune,https://www.geoportail-urbanisme.gouv.fr/api/document/dea866c46a22716ab9d17f611eb7a7d4/files/67367_reglement_20260129.pdf,2026-08-12,document trouvé
Ottrott,67368,246700744,,,,,,,2026-08-12,trou de couverture
Ottwiller,67369,200067841,Carte Communale (CC) de la commune de OTTWILLER,CC,265aebae7cf8d999b5cba7f4e02a24b6,22/01/2021 10:36:30,commune,,2026-08-12,document trouvé
Petersbach,67370,200067783,,,,,,,2026-08-12,trou de couverture
La Petite-Pierre,67371,200067783,Plan Local d'Urbanisme intercommunal (PLUi) DE HANAU-LA PETITE PIERRE partie A,PLUi,ed7dc9c81a38e442eb1ff778ba9be0a2,06/02/2026 15:28:13,EPCI,https://www.geoportail-urbanisme.gouv.fr/api/document/ed7dc9c81a38e442eb1ff778ba9be0a2/files/200067783_reglement_20260202_A.pdf,2026-08-12,document trouvé
Val-de-Moder,67372,200067874,Plan Local d'Urbanisme intercommunal (PLUi) DE HAGUENAU,PLUi,171518c6d5441a4ad41c30cf32dbe4ca,05/05/2026 12:19:47,EPCI,https://www.geoportail-urbanisme.gouv.fr/api/document/171518c6d5441a4ad41c30cf32dbe4ca/files/200067874_reglement_20260427.pdf,2026-08-12,document trouvé
Pfalzweyer,67373,200067783,,,,,,,2026-08-12,trou de couverture
Pfulgriesheim,67375,200034635,Plan Local d'Urbanisme intercommunal (PLUi) DU KOCHERSBERG ET DE L'ACKERLAND,PLUi,274e0297eee8a3b4d7650c9c8d2c950f,03/02/2026 14:11:50,EPCI,https://www.geoportail-urbanisme.gouv.fr/api/document/274e0297eee8a3b4d7650c9c8d2c950f/files/200034635_reglement_20251211.pdf,2026-08-12,document trouvé
Plaine,67377,246700306,,,,,,,2026-08-12,RNU confirmé
Plobsheim,67378,246700488,Plan Local d'Urbanisme intercommunal (PLUi) EUROMETROPOLE DE STRASBOURG,PLUi,95d3871caefe158c101a466ab9e91c5b,22/05/2026 11:10:48,EPCI,https://www.geoportail-urbanisme.gouv.fr/api/document/95d3871caefe158c101a466ab9e91c5b/files/246700488_reglement_20260206.pdf,2026-08-12,document trouvé
Preuschdorf,67379,200013050,,,,,,,2026-08-12,trou de couverture
Printzheim,67380,200068112,Plan Local d'Urbanisme (PLU) de la commune de PRINTZHEIM,PLU,5efb9b5e06dc686b9c2a2ac17632ff2d,10/08/2020 18:12:36,commune,https://www.geoportail-urbanisme.gouv.fr/api/document/5efb9b5e06dc686b9c2a2ac17632ff2d/files/67380_reglement_20200717.pdf,2026-08-12,document trouvé
Puberg,67381,200067783,,,,,,,2026-08-12,trou de couverture
Quatzenheim,67382,200034635,Plan Local d'Urbanisme intercommunal (PLUi) DU KOCHERSBERG ET DE L'ACKERLAND,PLUi,274e0297eee8a3b4d7650c9c8d2c950f,03/02/2026 14:11:50,EPCI,https://www.geoportail-urbanisme.gouv.fr/api/document/274e0297eee8a3b4d7650c9c8d2c950f/files/200034635_reglement_20251211.pdf,2026-08-12,document trouvé
Rangen,67383,200068864,Plan Local d'Urbanisme (PLU) de la commune de RANGEN,PLU,52c5d95532a99b5b37fbb562bcd48674,23/01/2024 11:36:03,commune,https://www.geoportail-urbanisme.gouv.fr/api/document/52c5d95532a99b5b37fbb562bcd48674/files/67383_reglement_20231220.pdf,2026-08-12,document trouvé
Ranrupt,67384,246700306,Plan Local d'Urbanisme (PLU) de la commune de RANRUPT,PLU,9a0a52b71cbf951553a3f2b986718b7d,15/09/2023 10:37:43,commune,https://www.geoportail-urbanisme.gouv.fr/api/document/9a0a52b71cbf951553a3f2b986718b7d/files/67384_reglement_20230515.pdf,2026-08-12,document trouvé
Ratzwiller,67385,200067841,Plan Local d'Urbanisme (PLU) de la commune de RATZWILLER,PLU,e3fe0bfab4510a97f9895311d39df774,17/01/2023 10:00:43,commune,https://www.geoportail-urbanisme.gouv.fr/api/document/e3fe0bfab4510a97f9895311d39df774/files/67385_reglement_20221209.pdf,2026-08-12,document trouvé
Rauwiller,67386,200067841,,,,,,,2026-08-12,trou de couverture
Reichsfeld,67387,200034270,Plan Local d'Urbanisme intercommunal (PLUi) DU PAYS DE BARR,PLUi,d5d57b13334e4b7e4e0bbc3ca70df84f,16/01/2025 15:04:28,EPCI,https://www.geoportail-urbanisme.gouv.fr/api/document/d5d57b13334e4b7e4e0bbc3ca70df84f/files/200034270_reglement_20250107.pdf,2026-08-12,document trouvé
Reichshoffen,67388,246701098,Plan Local d'Urbanisme intercommunal (PLUi) DU PAYS DE NIEDERBRONN-LES-BAINS,PLUi,814f136f4faa17f4c90ac5067beb0446,27/05/2026 09:57:26,EPCI,https://www.geoportail-urbanisme.gouv.fr/api/document/814f136f4faa17f4c90ac5067beb0446/files/246701098_reglement_20260518.pdf,2026-08-12,document trouvé
Reichstett,67389,246700488,Plan Local d'Urbanisme intercommunal (PLUi) EUROMETROPOLE DE STRASBOURG,PLUi,95d3871caefe158c101a466ab9e91c5b,22/05/2026 11:10:48,EPCI,https://www.geoportail-urbanisme.gouv.fr/api/document/95d3871caefe158c101a466ab9e91c5b/files/246700488_reglement_20260206.pdf,2026-08-12,document trouvé
Reinhardsmunster,67391,200068112,,,,,,,2026-08-12,trou de couverture
Reipertswiller,67392,200067783,,,,,,,2026-08-12,trou de couverture
Retschwiller,67394,200040178,Plan Local d'Urbanisme (PLU) de la commune de RETSCHWILLER,PLU,367b738386dd46d1c0dc10f9e1dd1d8f,09/04/2025 15:04:41,commune,https://www.geoportail-urbanisme.gouv.fr/api/document/367b738386dd46d1c0dc10f9e1dd1d8f/files/67394_reglement_20250402.pdf,2026-08-12,document trouvé
Reutenbourg,67395,200068112,,,,,,,2026-08-12,trou de couverture
Rexingen,67396,200067841,,,,,,,2026-08-12,trou de couverture
Rhinau,67397,200067924,,,,,,,2026-08-12,trou de couverture
Richtolsheim,67398,200030526,,,,,,,2026-08-12,trou de couverture
Riedseltz,67400,246700926,Plan Local d'Urbanisme intercommunal (PLUi) DU PAYS DE WISSEMBOURG,PLUi,c2e8753ac76f6b65769ace248d30f1ca,11/06/2026 10:23:33,EPCI,https://www.geoportail-urbanisme.gouv.fr/api/document/c2e8753ac76f6b65769ace248d30f1ca/files/246700926_reglement_20260601.pdf,2026-08-12,document trouvé
Rimsdorf,67401,200067841,Plan Local d'Urbanisme (PLU) de la commune de RIMSDORF,PLU,a140daa327d42ef2ed7d0d1a0d4d14d7,05/02/2026 18:26:28,commune,https://www.geoportail-urbanisme.gouv.fr/api/document/a140daa327d42ef2ed7d0d1a0d4d14d7/files/67401_reglement_20251222.pdf,2026-08-12,document trouvé
Ringendorf,67403,200067783,Plan Local d'Urbanisme intercommunal (PLUi) DE HANAU-LA PETITE PIERRE partie A,PLUi,ed7dc9c81a38e442eb1ff778ba9be0a2,06/02/2026 15:28:13,EPCI,https://www.geoportail-urbanisme.gouv.fr/api/document/ed7dc9c81a38e442eb1ff778ba9be0a2/files/200067783_reglement_20260202_A.pdf,2026-08-12,document trouvé
Rittershoffen,67404,200040178,Plan Local d'Urbanisme intercommunal (PLUi) DE L'OUTRE-FORET partie A,PLUi,284928e1449906994f1323c4fc818562,23/07/2026 09:49:19,EPCI,https://www.geoportail-urbanisme.gouv.fr/api/document/284928e1449906994f1323c4fc818562/files/200040178_reglement_20260629_A.pdf,2026-08-12,document trouvé
Rœschwoog,67405,200041325,Plan Local d'Urbanisme intercommunal (PLUi) DU PAYS RHENAN,PLUi,b5ae1da72ed7f5ecf4aa179df33e1076,13/10/2025 09:14:53,EPCI,https://www.geoportail-urbanisme.gouv.fr/api/document/b5ae1da72ed7f5ecf4aa179df33e1076/files/200041325_reglement_20250929.pdf,2026-08-12,document trouvé
Rohr,67406,200034635,Plan Local d'Urbanisme intercommunal (PLUi) DU KOCHERSBERG ET DE L'ACKERLAND,PLUi,274e0297eee8a3b4d7650c9c8d2c950f,03/02/2026 14:11:50,EPCI,https://www.geoportail-urbanisme.gouv.fr/api/document/274e0297eee8a3b4d7650c9c8d2c950f/files/200034635_reglement_20251211.pdf,2026-08-12,document trouvé
Rohrwiller,67407,200067874,Plan Local d'Urbanisme intercommunal (PLUi) DE HAGUENAU,PLUi,171518c6d5441a4ad41c30cf32dbe4ca,05/05/2026 12:19:47,EPCI,https://www.geoportail-urbanisme.gouv.fr/api/document/171518c6d5441a4ad41c30cf32dbe4ca/files/200067874_reglement_20260427.pdf,2026-08-12,document trouvé
Romanswiller,67408,200068864,Plan Local d'Urbanisme (PLU) de la commune de ROMANSWILLER,PLU,c1efdd663a79def1d7d8023cc670d1d6,02/04/2026 17:14:41,commune,https://www.geoportail-urbanisme.gouv.fr/api/document/c1efdd663a79def1d7d8023cc670d1d6/files/67408_reglement_20260310.pdf,2026-08-12,document trouvé
Roppenheim,67409,200041325,Plan Local d'Urbanisme intercommunal (PLUi) DU PAYS RHENAN,PLUi,b5ae1da72ed7f5ecf4aa179df33e1076,13/10/2025 09:14:53,EPCI,https://www.geoportail-urbanisme.gouv.fr/api/document/b5ae1da72ed7f5ecf4aa179df33e1076/files/200041325_reglement_20250929.pdf,2026-08-12,document trouvé
Rosenwiller,67410,246700744,Plan Local d'Urbanisme (PLU) de la commune de ROSENWILLER,PLU,95d1353266453723447fb10f024c31fa,29/08/2018 09:12:47,commune,https://www.geoportail-urbanisme.gouv.fr/api/document/95d1353266453723447fb10f024c31fa/files/67410_reglement_20180413.pdf,2026-08-12,document trouvé
Rosheim,67411,246700744,Plan Local d'Urbanisme (PLU) de la commune de ROSHEIM,PLU,f522633aaf74c2660da5a1e1c77fd9a8,29/07/2025 11:24:15,commune,https://www.geoportail-urbanisme.gouv.fr/api/document/f522633aaf74c2660da5a1e1c77fd9a8/files/67411_reglement_20250414.pdf,2026-08-12,document trouvé
Rossfeld,67412,200067924,Plan Local d'Urbanisme (PLU) de la commune de ROSSFELD,PLU,38f819380a62ec6f648908ec00bae9b5,30/01/2023 15:42:42,commune,https://www.geoportail-urbanisme.gouv.fr/api/document/38f819380a62ec6f648908ec00bae9b5/files/67412_reglement_20210923.pdf,2026-08-12,document trouvé
Rosteig,67413,200067783,,,,,,,2026-08-12,trou de couverture
Rothau,67414,246700306,,,,,,,2026-08-12,trou de couverture
Rothbach,67415,246701098,Plan Local d'Urbanisme intercommunal (PLUi) DU PAYS DE NIEDERBRONN-LES-BAINS,PLUi,814f136f4faa17f4c90ac5067beb0446,27/05/2026 09:57:26,EPCI,https://www.geoportail-urbanisme.gouv.fr/api/document/814f136f4faa17f4c90ac5067beb0446/files/246701098_reglement_20260518.pdf,2026-08-12,document trouvé
Rott,67416,246700926,Plan Local d'Urbanisme intercommunal (PLUi) DU PAYS DE WISSEMBOURG,PLUi,c2e8753ac76f6b65769ace248d30f1ca,11/06/2026 10:23:33,EPCI,https://www.geoportail-urbanisme.gouv.fr/api/document/c2e8753ac76f6b65769ace248d30f1ca/files/246700926_reglement_20260601.pdf,2026-08-12,document trouvé
Rottelsheim,67417,200067874,Plan Local d'Urbanisme intercommunal (PLUi) DE HAGUENAU,PLUi,171518c6d5441a4ad41c30cf32dbe4ca,05/05/2026 12:19:47,EPCI,https://www.geoportail-urbanisme.gouv.fr/api/document/171518c6d5441a4ad41c30cf32dbe4ca/files/200067874_reglement_20260427.pdf,2026-08-12,document trouvé
Rountzenheim-Auenheim,67418,200041325,Plan Local d'Urbanisme intercommunal (PLUi) DU PAYS RHENAN,PLUi,b5ae1da72ed7f5ecf4aa179df33e1076,13/10/2025 09:14:53,EPCI,https://www.geoportail-urbanisme.gouv.fr/api/document/b5ae1da72ed7f5ecf4aa179df33e1076/files/200041325_reglement_20250929.pdf,2026-08-12,document trouvé
Russ,67420,246700306,Plan Local d'Urbanisme (PLU) de la commune de RUSS,PLU,55d11db5ff9148c968ca57e6e9952208,02/01/2023 14:26:50,commune,https://www.geoportail-urbanisme.gouv.fr/api/document/55d11db5ff9148c968ca57e6e9952208/files/67420_reglement_20210923.pdf,2026-08-12,document trouvé
Saales,67421,246700306,,,,,,,2026-08-12,trou de couverture
Saasenheim,67422,200030526,,,,,,,2026-08-12,trou de couverture
Saessolsheim,67423,200068112,Carte Communale (CC) de la commune de SAESSOLSHEIM,CC,e41a15352aa0b96dd48529c3e94e677f,08/04/2020 07:32:54,commune,,2026-08-12,document trouvé
Saint-Blaise-la-Roche,67424,246700306,,,,,,,2026-08-12,RNU confirmé
Saint-Jean-Saverne,67425,200068112,,,,,,,2026-08-12,trou de couverture
Saint-Martin,67426,246700777,Plan Local d'Urbanisme intercommunal (PLUi) DE LA VALLEE DE VILLE,PLUi,12666ec8d6fb548ead67bc9c63776f94,28/07/2025 11:05:15,EPCI,https://www.geoportail-urbanisme.gouv.fr/api/document/12666ec8d6fb548ead67bc9c63776f94/files/246700777_reglement_20250704.pdf,2026-08-12,document trouvé
Saint-Maurice,67427,246700777,Plan Local d'Urbanisme intercommunal (PLUi) DE LA VALLEE DE VILLE,PLUi,12666ec8d6fb548ead67bc9c63776f94,28/07/2025 11:05:15,EPCI,https://www.geoportail-urbanisme.gouv.fr/api/document/12666ec8d6fb548ead67bc9c63776f94/files/246700777_reglement_20250704.pdf,2026-08-12,document trouvé
Saint-Nabor,67428,246700744,,,,,,,2026-08-12,trou de couverture
Saint-Pierre,67429,200034270,Plan Local d'Urbanisme intercommunal (PLUi) DU PAYS DE BARR,PLUi,d5d57b13334e4b7e4e0bbc3ca70df84f,16/01/2025 15:04:28,EPCI,https://www.geoportail-urbanisme.gouv.fr/api/document/d5d57b13334e4b7e4e0bbc3ca70df84f/files/200034270_reglement_20250107.pdf,2026-08-12,document trouvé
Saint-Pierre-Bois,67430,246700777,Plan Local d'Urbanisme intercommunal (PLUi) DE LA VALLEE DE VILLE,PLUi,12666ec8d6fb548ead67bc9c63776f94,28/07/2025 11:05:15,EPCI,https://www.geoportail-urbanisme.gouv.fr/api/document/12666ec8d6fb548ead67bc9c63776f94/files/246700777_reglement_20250704.pdf,2026-08-12,document trouvé
Salmbach,67432,200041283,,,,,,,2026-08-12,trou de couverture
Sand,67433,200067924,Plan Local d'Urbanisme (PLU) de la commune de SAND,PLU,df3f10e0d71211fc007fed1d5a595587,06/08/2026 15:07:53,commune,https://www.geoportail-urbanisme.gouv.fr/api/document/df3f10e0d71211fc007fed1d5a595587/files/67433_reglement_20260720.pdf,2026-08-12,document trouvé
Sarre-Union,67434,200067841,,,,,,,2026-08-12,trou de couverture
Sarrewerden,67435,200067841,,,,,,,2026-08-12,trou de couverture
Saulxures,67436,246700306,,,,,,,2026-08-12,RNU confirmé
Saverne,67437,200068112,Plan Local d'Urbanisme (PLU) de la commune de SAVERNE,PLU,bd0a83691a574e653484e7c0565196c1,07/06/2024 10:48:31,commune,https://www.geoportail-urbanisme.gouv.fr/api/document/bd0a83691a574e653484e7c0565196c1/files/67437_reglement_20240418.pdf,2026-08-12,document trouvé
Schaeffersheim,67438,200067924,Plan Local d'Urbanisme (PLU) de la commune de SCHAEFFERSHEIM,PLU,c94af61fe2f76964237ffd045a7410ee,24/02/2026 12:59:40,commune,https://www.geoportail-urbanisme.gouv.fr/api/document/c94af61fe2f76964237ffd045a7410ee/files/67438_reglement_20250911.pdf,2026-08-12,document trouvé
Schaffhouse-près-Seltz,67440,200041283,,,,,,,2026-08-12,trou de couverture
Schalkendorf,67441,200067783,Plan Local d'Urbanisme intercommunal (PLUi) DE HANAU-LA PETITE PIERRE partie A,PLUi,ed7dc9c81a38e442eb1ff778ba9be0a2,06/02/2026 15:28:13,EPCI,https://www.geoportail-urbanisme.gouv.fr/api/document/ed7dc9c81a38e442eb1ff778ba9be0a2/files/200067783_reglement_20260202_A.pdf,2026-08-12,document trouvé
Scharrachbergheim-Irmstett,67442,200068864,Plan Local d'Urbanisme (PLU) de la commune de SCHARRACHBERGHEIM-IRMSTETT,PLU,96654dc58f57514e35f16c4f83bc592d,19/07/2024 16:33:26,commune,https://www.geoportail-urbanisme.gouv.fr/api/document/96654dc58f57514e35f16c4f83bc592d/files/67442_reglement_20240711.pdf,2026-08-12,document trouvé
Scheibenhard,67443,200041283,Plan Local d'Urbanisme (PLU) de la commune de SCHEIBENHARD,PLU,fc6bee104103d89651e5a0410d49cd49,11/05/2020 09:11:58,commune,https://www.geoportail-urbanisme.gouv.fr/api/document/fc6bee104103d89651e5a0410d49cd49/files/67443_reglement_20200303.pdf,2026-08-12,document trouvé
Scherlenheim,67444,246700959,Plan Local d'Urbanisme intercommunal (PLUi) DU PAYS DE LA ZORN,PLUi,5d8ce7c57a62b3545d243546281d2546,03/08/2026 08:28:16,EPCI,https://www.geoportail-urbanisme.gouv.fr/api/document/5d8ce7c57a62b3545d243546281d2546/files/246700959_reglement_20260716.pdf,2026-08-12,document trouvé
Scherwiller,67445,246700967,Plan Local d'Urbanisme (PLU) de la commune de SCHERWILLER,PLU,b41a7e70e8fbeb0240065dde230a8ce6,17/04/2023 10:55:29,commune,https://www.geoportail-urbanisme.gouv.fr/api/document/b41a7e70e8fbeb0240065dde230a8ce6/files/67445_reglement_20230228.pdf,2026-08-12,document trouvé
Schillersdorf,67446,200067783,Plan Local d'Urbanisme intercommunal (PLUi) DE HANAU-LA PETITE PIERRE partie A,PLUi,ed7dc9c81a38e442eb1ff778ba9be0a2,06/02/2026 15:28:13,EPCI,https://www.geoportail-urbanisme.gouv.fr/api/document/ed7dc9c81a38e442eb1ff778ba9be0a2/files/200067783_reglement_20260202_A.pdf,2026-08-12,document trouvé
Schiltigheim,67447,246700488,Plan Local d'Urbanisme intercommunal (PLUi) EUROMETROPOLE DE STRASBOURG,PLUi,95d3871caefe158c101a466ab9e91c5b,22/05/2026 11:10:48,EPCI,https://www.geoportail-urbanisme.gouv.fr/api/document/95d3871caefe158c101a466ab9e91c5b/files/246700488_reglement_20260206.pdf,2026-08-12,document trouvé
Schirmeck,67448,246700306,Plan Local d'Urbanisme (PLU) de la commune de SCHIRMECK,PLU,d0dd2ff09a9715dabbc034b0b9e0c4f7,02/04/2025 11:48:17,commune,https://www.geoportail-urbanisme.gouv.fr/api/document/d0dd2ff09a9715dabbc034b0b9e0c4f7/files/67448_reglement_20250324.pdf,2026-08-12,document trouvé
Schirrhein,67449,200067874,Plan Local d'Urbanisme intercommunal (PLUi) DE HAGUENAU,PLUi,171518c6d5441a4ad41c30cf32dbe4ca,05/05/2026 12:19:47,EPCI,https://www.geoportail-urbanisme.gouv.fr/api/document/171518c6d5441a4ad41c30cf32dbe4ca/files/200067874_reglement_20260427.pdf,2026-08-12,document trouvé
Schirrhoffen,67450,200067874,Plan Local d'Urbanisme intercommunal (PLUi) DE HAGUENAU,PLUi,171518c6d5441a4ad41c30cf32dbe4ca,05/05/2026 12:19:47,EPCI,https://www.geoportail-urbanisme.gouv.fr/api/document/171518c6d5441a4ad41c30cf32dbe4ca/files/200067874_reglement_20260427.pdf,2026-08-12,document trouvé
Schleithal,67451,246700926,Plan Local d'Urbanisme intercommunal (PLUi) DU PAYS DE WISSEMBOURG,PLUi,c2e8753ac76f6b65769ace248d30f1ca,11/06/2026 10:23:33,EPCI,https://www.geoportail-urbanisme.gouv.fr/api/document/c2e8753ac76f6b65769ace248d30f1ca/files/246700926_reglement_20260601.pdf,2026-08-12,document trouvé
Schnersheim,67452,200034635,Plan Local d'Urbanisme intercommunal (PLUi) DU KOCHERSBERG ET DE L'ACKERLAND,PLUi,274e0297eee8a3b4d7650c9c8d2c950f,03/02/2026 14:11:50,EPCI,https://www.geoportail-urbanisme.gouv.fr/api/document/274e0297eee8a3b4d7650c9c8d2c950f/files/200034635_reglement_20251211.pdf,2026-08-12,document trouvé
Schœnau,67453,200030526,,,,,,,2026-08-12,RNU confirmé
Schœnbourg,67454,200067783,,,,,,,2026-08-12,trou de couverture
Schœnenbourg,67455,200040178,Plan Local d'Urbanisme (PLU) de la commune de SCHOENENBOURG,PLU,4a9aae89f672f8ee2745b3e1fbf32e22,13/03/2025 09:29:40,commune,https://www.geoportail-urbanisme.gouv.fr/api/document/4a9aae89f672f8ee2745b3e1fbf32e22/files/67455_reglement_20250225.pdf,2026-08-12,document trouvé
Schopperten,67456,200067841,,,,,,,2026-08-12,trou de couverture
Schweighouse-sur-Moder,67458,200067874,Plan Local d'Urbanisme intercommunal (PLUi) DE HAGUENAU,PLUi,171518c6d5441a4ad41c30cf32dbe4ca,05/05/2026 12:19:47,EPCI,https://www.geoportail-urbanisme.gouv.fr/api/document/171518c6d5441a4ad41c30cf32dbe4ca/files/200067874_reglement_20260427.pdf,2026-08-12,document trouvé
Schwenheim,67459,200068112,,,,,,,2026-08-12,trou de couverture
Schwindratzheim,67460,246700959,Plan Local d'Urbanisme intercommunal (PLUi) DU PAYS DE LA ZORN,PLUi,5d8ce7c57a62b3545d243546281d2546,03/08/2026 08:28:16,EPCI,https://www.geoportail-urbanisme.gouv.fr/api/document/5d8ce7c57a62b3545d243546281d2546/files/246700959_reglement_20260716.pdf,2026-08-12,document trouvé
Schwobsheim,67461,200030526,,,,,,,2026-08-12,trou de couverture
Sélestat,67462,246700967,Plan Local d'Urbanisme (PLU) de la commune de SELESTAT,PLU,55aa85974c768b0532e5800423bc3f19,30/07/2026 07:50:30,commune,https://www.geoportail-urbanisme.gouv.fr/api/document/55aa85974c768b0532e5800423bc3f19/files/67462_reglement_20260716.pdf,2026-08-12,document trouvé
Seltz,67463,200041283,Plan Local d'Urbanisme (PLU) de la commune de SELTZ,PLU,6be25972559a76cd8a0914542c4a57e1,04/11/2025 15:29:13,commune,https://www.geoportail-urbanisme.gouv.fr/api/document/6be25972559a76cd8a0914542c4a57e1/files/67463_reglement_20251013.pdf,2026-08-12,document trouvé
Sermersheim,67464,200067924,,,,,,,2026-08-12,trou de couverture
Sessenheim,67465,200041325,Plan Local d'Urbanisme intercommunal (PLUi) DU PAYS RHENAN,PLUi,b5ae1da72ed7f5ecf4aa179df33e1076,13/10/2025 09:14:53,EPCI,https://www.geoportail-urbanisme.gouv.fr/api/document/b5ae1da72ed7f5ecf4aa179df33e1076/files/200041325_reglement_20250929.pdf,2026-08-12,document trouvé
Siegen,67466,200041283,,,,,,,2026-08-12,trou de couverture
Siewiller,67467,200067841,,,,,,,2026-08-12,trou de couverture
Siltzheim,67468,200070746,Plan Local d'Urbanisme (PLU) de la commune de SILTZHEIM,PLU,fb895f6d9da393ab005775b75a905c35,29/01/2024 18:46:04,commune,https://www.geoportail-urbanisme.gouv.fr/api/document/fb895f6d9da393ab005775b75a905c35/files/67468_reglement_20231120.pdf,2026-08-12,document trouvé
Solbach,67470,246700306,,,,,,,2026-08-12,RNU confirmé
Souffelweyersheim,67471,246700488,Plan Local d'Urbanisme intercommunal (PLUi) EUROMETROPOLE DE STRASBOURG,PLUi,95d3871caefe158c101a466ab9e91c5b,22/05/2026 11:10:48,EPCI,https://www.geoportail-urbanisme.gouv.fr/api/document/95d3871caefe158c101a466ab9e91c5b/files/246700488_reglement_20260206.pdf,2026-08-12,document trouvé
Soufflenheim,67472,200041325,Plan Local d'Urbanisme intercommunal (PLUi) DU PAYS RHENAN,PLUi,b5ae1da72ed7f5ecf4aa179df33e1076,13/10/2025 09:14:53,EPCI,https://www.geoportail-urbanisme.gouv.fr/api/document/b5ae1da72ed7f5ecf4aa179df33e1076/files/200041325_reglement_20250929.pdf,2026-08-12,document trouvé
Soultz-les-Bains,67473,246701064,Plan Local d'Urbanisme (PLU) de la commune de SOULTZ-LES-BAINS,PLU,f7d95126a3f30f4c0fafa5c8bd05ca86,09/10/2025 18:05:16,commune,https://www.geoportail-urbanisme.gouv.fr/api/document/f7d95126a3f30f4c0fafa5c8bd05ca86/files/67473_reglement_20250708.pdf,2026-08-12,document trouvé
Soultz-sous-Forêts,67474,200040178,Plan Local d'Urbanisme intercommunal (PLUi) DE L'OUTRE-FORET partie A,PLUi,284928e1449906994f1323c4fc818562,23/07/2026 09:49:19,EPCI,https://www.geoportail-urbanisme.gouv.fr/api/document/284928e1449906994f1323c4fc818562/files/200040178_reglement_20260629_A.pdf,2026-08-12,document trouvé
Sparsbach,67475,200067783,Plan Local d'Urbanisme intercommunal (PLUi) DE HANAU-LA PETITE PIERRE partie A,PLUi,ed7dc9c81a38e442eb1ff778ba9be0a2,06/02/2026 15:28:13,EPCI,https://www.geoportail-urbanisme.gouv.fr/api/document/ed7dc9c81a38e442eb1ff778ba9be0a2/files/200067783_reglement_20260202_A.pdf,2026-08-12,document trouvé
Stattmatten,67476,200041325,Plan Local d'Urbanisme intercommunal (PLUi) DU PAYS RHENAN,PLUi,b5ae1da72ed7f5ecf4aa179df33e1076,13/10/2025 09:14:53,EPCI,https://www.geoportail-urbanisme.gouv.fr/api/document/b5ae1da72ed7f5ecf4aa179df33e1076/files/200041325_reglement_20250929.pdf,2026-08-12,document trouvé
Steige,67477,246700777,Plan Local d'Urbanisme intercommunal (PLUi) DE LA VALLEE DE VILLE,PLUi,12666ec8d6fb548ead67bc9c63776f94,28/07/2025 11:05:15,EPCI,https://www.geoportail-urbanisme.gouv.fr/api/document/12666ec8d6fb548ead67bc9c63776f94/files/246700777_reglement_20250704.pdf,2026-08-12,document trouvé
Steinbourg,67478,200068112,,,,,,,2026-08-12,trou de couverture
Steinseltz,67479,246700926,Plan Local d'Urbanisme intercommunal (PLUi) DU PAYS DE WISSEMBOURG,PLUi,c2e8753ac76f6b65769ace248d30f1ca,11/06/2026 10:23:33,EPCI,https://www.geoportail-urbanisme.gouv.fr/api/document/c2e8753ac76f6b65769ace248d30f1ca/files/246700926_reglement_20260601.pdf,2026-08-12,document trouvé
Still,67480,246701064,Plan Local d'Urbanisme (PLU) de la commune de STILL,PLU,d3357caf08fc5236fcb66a3c6a40712c,28/04/2023 09:51:05,commune,https://www.geoportail-urbanisme.gouv.fr/api/document/d3357caf08fc5236fcb66a3c6a40712c/files/67480_reglement_20230303.pdf,2026-08-12,document trouvé
Stotzheim,67481,200034270,Plan Local d'Urbanisme intercommunal (PLUi) DU PAYS DE BARR,PLUi,d5d57b13334e4b7e4e0bbc3ca70df84f,16/01/2025 15:04:28,EPCI,https://www.geoportail-urbanisme.gouv.fr/api/document/d5d57b13334e4b7e4e0bbc3ca70df84f/files/200034270_reglement_20250107.pdf,2026-08-12,document trouvé
Strasbourg,67482,246700488,Plan Local d'Urbanisme intercommunal (PLUi) EUROMETROPOLE DE STRASBOURG,PLUi,95d3871caefe158c101a466ab9e91c5b,22/05/2026 11:10:48,EPCI,https://www.geoportail-urbanisme.gouv.fr/api/document/95d3871caefe158c101a466ab9e91c5b/files/246700488_reglement_20260206.pdf,2026-08-12,document trouvé
Strasbourg,67482,246700488,Plan de Sauvegarde et de Mise en Valeur (PSMV) STRASBOURG,PSMV,5ef7415de742b3e83e90bd4ca2f8e2f0,26/07/2023 14:45:48,commune,https://www.geoportail-urbanisme.gouv.fr/api/document/5ef7415de742b3e83e90bd4ca2f8e2f0/files/67482_reglement_20230707.pdf,2026-08-12,PSMV additionnel
Struth,67483,200067783,,,,,,,2026-08-12,trou de couverture
Stundwiller,67484,200040178,Plan Local d'Urbanisme intercommunal (PLUi) DE L'OUTRE-FORET partie A,PLUi,284928e1449906994f1323c4fc818562,23/07/2026 09:49:19,EPCI,https://www.geoportail-urbanisme.gouv.fr/api/document/284928e1449906994f1323c4fc818562/files/200040178_reglement_20260629_A.pdf,2026-08-12,document trouvé
Stutzheim-Offenheim,67485,200034635,Plan Local d'Urbanisme intercommunal (PLUi) DU KOCHERSBERG ET DE L'ACKERLAND,PLUi,274e0297eee8a3b4d7650c9c8d2c950f,03/02/2026 14:11:50,EPCI,https://www.geoportail-urbanisme.gouv.fr/api/document/274e0297eee8a3b4d7650c9c8d2c950f/files/200034635_reglement_20251211.pdf,2026-08-12,document trouvé
Sundhouse,67486,200030526,Plan Local d'Urbanisme (PLU) de la commune de SUNDHOUSE,PLU,ac4c30039ed8446e051bfb4b7194476e,08/01/2025 12:01:01,commune,https://www.geoportail-urbanisme.gouv.fr/api/document/ac4c30039ed8446e051bfb4b7194476e/files/67486_reglement_20241217.pdf,2026-08-12,document trouvé
Surbourg,67487,200040178,Plan Local d'Urbanisme intercommunal (PLUi) DE L'OUTRE-FORET partie A,PLUi,284928e1449906994f1323c4fc818562,23/07/2026 09:49:19,EPCI,https://www.geoportail-urbanisme.gouv.fr/api/document/284928e1449906994f1323c4fc818562/files/200040178_reglement_20260629_A.pdf,2026-08-12,document trouvé
Thal-Drulingen,67488,200067841,,,,,,,2026-08-12,trou de couverture
Thal-Marmoutier,67489,200068112,,,,,,,2026-08-12,trou de couverture
Thanvillé,67490,246700777,Plan Local d'Urbanisme intercommunal (PLUi) DE LA VALLEE DE VILLE,PLUi,12666ec8d6fb548ead67bc9c63776f94,28/07/2025 11:05:15,EPCI,https://www.geoportail-urbanisme.gouv.fr/api/document/12666ec8d6fb548ead67bc9c63776f94/files/246700777_reglement_20250704.pdf,2026-08-12,document trouvé
Tieffenbach,67491,200067783,,,,,,,2026-08-12,trou de couverture
Traenheim,67492,200068864,,,,,,,2026-08-12,trou de couverture
Triembach-au-Val,67493,246700777,Plan Local d'Urbanisme intercommunal (PLUi) DE LA VALLEE DE VILLE,PLUi,12666ec8d6fb548ead67bc9c63776f94,28/07/2025 11:05:15,EPCI,https://www.geoportail-urbanisme.gouv.fr/api/document/12666ec8d6fb548ead67bc9c63776f94/files/246700777_reglement_20250704.pdf,2026-08-12,document trouvé
Trimbach,67494,200041283,,,,,,,2026-08-12,trou de couverture
Truchtersheim,67495,200034635,Plan Local d'Urbanisme intercommunal (PLUi) DU KOCHERSBERG ET DE L'ACKERLAND,PLUi,274e0297eee8a3b4d7650c9c8d2c950f,03/02/2026 14:11:50,EPCI,https://www.geoportail-urbanisme.gouv.fr/api/document/274e0297eee8a3b4d7650c9c8d2c950f/files/200034635_reglement_20251211.pdf,2026-08-12,document trouvé
Uhlwiller,67497,200067874,Plan Local d'Urbanisme intercommunal (PLUi) DE HAGUENAU,PLUi,171518c6d5441a4ad41c30cf32dbe4ca,05/05/2026 12:19:47,EPCI,https://www.geoportail-urbanisme.gouv.fr/api/document/171518c6d5441a4ad41c30cf32dbe4ca/files/200067874_reglement_20260427.pdf,2026-08-12,document trouvé
Uhrwiller,67498,200067874,Plan Local d'Urbanisme intercommunal (PLUi) DE HAGUENAU,PLUi,171518c6d5441a4ad41c30cf32dbe4ca,05/05/2026 12:19:47,EPCI,https://www.geoportail-urbanisme.gouv.fr/api/document/171518c6d5441a4ad41c30cf32dbe4ca/files/200067874_reglement_20260427.pdf,2026-08-12,document trouvé
Urbeis,67499,246700777,Plan Local d'Urbanisme intercommunal (PLUi) DE LA VALLEE DE VILLE,PLUi,12666ec8d6fb548ead67bc9c63776f94,28/07/2025 11:05:15,EPCI,https://www.geoportail-urbanisme.gouv.fr/api/document/12666ec8d6fb548ead67bc9c63776f94/files/246700777_reglement_20250704.pdf,2026-08-12,document trouvé
Urmatt,67500,246700306,,,,,,,2026-08-12,trou de couverture
Uttenheim,67501,200067924,Plan Local d'Urbanisme (PLU) de la commune de UTTENHEIM,PLU,7d848d9a8bbaa9897cd3c4e1350621c7,19/01/2024 12:17:56,commune,https://www.geoportail-urbanisme.gouv.fr/api/document/7d848d9a8bbaa9897cd3c4e1350621c7/files/67501_reglement_20231218.pdf,2026-08-12,document trouvé
Uttenhoffen,67502,246701098,Plan Local d'Urbanisme intercommunal (PLUi) DU PAYS DE NIEDERBRONN-LES-BAINS,PLUi,814f136f4faa17f4c90ac5067beb0446,27/05/2026 09:57:26,EPCI,https://www.geoportail-urbanisme.gouv.fr/api/document/814f136f4faa17f4c90ac5067beb0446/files/246701098_reglement_20260518.pdf,2026-08-12,document trouvé
Uttwiller,67503,200067783,Plan Local d'Urbanisme intercommunal (PLUi) DE HANAU-LA PETITE PIERRE partie A,PLUi,ed7dc9c81a38e442eb1ff778ba9be0a2,06/02/2026 15:28:13,EPCI,https://www.geoportail-urbanisme.gouv.fr/api/document/ed7dc9c81a38e442eb1ff778ba9be0a2/files/200067783_reglement_20260202_A.pdf,2026-08-12,document trouvé
Valff,67504,200034270,Plan Local d'Urbanisme intercommunal (PLUi) DU PAYS DE BARR,PLUi,d5d57b13334e4b7e4e0bbc3ca70df84f,16/01/2025 15:04:28,EPCI,https://www.geoportail-urbanisme.gouv.fr/api/document/d5d57b13334e4b7e4e0bbc3ca70df84f/files/200034270_reglement_20250107.pdf,2026-08-12,document trouvé
La Vancelle,67505,246700967,Plan Local d'Urbanisme (PLU) de la commune de LA VANCELLE,PLU,af81b900318ba97d31ca21fae4b03e6c,08/12/2020 19:58:46,commune,https://www.geoportail-urbanisme.gouv.fr/api/document/af81b900318ba97d31ca21fae4b03e6c/files/67505_reglement_20200731.pdf,2026-08-12,document trouvé
Vendenheim,67506,246700488,Plan Local d'Urbanisme intercommunal (PLUi) EUROMETROPOLE DE STRASBOURG,PLUi,95d3871caefe158c101a466ab9e91c5b,22/05/2026 11:10:48,EPCI,https://www.geoportail-urbanisme.gouv.fr/api/document/95d3871caefe158c101a466ab9e91c5b/files/246700488_reglement_20260206.pdf,2026-08-12,document trouvé
Villé,67507,246700777,Plan Local d'Urbanisme intercommunal (PLUi) DE LA VALLEE DE VILLE,PLUi,12666ec8d6fb548ead67bc9c63776f94,28/07/2025 11:05:15,EPCI,https://www.geoportail-urbanisme.gouv.fr/api/document/12666ec8d6fb548ead67bc9c63776f94/files/246700777_reglement_20250704.pdf,2026-08-12,document trouvé
Vœllerdingen,67508,200067841,,,,,,,2026-08-12,trou de couverture
Volksberg,67509,200067841,,,,,,,2026-08-12,trou de couverture
Wahlenheim,67510,200067874,Plan Local d'Urbanisme intercommunal (PLUi) DE HAGUENAU,PLUi,171518c6d5441a4ad41c30cf32dbe4ca,05/05/2026 12:19:47,EPCI,https://www.geoportail-urbanisme.gouv.fr/api/document/171518c6d5441a4ad41c30cf32dbe4ca/files/200067874_reglement_20260427.pdf,2026-08-12,document trouvé
Walbourg,67511,200013050,,,,,,,2026-08-12,trou de couverture
Waldersbach,67513,246700306,,,,,,,2026-08-12,RNU confirmé
Waldhambach,67514,200067841,,,,,,,2026-08-12,trou de couverture
Waldolwisheim,67515,200068112,,,,,,,2026-08-12,trou de couverture
Waltenheim-sur-Zorn,67516,246700959,Plan Local d'Urbanisme intercommunal (PLUi) DU PAYS DE LA ZORN,PLUi,5d8ce7c57a62b3545d243546281d2546,03/08/2026 08:28:16,EPCI,https://www.geoportail-urbanisme.gouv.fr/api/document/5d8ce7c57a62b3545d243546281d2546/files/246700959_reglement_20260716.pdf,2026-08-12,document trouvé
Wangen,67517,200068864,,,,,,,2026-08-12,RNU confirmé
La Wantzenau,67519,246700488,Plan Local d'Urbanisme intercommunal (PLUi) EUROMETROPOLE DE STRASBOURG,PLUi,95d3871caefe158c101a466ab9e91c5b,22/05/2026 11:10:48,EPCI,https://www.geoportail-urbanisme.gouv.fr/api/document/95d3871caefe158c101a466ab9e91c5b/files/246700488_reglement_20260206.pdf,2026-08-12,document trouvé
Wasselonne,67520,200068864,Plan Local d'Urbanisme (PLU) de la commune de WASSELONNE,PLU,1b036c646cffcd288762c28781cd4e38,26/06/2026 16:51:04,commune,https://www.geoportail-urbanisme.gouv.fr/api/document/1b036c646cffcd288762c28781cd4e38/files/67520_reglement_20260611.pdf,2026-08-12,document trouvé
Weinbourg,67521,200067783,Plan Local d'Urbanisme intercommunal (PLUi) DE HANAU-LA PETITE PIERRE partie A,PLUi,ed7dc9c81a38e442eb1ff778ba9be0a2,06/02/2026 15:28:13,EPCI,https://www.geoportail-urbanisme.gouv.fr/api/document/ed7dc9c81a38e442eb1ff778ba9be0a2/files/200067783_reglement_20260202_A.pdf,2026-08-12,document trouvé
Weislingen,67522,200067841,,,,,,,2026-08-12,trou de couverture
Weitbruch,67523,246700843,Plan Local d'Urbanisme (PLU) de la commune de WEITBRUCH,PLU,d699ee12b61bc58eb849e550fac799eb,11/02/2020 19:14:25,commune,https://www.geoportail-urbanisme.gouv.fr/api/document/d699ee12b61bc58eb849e550fac799eb/files/67523_reglement_20191205.pdf,2026-08-12,document trouvé
Weiterswiller,67524,200067783,Plan Local d'Urbanisme intercommunal (PLUi) DE HANAU-LA PETITE PIERRE partie A,PLUi,ed7dc9c81a38e442eb1ff778ba9be0a2,06/02/2026 15:28:13,EPCI,https://www.geoportail-urbanisme.gouv.fr/api/document/ed7dc9c81a38e442eb1ff778ba9be0a2/files/200067783_reglement_20260202_A.pdf,2026-08-12,document trouvé
Westhoffen,67525,200068864,Plan Local d'Urbanisme (PLU) de la commune de WESTHOFFEN,PLU,aea4a984a46ce4089732ca80804c0f4c,11/01/2024 08:50:04,commune,https://www.geoportail-urbanisme.gouv.fr/api/document/aea4a984a46ce4089732ca80804c0f4c/files/67525_reglement_20231207.pdf,2026-08-12,document trouvé
Westhouse,67526,200067924,Plan Local d'Urbanisme (PLU) de la commune de WESTHOUSE,PLU,9ff601fbd5299c96ea3ba526bf4717cf,11/07/2019 14:56:30,commune,https://www.geoportail-urbanisme.gouv.fr/api/document/9ff601fbd5299c96ea3ba526bf4717cf/files/67526_reglement_20180904.pdf,2026-08-12,document trouvé
Westhouse-Marmoutier,67527,200068112,,,,,,,2026-08-12,trou de couverture
Weyer,67528,200067841,,,,,,,2026-08-12,trou de couverture
Weyersheim,67529,246700843,Plan Local d'Urbanisme (PLU) de la commune de WEYERSHEIM,PLU,69e9499a5872dc5f501e806714dcbe0f,17/03/2026 09:15:05,commune,https://www.geoportail-urbanisme.gouv.fr/api/document/69e9499a5872dc5f501e806714dcbe0f/files/67529_reglement_20260302.pdf,2026-08-12,document trouvé
Wickersheim-Wilshausen,67530,246700959,Plan Local d'Urbanisme intercommunal (PLUi) DU PAYS DE LA ZORN,PLUi,5d8ce7c57a62b3545d243546281d2546,03/08/2026 08:28:16,EPCI,https://www.geoportail-urbanisme.gouv.fr/api/document/5d8ce7c57a62b3545d243546281d2546/files/246700959_reglement_20260716.pdf,2026-08-12,document trouvé
Wildersbach,67531,246700306,,,,,,,2026-08-12,RNU confirmé
Willgottheim,67532,200034635,Plan Local d'Urbanisme intercommunal (PLUi) DU KOCHERSBERG ET DE L'ACKERLAND,PLUi,274e0297eee8a3b4d7650c9c8d2c950f,03/02/2026 14:11:50,EPCI,https://www.geoportail-urbanisme.gouv.fr/api/document/274e0297eee8a3b4d7650c9c8d2c950f/files/200034635_reglement_20251211.pdf,2026-08-12,document trouvé
Wilwisheim,67534,246700959,Plan Local d'Urbanisme intercommunal (PLUi) DU PAYS DE LA ZORN,PLUi,5d8ce7c57a62b3545d243546281d2546,03/08/2026 08:28:16,EPCI,https://www.geoportail-urbanisme.gouv.fr/api/document/5d8ce7c57a62b3545d243546281d2546/files/246700959_reglement_20260716.pdf,2026-08-12,document trouvé
Wimmenau,67535,200067783,Plan Local d'Urbanisme intercommunal (PLUi) DE HANAU-LA PETITE PIERRE partie A,PLUi,ed7dc9c81a38e442eb1ff778ba9be0a2,06/02/2026 15:28:13,EPCI,https://www.geoportail-urbanisme.gouv.fr/api/document/ed7dc9c81a38e442eb1ff778ba9be0a2/files/200067783_reglement_20260202_A.pdf,2026-08-12,document trouvé
Windstein,67536,246701098,Plan Local d'Urbanisme intercommunal (PLUi) DU PAYS DE NIEDERBRONN-LES-BAINS,PLUi,814f136f4faa17f4c90ac5067beb0446,27/05/2026 09:57:26,EPCI,https://www.geoportail-urbanisme.gouv.fr/api/document/814f136f4faa17f4c90ac5067beb0446/files/246701098_reglement_20260518.pdf,2026-08-12,document trouvé
Wingen,67537,200013050,Plan Local d'Urbanisme (PLU) de la commune de WINGEN,PLU,586b0dc5bac8a1ad1911c19a05ba2d37,07/10/2022 10:02:02,commune,https://www.geoportail-urbanisme.gouv.fr/api/document/586b0dc5bac8a1ad1911c19a05ba2d37/files/67537_reglement_20220914.pdf,2026-08-12,document trouvé
Wingen-sur-Moder,67538,200067783,,,,,,,2026-08-12,trou de couverture
Wingersheim les Quatre Bans,67539,246700959,Plan Local d'Urbanisme intercommunal (PLUi) DU PAYS DE LA ZORN,PLUi,5d8ce7c57a62b3545d243546281d2546,03/08/2026 08:28:16,EPCI,https://www.geoportail-urbanisme.gouv.fr/api/document/5d8ce7c57a62b3545d243546281d2546/files/246700959_reglement_20260716.pdf,2026-08-12,document trouvé
Wintershouse,67540,200067874,Plan Local d'Urbanisme intercommunal (PLUi) DE HAGUENAU,PLUi,171518c6d5441a4ad41c30cf32dbe4ca,05/05/2026 12:19:47,EPCI,https://www.geoportail-urbanisme.gouv.fr/api/document/171518c6d5441a4ad41c30cf32dbe4ca/files/200067874_reglement_20260427.pdf,2026-08-12,document trouvé
Wintzenbach,67541,200041283,,,,,,,2026-08-12,trou de couverture
Wintzenheim-Kochersberg,67542,200034635,Plan Local d'Urbanisme intercommunal (PLUi) DU KOCHERSBERG ET DE L'ACKERLAND,PLUi,274e0297eee8a3b4d7650c9c8d2c950f,03/02/2026 14:11:50,EPCI,https://www.geoportail-urbanisme.gouv.fr/api/document/274e0297eee8a3b4d7650c9c8d2c950f/files/200034635_reglement_20251211.pdf,2026-08-12,document trouvé
Wisches,67543,246700306,,,,,,,2026-08-12,RNU confirmé
Wissembourg,67544,246700926,Plan Local d'Urbanisme intercommunal (PLUi) DU PAYS DE WISSEMBOURG,PLUi,c2e8753ac76f6b65769ace248d30f1ca,11/06/2026 10:23:33,EPCI,https://www.geoportail-urbanisme.gouv.fr/api/document/c2e8753ac76f6b65769ace248d30f1ca/files/246700926_reglement_20260601.pdf,2026-08-12,document trouvé
Witternheim,67545,200067924,Plan Local d’Urbanisme (PLU) de la commune de WITTERNHEIM,PLU,a3a811682e5daa0306307cb82ad16962,26/07/2022 17:00:42,commune,https://www.geoportail-urbanisme.gouv.fr/api/document/a3a811682e5daa0306307cb82ad16962/files/67545_reglement_20220623.pdf,2026-08-12,document trouvé
Wittersheim,67546,200067874,Plan Local d'Urbanisme intercommunal (PLUi) DE HAGUENAU,PLUi,171518c6d5441a4ad41c30cf32dbe4ca,05/05/2026 12:19:47,EPCI,https://www.geoportail-urbanisme.gouv.fr/api/document/171518c6d5441a4ad41c30cf32dbe4ca/files/200067874_reglement_20260427.pdf,2026-08-12,document trouvé
Wittisheim,67547,200030526,Plan Local d'Urbanisme (PLU) de la commune de WITTISHEIM,PLU,a60b03871e0f1df81f60b7bf62c5134b,21/02/2025 09:43:32,commune,https://www.geoportail-urbanisme.gouv.fr/api/document/a60b03871e0f1df81f60b7bf62c5134b/files/67547_reglement_20250121.pdf,2026-08-12,document trouvé
Wiwersheim,67548,200034635,Plan Local d'Urbanisme intercommunal (PLUi) DU KOCHERSBERG ET DE L'ACKERLAND,PLUi,274e0297eee8a3b4d7650c9c8d2c950f,03/02/2026 14:11:50,EPCI,https://www.geoportail-urbanisme.gouv.fr/api/document/274e0297eee8a3b4d7650c9c8d2c950f/files/200034635_reglement_20251211.pdf,2026-08-12,document trouvé
Wœrth,67550,200013050,Plan Local d'Urbanisme (PLU) de la commune de WOERTH,PLU,3815707d7fef5c923fe8684a1c398ddb,18/12/2020 13:36:03,commune,https://www.geoportail-urbanisme.gouv.fr/api/document/3815707d7fef5c923fe8684a1c398ddb/files/67550_reglement_20201127.pdf,2026-08-12,document trouvé
Wolfisheim,67551,246700488,Plan Local d'Urbanisme intercommunal (PLUi) EUROMETROPOLE DE STRASBOURG,PLUi,95d3871caefe158c101a466ab9e91c5b,22/05/2026 11:10:48,EPCI,https://www.geoportail-urbanisme.gouv.fr/api/document/95d3871caefe158c101a466ab9e91c5b/files/246700488_reglement_20260206.pdf,2026-08-12,document trouvé
Wolfskirchen,67552,200067841,Carte Communale (CC) de la commune de WOLFSKIRCHEN,CC,61fa0c9c9c7b30bee404763de372a3b8,08/09/2023 16:51:02,commune,,2026-08-12,document trouvé
Wolschheim,67553,200068112,,,,,,,2026-08-12,RNU confirmé
Wolxheim,67554,246701064,Plan Local d'Urbanisme (PLU) de la commune de WOLXHEIM,PLU,b6db06b412549843d8e3b6c51b772e51,05/05/2026 16:13:06,commune,https://www.geoportail-urbanisme.gouv.fr/api/document/b6db06b412549843d8e3b6c51b772e51/files/67554_reglement_20260427.pdf,2026-08-12,document trouvé
Zehnacker,67555,200068864,,,,,,,2026-08-12,trou de couverture
Zeinheim,67556,200068864,,,,,,,2026-08-12,RNU confirmé
Zellwiller,67557,200034270,Plan Local d'Urbanisme intercommunal (PLUi) DU PAYS DE BARR,PLUi,d5d57b13334e4b7e4e0bbc3ca70df84f,16/01/2025 15:04:28,EPCI,https://www.geoportail-urbanisme.gouv.fr/api/document/d5d57b13334e4b7e4e0bbc3ca70df84f/files/200034270_reglement_20250107.pdf,2026-08-12,document trouvé
Zinswiller,67558,246701098,Plan Local d'Urbanisme intercommunal (PLUi) DU PAYS DE NIEDERBRONN-LES-BAINS,PLUi,814f136f4faa17f4c90ac5067beb0446,27/05/2026 09:57:26,EPCI,https://www.geoportail-urbanisme.gouv.fr/api/document/814f136f4faa17f4c90ac5067beb0446/files/246701098_reglement_20260518.pdf,2026-08-12,document trouvé
Zittersheim,67559,200067783,,,,,,,2026-08-12,trou de couverture
