{
"type": "FeatureCollection",
"name": "21",
"crs": { "type": "name", "properties": { "name": "urn:ogc:def:crs:OGC:1.3:CRS84" } },
"features": [
{ "type": "Feature", "properties": { "id_geometrie": "21" }, "geometry": { "type": "MultiPolygon", "coordinates": [ [ [ [ 7.632759603482783, 48.521724370959475 ], [ 7.63255669728226, 48.521720038040662 ], [ 7.631474551373901, 48.521696943375325 ], [ 7.631472436864216, 48.521741894761384 ], [ 7.631337162123725, 48.521739010852613 ], [ 7.630052110409702, 48.521711567518665 ], [ 7.630049994650938, 48.52175651887859 ], [ 7.629982350542768, 48.521755076384828 ], [ 7.629306015341733, 48.521740618030435 ], [ 7.629303886225776, 48.521785578892946 ], [ 7.6286275516258, 48.521771125561877 ], [ 7.628625421100681, 48.521816077434536 ], [ 7.6284225148869, 48.521811737288012 ], [ 7.627746180190289, 48.521797278820856 ], [ 7.627744048890492, 48.521842230676924 ], [ 7.627473512016441, 48.521836444494078 ], [ 7.627067700469201, 48.521827768795546 ], [ 7.627065582086217, 48.521872720099289 ], [ 7.62693030724855, 48.52186983105414 ], [ 7.626727400965514, 48.521865487944119 ], [ 7.626725282282287, 48.521910439241083 ], [ 7.626590007364188, 48.521907549799323 ], [ 7.626592139679619, 48.521862597965445 ], [ 7.626524508230481, 48.521861143940008 ], [ 7.626522376667668, 48.52190610474964 ], [ 7.626454745974963, 48.521904659660557 ], [ 7.626184208916846, 48.521898870472427 ], [ 7.626182076241856, 48.521943822298276 ], [ 7.626046814779856, 48.521940931684114 ], [ 7.625708632540863, 48.521933687583555 ], [ 7.625706513772413, 48.521978647837869 ], [ 7.625571237919897, 48.521975748231753 ], [ 7.625300700586153, 48.521969956984265 ], [ 7.62529856794444, 48.522014917769809 ], [ 7.625230936330893, 48.522013462990628 ], [ 7.625228817139785, 48.522058423235038 ], [ 7.624823003402478, 48.522049730711331 ], [ 7.62482087033808, 48.522094691486885 ], [ 7.624685607742877, 48.52209179030946 ], [ 7.624550332460895, 48.522088898490487 ], [ 7.624548211857604, 48.52213384974435 ], [ 7.624412936472289, 48.522130957765278 ], [ 7.624410802232963, 48.522175909555095 ], [ 7.624005001217295, 48.522167213632386 ], [ 7.624002867429883, 48.522212174391143 ], [ 7.623935236404131, 48.522210727834029 ], [ 7.623933101742197, 48.522255679613856 ], [ 7.623662563115042, 48.522249884548337 ], [ 7.623660441725883, 48.522294835783562 ], [ 7.623322258299059, 48.52228759370724 ], [ 7.623320136609649, 48.522332544935672 ], [ 7.623252491930478, 48.522331098519729 ], [ 7.623184860768878, 48.522329651525382 ], [ 7.623182738957133, 48.522374602750681 ], [ 7.622979831803594, 48.522370262066495 ], [ 7.622844555071144, 48.522367359282583 ], [ 7.622842432959146, 48.522412310501075 ], [ 7.622707156934675, 48.522409416534067 ], [ 7.622571894439268, 48.522406521870494 ], [ 7.622569758572541, 48.522451473622318 ], [ 7.622434481648824, 48.522448570360517 ], [ 7.622432359984746, 48.522493530547294 ], [ 7.622364714306823, 48.522492074636986 ], [ 7.622094174608447, 48.522486275915973 ], [ 7.622092052644055, 48.522531236095979 ], [ 7.622024407737136, 48.522529788964349 ], [ 7.621889144151298, 48.522526884528162 ], [ 7.62188488553048, 48.522616796440538 ], [ 7.621343804985988, 48.522605196131359 ], [ 7.621341668033052, 48.522650147857583 ], [ 7.621274036504138, 48.522648699749908 ], [ 7.621271899488152, 48.522693651474199 ], [ 7.621001358848707, 48.522687850206196 ], [ 7.620999222402709, 48.522732810901893 ], [ 7.620863958338813, 48.522729905271092 ], [ 7.620661049163314, 48.522725551556483 ], [ 7.620658912416987, 48.522770512245337 ], [ 7.620591279937543, 48.522769054762861 ], [ 7.620589143128148, 48.522814015449782 ], [ 7.620183337705805, 48.522805306166525 ], [ 7.620181200536768, 48.522850266845388 ], [ 7.620045936209069, 48.522847360261338 ], [ 7.61997829094245, 48.522845911937303 ], [ 7.619976166294856, 48.522890863096173 ], [ 7.619908520972746, 48.52288941473148 ], [ 7.619705624760448, 48.522885058808157 ], [ 7.619703487168696, 48.522930019477045 ], [ 7.619568209143528, 48.522927112874847 ], [ 7.619432945458348, 48.52292421455347 ], [ 7.619430806814888, 48.522969166239733 ], [ 7.619295542215752, 48.522966258781224 ], [ 7.619227910327272, 48.522964809481373 ], [ 7.619225772312801, 48.523009770140256 ], [ 7.619090494104093, 48.523006862981333 ], [ 7.618955229424713, 48.523003955126235 ], [ 7.618953091169224, 48.523048915779526 ], [ 7.618817826386581, 48.52304600776435 ], [ 7.618682548915867, 48.523043109106986 ], [ 7.618680409608797, 48.523088060777624 ], [ 7.618612777576874, 48.523086611119375 ], [ 7.618610651720759, 48.523131562249652 ], [ 7.618272463483562, 48.523124305460897 ], [ 7.618270337327179, 48.523169256584346 ], [ 7.617932148889296, 48.523161998804071 ], [ 7.617930022432648, 48.523206949920741 ], [ 7.617727112427058, 48.523202600054439 ], [ 7.617724972274705, 48.523247551705069 ], [ 7.617657340059212, 48.523246101490145 ], [ 7.617454429111314, 48.523241742170143 ], [ 7.617452288717985, 48.523286693815159 ], [ 7.617249391140779, 48.523282333598445 ], [ 7.61711411313463, 48.523279433113203 ], [ 7.617111972441017, 48.523324384751383 ], [ 7.616976707845653, 48.523321483567756 ], [ 7.616909074743465, 48.523320023939789 ], [ 7.616906934678445, 48.523364984550618 ], [ 7.616771655663141, 48.523362074689246 ], [ 7.616636390987508, 48.523359173109043 ], [ 7.616634249871252, 48.523404124737191 ], [ 7.616498985092345, 48.523401222996895 ], [ 7.616496843853724, 48.523446174621895 ], [ 7.616293932211931, 48.523441813273294 ], [ 7.616291805115909, 48.523486773332777 ], [ 7.616224158300827, 48.523485313843928 ], [ 7.616021260041316, 48.523480951480508 ], [ 7.616019119190145, 48.523525912072557 ], [ 7.615951486655372, 48.523524460863712 ], [ 7.615748574749849, 48.523520098561775 ], [ 7.615746432847596, 48.523565050171129 ], [ 7.615611167693965, 48.523562147396277 ], [ 7.615408255668116, 48.52355778449941 ], [ 7.615406113465575, 48.523602736101935 ], [ 7.615203201296382, 48.523598372846628 ], [ 7.614932656565935, 48.523592557434071 ], [ 7.614930528268585, 48.523637517466334 ], [ 7.614795248645731, 48.523634605301588 ], [ 7.61479310590192, 48.523679556891643 ], [ 7.614725473198988, 48.523678104968447 ], [ 7.614657840499893, 48.523676653005843 ], [ 7.614655697633713, 48.523721604592723 ], [ 7.614452798571701, 48.523717239487688 ], [ 7.61431751957524, 48.523714335743243 ], [ 7.614315376408766, 48.523759287323287 ], [ 7.614180110823249, 48.523756382880784 ], [ 7.614112477226474, 48.523754921623365 ], [ 7.614110334688101, 48.523799882176064 ], [ 7.613975054683009, 48.523796969055468 ], [ 7.613907421848218, 48.523795516655632 ], [ 7.61390527831839, 48.523840468226879 ], [ 7.613702378849431, 48.523836101810168 ], [ 7.613700235947633, 48.523881062354072 ], [ 7.613632602199893, 48.523879600817061 ], [ 7.613429689894536, 48.523875243438603 ], [ 7.613427545942044, 48.523920194999818 ], [ 7.613359912960049, 48.523918742280998 ], [ 7.613156999713203, 48.523914375448783 ], [ 7.613154855519727, 48.523959327004391 ], [ 7.613087222493788, 48.52395787412668 ], [ 7.61288430911515, 48.523953506817776 ], [ 7.612882179004541, 48.523998466807051 ], [ 7.612679265482555, 48.523994099139728 ], [ 7.612677120866413, 48.52403905068531 ], [ 7.612474207201115, 48.524034682659547 ], [ 7.612338940992665, 48.524031776071531 ], [ 7.612336796076225, 48.524076727610243 ], [ 7.612201528955088, 48.52407381188506 ], [ 7.612066249144437, 48.52407090551695 ], [ 7.612064103987005, 48.524115857050049 ], [ 7.611996470785298, 48.524114403536807 ], [ 7.611928837587433, 48.524112949984165 ], [ 7.611926692307624, 48.524157901514066 ], [ 7.611859059054295, 48.524156447920774 ], [ 7.611656144993635, 48.524152078464972 ], [ 7.611654012987201, 48.524197029451649 ], [ 7.611625571215539, 48.524196422106009 ], [ 7.611637730556705, 48.524230047497028 ], [ 7.611685048147338, 48.524366907926762 ], [ 7.611688899108175, 48.524380286655898 ], [ 7.611737056769726, 48.524513825265473 ], [ 7.611748193412572, 48.524544680439242 ], [ 7.611753229968698, 48.52455917419762 ], [ 7.611772160021098, 48.524559583321405 ], [ 7.611774291129549, 48.524514623360943 ], [ 7.611841939177334, 48.524516085442897 ], [ 7.612044840372249, 48.524520446133934 ], [ 7.612046985563541, 48.52447549460728 ], [ 7.612114619243554, 48.524476948090907 ], [ 7.612182267251281, 48.524478409974506 ], [ 7.612249900938986, 48.524479863379305 ], [ 7.612385168325909, 48.524482770070655 ], [ 7.612387313216895, 48.52443781853713 ], [ 7.612454946856809, 48.524439271822459 ], [ 7.612590228472089, 48.524442186714225 ], [ 7.612592359666978, 48.524397235714041 ], [ 7.612727640369499, 48.524400141468611 ], [ 7.612862921896929, 48.524403056042566 ], [ 7.612865052041276, 48.524358096059728 ], [ 7.612932686399033, 48.524359558043756 ], [ 7.613135600581042, 48.524363916290426 ], [ 7.613139889031918, 48.524274013191373 ], [ 7.61327515592563, 48.524276918845693 ], [ 7.613273012630317, 48.524321879375101 ], [ 7.613408293172392, 48.524324784336393 ], [ 7.613410437158717, 48.524279832781609 ], [ 7.613478070619014, 48.524281285470799 ], [ 7.61354570408315, 48.524282738120597 ], [ 7.613547847947104, 48.524237786562637 ], [ 7.613615481355772, 48.524239239171791 ], [ 7.61375076250869, 48.524242152711068 ], [ 7.613752892676606, 48.524197201686562 ], [ 7.613888172916557, 48.524200106088649 ], [ 7.614023440467272, 48.524203019848002 ], [ 7.614025583098796, 48.524158059302962 ], [ 7.614228497385207, 48.524162424616286 ], [ 7.614363764855751, 48.524165337979042 ], [ 7.61436590718692, 48.524120377427153 ], [ 7.614501188068542, 48.524123290091872 ], [ 7.614636454641363, 48.524126194159798 ], [ 7.614638597541364, 48.524081242579349 ], [ 7.614773864820811, 48.524084155464237 ], [ 7.614909144820034, 48.524087058676422 ], [ 7.614911273964753, 48.524042107628333 ], [ 7.61497892066795, 48.524043558905078 ], [ 7.615181821067643, 48.524047923089874 ], [ 7.615183962675713, 48.524002962521116 ], [ 7.615319243293696, 48.524005874232444 ], [ 7.615657423419458, 48.524013140162438 ], [ 7.615659565418578, 48.523968188561426 ], [ 7.615862465577653, 48.523972551556447 ], [ 7.615864606585021, 48.523927590974004 ], [ 7.615932240459806, 48.523929051210324 ], [ 7.615999887042596, 48.52393050189206 ], [ 7.616002015223429, 48.523885550821625 ], [ 7.616137294767633, 48.523888452602506 ], [ 7.616272561623084, 48.523891363740915 ], [ 7.61627470226703, 48.52384640314969 ], [ 7.616342336046286, 48.523847863147076 ], [ 7.616409982533451, 48.523849313589828 ], [ 7.616412110350955, 48.523804362510653 ], [ 7.616547389703933, 48.523807263813623 ], [ 7.616682656368254, 48.523810174474157 ], [ 7.616684796648776, 48.523765213874164 ], [ 7.616820076724037, 48.523768123836376 ], [ 7.616887709605206, 48.523769574538946 ], [ 7.616889837000081, 48.523724623449809 ], [ 7.616957483339962, 48.523726073573528 ], [ 7.61709274900285, 48.523728974779161 ], [ 7.617094889730244, 48.523684023147418 ], [ 7.617297802399899, 48.523688383095354 ], [ 7.617433067982512, 48.523691283904398 ], [ 7.617435208409623, 48.523646332265798 ], [ 7.617570474699326, 48.523649241891782 ], [ 7.617705753708163, 48.52365214184475 ], [ 7.617707893894289, 48.523607190200551 ], [ 7.61804607172609, 48.523614449171575 ], [ 7.618048211611931, 48.523569497520533 ], [ 7.618521655403033, 48.523579664017525 ], [ 7.618523794059444, 48.523534703380165 ], [ 7.618726706259085, 48.523539060830167 ], [ 7.618997251137397, 48.523544867398812 ], [ 7.61899939018545, 48.52349991572919 ], [ 7.619405200099705, 48.523508620173054 ], [ 7.619878657111403, 48.523518780596248 ], [ 7.619880795384721, 48.523473828909985 ], [ 7.620151340049247, 48.523479632788536 ], [ 7.620218972643732, 48.523481081550038 ], [ 7.620962974410705, 48.523497040640244 ], [ 7.622112787119101, 48.523521689937851 ], [ 7.622114923431563, 48.523476738210491 ], [ 7.622250188727755, 48.523479633405607 ], [ 7.62252073369132, 48.523485431761024 ], [ 7.622791278716146, 48.523491229485771 ], [ 7.623129470016018, 48.523498473106386 ], [ 7.623131591921084, 48.523453521898936 ], [ 7.623469783020082, 48.523460764528004 ], [ 7.623672681833108, 48.523465113870046 ], [ 7.623674816774037, 48.523420162113126 ], [ 7.623877728146176, 48.523424501580756 ], [ 7.62408064036421, 48.523428849670616 ], [ 7.624082761431523, 48.523383898444727 ], [ 7.624285672694545, 48.5233882371992 ], [ 7.624488584803527, 48.523392584575895 ], [ 7.624490719025284, 48.523347632802896 ], [ 7.624693616665168, 48.52335197138332 ], [ 7.624828896103171, 48.523354872011048 ], [ 7.624831030024652, 48.523309920231227 ], [ 7.625033927543956, 48.523314258216779 ], [ 7.625101574383709, 48.523315712570941 ], [ 7.625103693738548, 48.523270752347706 ], [ 7.625306605451473, 48.523275098294434 ], [ 7.625308738950327, 48.523230146504631 ], [ 7.625376371361079, 48.523231592260892 ], [ 7.625579282130214, 48.523235928753969 ], [ 7.625581401874145, 48.523190977497791 ], [ 7.625649047754823, 48.523192422555944 ], [ 7.625784313311528, 48.523195322609446 ], [ 7.625786445575954, 48.523150361832698 ], [ 7.625854078706647, 48.523151816287601 ], [ 7.626056989200147, 48.523156151945621 ], [ 7.626059122035412, 48.523111200140242 ], [ 7.62619438740081, 48.523114099715897 ], [ 7.626262019683307, 48.52311554495612 ], [ 7.626264151525029, 48.523070584169389 ], [ 7.626399416794762, 48.523073483506145 ], [ 7.626467062543323, 48.52307492808756 ], [ 7.626469181501369, 48.523029976812786 ], [ 7.626536827194433, 48.523031421353565 ], [ 7.626604459377408, 48.523032866394274 ], [ 7.626672091564202, 48.523034311395577 ], [ 7.626807370275123, 48.52303720971755 ], [ 7.626809488932913, 48.52299225843597 ], [ 7.626877134585751, 48.522993702778429 ], [ 7.626944766728523, 48.522995147620861 ], [ 7.626946885263978, 48.522950196336154 ], [ 7.627082162956229, 48.522953085360932 ], [ 7.627149795051143, 48.522954530083908 ], [ 7.627151926918825, 48.522909578255415 ], [ 7.627287191001491, 48.522912467580682 ], [ 7.627422469425372, 48.522915365185824 ], [ 7.627424601052087, 48.522870413351747 ], [ 7.627559865046696, 48.522873302359258 ], [ 7.627627497049725, 48.5228747468039 ], [ 7.62762962849479, 48.522829794965446 ], [ 7.627764905907522, 48.522832683194544 ], [ 7.627832538674852, 48.522834136496684 ], [ 7.627834655612274, 48.522789176216399 ], [ 7.627902301025778, 48.522790619961455 ], [ 7.628037565648781, 48.52279351738926 ], [ 7.628039696730538, 48.522748565542059 ], [ 7.628174960438018, 48.522751453832825 ], [ 7.628310238486812, 48.522754350403339 ], [ 7.628312368515367, 48.522709389573592 ], [ 7.628447632947022, 48.522712286523564 ], [ 7.628582910095488, 48.522715173799341 ], [ 7.628585027181536, 48.522670222480535 ], [ 7.628720304226641, 48.522673109596219 ], [ 7.62872243470413, 48.522628157734673 ], [ 7.6289253298518, 48.522632488918319 ], [ 7.628927460147645, 48.522587537052416 ], [ 7.628995091811858, 48.522588980700256 ], [ 7.629198001153529, 48.52259331984461 ], [ 7.629200131208416, 48.522548367973101 ], [ 7.629335394452577, 48.522551254911605 ], [ 7.629470672038171, 48.52255415012975 ], [ 7.629472787525925, 48.522509189815381 ], [ 7.629540432615779, 48.522510632605787 ], [ 7.629675696591934, 48.522513528124691 ], [ 7.62967782622422, 48.522468576243234 ], [ 7.629745457752485, 48.522470019453856 ], [ 7.629948365873872, 48.522474348309544 ], [ 7.629950481751492, 48.522429396962245 ], [ 7.630085759049979, 48.522432291463566 ], [ 7.63022102203748, 48.522435177370035 ], [ 7.63022315118786, 48.522390225477388 ], [ 7.630290782628025, 48.52239166837029 ], [ 7.630426059033481, 48.522394553498046 ], [ 7.630428174488528, 48.522349602140821 ], [ 7.630563450790609, 48.522352487108485 ], [ 7.630698727920585, 48.522355380895405 ], [ 7.630700842322033, 48.522310420555691 ], [ 7.630903750704525, 48.522314756718259 ], [ 7.631039014240402, 48.522317650648446 ], [ 7.63104114185522, 48.522272689762097 ], [ 7.631176418801405, 48.522275582992322 ], [ 7.631244050117033, 48.522277025329771 ], [ 7.631246178362908, 48.522232073415985 ], [ 7.631381440886981, 48.522234957970227 ], [ 7.631516716939933, 48.522237841826907 ], [ 7.631518831431229, 48.522192890447457 ], [ 7.631721739417316, 48.522197225180101 ], [ 7.631857001876132, 48.522200109180119 ], [ 7.631859129580813, 48.522155157253955 ], [ 7.632062036633315, 48.522159482414757 ], [ 7.632264944533011, 48.522163816197761 ], [ 7.632267058364524, 48.522118864803581 ], [ 7.632469965307685, 48.522123189251246 ], [ 7.632943412096527, 48.52213329638348 ], [ 7.632945538031825, 48.522088335459458 ], [ 7.63321607685398, 48.5220941088863 ], [ 7.633757154681259, 48.522105653848058 ], [ 7.633759267200652, 48.522060702425833 ], [ 7.633894542927159, 48.52206358351112 ], [ 7.634570882873925, 48.52207800614714 ], [ 7.634573008191515, 48.52203305416942 ], [ 7.63518171680092, 48.522046032848237 ], [ 7.635249347926119, 48.522047472851796 ], [ 7.635858070391799, 48.52206044744284 ], [ 7.635993332722097, 48.522063326622266 ], [ 7.635991222977032, 48.522108287061997 ], [ 7.636532300765594, 48.522119810108805 ], [ 7.636667564104273, 48.522122697479297 ], [ 7.636735195372475, 48.522124136616974 ], [ 7.636733085462465, 48.522169088092383 ], [ 7.637138887834653, 48.522177730534338 ], [ 7.637206520002568, 48.522179178374238 ], [ 7.637274164874063, 48.522180616657216 ], [ 7.637272041921209, 48.522225568682174 ], [ 7.637745490603163, 48.522235656224652 ], [ 7.637813122050818, 48.522237094734123 ], [ 7.637810999568677, 48.522282046768098 ], [ 7.637878644593016, 48.522283484698704 ], [ 7.63801390843986, 48.522286370499913 ], [ 7.638081553475605, 48.522287808312271 ], [ 7.638079431226973, 48.522332760350366 ], [ 7.638214695215271, 48.522335645917529 ], [ 7.638349971918413, 48.522338521809409 ], [ 7.638417603518882, 48.522339959966587 ], [ 7.638415482377055, 48.522384920986966 ], [ 7.638618390892803, 48.522389234684908 ], [ 7.638686023381835, 48.522390681662543 ], [ 7.638753668574223, 48.522392119083101 ], [ 7.6387515469112, 48.522437071131925 ], [ 7.638886823912387, 48.522439946397974 ], [ 7.638954456475971, 48.522441393219147 ], [ 7.63902208822926, 48.522442831024023 ], [ 7.639019966799736, 48.522487783077018 ], [ 7.63915524476408, 48.522490667007048 ], [ 7.639222876588076, 48.522492104694891 ], [ 7.63929050841587, 48.522493542343327 ], [ 7.639358153761084, 48.522494979411512 ], [ 7.639356033438547, 48.522539940446734 ], [ 7.639558942647679, 48.52254425250009 ], [ 7.639626574553771, 48.522545689952672 ], [ 7.639624454464782, 48.522590650992051 ], [ 7.639759731920631, 48.522593525240495 ], [ 7.639827363897425, 48.522594962576044 ], [ 7.639825243982671, 48.52263992361835 ], [ 7.640028153627432, 48.522644234851221 ], [ 7.640095785678728, 48.522645672030329 ], [ 7.640163432061791, 48.52264711760597 ], [ 7.640161311625595, 48.522692069676751 ], [ 7.640296589379458, 48.522694943299356 ], [ 7.640364222319604, 48.522696389298893 ], [ 7.640431854449201, 48.52269782628214 ], [ 7.640429734246507, 48.522742778357049 ], [ 7.640632645164062, 48.522747097509829 ], [ 7.640700277368155, 48.522748534336621 ], [ 7.640767923089717, 48.522749970583007 ], [ 7.640765803179846, 48.52279492266328 ], [ 7.640901082053752, 48.522797804558074 ], [ 7.640968714332337, 48.522799241228434 ], [ 7.641036346614717, 48.522800677859358 ], [ 7.641034227752822, 48.522845638920657 ], [ 7.641237138314376, 48.522849948039557 ], [ 7.641304784184945, 48.522851383972984 ], [ 7.641372417360147, 48.522852829384931 ], [ 7.6413702979766, 48.522897781474704 ], [ 7.641505576341656, 48.522900653687941 ], [ 7.641573209587587, 48.522902098982854 ], [ 7.641640842022754, 48.522903535261484 ], [ 7.641638722872715, 48.5229484873554 ], [ 7.641774001386758, 48.522951359255721 ], [ 7.641909280730606, 48.522954239975213 ], [ 7.641976913244054, 48.522955676057983 ], [ 7.64197479438684, 48.523000628157256 ], [ 7.642110073872121, 48.523003508642674 ], [ 7.642177706456264, 48.523004944608402 ], [ 7.6422453390442, 48.523006380534724 ], [ 7.642243233934233, 48.523051332096955 ], [ 7.642378500054809, 48.523054212810621 ], [ 7.642513778889597, 48.52305708384857 ], [ 7.642581411555809, 48.523058519579031 ], [ 7.642579294039679, 48.523103480664652 ], [ 7.642714573015867, 48.52310635146852 ], [ 7.64278220575277, 48.523107787081933 ], [ 7.642849839308262, 48.523109231632802 ], [ 7.642847721210895, 48.523154183745696 ], [ 7.643050633147446, 48.523158489693607 ], [ 7.643118266777468, 48.523159934088028 ], [ 7.643185913110209, 48.523161368924889 ], [ 7.643183795305671, 48.523206321043141 ], [ 7.643319075402268, 48.523209200119162 ], [ 7.643386708291936, 48.523210635380273 ], [ 7.643454341185398, 48.523212070601971 ], [ 7.643452223614374, 48.523257022724351 ], [ 7.643587503859988, 48.523259901487457 ], [ 7.643655136824137, 48.523261336592114 ], [ 7.643722769792076, 48.523262771657365 ], [ 7.643720665968359, 48.523307723242539 ], [ 7.643923579401613, 48.523312036640895 ], [ 7.643991212444027, 48.523313471549699 ], [ 7.644058845490234, 48.523314906419088 ], [ 7.644056729260569, 48.523359867527802 ], [ 7.644192008996788, 48.523362736609336 ], [ 7.644259642113678, 48.523364171361685 ], [ 7.644327275234359, 48.52336560607462 ], [ 7.644325172752072, 48.523410566646049 ], [ 7.644460439123439, 48.523413435956108 ], [ 7.644528085828616, 48.523414870010555 ], [ 7.644595719838876, 48.523416313543876 ], [ 7.644593603261247, 48.523461265684027 ], [ 7.644796516561218, 48.523465568579148 ], [ 7.644864150646001, 48.523467011956029 ], [ 7.644931783919425, 48.523468446316642 ], [ 7.644929681148454, 48.523513397920638 ], [ 7.645064948640477, 48.523516275502885 ], [ 7.645132595498418, 48.523517709204953 ], [ 7.645200228846313, 48.523519143409111 ], [ 7.645198112795041, 48.523564095558747 ], [ 7.645333393949894, 48.523566972286559 ], [ 7.645468660790836, 48.523569840421395 ], [ 7.645536294216989, 48.523571274429706 ], [ 7.645534191972398, 48.523616226043117 ], [ 7.645737106780663, 48.5236205362704 ], [ 7.645804740281283, 48.52362197012225 ], [ 7.645872373785693, 48.523623403934678 ], [ 7.645870259135416, 48.523668365071821 ], [ 7.646005539788092, 48.523671232039256 ], [ 7.646073173363177, 48.523672665734658 ], [ 7.646140806942048, 48.523674099390639 ], [ 7.646138706039223, 48.523719059990285 ], [ 7.646341620490387, 48.523723360183702 ], [ 7.646409254959151, 48.523724802660062 ], [ 7.646476888616287, 48.523726236120176 ], [ 7.646474773677041, 48.523771188289963 ], [ 7.646610054635166, 48.523774054552682 ], [ 7.646677689178441, 48.523775496872588 ], [ 7.646745322910036, 48.523776930176247 ], [ 7.646743221718214, 48.523821881808459 ], [ 7.646878490126889, 48.523824757276792 ], [ 7.647013771249111, 48.523827623068875 ], [ 7.647081405058952, 48.523829056176673 ], [ 7.647079290646075, 48.523874008355939 ], [ 7.64728220660572, 48.523878315881532 ], [ 7.647349854003924, 48.523879748291094 ], [ 7.647417487892007, 48.523881181203009 ], [ 7.647415374587591, 48.523926142364438 ], [ 7.647483008538775, 48.523927575238154 ], [ 7.647618289966419, 48.52393044032555 ], [ 7.647685923928958, 48.523931873081018 ], [ 7.647683824372045, 48.523976833704758 ], [ 7.647886726460321, 48.523981131738275 ], [ 7.647954374011245, 48.523982563795457 ], [ 7.648022008867738, 48.523984005331876 ], [ 7.648019895274088, 48.524028957525935 ], [ 7.648155176999569, 48.52403182198745 ], [ 7.648358080161039, 48.524036128173705 ], [ 7.648425727797786, 48.524037559956113 ], [ 7.648423614556291, 48.524082512156731 ], [ 7.648626531455109, 48.524086817331707 ], [ 7.648694165652367, 48.52408824949957 ], [ 7.648761799853413, 48.524089681628006 ], [ 7.648759701234566, 48.524134642268841 ], [ 7.648962604038344, 48.524138938421295 ], [ 7.649097886107067, 48.524141801783898 ], [ 7.649165521206043, 48.524143242653857 ], [ 7.649163422123515, 48.524188194324374 ], [ 7.649366325173331, 48.524192489770968 ], [ 7.649501608222061, 48.524195361639755 ], [ 7.649569242587138, 48.524196793297627 ], [ 7.649567130342804, 48.524241745516662 ], [ 7.649770047968651, 48.524246048692163 ], [ 7.649905330365453, 48.52424891111351 ], [ 7.649972964812536, 48.524250342536106 ], [ 7.64997085373643, 48.524295303738491 ], [ 7.650106136274561, 48.524298165925735 ], [ 7.650376688698342, 48.524303899346094 ], [ 7.650444323231221, 48.524305330493981 ], [ 7.650442211750523, 48.524350282727312 ], [ 7.650712764487253, 48.524356015364162 ], [ 7.650848047227222, 48.524358876686598 ], [ 7.650915681845874, 48.52436030755976 ], [ 7.65091358510689, 48.524405268235441 ], [ 7.65125177206746, 48.524412421473905 ], [ 7.651454690511069, 48.524416721703865 ], [ 7.651522325223069, 48.524418152223504 ], [ 7.651520215500286, 48.524463113451539 ], [ 7.651926051235559, 48.524471694664314 ], [ 7.652196604779748, 48.524477423842015 ], [ 7.652264239592631, 48.524478853929288 ], [ 7.65226213051871, 48.524523815169893 ], [ 7.652735602574501, 48.524533832577632 ], [ 7.65307380496908, 48.524540988941148 ], [ 7.653141439890404, 48.524542418517221 ], [ 7.653139330767369, 48.52458737079602 ], [ 7.65347752005789, 48.524594526525476 ], [ 7.654086276582362, 48.52460739652269 ], [ 7.654153911619648, 48.524608825508722 ], [ 7.654151804199396, 48.524653786781705 ], [ 7.654895831870189, 48.524669510388804 ], [ 7.654962648190713, 48.524670922522404 ], [ 7.65500281, 48.52503555 ], [ 7.67265685, 48.5264355 ], [ 7.68652105, 48.52948251 ], [ 7.69264276, 48.53332356 ], [ 7.69265055, 48.53332877 ], [ 7.69268845, 48.53335376 ], [ 7.69322315, 48.53370236 ], [ 7.69395732, 48.53420012 ], [ 7.6940663, 48.53427116 ], [ 7.69434387, 48.53444575 ], [ 7.6944465, 48.53451626 ], [ 7.69454152, 48.53457914 ], [ 7.69490877, 48.53481529 ], [ 7.69560373, 48.53527507 ], [ 7.69568099, 48.5353247 ], [ 7.69621705, 48.53566107 ], [ 7.69634545, 48.535738 ], [ 7.69671036, 48.5359483 ], [ 7.69676606, 48.53598059 ], [ 7.69682374, 48.53601407 ], [ 7.69718759, 48.5361963 ], [ 7.69726166, 48.53623096 ], [ 7.69742442, 48.53631834 ], [ 7.69795306, 48.53658293 ], [ 7.69813198, 48.53666734 ], [ 7.69864314, 48.53689557 ], [ 7.69880659, 48.5369647 ], [ 7.69932972, 48.53717498 ], [ 7.69934265, 48.53718008 ], [ 7.69957229, 48.53726479 ], [ 7.70010663, 48.53744777 ], [ 7.70021364, 48.53748297 ], [ 7.70073224, 48.53764795 ], [ 7.70101659, 48.53772951 ], [ 7.70169901, 48.53790568 ], [ 7.70240886, 48.53808891 ], [ 7.70263372, 48.53814182 ], [ 7.70325626, 48.53827522 ], [ 7.70373334, 48.53835641 ], [ 7.70417807, 48.5384136 ], [ 7.70428523, 48.53843019 ], [ 7.704404, 48.53844726 ], [ 7.70510463, 48.53854113 ], [ 7.70542283, 48.53857503 ], [ 7.70606478, 48.53862642 ], [ 7.70615477, 48.53863291 ], [ 7.70689098, 48.53868085 ], [ 7.70712722, 48.5386916 ], [ 7.70731824, 48.53869663 ], [ 7.70787888, 48.53872118 ], [ 7.70807726, 48.53872656 ], [ 7.70811445, 48.53872689 ], [ 7.70816115, 48.53872714 ], [ 7.70835911, 48.53873566 ], [ 7.70836861, 48.53873604 ], [ 7.70846369, 48.53873998 ], [ 7.70864901, 48.53874485 ], [ 7.7086566, 48.53874493 ], [ 7.70920276, 48.53875043 ], [ 7.7093977, 48.538759 ], [ 7.70953053, 48.53876346 ], [ 7.70961159, 48.53876527 ], [ 7.7097944, 48.53877262 ], [ 7.70994184, 48.53878219 ], [ 7.71023681, 48.53881158 ], [ 7.7102879, 48.53881954 ], [ 7.71068123, 48.53888177 ], [ 7.71088763, 48.53891062 ], [ 7.71134826, 48.53896696 ], [ 7.71185118, 48.53906048 ], [ 7.71216813, 48.53913517 ], [ 7.71286022, 48.53932417 ], [ 7.71316417, 48.53942263 ], [ 7.71338967, 48.5395 ], [ 7.71410511, 48.53976471 ], [ 7.71466204, 48.54001613 ], [ 7.71473108, 48.540051 ], [ 7.71527739, 48.5403998 ], [ 7.71531787, 48.54042517 ], [ 7.71599938, 48.54084844 ], [ 7.71601364, 48.54085867 ], [ 7.71624762, 48.54104263 ], [ 7.71693769, 48.5416144 ], [ 7.71744538, 48.54204713 ], [ 7.71746856, 48.54206673 ], [ 7.71877301, 48.54315742 ], [ 7.71923201, 48.54354158 ], [ 7.71956169, 48.54381698 ], [ 7.71962882, 48.54387548 ], [ 7.71972139, 48.54395288 ], [ 7.71986866, 48.54407191 ], [ 7.71989316, 48.54408863 ], [ 7.71999616, 48.54417325 ], [ 7.72006639, 48.54422809 ], [ 7.7200712, 48.5442322 ], [ 7.72012363, 48.54428009 ], [ 7.72023613, 48.54437768 ], [ 7.72026677, 48.54440312 ], [ 7.7203178, 48.54444452 ], [ 7.72158703, 48.54545636 ], [ 7.72163426, 48.54549322 ], [ 7.7217568, 48.54558741 ], [ 7.72211325, 48.54588352 ], [ 7.72222082, 48.54596892 ], [ 7.72227213, 48.54600815 ], [ 7.72297263, 48.5465703 ], [ 7.7238734, 48.54731805 ], [ 7.72438968, 48.54775536 ], [ 7.72447281, 48.54782653 ], [ 7.72472504, 48.54804323 ], [ 7.72528677, 48.54853526 ], [ 7.72592216, 48.54914335 ], [ 7.72622321, 48.54947194 ], [ 7.72625552, 48.54951556 ], [ 7.7262949, 48.54956709 ], [ 7.72677615, 48.55018264 ], [ 7.72703223, 48.55055391 ], [ 7.72722916, 48.55087766 ], [ 7.72739975, 48.55117322 ], [ 7.72745541, 48.55126154 ], [ 7.72769844, 48.55172126 ], [ 7.72787316, 48.55210216 ], [ 7.72802359, 48.5524933 ], [ 7.72813811, 48.55289116 ], [ 7.72827732, 48.5534583 ], [ 7.7283983, 48.55416476 ], [ 7.72850994, 48.55498975 ], [ 7.72851353, 48.55502478 ], [ 7.72851915, 48.55507243 ], [ 7.72864707, 48.55605528 ], [ 7.72884621, 48.55758537 ], [ 7.72917157, 48.56007346 ], [ 7.72917286, 48.560085 ], [ 7.72918597, 48.5601857 ], [ 7.72921775, 48.56038511 ], [ 7.72922288, 48.56043465 ], [ 7.72923895, 48.56055166 ], [ 7.72928871, 48.56084518 ], [ 7.72929429, 48.56096155 ], [ 7.72930184, 48.56106139 ], [ 7.72932229, 48.56125842 ], [ 7.72934262, 48.56145455 ], [ 7.72936395, 48.56166069 ], [ 7.72938239, 48.56183917 ], [ 7.7293933, 48.56194372 ], [ 7.72939528, 48.56201192 ], [ 7.7293886, 48.56222063 ], [ 7.72938529, 48.56226799 ], [ 7.72938151, 48.5623472 ], [ 7.72938195, 48.56245046 ], [ 7.72938455, 48.56252955 ], [ 7.72938145, 48.56255993 ], [ 7.72935669, 48.56271769 ], [ 7.72934364, 48.56281955 ], [ 7.72932792, 48.56297869 ], [ 7.72931021, 48.563101 ], [ 7.72930243, 48.56319302 ], [ 7.72929013, 48.56326026 ], [ 7.72928596, 48.56328369 ], [ 7.72925867, 48.56344539 ], [ 7.72924309, 48.56350071 ], [ 7.72922313, 48.56361428 ], [ 7.72919347, 48.56375464 ], [ 7.72918709, 48.56378614 ], [ 7.72917259, 48.56386082 ], [ 7.72916726, 48.56388144 ], [ 7.72912491, 48.56405953 ], [ 7.7290833, 48.56421666 ], [ 7.72907701, 48.56424088 ], [ 7.72900547, 48.56452639 ], [ 7.72889473, 48.56486869 ], [ 7.72877323, 48.56523426 ], [ 7.72875478, 48.56529288 ], [ 7.72864407, 48.56566504 ], [ 7.72841373, 48.56627433 ], [ 7.72838933, 48.5663426 ], [ 7.72786586, 48.56789826 ], [ 7.72768324, 48.56840994 ], [ 7.72766187, 48.56847303 ], [ 7.72756917, 48.56876372 ], [ 7.7275385, 48.56884972 ], [ 7.72753695, 48.56885835 ], [ 7.72753357, 48.56886379 ], [ 7.72707294, 48.57018978 ], [ 7.727047309843913, 48.57026953869233 ], [ 7.726964776871515, 48.57026784837749 ], [ 7.726962731552494, 48.570312810252048 ], [ 7.726827323119774, 48.570310037692451 ], [ 7.726825290373325, 48.570354990036776 ], [ 7.726689881836426, 48.570352217317001 ], [ 7.726687836272466, 48.570397179185392 ], [ 7.726620138712755, 48.570395792489656 ], [ 7.726618092255517, 48.570440745380019 ], [ 7.726482697028257, 48.570437971867847 ], [ 7.726480650448577, 48.570482924755126 ], [ 7.726683756998607, 48.570487084416712 ], [ 7.726685803400008, 48.57044213152593 ], [ 7.726821198649287, 48.570444904801384 ], [ 7.726823244097963, 48.570399942931388 ], [ 7.726958652768392, 48.570402715495661 ], [ 7.726960685399567, 48.570357763149737 ], [ 7.727020679548919, 48.570358991491716 ], [ 7.72663361, 48.57166801 ], [ 7.72648661, 48.57210893 ], [ 7.72641854, 48.57227738 ], [ 7.72636756, 48.57238934 ], [ 7.72617176, 48.57280049 ], [ 7.72615393, 48.57283393 ], [ 7.72611687, 48.57288984 ], [ 7.72594183, 48.57312896 ], [ 7.72589012, 48.57320215 ], [ 7.72578355, 48.57335946 ], [ 7.72564866, 48.57350899 ], [ 7.725444178083844, 48.573701554563101 ], [ 7.725385795523036, 48.573700358130637 ], [ 7.725389876503864, 48.57361044406953 ], [ 7.72532217472757, 48.57360905661897 ], [ 7.725326255812924, 48.573519142557231 ], [ 7.725258554159169, 48.573517755069545 ], [ 7.725262635349049, 48.573427841007174 ], [ 7.725194933817839, 48.573426453482377 ], [ 7.725196968118784, 48.573381501214719 ], [ 7.725129266650675, 48.573380113651631 ], [ 7.725133348056786, 48.573290199589479 ], [ 7.725065646711219, 48.573288811989265 ], [ 7.725069729051874, 48.573198906902611 ], [ 7.725002027828835, 48.5731975192653 ], [ 7.725008156594221, 48.573062643405592 ], [ 7.724940442027098, 48.573061256283118 ], [ 7.72494452456961, 48.572971351193708 ], [ 7.72487682365108, 48.572969963483331 ], [ 7.724880905468116, 48.572880049417172 ], [ 7.724813204672128, 48.572878661669648 ], [ 7.724815252812689, 48.572833708849302 ], [ 7.72474753855379, 48.572832321614285 ], [ 7.724749585920237, 48.572787359818228 ], [ 7.724681885250458, 48.572785971994158 ], [ 7.724675754828147, 48.572920838873536 ], [ 7.72474345567622, 48.572922226701117 ], [ 7.724739373614261, 48.573012140761122 ], [ 7.724807074584873, 48.573013528551591 ], [ 7.724802992627433, 48.573103442610979 ], [ 7.724870693720587, 48.573104830364329 ], [ 7.724866611867668, 48.57319474442307 ], [ 7.724934313083364, 48.573196132139302 ], [ 7.724930230504969, 48.573286037221301 ], [ 7.72499794536932, 48.573287424349616 ], [ 7.724993850199319, 48.573377338957911 ], [ 7.725061565186233, 48.573378726049086 ], [ 7.725059517240271, 48.573423678865232 ], [ 7.725127218764137, 48.573425066468943 ], [ 7.725123137336494, 48.573514980526646 ], [ 7.725190838982903, 48.573516368093244 ], [ 7.725186757659785, 48.573606282150315 ], [ 7.725254472954943, 48.573607669128947 ], [ 7.725250378210142, 48.573697583736234 ], [ 7.725318093627869, 48.573698970677746 ], [ 7.725313998157498, 48.573788876308278 ], [ 7.725351335287834, 48.573789641022401 ], [ 7.7248298, 48.57428581 ], [ 7.724745836000997, 48.574361432336147 ], [ 7.724747834550372, 48.574317252633499 ], [ 7.724680131856172, 48.57431586480913 ], [ 7.724612415639245, 48.574314477496074 ], [ 7.724544712952393, 48.574313089592785 ], [ 7.724546761386288, 48.574268136799695 ], [ 7.72447904523615, 48.574266749408871 ], [ 7.724411342616073, 48.574265361427848 ], [ 7.724343639999674, 48.574263973407369 ], [ 7.724345675081893, 48.574219021167771 ], [ 7.724277972528596, 48.574217633109008 ], [ 7.724210269978975, 48.574216245010788 ], [ 7.724212304346593, 48.574171283796652 ], [ 7.724144601860086, 48.574169895660141 ], [ 7.724076899377251, 48.574168507484174 ], [ 7.72407893469004, 48.574123555247759 ], [ 7.724011232270312, 48.574122167033501 ], [ 7.723943529854258, 48.5741207787798 ], [ 7.723945565282329, 48.574075826544949 ], [ 7.723877862929379, 48.574074438252964 ], [ 7.723810147053755, 48.574073050472172 ], [ 7.723742444708154, 48.574071662101261 ], [ 7.723607026501623, 48.574068885791732 ], [ 7.723539324167046, 48.574067497302437 ], [ 7.723471621836143, 48.574066108773707 ], [ 7.723473656846918, 48.574021147570157 ], [ 7.723405954579133, 48.574019759003136 ], [ 7.723338252315021, 48.574018370396658 ], [ 7.723270536528243, 48.574016982301323 ], [ 7.723272586069824, 48.573972029526047 ], [ 7.723204883872492, 48.573970640841829 ], [ 7.72313716815251, 48.573969252668746 ], [ 7.723069465962529, 48.573967863905615 ], [ 7.723073551035505, 48.573877949934307 ], [ 7.723005848968071, 48.57387656113405 ], [ 7.722938133378006, 48.573875172844929 ], [ 7.722940183205967, 48.573830220073276 ], [ 7.722872481205314, 48.573828831195272 ], [ 7.722804765682044, 48.573827442828382 ], [ 7.722806815625275, 48.573782490058342 ], [ 7.722739113691402, 48.573781101102618 ], [ 7.722671398234922, 48.573779712657966 ], [ 7.722673447463817, 48.573734750913381 ], [ 7.722470328347335, 48.573730584245105 ], [ 7.722468278940108, 48.573775545986173 ], [ 7.722265159678378, 48.573771378959236 ], [ 7.722197457773913, 48.573769989687847 ], [ 7.722129755873128, 48.573768600377008 ], [ 7.722131792051302, 48.573723639192295 ], [ 7.722064091043136, 48.573722258819316 ], [ 7.721793270202916, 48.573716701578711 ], [ 7.721795306674727, 48.573671740399071 ], [ 7.721727604914876, 48.573670350853824 ], [ 7.721456770859709, 48.573664793379145 ], [ 7.721389069118246, 48.573663403636623 ], [ 7.72139112029878, 48.573618450889008 ], [ 7.721323405094171, 48.573617061658588 ], [ 7.720917168048757, 48.57360872324589 ], [ 7.720919219641727, 48.573563770505743 ], [ 7.72085151804855, 48.573562380449921 ], [ 7.720716101346983, 48.573559600770217 ], [ 7.720718152285383, 48.57351463905669 ], [ 7.720650437236445, 48.573513249433972 ], [ 7.720244201125029, 48.573504908667843 ], [ 7.720246253305121, 48.573459955937963 ], [ 7.720178538341378, 48.573458566040152 ], [ 7.720043135477382, 48.573455785025715 ], [ 7.720045174305956, 48.573410832848829 ], [ 7.719977472938908, 48.573409442283598 ], [ 7.719571237761464, 48.573401099164023 ], [ 7.719573289699619, 48.573356137468217 ], [ 7.71950557489157, 48.573354747178136 ], [ 7.719370172338918, 48.57335196537926 ], [ 7.719372211754631, 48.573307013212563 ], [ 7.719304510543254, 48.57330562225512 ], [ 7.718830561588115, 48.573295886098556 ], [ 7.718832615001884, 48.573250933390355 ], [ 7.718561797007809, 48.573245368616021 ], [ 7.718559743356314, 48.573290321319519 ], [ 7.718695159227949, 48.57329310351291 ], [ 7.718762860406192, 48.573294494825461 ], [ 7.718760806929382, 48.573339447531744 ], [ 7.718963924190694, 48.573343620686096 ], [ 7.719031638969299, 48.573345011291892 ], [ 7.719029586555585, 48.573389972978291 ], [ 7.719368120222427, 48.573396927071542 ], [ 7.719435821556353, 48.573398317991881 ], [ 7.71943378219289, 48.573443270158265 ], [ 7.719840017682762, 48.573451613758358 ], [ 7.719907719101879, 48.573453004403667 ], [ 7.719905666624618, 48.573497957127699 ], [ 7.720041083118991, 48.573500737752084 ], [ 7.720108784608577, 48.573502128280225 ], [ 7.72010674666141, 48.573547089432942 ], [ 7.720445281514237, 48.573554040387037 ], [ 7.720512983085345, 48.57355543067959 ], [ 7.720510931135775, 48.573600383412696 ], [ 7.72064634793414, 48.573603163331498 ], [ 7.720714049575712, 48.573604553506861 ], [ 7.720712011327107, 48.573649505692444 ], [ 7.720982831694167, 48.573655065453671 ], [ 7.721050533413565, 48.573656455432932 ], [ 7.721048496287857, 48.573701416599746 ], [ 7.721319316966261, 48.573706975576506 ], [ 7.721387018763489, 48.57370836535965 ], [ 7.721384981102034, 48.573753317555415 ], [ 7.721655802091727, 48.573758875747707 ], [ 7.721723517493059, 48.573760264784312 ], [ 7.721791219371786, 48.573761654331889 ], [ 7.721858921254185, 48.57376304384001 ], [ 7.721856884005179, 48.573807996043186 ], [ 7.721992287899868, 48.573810774943404 ], [ 7.722060003379029, 48.573812163783863 ], [ 7.722057953607932, 48.573857125516398 ], [ 7.722125655623915, 48.573858514869031 ], [ 7.722193371169879, 48.573859903631735 ], [ 7.722191320684552, 48.573904856389731 ], [ 7.722259022767314, 48.573906245664638 ], [ 7.722326738380072, 48.573907634349588 ], [ 7.722394440470191, 48.573909023545554 ], [ 7.722392403685892, 48.573953975755835 ], [ 7.722460105839115, 48.573955364913523 ], [ 7.722527807996014, 48.573956754031776 ], [ 7.722595523682921, 48.573958142560024 ], [ 7.722593474376596, 48.574003104299713 ], [ 7.722728892354003, 48.574005881790718 ], [ 7.722796594585049, 48.574007270752297 ], [ 7.722794544623831, 48.574052223518628 ], [ 7.722929962742162, 48.574055000775211 ], [ 7.722997665043664, 48.574056389619599 ], [ 7.722995628783511, 48.57410134183813 ], [ 7.723131033516401, 48.574104119410876 ], [ 7.723198749414726, 48.574105507587468 ], [ 7.723196700632625, 48.574150469335486 ], [ 7.723332119032829, 48.574153246123217 ], [ 7.723399821475256, 48.574154634733198 ], [ 7.723397772038153, 48.574199587507849 ], [ 7.72346548807007, 48.574200975528932 ], [ 7.723533190579279, 48.574202364061179 ], [ 7.723600906618545, 48.574203752003321 ], [ 7.723598857356159, 48.57424870478075 ], [ 7.723734276038203, 48.574251481099644 ], [ 7.723801978621538, 48.574252869475217 ], [ 7.723799930363668, 48.574297831231561 ], [ 7.723935349186656, 48.574300607316047 ], [ 7.724003051840457, 48.574301995574423 ], [ 7.724001016453896, 48.574346947806703 ], [ 7.724068719170805, 48.574348336026802 ], [ 7.724136421891385, 48.574349724207451 ], [ 7.724204138142054, 48.574351111797931 ], [ 7.724202089403794, 48.574396064583688 ], [ 7.724269805717579, 48.574397452135862 ], [ 7.724337508508613, 48.574398840199301 ], [ 7.724405211303319, 48.57440022822329 ], [ 7.724403177096124, 48.574445189437199 ], [ 7.724470879124011, 48.574446568446767 ], [ 7.724538581985494, 48.574447956393001 ], [ 7.724606298377092, 48.574449343749038 ], [ 7.724604505077787, 48.574488722302192 ], [ 7.72431746, 48.57474725 ], [ 7.72430198, 48.57476264 ], [ 7.72429767, 48.57476511 ], [ 7.72392335, 48.57510808 ], [ 7.7236676, 48.57534172 ], [ 7.72362812, 48.57537843 ], [ 7.72331007, 48.57567939 ], [ 7.72316783, 48.57582298 ], [ 7.72315656, 48.57583536 ], [ 7.72290381, 48.57606975 ], [ 7.72261018, 48.57634202 ], [ 7.72250062, 48.57644865 ], [ 7.72228989, 48.57666524 ], [ 7.72228254, 48.57667281 ], [ 7.72211459, 48.57684671 ], [ 7.72205946, 48.57690528 ], [ 7.72193654, 48.57704001 ], [ 7.72192815, 48.57704927 ], [ 7.72190411, 48.57707608 ], [ 7.72173641, 48.57726653 ], [ 7.72166717, 48.57734815 ], [ 7.72156332, 48.57747608 ], [ 7.72150706, 48.57754787 ], [ 7.72142643, 48.57765473 ], [ 7.72141614, 48.57766829 ], [ 7.72133294, 48.57778016 ], [ 7.72124217, 48.57789447 ], [ 7.72116317, 48.5779991 ], [ 7.7209521, 48.57829557 ], [ 7.72076541, 48.57855597 ], [ 7.7205461, 48.5789306 ], [ 7.7204234, 48.57919864 ], [ 7.72040525, 48.57923945 ], [ 7.72034648, 48.57937552 ], [ 7.72030316, 48.57948388 ], [ 7.7202789, 48.57955035 ], [ 7.7202671, 48.57958377 ], [ 7.72013873, 48.57995608 ], [ 7.72009023, 48.58011925 ], [ 7.720055, 48.58026117 ], [ 7.72003751, 48.58033824 ], [ 7.7200319, 48.5803657 ], [ 7.72001425, 48.58042739 ], [ 7.71998392, 48.58054812 ], [ 7.71992276, 48.58083114 ], [ 7.71990015, 48.58095592 ], [ 7.7198923, 48.58101016 ], [ 7.71987442, 48.5812137 ], [ 7.71987359, 48.58124184 ], [ 7.71986361, 48.58145581 ], [ 7.71986337, 48.58146058 ], [ 7.71984454, 48.58188736 ], [ 7.71984335, 48.58192107 ], [ 7.71984285, 48.58197225 ], [ 7.71984396, 48.58230481 ], [ 7.71985478, 48.58249598 ], [ 7.71988717, 48.58278931 ], [ 7.7198957, 48.58285462 ], [ 7.71992901, 48.58308076 ], [ 7.71994981, 48.58319613 ], [ 7.72002019, 48.58352594 ], [ 7.70601239, 48.58755677 ], [ 7.69962298, 48.58878096 ], [ 7.699754663287145, 48.589146674518119 ], [ 7.699533635076467, 48.58914209871277 ], [ 7.699531577593524, 48.589187050279499 ], [ 7.699396120687586, 48.589184245764827 ], [ 7.699260663796507, 48.589181441092272 ], [ 7.699258606072071, 48.589226392653551 ], [ 7.698987692096603, 48.589220782830047 ], [ 7.698985620600043, 48.58926573493364 ], [ 7.698782441744353, 48.589261526874125 ], [ 7.69878038442206, 48.58930648740192 ], [ 7.698712649064353, 48.589305085000461 ], [ 7.698441747436995, 48.589299464380439 ], [ 7.698439676283024, 48.589344425449312 ], [ 7.698101039093562, 48.589337401435117 ], [ 7.698098967638551, 48.589382362497318 ], [ 7.697895788392525, 48.589378152887839 ], [ 7.697893729460607, 48.589423104421805 ], [ 7.697622814592934, 48.589417491416945 ], [ 7.697620741888822, 48.589462443493069 ], [ 7.697417562364036, 48.589458233047615 ], [ 7.697415503008586, 48.589503184571846 ], [ 7.697347767427818, 48.58950178137497 ], [ 7.697076865734047, 48.589496166550006 ], [ 7.697074792546909, 48.589541118615124 ], [ 7.697007070455975, 48.589539714672142 ], [ 7.696803877144028, 48.589535503701427 ], [ 7.696801817246106, 48.58958045521355 ], [ 7.69673408157984, 48.589579051659022 ], [ 7.696598637319943, 48.589576243336538 ], [ 7.696596563709249, 48.589621195391871 ], [ 7.696528841525416, 48.58961979117025 ], [ 7.696325647934715, 48.58961557936351 ], [ 7.6963235884385, 48.589660539842143 ], [ 7.696188129629366, 48.5896577226125 ], [ 7.696052671660347, 48.58965491420124 ], [ 7.696050611922585, 48.589699874674409 ], [ 7.695779694966105, 48.589694248397215 ], [ 7.695777621456003, 48.58973920941235 ], [ 7.695506717851993, 48.589733581951471 ], [ 7.695504644100331, 48.589778542961092 ], [ 7.695301463494107, 48.589774328816517 ], [ 7.695299388735294, 48.589819280845546 ], [ 7.695028485584813, 48.589813661246339 ], [ 7.695026410584486, 48.589858613269854 ], [ 7.694755507255671, 48.589852993034413 ], [ 7.69475343201382, 48.589897945052442 ], [ 7.694685709514164, 48.589896539756893 ], [ 7.694550250995168, 48.589893729594678 ], [ 7.694548175571269, 48.589938681608395 ], [ 7.694480453023313, 48.589937276193261 ], [ 7.694209535806989, 48.589931655232533 ], [ 7.694207473612964, 48.589976606692332 ], [ 7.69413973749328, 48.589975201625904 ], [ 7.694004278795952, 48.589972390827398 ], [ 7.694002216419888, 48.590017342282898 ], [ 7.693934480251895, 48.590015937096858 ], [ 7.693731298832019, 48.590011720207492 ], [ 7.693729222683551, 48.590056672204703 ], [ 7.693661500001869, 48.59005526631239 ], [ 7.693458318448264, 48.590051048945853 ], [ 7.693456242058274, 48.59009600093755 ], [ 7.693388519332016, 48.590094594886189 ], [ 7.693185337644686, 48.590090377042443 ], [ 7.693183261013173, 48.590135329028634 ], [ 7.693115538242353, 48.590133922818232 ], [ 7.692912356421299, 48.590129704497272 ], [ 7.692910279548266, 48.590174656477977 ], [ 7.692842543201933, 48.590173250655575 ], [ 7.692639361247168, 48.5901690318574 ], [ 7.692637298488155, 48.590213992261859 ], [ 7.692366379184158, 48.59020835802869 ], [ 7.692364302652625, 48.590253318974682 ], [ 7.692228856022745, 48.590250496583742 ], [ 7.691957937394871, 48.590244870374825 ], [ 7.691955859678314, 48.590289822336622 ], [ 7.691888136736679, 48.590288415411045 ], [ 7.691617231476412, 48.590282787861014 ], [ 7.691615153458864, 48.590327739816111 ], [ 7.691411970991635, 48.590323518872324 ], [ 7.691409892792029, 48.590368470823108 ], [ 7.691342169761272, 48.590367063579421 ], [ 7.691206710179932, 48.590364249520512 ], [ 7.69120463262262, 48.590409210443291 ], [ 7.691069172112888, 48.590406387247803 ], [ 7.691067107963987, 48.590451347620601 ], [ 7.690999371301893, 48.590449940724042 ], [ 7.690997306265553, 48.590494892118599 ], [ 7.69072638647862, 48.590489263039224 ], [ 7.690724307669706, 48.590534214975108 ], [ 7.69038566448808, 48.590527177458412 ], [ 7.690383598909232, 48.59057212884084 ], [ 7.690044955523453, 48.590565090331445 ], [ 7.690042876112543, 48.590610042253935 ], [ 7.689771969351804, 48.590604410403181 ], [ 7.689769889699365, 48.59064936232015 ], [ 7.689702166341805, 48.590647954120911 ], [ 7.689700086626243, 48.590692906035954 ], [ 7.689429165933227, 48.590687273932957 ], [ 7.689427099507244, 48.59073222529581 ], [ 7.689020718222777, 48.590723775950046 ], [ 7.689018651436331, 48.590768727305054 ], [ 7.688747730416733, 48.590763093613688 ], [ 7.688745649857621, 48.590808045509789 ], [ 7.688474742190976, 48.590802410635533 ], [ 7.688472661390328, 48.590847362526141 ], [ 7.688337200694871, 48.59084454512309 ], [ 7.688333052375905, 48.590934448350723 ], [ 7.687858945992335, 48.590924585906798 ], [ 7.687856878176683, 48.590969537237932 ], [ 7.687653693470204, 48.590965309724481 ], [ 7.687651611941295, 48.591010261597781 ], [ 7.68724524227229, 48.591001805498045 ], [ 7.687243160382899, 48.591046757363451 ], [ 7.68703997542038, 48.591042528777152 ], [ 7.687035811273795, 48.591132432498547 ], [ 7.686358517274314, 48.59111832600933 ], [ 7.686356448955606, 48.591163286287028 ], [ 7.686153262779992, 48.59115904717433 ], [ 7.686151180747916, 48.591204007993994 ], [ 7.685812532937852, 48.591196948177092 ], [ 7.6858104506047, 48.591241908990064 ], [ 7.685742726571624, 48.591240498483856 ], [ 7.685740643351919, 48.591285450318523 ], [ 7.68567291926311, 48.591284039771651 ], [ 7.685670835980279, 48.591328991604378 ], [ 7.685129001511307, 48.591317698461275 ], [ 7.685126918572344, 48.591362659260071 ], [ 7.684991470227849, 48.591359837411666 ], [ 7.684989386342986, 48.591404789230978 ], [ 7.685057110572831, 48.591406200176088 ], [ 7.685055040275132, 48.591451151449682 ], [ 7.685122764568182, 48.59145256235653 ], [ 7.685120681618246, 48.591497523153045 ], [ 7.68518841950588, 48.591498933475457 ], [ 7.685190489688286, 48.59145398220025 ], [ 7.685461413975561, 48.591459624182697 ], [ 7.685463497447781, 48.591414672355803 ], [ 7.68573440802559, 48.591420314248133 ], [ 7.685736491256268, 48.591375362415725 ], [ 7.685804215467757, 48.5913767729255 ], [ 7.685806297811882, 48.591331812114802 ], [ 7.686077208812063, 48.591337462184562 ], [ 7.686079290914599, 48.591292501368343 ], [ 7.68635021526801, 48.591298150255518 ], [ 7.686352283597655, 48.591253189980094 ], [ 7.686487746089603, 48.591256018672659 ], [ 7.686489827827921, 48.591211057847772 ], [ 7.686760738263965, 48.591216706324431 ], [ 7.686762819760697, 48.591171745494051 ], [ 7.687236929047701, 48.591181621385054 ], [ 7.687238997416808, 48.591136670068323 ], [ 7.687509920249072, 48.59114230727603 ], [ 7.687512001907896, 48.591097355407371 ], [ 7.687850648469222, 48.591104401296143 ], [ 7.687852716295803, 48.591059449967254 ], [ 7.688123638786651, 48.591065085744447 ], [ 7.688125706371705, 48.59102013441008 ], [ 7.688328904866213, 48.591024360551692 ], [ 7.688330972269213, 48.590979409213013 ], [ 7.688601894388758, 48.590985043875477 ], [ 7.688603975081423, 48.590940091984763 ], [ 7.688942620751846, 48.590947134692037 ], [ 7.688944687612325, 48.590902183341235 ], [ 7.689080148493899, 48.590905000036152 ], [ 7.689082228762961, 48.590860048135589 ], [ 7.689353136801825, 48.590865681593662 ], [ 7.689355216829352, 48.5908207296876 ], [ 7.689761585408294, 48.590829178410118 ], [ 7.689763665075344, 48.590784226496162 ], [ 7.690102309873375, 48.590791265824642 ], [ 7.690104375708298, 48.590746314450726 ], [ 7.6903752967884, 48.59075194497958 ], [ 7.69037737591291, 48.590706993053416 ], [ 7.69044509936723, 48.590708400859143 ], [ 7.690447178428623, 48.590663448931025 ], [ 7.690853545938226, 48.590671893835868 ], [ 7.690855624639145, 48.59062694189987 ], [ 7.691465176444314, 48.59063961555848 ], [ 7.691463098278628, 48.590684567505178 ], [ 7.691530835264222, 48.59068597413134 ], [ 7.691528757978773, 48.590730935054772 ], [ 7.691596495027582, 48.590732341642635 ], [ 7.691602714812286, 48.590597477366018 ], [ 7.691738161502067, 48.590600291510043 ], [ 7.691740238598118, 48.590555330580763 ], [ 7.691875698714898, 48.590558144017614 ], [ 7.691943422837838, 48.590559559926604 ], [ 7.691945499751795, 48.590514598993025 ], [ 7.692013222994507, 48.590516005885064 ], [ 7.69221640710057, 48.59052023475369 ], [ 7.692218483772955, 48.590475273814604 ], [ 7.692489404474534, 48.590480908391996 ], [ 7.692491467374322, 48.590435947994408 ], [ 7.692559204058914, 48.590437354021311 ], [ 7.692694650377259, 48.590440167050744 ], [ 7.692696727450591, 48.590395215078139 ], [ 7.692764464086881, 48.59039662098543 ], [ 7.692967646956103, 48.590400839564531 ], [ 7.692969710256916, 48.590355888133494 ], [ 7.693105169913073, 48.590358700137486 ], [ 7.69317290651223, 48.590360105806731 ], [ 7.693308352659748, 48.590362918120995 ], [ 7.693310429190555, 48.590317966136176 ], [ 7.693513611792333, 48.59032218376089 ], [ 7.693515688141082, 48.590277231771765 ], [ 7.693922053088348, 48.590285665948372 ], [ 7.693924129076631, 48.590240713951374 ], [ 7.694059588480211, 48.590243524843032 ], [ 7.694061650814972, 48.590198573390104 ], [ 7.694332569428912, 48.59020419469504 ], [ 7.694334631522167, 48.590159243236641 ], [ 7.694402367890947, 48.590160648189396 ], [ 7.694470090732528, 48.590162053649912 ], [ 7.694605549957777, 48.590164863905287 ], [ 7.694607625340428, 48.590119911894156 ], [ 7.69487853006679, 48.590125532473792 ], [ 7.694880605207921, 48.590080580457155 ], [ 7.695219246050429, 48.590087604877212 ], [ 7.695221320890565, 48.590042652853903 ], [ 7.695289043598406, 48.590044057837247 ], [ 7.69542450255613, 48.590046867138192 ], [ 7.695426563683348, 48.590001915657915 ], [ 7.69562974520399, 48.59000612958345 ], [ 7.695631818854905, 48.589961168575222 ], [ 7.695835001055749, 48.589965391118234 ], [ 7.695970459835108, 48.589968199782902 ], [ 7.695972533184971, 48.589923238767994 ], [ 7.696040255755327, 48.589924643313644 ], [ 7.696243437844783, 48.589928865142632 ], [ 7.696245510953083, 48.589883904122232 ], [ 7.696516415434575, 48.589889529860628 ], [ 7.696518488301317, 48.589844568834728 ], [ 7.696586210782494, 48.589845973062282 ], [ 7.696721669286819, 48.589848780851469 ], [ 7.696723742796788, 48.589803828797535 ], [ 7.696791465229657, 48.589805232905498 ], [ 7.696994646081375, 48.589809444445038 ], [ 7.696996719349827, 48.589764492385612 ], [ 7.697199900056602, 48.589768703566357 ], [ 7.697335358389966, 48.58977151064034 ], [ 7.697337431357428, 48.58972655857422 ], [ 7.697540611941557, 48.58973076915936 ], [ 7.69754268472697, 48.589685817088942 ], [ 7.697610407026058, 48.589687220719732 ], [ 7.697881309790341, 48.589692834300614 ], [ 7.697883382274776, 48.589647882223503 ], [ 7.697951118063731, 48.589649285108131 ], [ 7.698086562591295, 48.589652091854283 ], [ 7.698088634893689, 48.589607139772866 ], [ 7.698156357103581, 48.589608543085554 ], [ 7.698359537286288, 48.589612752239141 ], [ 7.698361608521568, 48.589567791175966 ], [ 7.698429344217567, 48.589569193781912 ], [ 7.698427273041776, 48.589614154846259 ], [ 7.698494995270246, 48.589615557961608 ], [ 7.698497067212188, 48.589570605872332 ], [ 7.698564789384911, 48.589572008947044 ], [ 7.698632525092068, 48.589573411434543 ], [ 7.698634582555073, 48.589528450913605 ], [ 7.698702318206458, 48.58952985336046 ], [ 7.698905498947185, 48.589534070535905 ], [ 7.698907569699338, 48.589489109461759 ], [ 7.698975291775414, 48.589490512297289 ], [ 7.699043013855203, 48.589491915093362 ], [ 7.6991107494694, 48.589493317302164 ], [ 7.699178471556619, 48.589494720019296 ], [ 7.699180542892957, 48.589449767915923 ], [ 7.699248264924428, 48.589451170592397 ], [ 7.699451444571801, 48.589455377837226 ], [ 7.699453515666633, 48.589410425728332 ], [ 7.699852607771801, 48.589418688687765 ], [ 7.6999302, 48.58963418 ], [ 7.70038742, 48.59022041 ], [ 7.71131254, 48.58890565 ], [ 7.72375344, 48.5884968 ], [ 7.72393641, 48.58862008 ], [ 7.72476063, 48.5891422 ], [ 7.72536458, 48.58952559 ], [ 7.72538903, 48.58954097 ], [ 7.72609114, 48.58997924 ], [ 7.72696776, 48.59054024 ], [ 7.72724998, 48.59073387 ], [ 7.72740348, 48.59083353 ], [ 7.727943462611067, 48.591166829168316 ], [ 7.727913887790717, 48.591166223946793 ], [ 7.72791184163951, 48.591211176531829 ], [ 7.727844117326898, 48.591209799535548 ], [ 7.72784207111262, 48.591254752118672 ], [ 7.727774345913398, 48.591253366105711 ], [ 7.727770254185906, 48.591343280243414 ], [ 7.727905718356799, 48.591346051683409 ], [ 7.727907763687978, 48.591301090124588 ], [ 7.72797548895401, 48.591302476059774 ], [ 7.72797753505293, 48.591257523475065 ], [ 7.728094267722502, 48.59125991219949 ], [ 7.72828547, 48.59137793 ], [ 7.72843069, 48.59146921 ], [ 7.72863249, 48.59158756 ], [ 7.72944448, 48.59203431 ], [ 7.73010086, 48.59240819 ], [ 7.7301948, 48.59245295 ], [ 7.73022255, 48.59247456 ], [ 7.73056042, 48.59265244 ], [ 7.7307564, 48.59274922 ], [ 7.73158696, 48.59313499 ], [ 7.73171195, 48.5931906 ], [ 7.73210353, 48.59335854 ], [ 7.73218532, 48.59339264 ], [ 7.73227212, 48.59342795 ], [ 7.73230712, 48.59344192 ], [ 7.73232949, 48.59345071 ], [ 7.73319368, 48.59378952 ], [ 7.73387473, 48.59405553 ], [ 7.73390308, 48.59406645 ], [ 7.7349773, 48.59447818 ], [ 7.7353207, 48.59462839 ], [ 7.73554982, 48.59475531 ], [ 7.7355758, 48.59476756 ], [ 7.73580071, 48.59506766 ], [ 7.73595685, 48.59534967 ], [ 7.73600877, 48.59546537 ], [ 7.73606507, 48.59563869 ], [ 7.736083, 48.59573531 ], [ 7.73609858, 48.59621401 ], [ 7.73609051, 48.59625512 ], [ 7.73605194, 48.59635301 ], [ 7.73604765, 48.59636403 ], [ 7.73582991, 48.59692724 ], [ 7.73553027, 48.59708469 ], [ 7.73432943, 48.59766048 ], [ 7.73430203, 48.59767367 ], [ 7.73399554, 48.59782321 ], [ 7.73398813, 48.59782862 ], [ 7.73396009, 48.59784063 ], [ 7.73305865, 48.59829054 ], [ 7.73215327, 48.59872753 ], [ 7.73214483, 48.59873364 ], [ 7.7321116, 48.59874785 ], [ 7.73126479, 48.59916758 ], [ 7.73125414, 48.59917286 ], [ 7.73031505, 48.59964149 ], [ 7.73014537, 48.59973064 ], [ 7.73009093, 48.59976099 ], [ 7.72982796, 48.59989049 ], [ 7.72975546, 48.59992693 ], [ 7.7292742, 48.60017527 ], [ 7.72923884, 48.60019369 ], [ 7.72886194, 48.60039263 ], [ 7.72882272, 48.6004136 ], [ 7.72861089, 48.60052829 ], [ 7.72840649, 48.60063703 ], [ 7.72816726, 48.60077453 ], [ 7.72797011, 48.60089738 ], [ 7.72778016, 48.60101375 ], [ 7.72776506, 48.60102302 ], [ 7.7275585, 48.60115089 ], [ 7.72736684, 48.60127731 ], [ 7.72717518, 48.60141282 ], [ 7.72698342, 48.60154841 ], [ 7.72688782, 48.60161824 ], [ 7.72669705, 48.60176292 ], [ 7.72660096, 48.60183831 ], [ 7.72642452, 48.60198244 ], [ 7.72625014, 48.60212461 ], [ 7.72609984, 48.60226102 ], [ 7.72596215, 48.6023857 ], [ 7.72593364, 48.60241174 ], [ 7.7257702, 48.60256347 ], [ 7.72567873, 48.60265177 ], [ 7.72551826, 48.60281398 ], [ 7.72545198, 48.60288314 ], [ 7.72530365, 48.60304349 ], [ 7.72529571, 48.60305213 ], [ 7.72514746, 48.60321374 ], [ 7.72513423, 48.60322817 ], [ 7.72506674, 48.60330541 ], [ 7.72493261, 48.60346547 ], [ 7.72488276, 48.60352671 ], [ 7.72474964, 48.6036957 ], [ 7.72471726, 48.60373752 ], [ 7.72459703, 48.60389684 ], [ 7.72454709, 48.60396528 ], [ 7.72442805, 48.60413478 ], [ 7.72433533, 48.60427677 ], [ 7.72422965, 48.60445298 ], [ 7.72419047, 48.60452081 ], [ 7.72411054, 48.60466528 ], [ 7.72402253, 48.60481506 ], [ 7.72396641, 48.60491635 ], [ 7.7238747, 48.60509299 ], [ 7.72381651, 48.60521377 ], [ 7.72373892, 48.60538966 ], [ 7.7237199, 48.60543406 ], [ 7.72364331, 48.60561941 ], [ 7.72363173, 48.60564816 ], [ 7.72358824, 48.60575813 ], [ 7.72358645, 48.60576675 ], [ 7.72352541, 48.60590703 ], [ 7.7234716, 48.60605403 ], [ 7.72342207, 48.60620855 ], [ 7.72337204, 48.60639123 ], [ 7.72336859, 48.60640387 ], [ 7.72332164, 48.6065801 ], [ 7.72327372, 48.60675488 ], [ 7.72324254, 48.60688649 ], [ 7.72320665, 48.6070677 ], [ 7.72319889, 48.60710935 ], [ 7.72319091, 48.60715514 ], [ 7.72317994, 48.60722644 ], [ 7.72314327, 48.60750028 ], [ 7.72309743, 48.60780138 ], [ 7.72308613, 48.6078902 ], [ 7.72305268, 48.60821878 ], [ 7.72287101, 48.60987705 ], [ 7.72286615, 48.60992809 ], [ 7.72274812, 48.61138755 ], [ 7.72273711, 48.61149086 ], [ 7.7227322, 48.61154433 ], [ 7.72265455, 48.6125599 ], [ 7.72261474, 48.6128785 ], [ 7.72260614, 48.61296198 ], [ 7.72257721, 48.61333278 ], [ 7.72257463, 48.61337278 ], [ 7.72255997, 48.61363509 ], [ 7.72254792, 48.6137177 ], [ 7.72253448, 48.613838 ], [ 7.72252242, 48.61399231 ], [ 7.72251934, 48.61403905 ], [ 7.72250106, 48.61439073 ], [ 7.72249919, 48.61443847 ], [ 7.72249897, 48.61445169 ], [ 7.72249338, 48.61476204 ], [ 7.72247825, 48.61510908 ], [ 7.72247707, 48.61514208 ], [ 7.72247679, 48.61515754 ], [ 7.72247486, 48.61527428 ], [ 7.72247496, 48.61527463 ], [ 7.72247455, 48.61530845 ], [ 7.72247516, 48.6155372 ], [ 7.72241858, 48.6171722 ], [ 7.72241804, 48.61718902 ], [ 7.72241786, 48.61719576 ], [ 7.72238557, 48.61870178 ], [ 7.72235521, 48.61929304 ], [ 7.72235362, 48.61933359 ], [ 7.72235351, 48.61933377 ], [ 7.72232003, 48.62050067 ], [ 7.72232001, 48.62050121 ], [ 7.72230896, 48.62088984 ], [ 7.72230882, 48.62089551 ], [ 7.72230859, 48.62090926 ], [ 7.72230423, 48.62115721 ], [ 7.72228825, 48.62164429 ], [ 7.72227663, 48.6218388 ], [ 7.72227628, 48.62184383 ], [ 7.72225944, 48.62213814 ], [ 7.72221338, 48.62227435 ], [ 7.72219942, 48.62231711 ], [ 7.72212797, 48.62254541 ], [ 7.72211563, 48.62258638 ], [ 7.72205494, 48.62279664 ], [ 7.72202413, 48.62291754 ], [ 7.72202097, 48.62293227 ], [ 7.72199003, 48.62303608 ], [ 7.72190066, 48.62327391 ], [ 7.72179833, 48.62353739 ], [ 7.72175905, 48.62364786 ], [ 7.72169869, 48.62383573 ], [ 7.72159048, 48.62410204 ], [ 7.72148763, 48.62434574 ], [ 7.7214407, 48.62446737 ], [ 7.72093379, 48.62592754 ], [ 7.72060546, 48.62666651 ], [ 7.72054172, 48.62682807 ], [ 7.72024835, 48.6276796 ], [ 7.72023358, 48.62772378 ], [ 7.71995747, 48.62859213 ], [ 7.71992951, 48.62868852 ], [ 7.7198414, 48.62902592 ], [ 7.71979847, 48.62924114 ], [ 7.7197672, 48.62946855 ], [ 7.71973618, 48.62969505 ], [ 7.71972459, 48.6298035 ], [ 7.71970747, 48.63002925 ], [ 7.71970743, 48.63003052 ], [ 7.7196904, 48.63025699 ], [ 7.71967329, 48.63048195 ], [ 7.71966877, 48.63057221 ], [ 7.71967784, 48.63080231 ], [ 7.71969546, 48.63097233 ], [ 7.71970316, 48.63115051 ], [ 7.7197123, 48.63137314 ], [ 7.71972045, 48.63148477 ], [ 7.71974366, 48.63170855 ], [ 7.71976695, 48.6319336 ], [ 7.71978106, 48.63203935 ], [ 7.71981905, 48.63227193 ], [ 7.71983906, 48.63237505 ], [ 7.71988859, 48.63259778 ], [ 7.71989131, 48.63260987 ], [ 7.71994071, 48.63282521 ], [ 7.71998683, 48.63303278 ], [ 7.72003991, 48.63328352 ], [ 7.72008431, 48.63345303 ], [ 7.72014476, 48.63364745 ], [ 7.7202054, 48.63384286 ], [ 7.72025155, 48.63397425 ], [ 7.72034489, 48.63421365 ], [ 7.72048112, 48.63449661 ], [ 7.72054823, 48.63461375 ], [ 7.72063269, 48.63479639 ], [ 7.72063886, 48.63480968 ], [ 7.72074263, 48.63503004 ], [ 7.72090887, 48.63532143 ], [ 7.72099063, 48.6354435 ], [ 7.72105935, 48.63556317 ], [ 7.72116993, 48.63576256 ], [ 7.72128761, 48.6359515 ], [ 7.7214216, 48.63614602 ], [ 7.7214792, 48.63623193 ], [ 7.72154732, 48.63632228 ], [ 7.72168941, 48.63653335 ], [ 7.72170657, 48.63655827 ], [ 7.72180355, 48.6366984 ], [ 7.7219404, 48.63687776 ], [ 7.7221267, 48.63710137 ], [ 7.72230525, 48.6373311 ], [ 7.72236529, 48.63740516 ], [ 7.7224187, 48.63746683 ], [ 7.72271117, 48.63779524 ], [ 7.72279673, 48.63788686 ], [ 7.72319234, 48.63829313 ], [ 7.72321135, 48.63831233 ], [ 7.72369022, 48.63879499 ], [ 7.72378473, 48.63889121 ], [ 7.72385015, 48.63896038 ], [ 7.72399157, 48.63910515 ], [ 7.72444482, 48.63957565 ], [ 7.72448269, 48.63961412 ], [ 7.72463434, 48.63976583 ], [ 7.72505625, 48.64020963 ], [ 7.72537653, 48.64054644 ], [ 7.72553341, 48.64069578 ], [ 7.72570764, 48.6408803 ], [ 7.72579549, 48.64097509 ], [ 7.72582502, 48.64101113 ], [ 7.72584187, 48.64103128 ], [ 7.72593471, 48.64113612 ], [ 7.72606648, 48.64127798 ], [ 7.72609737, 48.64131367 ], [ 7.72632668, 48.6415785 ], [ 7.72648032, 48.64176297 ], [ 7.7266136, 48.64194282 ], [ 7.72662303, 48.64195534 ], [ 7.72860275, 48.64373732 ], [ 7.73130319, 48.64713289 ], [ 7.73368977, 48.65452207 ], [ 7.73489135, 48.66327439 ], [ 7.73450386750987, 48.672969840725003 ], [ 7.734377868832406, 48.672967269035119 ], [ 7.734375825927077, 48.673012229359585 ], [ 7.734240144749239, 48.673009465543849 ], [ 7.734104463586095, 48.673006701569967 ], [ 7.734102419605211, 48.67305165291323 ], [ 7.733966738337422, 48.673048888778865 ], [ 7.733898904485258, 48.67304750637647 ], [ 7.733896860321782, 48.673092457715427 ], [ 7.733829012861167, 48.673091075824132 ], [ 7.733826983020083, 48.673136035585038 ], [ 7.733759135503449, 48.673134653653044 ], [ 7.733691301542974, 48.673133271129728 ], [ 7.7336892571933, 48.673178222463577 ], [ 7.733553575611547, 48.67317545784779 ], [ 7.733551531138939, 48.673220409178477 ], [ 7.73348368351765, 48.673219027086006 ], [ 7.733481653367412, 48.673263986838691 ], [ 7.733413805690112, 48.673262604705506 ], [ 7.733345971569004, 48.673261221981015 ], [ 7.733343926910194, 48.673306173306614 ], [ 7.733276079180565, 48.673304791093166 ], [ 7.733274034458486, 48.673349742416796 ], [ 7.733206200225396, 48.673348359610905 ], [ 7.733202111484186, 48.673438271229138 ], [ 7.733134277135437, 48.673436888381381 ], [ 7.733132232283227, 48.673481839700258 ], [ 7.733064397878492, 48.673480456811795 ], [ 7.733062353796075, 48.673525417104443 ], [ 7.732994505782742, 48.673524034727009 ], [ 7.732992460803995, 48.673568986041957 ], [ 7.73292462628727, 48.673567603072087 ], [ 7.732922582078291, 48.673612563360784 ], [ 7.732854733952946, 48.673611180901936 ], [ 7.732852702400288, 48.673656131661225 ], [ 7.732850657291413, 48.673701082971412 ], [ 7.732782809050394, 48.673699700470692 ], [ 7.732780778263907, 48.673744660202949 ], [ 7.732778733088165, 48.673789611510372 ], [ 7.732710884731455, 48.673788228967759 ], [ 7.732706808635511, 48.673878140001904 ], [ 7.73263896016311, 48.673876757417425 ], [ 7.73263488310046, 48.673966659470281 ], [ 7.732632838620375, 48.67401161974707 ], [ 7.73256498997261, 48.674010237119546 ], [ 7.732562958148999, 48.674055187866969 ], [ 7.732558868218497, 48.674145099438469 ], [ 7.732491019395367, 48.674143716767908 ], [ 7.732484897429874, 48.674278579076102 ], [ 7.732476729963637, 48.674458392667752 ], [ 7.73240888072642, 48.674457009949471 ], [ 7.732404804045284, 48.674546920950178 ], [ 7.732392545976886, 48.674816646060563 ], [ 7.732386423670608, 48.67495150832908 ], [ 7.732454260011346, 48.674952891611824 ], [ 7.732452228052738, 48.674997842341199 ], [ 7.732520064456821, 48.674999225585587 ], [ 7.732587914417562, 48.675000608238776 ], [ 7.73256953616353, 48.675405204552511 ], [ 7.732637373112008, 48.675406587728325 ], [ 7.732633295924406, 48.675496489728829 ], [ 7.732701132995895, 48.675497872867439 ], [ 7.732697056746291, 48.675587783842793 ], [ 7.732764893940804, 48.675589166944206 ], [ 7.732760817796194, 48.675679077918673 ], [ 7.732828655113726, 48.675680460982861 ], [ 7.732826623455777, 48.675725411706345 ], [ 7.732824578241058, 48.675770362980707 ], [ 7.732892415681602, 48.675771746007712 ], [ 7.732890384909219, 48.675816705706474 ], [ 7.732888339746977, 48.675861656980381 ], [ 7.732956177310544, 48.675863039970189 ], [ 7.732954146590675, 48.675907999668489 ], [ 7.732952101480914, 48.675952950941976 ], [ 7.733019939167505, 48.675954333894566 ], [ 7.733017907667063, 48.675999284616694 ], [ 7.733015863442867, 48.676044244865466 ], [ 7.733083701252482, 48.676045627780859 ], [ 7.733079624799739, 48.676135529775131 ], [ 7.733147462732368, 48.67613691265332 ], [ 7.733143387217721, 48.676226823622436 ], [ 7.733211225273372, 48.676228206463414 ], [ 7.733207149863723, 48.676318117431634 ], [ 7.733274988042401, 48.676319500235422 ], [ 7.733342839778085, 48.676320882447918 ], [ 7.733340794993993, 48.676365833721142 ], [ 7.733338750206302, 48.676410784993585 ], [ 7.733406602065021, 48.676412167168877 ], [ 7.733402513431364, 48.676502078689396 ], [ 7.733470365413134, 48.676503460827469 ], [ 7.733466276884451, 48.676593372347114 ], [ 7.733534128989272, 48.676594754447962 ], [ 7.733532084362624, 48.676639705719886 ], [ 7.733599936530799, 48.676641087782365 ], [ 7.733595848219269, 48.676730999301846 ], [ 7.733663700510496, 48.676732381327113 ], [ 7.733659612303946, 48.676822292845692 ], [ 7.733727464718222, 48.676823674833756 ], [ 7.733723375783422, 48.676913577375721 ], [ 7.733791228320738, 48.676914959326574 ], [ 7.733789184740861, 48.67695991957325 ], [ 7.733857023788048, 48.676961302037533 ], [ 7.733854992984512, 48.677006252757025 ], [ 7.73385294945713, 48.677051213003246 ], [ 7.733920788627347, 48.677052595430318 ], [ 7.733914670089686, 48.677187457664417 ], [ 7.733982522996157, 48.677188839503614 ], [ 7.733980478740492, 48.677233790773229 ], [ 7.733974346785181, 48.677368653552982 ], [ 7.734042199934072, 48.677370035357306 ], [ 7.734031994066432, 48.677594809086678 ], [ 7.733964154172758, 48.677593426724705 ], [ 7.733953947916867, 48.677818200428078 ], [ 7.733949859301225, 48.677908102943945 ], [ 7.73388201899349, 48.677906720534267 ], [ 7.733877931077373, 48.677996632020303 ], [ 7.733873843146855, 48.678086543503106 ], [ 7.733806002604077, 48.678085161049211 ], [ 7.733801913706543, 48.678175063550746 ], [ 7.733797839181712, 48.678264974472945 ], [ 7.733729984850057, 48.678263592526676 ], [ 7.733725910191493, 48.678353503443333 ], [ 7.733723865663261, 48.678398454688484 ], [ 7.733656011156208, 48.67839707269917 ], [ 7.733651936356722, 48.678486983608657 ], [ 7.733647847155711, 48.678576886091001 ], [ 7.733580005967501, 48.67857550350567 ], [ 7.733575917465969, 48.678665414958175 ], [ 7.73357387279319, 48.678710366195347 ], [ 7.733506031429617, 48.678708983566992 ], [ 7.733501942787122, 48.678798895012314 ], [ 7.733497867684242, 48.678888805902645 ], [ 7.733430012531606, 48.678887423781845 ], [ 7.733425937294981, 48.678977334666612 ], [ 7.733421847656736, 48.679067237124194 ], [ 7.733353992269011, 48.679065854959205 ], [ 7.733349916884269, 48.679155765835191 ], [ 7.733345827931063, 48.679245677259694 ], [ 7.733277985862346, 48.679244294498744 ], [ 7.733275940904067, 48.67928924572076 ], [ 7.733269820394968, 48.679424107805936 ], [ 7.733201964537049, 48.679422725552513 ], [ 7.733197875301906, 48.679512636962677 ], [ 7.733195843816538, 48.679557587626938 ], [ 7.733127987783216, 48.679556205330478 ], [ 7.73312391196132, 48.679646116181715 ], [ 7.733121866851285, 48.679691067394145 ], [ 7.733054010642561, 48.679689685054633 ], [ 7.733049934679726, 48.679779595898715 ], [ 7.733047889499213, 48.679824547107543 ], [ 7.732980033115082, 48.679823164724986 ], [ 7.73297595701131, 48.679913075561878 ], [ 7.732973911760313, 48.679958026767117 ], [ 7.732906055200777, 48.679956644341523 ], [ 7.732901978956066, 48.680046555171252 ], [ 7.732899933634586, 48.680091506372889 ], [ 7.732832076899641, 48.680090123904243 ], [ 7.732828000513989, 48.68018003472681 ], [ 7.732825955122027, 48.680224985924859 ], [ 7.732758111766048, 48.680223602861489 ], [ 7.732754021685079, 48.680313514228551 ], [ 7.732751976222635, 48.680358465423012 ], [ 7.732684132691282, 48.680357082316597 ], [ 7.732680042469335, 48.680446993676483 ], [ 7.732677996936404, 48.680491944867356 ], [ 7.732610153229677, 48.680490561717896 ], [ 7.732606062866747, 48.680580473070599 ], [ 7.732538219044324, 48.680579089879267 ], [ 7.732534128547616, 48.680669001226406 ], [ 7.73253208287732, 48.680713952410898 ], [ 7.732464238879523, 48.680712569176535 ], [ 7.732460148241831, 48.680802480516491 ], [ 7.732458102501048, 48.680847431697401 ], [ 7.732390258327873, 48.680846048419987 ], [ 7.732388212523807, 48.680890999598908 ], [ 7.732384121737927, 48.680980910930067 ], [ 7.732316277389376, 48.680979527609608 ], [ 7.732314231514822, 48.681024478784956 ], [ 7.732310140587953, 48.681114390108917 ], [ 7.732242296064027, 48.681113006745427 ], [ 7.732238205003374, 48.681202918063818 ], [ 7.732236159051127, 48.681247869233964 ], [ 7.732168314351823, 48.68124648582743 ], [ 7.732164223150182, 48.681336397138637 ], [ 7.732162190682133, 48.68138134775355 ], [ 7.732094332252761, 48.681379964855594 ], [ 7.732092286166739, 48.681424916020156 ], [ 7.732090240910129, 48.681469876159625 ], [ 7.732022395919752, 48.681468492668174 ], [ 7.732020349766839, 48.681513443829949 ], [ 7.73201830444333, 48.681558403966626 ], [ 7.731950459337257, 48.681557020433317 ], [ 7.731948413117458, 48.681601971592293 ], [ 7.731942288824222, 48.681736833488543 ], [ 7.731874429928299, 48.681735450462604 ], [ 7.731872383634403, 48.681780401617182 ], [ 7.731868305423609, 48.68187031234806 ], [ 7.73180044635227, 48.681868929279091 ], [ 7.73179839998788, 48.681913880430066 ], [ 7.731796354452863, 48.681958840555964 ], [ 7.731728508820644, 48.681957456893535 ], [ 7.731724415954488, 48.682047359189134 ], [ 7.731722383903845, 48.682092318759871 ], [ 7.731654524541366, 48.682090935605956 ], [ 7.731652478039597, 48.682135886750558 ], [ 7.731648399413111, 48.682225797461506 ], [ 7.731580539875208, 48.682224414264546 ], [ 7.731578493302945, 48.68226936540556 ], [ 7.731574414535494, 48.682359276109317 ], [ 7.731506554822172, 48.682357892869312 ], [ 7.731502461533047, 48.682447795143332 ], [ 7.731500429270996, 48.682492754703304 ], [ 7.731432569382253, 48.682491371420241 ], [ 7.731428489507152, 48.682581273135533 ], [ 7.731426443619615, 48.682626233243468 ], [ 7.731358583555451, 48.68262484991736 ], [ 7.731356536771697, 48.682669801047574 ], [ 7.731354503539392, 48.682714751625461 ], [ 7.73128664335951, 48.682713368257474 ], [ 7.731282550487508, 48.682803279487239 ], [ 7.731280517184741, 48.682848230061552 ], [ 7.731212656829435, 48.682846846650499 ], [ 7.731208577371539, 48.682936757321578 ], [ 7.731206530443198, 48.682981708443798 ], [ 7.731138669912467, 48.6829803249897 ], [ 7.7311345903136, 48.683070235653602 ], [ 7.73113254331476, 48.68311518677222 ], [ 7.731064682608606, 48.68311380327507 ], [ 7.731062636379325, 48.683158763367445 ], [ 7.731060602868762, 48.683203713931782 ], [ 7.73099274204688, 48.683202330392746 ], [ 7.730988648618051, 48.683292241595375 ], [ 7.730986615037025, 48.683337192156124 ], [ 7.730918754039716, 48.683335808574043 ], [ 7.73091467402512, 48.683425719218 ], [ 7.730912626818385, 48.683470670326628 ], [ 7.730844765645648, 48.683469286701495 ], [ 7.730840685490075, 48.683559197338269 ], [ 7.730838638212837, 48.683604148443301 ], [ 7.730770776864675, 48.68360276477511 ], [ 7.730766696568122, 48.683692675404693 ], [ 7.730698835104231, 48.683691291694629 ], [ 7.730694741118554, 48.683781202870065 ], [ 7.730692707259258, 48.683826153417279 ], [ 7.730624845619938, 48.683824769664156 ], [ 7.730620765048618, 48.683914680280964 ], [ 7.730618717563479, 48.683959631376027 ], [ 7.73055085574873, 48.683958247579852 ], [ 7.730546775036428, 48.684048158189484 ], [ 7.730544727480782, 48.684093109280937 ], [ 7.730476865490603, 48.684091725441696 ], [ 7.730472784637318, 48.684181636044137 ], [ 7.730470737011166, 48.684226587131988 ], [ 7.730402874845558, 48.68422520324971 ], [ 7.730400827156097, 48.684270154335579 ], [ 7.730398793851283, 48.684315113844946 ], [ 7.730330931569941, 48.684313729920788 ], [ 7.730326836053619, 48.684403632086138 ], [ 7.730324802678327, 48.684448591591924 ], [ 7.730256940221552, 48.684447207624693 ], [ 7.730252858119765, 48.684537109231471 ], [ 7.730250811118439, 48.684582069285035 ], [ 7.730182948486231, 48.684580685274774 ], [ 7.730178866243466, 48.68467058687434 ], [ 7.730176819171622, 48.684715546924316 ], [ 7.73010895636398, 48.684714162870975 ], [ 7.730106908396103, 48.684759113943272 ], [ 7.730104873980236, 48.684804064463371 ], [ 7.730037011056867, 48.684802680368144 ], [ 7.730032915816407, 48.684892591482047 ], [ 7.730030881330068, 48.684937541998544 ], [ 7.729963018231267, 48.684936157860271 ], [ 7.729958922849774, 48.685026068966962 ], [ 7.729956888292962, 48.685071019479871 ], [ 7.729889025018723, 48.685069635298539 ], [ 7.729884929496202, 48.685159546398033 ], [ 7.729882894868913, 48.685204496907353 ], [ 7.729815031419237, 48.685203112682956 ], [ 7.729812984005602, 48.685248072717378 ], [ 7.729810949311434, 48.685293023223906 ], [ 7.729743085746025, 48.685291638957629 ], [ 7.72973898994865, 48.685381550044333 ], [ 7.729736955184007, 48.685426500547287 ], [ 7.729669091443158, 48.685425116237958 ], [ 7.729664995504749, 48.68551502731745 ], [ 7.729662960669629, 48.685559977816794 ], [ 7.729595096753341, 48.685558593464407 ], [ 7.729593048299101, 48.685603544513107 ], [ 7.729588965768297, 48.68569345503245 ], [ 7.729521101676571, 48.685692070637018 ], [ 7.729517005456085, 48.6857819817021 ], [ 7.729514970480012, 48.685826932194253 ], [ 7.729447106212843, 48.685825547755769 ], [ 7.729445057617573, 48.68587049879725 ], [ 7.72944300985132, 48.685915458813646 ], [ 7.729375159024339, 48.685914073781966 ], [ 7.729371061696374, 48.686003975858519 ], [ 7.729303210753691, 48.68600259078498 ], [ 7.729297065388209, 48.686137452865964 ], [ 7.729295017480903, 48.686182412875141 ], [ 7.729227166303109, 48.686181027757364 ], [ 7.729223068693079, 48.686270929819521 ], [ 7.729221034271275, 48.686315889273835 ], [ 7.729153169362046, 48.686314504664288 ], [ 7.729151120488316, 48.686359455692163 ], [ 7.729149071610983, 48.686404406719227 ], [ 7.72908122014208, 48.686403021516526 ], [ 7.729079172034011, 48.686447981517333 ], [ 7.729075074141913, 48.686537883565059 ], [ 7.729007222497601, 48.686536498319313 ], [ 7.729003125304238, 48.68662640933718 ], [ 7.729001076285868, 48.686671360357032 ], [ 7.728933224466147, 48.686669975068227 ], [ 7.728929127131737, 48.686759886078896 ], [ 7.728927078042847, 48.686804837095153 ], [ 7.728859226047716, 48.686803451763303 ], [ 7.728857177728059, 48.686848411753289 ], [ 7.728789312120726, 48.686847026931957 ], [ 7.728785227242303, 48.686936928404485 ], [ 7.728781129625791, 48.687026839400737 ], [ 7.728713277339534, 48.687025453983956 ], [ 7.728711228049907, 48.687070404991822 ], [ 7.728709179589183, 48.687115364974609 ], [ 7.728641313630962, 48.68711398006716 ], [ 7.728637228470525, 48.687203881525278 ], [ 7.728635179939267, 48.687248841504449 ], [ 7.728567327361881, 48.687247456002751 ], [ 7.728563228504152, 48.687337358004868 ], [ 7.728561179902361, 48.687382317980436 ], [ 7.728493327149559, 48.687380932435673 ], [ 7.728489370349402, 48.68746781945206 ], [ 7.728546375106207, 48.687462717718518 ], [ 7.728557557896569, 48.687461956704873 ], [ 7.728577462049607, 48.687460597822628 ], [ 7.728773046586422, 48.687442013920595 ], [ 7.728971527057428, 48.687424284960045 ], [ 7.728991869855827, 48.687422520757409 ], [ 7.729103217591486, 48.687412082637401 ], [ 7.729125381560362, 48.687410001095607 ], [ 7.729171409391439, 48.68740612024645 ], [ 7.729171922624904, 48.687394783347628 ], [ 7.729239788970849, 48.687396167945664 ], [ 7.729245921082905, 48.687261306484146 ], [ 7.729313787253399, 48.68726269103913 ], [ 7.729317870394388, 48.687172780583587 ], [ 7.729385736449142, 48.687174165096692 ], [ 7.729391868148942, 48.687039303615975 ], [ 7.729459734028247, 48.687040688086014 ], [ 7.72946586551652, 48.686905826594518 ], [ 7.729533731220374, 48.686907211021506 ], [ 7.729537828334347, 48.686817308970376 ], [ 7.729605680366312, 48.686818693906773 ], [ 7.729611824998466, 48.686683831844775 ], [ 7.729679676855021, 48.686685216738127 ], [ 7.729685821275617, 48.686550354665293 ], [ 7.729753672956761, 48.686551739515615 ], [ 7.729759817165803, 48.686416877431981 ], [ 7.729827668671533, 48.686418262239243 ], [ 7.729831764395897, 48.686328351185175 ], [ 7.729899615785913, 48.686329735950565 ], [ 7.729905759582668, 48.686194873847747 ], [ 7.729973610797274, 48.686196258570078 ], [ 7.729979754382478, 48.686061396456431 ], [ 7.730047605421676, 48.686062781135725 ], [ 7.730053748795332, 48.685927919011277 ], [ 7.730121599659125, 48.685929303647512 ], [ 7.730125694826557, 48.685839392566251 ], [ 7.730193545574635, 48.685840777160614 ], [ 7.73019968853602, 48.685705915016982 ], [ 7.73026753910869, 48.685707299568293 ], [ 7.730273681858531, 48.685572437413853 ], [ 7.730341532255799, 48.685573821922127 ], [ 7.730347674794098, 48.685438959756887 ], [ 7.73041552501596, 48.685440344222101 ], [ 7.730419620459265, 48.685350442089351 ], [ 7.730487470565428, 48.685351826512701 ], [ 7.730493612691468, 48.685216964328276 ], [ 7.730561462622229, 48.685218348708574 ], [ 7.730567604536736, 48.685083486513335 ], [ 7.730635454292092, 48.685084870850595 ], [ 7.730641595995067, 48.684950008644556 ], [ 7.730709445575022, 48.684951392938771 ], [ 7.730713539628648, 48.684861481803111 ], [ 7.730781389092893, 48.684862866055447 ], [ 7.730787530383625, 48.68472800383023 ], [ 7.730855379672471, 48.684729388039528 ], [ 7.730861520751675, 48.684594525803512 ], [ 7.730929369865122, 48.684595909969758 ], [ 7.730935510732801, 48.684461047722941 ], [ 7.731003359670848, 48.684462431846136 ], [ 7.731007453167599, 48.684372520683297 ], [ 7.731075315545434, 48.684373904213125 ], [ 7.731081442445389, 48.684239042498639 ], [ 7.731149291092329, 48.684240426536924 ], [ 7.731155431336262, 48.684105564260136 ], [ 7.731223279807807, 48.684106948255376 ], [ 7.731229419840224, 48.683972085967781 ], [ 7.731297268136374, 48.683973469919984 ], [ 7.731301361076275, 48.68388355872996 ], [ 7.731369223645008, 48.683884951064478 ], [ 7.731375348876918, 48.683750080333539 ], [ 7.731443196881966, 48.683751464200817 ], [ 7.731449336290657, 48.683616601883273 ], [ 7.731517184120312, 48.683617985707514 ], [ 7.731523323317496, 48.683483123379169 ], [ 7.731591170971756, 48.683484507160351 ], [ 7.731595264187785, 48.683394604918895 ], [ 7.731663125281581, 48.683395988106646 ], [ 7.731669250511334, 48.683261126310711 ], [ 7.731737097874512, 48.683262510006983 ], [ 7.731743236447992, 48.68312764764871 ], [ 7.731811083635778, 48.683129031301938 ], [ 7.731817221997757, 48.682994168932851 ], [ 7.731885069010152, 48.682995552543041 ], [ 7.731889160836412, 48.68290564129871 ], [ 7.731957021288196, 48.682907024315433 ], [ 7.731963145682897, 48.682772162478798 ], [ 7.732030992404199, 48.682773546004078 ], [ 7.7320371301425, 48.682638683605049 ], [ 7.732104976688414, 48.682640067087284 ], [ 7.732111114215224, 48.682505204677476 ], [ 7.732178960585752, 48.682506588116667 ], [ 7.732183051855215, 48.682416676845179 ], [ 7.732250911665005, 48.682418059690868 ], [ 7.732257035224677, 48.68228319781354 ], [ 7.732324881304121, 48.682284581167814 ], [ 7.732331018207269, 48.682149718728077 ], [ 7.732398864111326, 48.68215110203932 ], [ 7.732405000802991, 48.682016239588791 ], [ 7.732472846531663, 48.682017622856996 ], [ 7.732478983011846, 48.681882760395673 ], [ 7.732546828565136, 48.681884143620834 ], [ 7.732550919136838, 48.681794232315021 ], [ 7.732618764574426, 48.681795615498302 ], [ 7.732624900642459, 48.681660753017852 ], [ 7.732692745904662, 48.681662136158103 ], [ 7.73269888176122, 48.681527273666873 ], [ 7.732766726848044, 48.68152865676408 ], [ 7.732772862493126, 48.681393794262057 ], [ 7.732840707404569, 48.68139517731624 ], [ 7.732844798252675, 48.681305274958987 ], [ 7.732912643048429, 48.681306657971291 ], [ 7.732918778281374, 48.68117179545014 ], [ 7.732986622901749, 48.681173178419385 ], [ 7.732992757923228, 48.681038315887477 ], [ 7.733060602368225, 48.681039698813684 ], [ 7.733066737178234, 48.680904836270976 ], [ 7.733134581447854, 48.680906219154174 ], [ 7.733138670906091, 48.680816307794089 ], [ 7.733206515060014, 48.680817690635401 ], [ 7.733212649457902, 48.680682828073564 ], [ 7.733280493436449, 48.680684210871831 ], [ 7.733286627622875, 48.68054934829923 ], [ 7.733354471426046, 48.680550731054467 ], [ 7.73335856046855, 48.680460819674451 ], [ 7.733426404156028, 48.680462202387808 ], [ 7.733432524375948, 48.680327340347858 ], [ 7.733500381442445, 48.680328722466413 ], [ 7.733506501450947, 48.680193860415685 ], [ 7.733574358342034, 48.68019524249118 ], [ 7.73357844696882, 48.680105331091255 ], [ 7.733646290189853, 48.680106713676665 ], [ 7.733652423340613, 48.679971851055051 ], [ 7.733720266386271, 48.679973233597437 ], [ 7.733724355571599, 48.679883331160447 ], [ 7.733792198501576, 48.679884713660961 ], [ 7.733798331240243, 48.679749851020219 ], [ 7.733866173994849, 48.679751233477688 ], [ 7.733870262072165, 48.679661322052262 ], [ 7.733938104711078, 48.679662704467866 ], [ 7.733944237037656, 48.679527841808017 ], [ 7.7340120795012, 48.679529224180591 ], [ 7.734016167303784, 48.679439312742403 ], [ 7.734084009651636, 48.679440695073104 ], [ 7.734090141566132, 48.679305832394142 ], [ 7.734157983738617, 48.679307214681813 ], [ 7.734162071266476, 48.679217303230885 ], [ 7.734229914156621, 48.679218694452395 ], [ 7.734236044825691, 48.679083822778608 ], [ 7.734303886707114, 48.679085204981369 ], [ 7.734310017998107, 48.678950342272522 ], [ 7.734377859704163, 48.678951724432252 ], [ 7.734383977229741, 48.67881686226454 ], [ 7.734451832314416, 48.67881824382934 ], [ 7.734457949628601, 48.678683381650849 ], [ 7.734525804537872, 48.678684763172633 ], [ 7.734531921640667, 48.678549900983406 ], [ 7.73459977637454, 48.678551282462124 ], [ 7.734607937018324, 48.678371469001803 ], [ 7.734675777963248, 48.678372850988232 ], [ 7.734681908186348, 48.67823798822316 ], [ 7.734749748955909, 48.678239370166558 ], [ 7.734755878967587, 48.678104507390728 ], [ 7.734823719561787, 48.678105889291096 ], [ 7.734831878512238, 48.677926066808823 ], [ 7.734899732425136, 48.677927448113053 ], [ 7.734905848449479, 48.677792585865227 ], [ 7.734973702186981, 48.677793967126426 ], [ 7.734981861392796, 48.677614153587974 ], [ 7.735049714895218, 48.677615534804943 ], [ 7.735055830486029, 48.677480672533214 ], [ 7.735057873804816, 48.677435721248941 ], [ 7.735125713518548, 48.677437102973684 ], [ 7.735129799192494, 48.677347191424673 ], [ 7.735131842440817, 48.677302240136811 ], [ 7.735199681979192, 48.677303621818517 ], [ 7.735207839477295, 48.677123799254922 ], [ 7.735275692334153, 48.677125180340454 ], [ 7.735283850369538, 48.676945366735019 ], [ 7.73535168943785, 48.676946748328348 ], [ 7.735359846343565, 48.676766925729645 ], [ 7.735427698730264, 48.676768306726771 ], [ 7.735435856173292, 48.676588493086236 ], [ 7.735503708324925, 48.676589874039138 ], [ 7.735511865471752, 48.676410060381087 ], [ 7.735579703834982, 48.676411441841793 ], [ 7.735589902652519, 48.676186667875498 ], [ 7.735657754274317, 48.67618804873883 ], [ 7.735665909980884, 48.676008226066763 ], [ 7.73573374781438, 48.676009607437933 ], [ 7.735743946707063, 48.675784842399452 ], [ 7.73581179779904, 48.675786223173219 ], [ 7.735819952898894, 48.675606400462847 ], [ 7.735887803755793, 48.675607781192419 ], [ 7.735895959393046, 48.675427967440214 ], [ 7.735963796461816, 48.675429348677646 ], [ 7.735971950969349, 48.675249525932216 ], [ 7.736039801356112, 48.675250906573375 ], [ 7.736049998749978, 48.675026141443219 ], [ 7.736117835289052, 48.67502752259108 ], [ 7.736128031461178, 48.674802748459271 ], [ 7.736195881258459, 48.674804129009701 ], [ 7.736206077042398, 48.674579354851964 ], [ 7.736273912992096, 48.674580735909117 ], [ 7.736284108387919, 48.674355961725468 ], [ 7.736351944042938, 48.674357342737252 ], [ 7.736362139884293, 48.6741325775034 ], [ 7.736429988797362, 48.674133957917725 ], [ 7.736438002149743, 48.67395727695888 ], [ 7.736499675236379, 48.673910394759531 ], [ 7.736508018482573, 48.673910564603318 ], [ 7.736508324809392, 48.673903819589896 ], [ 7.73706896, 48.67347764 ], [ 7.737126861378118, 48.673383207548106 ], [ 7.737210902036144, 48.673384917437843 ], [ 7.737212942460021, 48.673339957070027 ], [ 7.738434096492138, 48.673364793977974 ], [ 7.738501930888479, 48.673366173737442 ], [ 7.738499891598549, 48.673411134127406 ], [ 7.738771270116781, 48.673416651117485 ], [ 7.738839104591123, 48.673418030680452 ], [ 7.738906952621633, 48.673419409651487 ], [ 7.738974787103309, 48.673420789135385 ], [ 7.738972747393468, 48.673465740557006 ], [ 7.739311960812668, 48.673472635732026 ], [ 7.739379808928508, 48.673474014427441 ], [ 7.739377769573103, 48.673518965855244 ], [ 7.739513452382602, 48.673521723682214 ], [ 7.739581300569109, 48.673523102260148 ], [ 7.739579262223328, 48.673568062666334 ], [ 7.739782779878823, 48.673572199271391 ], [ 7.739850628139672, 48.673573577692331 ], [ 7.739848589194781, 48.673618529126685 ], [ 7.740052120625788, 48.673622664708276 ], [ 7.740119955408421, 48.673624043524747 ], [ 7.740117930251176, 48.673668994410406 ], [ 7.740253613499311, 48.673671751374521 ], [ 7.7403214483526, 48.67367313007356 ], [ 7.74031941065256, 48.673718090490148 ], [ 7.74052294251856, 48.673722225248369 ], [ 7.740590790164354, 48.673723594262157 ], [ 7.740588752699469, 48.673768554682603 ], [ 7.740927968348521, 48.673775445147832 ], [ 7.740995803357773, 48.673776823453849 ], [ 7.740993765412938, 48.673821774904781 ], [ 7.74119729774683, 48.673825908483806 ], [ 7.741265146382975, 48.673827286080169 ], [ 7.741263108673249, 48.673872237534972 ], [ 7.741398792523286, 48.673874993164084 ], [ 7.741466641230094, 48.673876370642994 ], [ 7.741464604530335, 48.673921331076151 ], [ 7.741532439747885, 48.673922709069373 ], [ 7.741668123746576, 48.673925464384524 ], [ 7.741735972527716, 48.673926841706432 ], [ 7.741733935228514, 48.673971793167759 ], [ 7.742208836558867, 48.673981434980277 ], [ 7.742276685428966, 48.673982811987003 ], [ 7.742274648603556, 48.674027763456841 ], [ 7.742817385962987, 48.674038780307704 ], [ 7.743020919309468, 48.674042910697949 ], [ 7.743495821544212, 48.674052547259933 ], [ 7.74356365699088, 48.674053924069447 ], [ 7.74403855943047, 48.674063558417259 ], [ 7.744040594704418, 48.67401860691718 ], [ 7.74437979809248, 48.674025478900575 ], [ 7.74471901595955, 48.674032358318144 ], [ 7.744721050633206, 48.673987406805651 ], [ 7.74506026829332, 48.673994285228908 ], [ 7.745535170460485, 48.674003913471445 ], [ 7.745537190026661, 48.673958953521733 ], [ 7.74560503895658, 48.673960328588556 ], [ 7.745936610126406, 48.673967048060646 ], [ 7.745912679083043, 48.673921570699143 ], [ 7.745873294856133, 48.673846721689067 ], [ 7.745829138941218, 48.673739893654066 ], [ 7.745810373733107, 48.673694520748406 ], [ 7.745617213471881, 48.67369060255627 ], [ 7.745615193986782, 48.673735562511986 ], [ 7.745479510279901, 48.673732811797201 ], [ 7.744868927003616, 48.673720431900144 ], [ 7.744866892470787, 48.673765383419784 ], [ 7.744188460335489, 48.6737516244566 ], [ 7.744186439589917, 48.673796584386452 ], [ 7.743915058467921, 48.673791080021253 ], [ 7.742829588775353, 48.673769054022308 ], [ 7.742761740174387, 48.673767677337736 ], [ 7.742490372912226, 48.673762169098325 ], [ 7.742492409537125, 48.673717217620187 ], [ 7.742424561014132, 48.673715840739064 ], [ 7.741949662113278, 48.673706199805608 ], [ 7.741951699211966, 48.673661248335982 ], [ 7.741883864330462, 48.673659870586917 ], [ 7.741612484183446, 48.673654360853568 ], [ 7.741614520742343, 48.673609400413262 ], [ 7.741546685938816, 48.67360802246769 ], [ 7.741478837586427, 48.673606645035306 ], [ 7.741411002790225, 48.673605267010679 ], [ 7.741413026806587, 48.67356031610143 ], [ 7.741345192073711, 48.673558938038433 ], [ 7.74127734379198, 48.673557560488575 ], [ 7.741209509066425, 48.673556182346502 ], [ 7.74114166079202, 48.673554804717561 ], [ 7.741143698595998, 48.673509853259482 ], [ 7.741075850384925, 48.673508475592151 ], [ 7.741008015730021, 48.673507097332646 ], [ 7.74087233287869, 48.673504341247657 ], [ 7.740804484682268, 48.673502963422187 ], [ 7.740806521946596, 48.673458002993442 ], [ 7.740738673813523, 48.673456625129567 ], [ 7.740602991110853, 48.67345386873059 ], [ 7.740605029385023, 48.67340891728022 ], [ 7.740537181322612, 48.6734075392989 ], [ 7.740401498761254, 48.67340478266501 ], [ 7.74040353721085, 48.673359831217333 ], [ 7.740335702771572, 48.673358452565957 ], [ 7.74006432439367, 48.673352939222823 ], [ 7.740066362303746, 48.673307978804473 ], [ 7.739998527942457, 48.673306599956604 ], [ 7.73986284567841, 48.673303842694793 ], [ 7.739864871045733, 48.673258891807329 ], [ 7.739797036755098, 48.673257512842014 ], [ 7.739729188915675, 48.673256134389675 ], [ 7.739661354632368, 48.673254755345297 ], [ 7.739593506800275, 48.673253376813882 ], [ 7.739595545955144, 48.673208425377759 ], [ 7.739527698186387, 48.673207046807953 ], [ 7.739324182006984, 48.67320290975637 ], [ 7.739256334252884, 48.673201531028404 ], [ 7.739258372868375, 48.673156570621614 ], [ 7.739190525177628, 48.673155191855258 ], [ 7.739122691042974, 48.673153812496935 ], [ 7.739054843359551, 48.673152433651524 ], [ 7.738987009232227, 48.673151054214131 ], [ 7.738989035364523, 48.673106103339293 ], [ 7.738921201300525, 48.673104723863545 ], [ 7.738717672025685, 48.673100586303846 ], [ 7.738649837976345, 48.673099206669953 ], [ 7.738514156336251, 48.673096447835931 ], [ 7.738516182882649, 48.673051496968412 ], [ 7.738448348903972, 48.67305011721708 ], [ 7.738109138408344, 48.673043219524416 ], [ 7.738041304451659, 48.673041839535891 ], [ 7.737973456946235, 48.673040460060129 ], [ 7.737975496684898, 48.67299549967305 ], [ 7.737907649242826, 48.672994120158911 ], [ 7.737500605324581, 48.672985840586882 ], [ 7.737502646311246, 48.672940889182883 ], [ 7.737434798954516, 48.67293950939311 ], [ 7.737399357553527, 48.672938788385508 ], [ 7.73876501, 48.67071152 ], [ 7.73993198, 48.6564728 ], [ 7.73706333, 48.64945004 ], [ 7.7330291, 48.64039774 ], [ 7.72998188, 48.63527758 ], [ 7.72997646, 48.63528849 ], [ 7.72970432, 48.63500908 ], [ 7.7295125, 48.63479378 ], [ 7.72936071, 48.63459854 ], [ 7.72930546, 48.63453011 ], [ 7.7291641, 48.63436044 ], [ 7.72913883, 48.63432399 ], [ 7.72896866, 48.63407134 ], [ 7.72890398, 48.63398589 ], [ 7.72887766, 48.63394665 ], [ 7.72886007, 48.63392074 ], [ 7.72878113, 48.63380626 ], [ 7.72871613, 48.63368905 ], [ 7.7287007, 48.63366182 ], [ 7.72858467, 48.63345958 ], [ 7.72849946, 48.63332301 ], [ 7.72846786, 48.63327579 ], [ 7.72843715, 48.6332106 ], [ 7.72831666, 48.63295022 ], [ 7.72822987, 48.63278294 ], [ 7.72819491, 48.63272202 ], [ 7.72818303, 48.6326914 ], [ 7.72814235, 48.63256025 ], [ 7.72810785, 48.63244959 ], [ 7.72807084, 48.63227469 ], [ 7.72806683, 48.63225638 ], [ 7.72801725, 48.63203357 ], [ 7.72801443, 48.6320213 ], [ 7.72796499, 48.63180587 ], [ 7.72792819, 48.6316405 ], [ 7.72790714, 48.63151209 ], [ 7.7278892, 48.63133919 ], [ 7.72787182, 48.63117133 ], [ 7.72786489, 48.63100206 ], [ 7.72786467, 48.63099739 ], [ 7.72785443, 48.63076349 ], [ 7.7278465, 48.63065655 ], [ 7.72783992, 48.63059288 ], [ 7.72784493, 48.6305271 ], [ 7.72784496, 48.63052583 ], [ 7.72786196, 48.63029935 ], [ 7.72787487, 48.63012841 ], [ 7.72789845, 48.62995642 ], [ 7.72791463, 48.62983831 ], [ 7.7279623, 48.6296558 ], [ 7.72821605, 48.62885742 ], [ 7.72847368, 48.6281091 ], [ 7.72880095, 48.62737235 ], [ 7.7288632, 48.62721527 ], [ 7.72937616, 48.62573714 ], [ 7.72945863, 48.62554142 ], [ 7.72946888, 48.62551679 ], [ 7.72961034, 48.62516872 ], [ 7.72966141, 48.62502861 ], [ 7.72972648, 48.62482577 ], [ 7.72981142, 48.62460706 ], [ 7.72981921, 48.62458681 ], [ 7.72993637, 48.6242749 ], [ 7.72997978, 48.62414603 ], [ 7.73005028, 48.62390952 ], [ 7.73008584, 48.62377238 ], [ 7.73009077, 48.6237495 ], [ 7.73012816, 48.62361985 ], [ 7.73018655, 48.62343322 ], [ 7.73027176, 48.6231814 ], [ 7.73037015, 48.62263569 ], [ 7.73035023, 48.62258312 ], [ 7.73041101, 48.62244814 ], [ 7.73043363, 48.62205046 ], [ 7.73044656, 48.62183418 ], [ 7.73044878, 48.62178546 ], [ 7.73046586, 48.62126062 ], [ 7.73046631, 48.62124731 ], [ 7.73046654, 48.62123355 ], [ 7.73047096, 48.62098173 ], [ 7.73048168, 48.62060308 ], [ 7.73051435, 48.61945668 ], [ 7.730545, 48.61885895 ], [ 7.73054685, 48.61881202 ], [ 7.73054702, 48.61880527 ], [ 7.73057934, 48.61728423 ], [ 7.73063643, 48.61562791 ], [ 7.73063695, 48.61561109 ], [ 7.73063752, 48.61556145 ], [ 7.73063684, 48.61531651 ], [ 7.73063806, 48.61524106 ], [ 7.73065311, 48.61489519 ], [ 7.73065428, 48.61486219 ], [ 7.73065449, 48.61484897 ], [ 7.73065985, 48.61454599 ], [ 7.73067538, 48.61424798 ], [ 7.73068085, 48.61417708 ], [ 7.73069585, 48.61407443 ], [ 7.73071195, 48.61391396 ], [ 7.73072988, 48.61359141 ], [ 7.73075397, 48.61328217 ], [ 7.73079387, 48.61296221 ], [ 7.73080264, 48.61287604 ], [ 7.73088141, 48.61184421 ], [ 7.73089197, 48.61174475 ], [ 7.73089623, 48.61169901 ], [ 7.73101386, 48.61024215 ], [ 7.7311931, 48.60860264 ], [ 7.73119456, 48.60858934 ], [ 7.73122421, 48.6082985 ], [ 7.73126574, 48.60802543 ], [ 7.73127036, 48.60799283 ], [ 7.73130383, 48.60774214 ], [ 7.73132125, 48.60765419 ], [ 7.73135312, 48.60753805 ], [ 7.73135682, 48.60752451 ], [ 7.73140387, 48.60734783 ], [ 7.73143084, 48.607249 ], [ 7.73145605, 48.6071802 ], [ 7.73146301, 48.60715716 ], [ 7.73148222, 48.60712697 ], [ 7.73152079, 48.60702962 ], [ 7.73158225, 48.60688071 ], [ 7.73162329, 48.6067877 ], [ 7.73165749, 48.60672179 ], [ 7.73173075, 48.60659712 ], [ 7.73175953, 48.6065468 ], [ 7.731761104297212, 48.606543952661276 ], [ 7.733046248008769, 48.606570187028588 ], [ 7.733113993639409, 48.606571569961851 ], [ 7.733111964978487, 48.606616521839406 ], [ 7.735754265476723, 48.606670407679523 ], [ 7.735822011313359, 48.606671789034657 ], [ 7.735819971494482, 48.606716741509899 ], [ 7.735887730929144, 48.606718122274664 ], [ 7.73588569199866, 48.606763083726257 ], [ 7.735881625996902, 48.60685298812318 ], [ 7.735813866383675, 48.606851607354933 ], [ 7.735807762073109, 48.606986482169042 ], [ 7.735740015819884, 48.606985100805758 ], [ 7.735733910466121, 48.607119966633576 ], [ 7.73566616403802, 48.607118585227319 ], [ 7.735660058473514, 48.607253451044791 ], [ 7.735795551690453, 48.607256213824819 ], [ 7.735797590719865, 48.607211252382776 ], [ 7.735865337274308, 48.607212633712408 ], [ 7.73586941686827, 48.6071227287756 ], [ 7.735937163307353, 48.607124110063417 ], [ 7.735941241935476, 48.607034196145293 ], [ 7.736008988259191, 48.607035577391279 ], [ 7.736011027092113, 48.606990615941932 ], [ 7.73607877335997, 48.606991997147304 ], [ 7.736082839026117, 48.606902092747966 ], [ 7.736150598713516, 48.606903473359417 ], [ 7.736154663413815, 48.606813559978768 ], [ 7.736222409450949, 48.606814941100517 ], [ 7.736226487552775, 48.606725027162391 ], [ 7.73629423347454, 48.606726408242316 ], [ 7.73630237586231, 48.606546580904364 ], [ 7.736234617476316, 48.606545209357137 ], [ 7.735963621243211, 48.606539685213292 ], [ 7.735961581554106, 48.606584637693146 ], [ 7.732574030760642, 48.606515554624714 ], [ 7.732576059058624, 48.60647059377893 ], [ 7.731810307250953, 48.606454962174332 ], [ 7.73183452, 48.60641117 ], [ 7.73187701, 48.60634039 ], [ 7.7319226, 48.60627532 ], [ 7.7320014, 48.60617087 ], [ 7.73209394, 48.60605342 ], [ 7.73216371, 48.60597008 ], [ 7.73226651, 48.60585806 ], [ 7.73237862, 48.60573688 ], [ 7.73246091, 48.60565368 ], [ 7.7325634, 48.60555856 ], [ 7.73268336, 48.60544987 ], [ 7.73270286, 48.60543048 ], [ 7.73275997, 48.60538389 ], [ 7.73289323, 48.60527498 ], [ 7.73298822, 48.60520299 ], [ 7.73312726, 48.60510468 ], [ 7.73323031, 48.60503187 ], [ 7.73333042, 48.60496983 ], [ 7.73352524, 48.60485045 ], [ 7.73355001, 48.60483516 ], [ 7.73364399, 48.60477656 ], [ 7.73373764, 48.60472677 ], [ 7.73376314, 48.60471302 ], [ 7.73396827, 48.60460202 ], [ 7.7343079, 48.60442281 ], [ 7.73473545, 48.60420209 ], [ 7.73505891, 48.60404275 ], [ 7.73524864, 48.60394364 ], [ 7.73531273, 48.60390801 ], [ 7.73615989, 48.60348519 ], [ 7.73698101, 48.60307818 ], [ 7.73789142, 48.6026387 ], [ 7.73794363, 48.60261318 ], [ 7.738319672347267, 48.602425522439745 ], [ 7.738316620771633, 48.602492870208465 ], [ 7.738248880404292, 48.602491490304956 ], [ 7.738246842885721, 48.602536442890163 ], [ 7.73824278220439, 48.602626356481892 ], [ 7.7381750416622, 48.602624976535431 ], [ 7.738173004906198, 48.602669938093136 ], [ 7.738105250774392, 48.602668558658344 ], [ 7.738099165708332, 48.602803424266853 ], [ 7.738031411401645, 48.602802044789094 ], [ 7.738025312591111, 48.602936910939611 ], [ 7.737957571643364, 48.602935530866567 ], [ 7.737951472622151, 48.603070397006775 ], [ 7.737945373568764, 48.603205263140133 ], [ 7.737877618733751, 48.603203883572945 ], [ 7.737875595227071, 48.603248844563801 ], [ 7.737871533003584, 48.603338749143681 ], [ 7.737803777993685, 48.603337369533506 ], [ 7.737801740882841, 48.603382331073227 ], [ 7.737797679351636, 48.603472244622168 ], [ 7.737729937700808, 48.603470864416728 ], [ 7.737727899686982, 48.603515816977058 ], [ 7.73772179999076, 48.60365068307717 ], [ 7.737654058105579, 48.603649302827606 ], [ 7.737647958198667, 48.603784168917386 ], [ 7.737639820983182, 48.603963996527838 ], [ 7.73757207868511, 48.603962616230653 ], [ 7.737570040512903, 48.604007568780311 ], [ 7.737565978524592, 48.604097482301 ], [ 7.73749822251752, 48.604096102513104 ], [ 7.737494160395886, 48.604186016028436 ], [ 7.737483997845822, 48.60441079559159 ], [ 7.737416241425779, 48.604409415756066 ], [ 7.737414216632992, 48.604454367743529 ], [ 7.737410140800903, 48.604544281796613 ], [ 7.737342397740227, 48.604542901365882 ], [ 7.737338335309075, 48.604632814861347 ], [ 7.737334258496639, 48.604722719930081 ], [ 7.737266515201596, 48.604721339455217 ], [ 7.737264477563174, 48.604766300963192 ], [ 7.73726041497725, 48.604856214448745 ], [ 7.737192671507328, 48.604854833930908 ], [ 7.737188594421065, 48.604944738987363 ], [ 7.737186570239602, 48.604989699938173 ], [ 7.737118813060437, 48.604988319929589 ], [ 7.737116787983237, 48.605033271902549 ], [ 7.737049030748213, 48.605031891853308 ], [ 7.737038866073131, 48.605256671309334 ], [ 7.737106610071299, 48.605258051916593 ], [ 7.73710050852845, 48.605392917899835 ], [ 7.737168266243294, 48.605394297918885 ], [ 7.737170291289535, 48.605349345950856 ], [ 7.73723804894852, 48.605350725929263 ], [ 7.737242111613068, 48.605260812460457 ], [ 7.73737761316947, 48.605263572846383 ], [ 7.737379651560923, 48.605218620320365 ], [ 7.737650640112387, 48.605224132190045 ], [ 7.737652678262228, 48.605179179658627 ], [ 7.737788179624453, 48.605181939566059 ], [ 7.737786141593631, 48.605226892099829 ], [ 7.738124888593519, 48.605233791459447 ], [ 7.7381269263268, 48.605188838919844 ], [ 7.73805916885836, 48.605187459459451 ], [ 7.737855923543837, 48.605183319736703 ], [ 7.737857960678793, 48.605138358225076 ], [ 7.737790204117278, 48.605136987583805 ], [ 7.737722460261053, 48.605135607374848 ], [ 7.737724497511467, 48.605090645864777 ], [ 7.737656740184013, 48.605089266169784 ], [ 7.737588996394618, 48.605087885883016 ], [ 7.737591021058834, 48.605042933902723 ], [ 7.737523277332601, 48.605041553577635 ], [ 7.737525315587144, 48.604996601045478 ], [ 7.737457558389691, 48.60499522123434 ], [ 7.737461634174339, 48.604905307194144 ], [ 7.737393877099585, 48.604903927345845 ], [ 7.737397952988943, 48.604814013304939 ], [ 7.737465696410317, 48.604815393703156 ], [ 7.73746975863201, 48.604725480209119 ], [ 7.737473835206409, 48.604635575135738 ], [ 7.737541578393419, 48.604636955489823 ], [ 7.737543615783021, 48.604591993974893 ], [ 7.737549716061527, 48.604457127929649 ], [ 7.73761745901416, 48.604458508239624 ], [ 7.737619497162656, 48.604413555696404 ], [ 7.737621520940625, 48.604368594728783 ], [ 7.737689277312115, 48.604369974444673 ], [ 7.737693339105252, 48.604280060928453 ], [ 7.737695377179925, 48.604235108381033 ], [ 7.737763119842339, 48.604236488606226 ], [ 7.737769219499455, 48.604101622532269 ], [ 7.737773281130701, 48.604011709004617 ], [ 7.737841037033356, 48.604013088632236 ], [ 7.737855259396992, 48.603698395465194 ], [ 7.737861358746885, 48.603563529360393 ], [ 7.737929114058027, 48.603564908936889 ], [ 7.737931138362922, 48.603519956926121 ], [ 7.737933175365469, 48.603474995386364 ], [ 7.738000917027256, 48.603476375473349 ], [ 7.738004992568133, 48.603386470341064 ], [ 7.738007015966477, 48.603341509350173 ], [ 7.738074770987349, 48.60334288884188 ], [ 7.738078832021023, 48.603252975279098 ], [ 7.738082893873206, 48.603163070689213 ], [ 7.738150648659675, 48.603164450136781 ], [ 7.738152671921158, 48.603119489139772 ], [ 7.73815674716676, 48.603029583990683 ], [ 7.738224487411676, 48.603030954971679 ], [ 7.738226524969602, 48.602986002394829 ], [ 7.738230585708083, 48.60289608881525 ], [ 7.738298326610943, 48.602897468729218 ], [ 7.738302401582749, 48.602807563567872 ], [ 7.738306462173634, 48.602717649979887 ], [ 7.738374202842145, 48.602719029849737 ], [ 7.738376239423191, 48.602674068289311 ], [ 7.738380300706469, 48.602584163670393 ], [ 7.738448054733861, 48.602585542944908 ], [ 7.738450077710929, 48.602540581933397 ], [ 7.738452115050994, 48.602495629344695 ], [ 7.738519855429304, 48.60249700912977 ], [ 7.73852392914683, 48.602407094971824 ], [ 7.738525952882979, 48.602362142932073 ], [ 7.738593706620114, 48.602363522121792 ], [ 7.7385971598491, 48.602287047004808 ], [ 7.73885371, 48.60215902 ], [ 7.73912852, 48.60202494 ], [ 7.74038884, 48.60142061 ], [ 7.74053291, 48.60134851 ], [ 7.74147767, 48.6008518 ], [ 7.74224333, 48.60032389 ], [ 7.74254706, 48.60004674 ], [ 7.74274606, 48.5998477 ], [ 7.74282875, 48.59975218 ], [ 7.742866979420449, 48.599705601131696 ], [ 7.74291766250954, 48.599706631000117 ], [ 7.742915629206205, 48.599751583711843 ], [ 7.742983366069739, 48.599752960897213 ], [ 7.742981346355267, 48.599797913056435 ], [ 7.743049083281942, 48.599799290203485 ], [ 7.743047064457018, 48.599844251339036 ], [ 7.743045031261965, 48.599889204050804 ], [ 7.743112768311285, 48.599890581160686 ], [ 7.743110749538753, 48.599935542295881 ], [ 7.743178485817592, 48.599936910391534 ], [ 7.743176453568021, 48.599981872080022 ], [ 7.743174434014246, 48.600026824238952 ], [ 7.743242171249351, 48.600028201273361 ], [ 7.743240139052148, 48.6000731629615 ], [ 7.743307889049766, 48.600074530428756 ], [ 7.743305856908504, 48.600119492117315 ], [ 7.743303837463049, 48.600164444276267 ], [ 7.743371574883943, 48.600165821235187 ], [ 7.743369542795048, 48.600210782923405 ], [ 7.743437292978462, 48.600212150315159 ], [ 7.743435260945514, 48.600257112003753 ], [ 7.7435029984927, 48.600258488886055 ], [ 7.743500979215063, 48.600303441046208 ], [ 7.74349894723448, 48.600348402734461 ], [ 7.743566698437398, 48.600349779026637 ], [ 7.743564665679056, 48.600394731739385 ], [ 7.743632403412028, 48.600396108546221 ], [ 7.743630384242714, 48.600441060706395 ], [ 7.74362835237045, 48.600486022394691 ], [ 7.743696103759188, 48.600487398611385 ], [ 7.743694071109135, 48.600532351324176 ], [ 7.743761809027893, 48.600533728055524 ], [ 7.743759789966905, 48.600578680215754 ], [ 7.743827527948804, 48.600580056908768 ], [ 7.743825496244361, 48.600625018598279 ], [ 7.743893246988799, 48.600626385724084 ], [ 7.743891215340303, 48.600671347414007 ], [ 7.74388918285446, 48.600716300127253 ], [ 7.743956934555325, 48.600717676191813 ], [ 7.743954902959201, 48.60076263788136 ], [ 7.744022653889441, 48.600764004931698 ], [ 7.744020622349256, 48.600808966621656 ], [ 7.744088360643242, 48.600810343162571 ], [ 7.744086341858403, 48.600855295324017 ], [ 7.744154080215526, 48.600856671826612 ], [ 7.744152048787225, 48.600901633517381 ], [ 7.744219799906893, 48.600903000452725 ], [ 7.744217768534539, 48.600947962143913 ], [ 7.744215749858029, 48.600992914305387 ], [ 7.744283488400939, 48.600994290732494 ], [ 7.74428145708096, 48.601039252423313 ], [ 7.744349208386429, 48.601040619283182 ], [ 7.744347177122394, 48.601085580974399 ], [ 7.744414929324871, 48.601086956771823 ], [ 7.744412897282916, 48.601131909487556 ], [ 7.744410866071255, 48.601176871178424 ], [ 7.744478617562524, 48.60117823796277 ], [ 7.744476586406811, 48.601223199654051 ], [ 7.744544325261809, 48.601224575929059 ], [ 7.744542306861455, 48.601269528091755 ], [ 7.744610045779592, 48.601270904328445 ], [ 7.744608027435185, 48.601315856491553 ], [ 7.744675766416471, 48.601317232689908 ], [ 7.744673735428584, 48.601362194382389 ], [ 7.744671717136564, 48.601407146545121 ], [ 7.744739456240496, 48.601408522706329 ], [ 7.744737425304986, 48.601453484398462 ], [ 7.744805177171495, 48.60145485099234 ], [ 7.744803146291935, 48.601499812684871 ], [ 7.744870899055537, 48.601501188216325 ], [ 7.744868867397971, 48.601546140933372 ], [ 7.74486481843949, 48.601636054787946 ], [ 7.744932557851862, 48.601637430836504 ], [ 7.744928508998143, 48.601727344690374 ], [ 7.744996248533169, 48.601728720701779 ], [ 7.744994230510205, 48.601773672864226 ], [ 7.745061970108369, 48.601775048837304 ], [ 7.745057921471318, 48.601864962691245 ], [ 7.745125661192136, 48.601866338627161 ], [ 7.74512362974403, 48.60191129134278 ], [ 7.745191383061469, 48.601912666687248 ], [ 7.745189351669299, 48.601957619403258 ], [ 7.745257105049892, 48.601958994709385 ], [ 7.745255074547694, 48.602003956401717 ], [ 7.745322813623904, 48.602005323246779 ], [ 7.745320796711157, 48.602050284386323 ], [ 7.745318765427292, 48.602095237102404 ], [ 7.745386505460188, 48.602096612886207 ], [ 7.745384488599844, 48.602141574025389 ], [ 7.745452227861827, 48.602142940794977 ], [ 7.745450211057445, 48.60218790193457 ], [ 7.745448179881885, 48.60223285465068 ], [ 7.745515920100576, 48.602234230358988 ], [ 7.745513903348598, 48.602279191498219 ], [ 7.745511872225406, 48.602324144213966 ], [ 7.74557961256675, 48.602325519885127 ], [ 7.745577595033083, 48.602370472048101 ], [ 7.745645335437566, 48.602371847680942 ], [ 7.745643318793958, 48.602416808820195 ], [ 7.745641287779073, 48.602461761535999 ], [ 7.745709028306211, 48.602463137131672 ], [ 7.745707010880886, 48.602508089294666 ], [ 7.74570498075249, 48.60255305098601 ], [ 7.745772721402282, 48.602554426544515 ], [ 7.74577070402935, 48.60259937870714 ], [ 7.745838444742289, 48.602600754227339 ], [ 7.745834397405241, 48.602690668081749 ], [ 7.74590213824083, 48.602692043564787 ], [ 7.745898090174409, 48.602781948442576 ], [ 7.745965831132639, 48.602783323888445 ], [ 7.745963814754613, 48.602828285026625 ], [ 7.745961784005147, 48.602873237741406 ], [ 7.746029538619762, 48.602874612596871 ], [ 7.746027507926234, 48.602919565312057 ], [ 7.746095249070267, 48.602920940682438 ], [ 7.746091202159455, 48.603010854535469 ], [ 7.746158943426144, 48.603012229868696 ], [ 7.746156926374691, 48.60305718203066 ], [ 7.74615489662011, 48.603102143721017 ], [ 7.746222651543239, 48.603103518463797 ], [ 7.746220621010398, 48.603148471178677 ], [ 7.746218590473983, 48.603193423892783 ], [ 7.746286345519778, 48.603194798598409 ], [ 7.746284315873537, 48.603239760288801 ], [ 7.746282285389496, 48.603284713002552 ], [ 7.746350040557972, 48.603286087671002 ], [ 7.746348010129871, 48.603331040385171 ], [ 7.746415765361502, 48.603332415015281 ], [ 7.746411705447876, 48.603422329419516 ], [ 7.746479460802185, 48.603423704012464 ], [ 7.746477430482404, 48.603468656726662 ], [ 7.746475400993319, 48.603513618415974 ], [ 7.74654315647031, 48.603514992971753 ], [ 7.746610898417052, 48.603516368041348 ], [ 7.746606851531581, 48.603606272917283 ], [ 7.746604822150837, 48.603651234606644 ], [ 7.746672577813666, 48.603652609086915 ], [ 7.746670547654574, 48.603697561800814 ], [ 7.746668518326219, 48.6037425234898 ], [ 7.746736273277408, 48.603743888957034 ], [ 7.746734244005013, 48.603788850646431 ], [ 7.746732227428698, 48.603833802805873 ], [ 7.746799969802902, 48.603835177765141 ], [ 7.746797940582893, 48.603880139454184 ], [ 7.746795924058977, 48.603925091613249 ], [ 7.74686366655584, 48.603926466535349 ], [ 7.74686163655387, 48.603971419248161 ], [ 7.746929392647888, 48.603972793578592 ], [ 7.746927363536224, 48.604017755267677 ], [ 7.74692533358663, 48.60406270798012 ], [ 7.746993089803331, 48.604064082273389 ], [ 7.746991059909684, 48.604109034986237 ], [ 7.747058816189537, 48.604110409241166 ], [ 7.74705678718622, 48.604155370930279 ], [ 7.747054757344951, 48.604200323642786 ], [ 7.747122513747487, 48.604201697860532 ], [ 7.747120483962165, 48.604246650573437 ], [ 7.747188240427858, 48.604248024752863 ], [ 7.747184181799941, 48.604337939154547 ], [ 7.747116438749306, 48.604336564419434 ], [ 7.747110363719075, 48.6044714309715 ], [ 7.747042620493563, 48.604470056193428 ], [ 7.74704059146173, 48.604515017876466 ], [ 7.746972834646193, 48.604513643611114 ], [ 7.746905091368451, 48.604512268752913 ], [ 7.746903061379646, 48.604557221457021 ], [ 7.746767574716083, 48.604554471619856 ], [ 7.746765545439041, 48.604599433296748 ], [ 7.746630045136842, 48.604596683852691 ], [ 7.746628028437059, 48.604641635997297 ], [ 7.746899015759873, 48.604647135285433 ], [ 7.746901045755809, 48.604602182582859 ], [ 7.746968788318194, 48.604603548467487 ], [ 7.74703654525276, 48.604604922735177 ], [ 7.747172032064475, 48.604607672258773 ], [ 7.747239789009965, 48.604609046407973 ], [ 7.747237760146, 48.604654008092226 ], [ 7.747305516320226, 48.604655373227217 ], [ 7.747303487512218, 48.604700334911854 ], [ 7.747371231049843, 48.6047017095378 ], [ 7.747369214997542, 48.604746661693568 ], [ 7.747436958598317, 48.604748036281194 ], [ 7.747434942601974, 48.604792988437339 ], [ 7.747502686265888, 48.604794362986638 ], [ 7.747500657625745, 48.604839324672483 ], [ 7.747568414887053, 48.604840698630028 ], [ 7.747566385468389, 48.60488565134041 ], [ 7.747634129258608, 48.604887025813049 ], [ 7.747632113430133, 48.604931977970395 ], [ 7.747699857283501, 48.604933352404714 ], [ 7.747697842345494, 48.604978313538304 ], [ 7.747695813035159, 48.605023266248729 ], [ 7.747763557011186, 48.605024640645887 ], [ 7.747761541291076, 48.605069592803247 ], [ 7.74775951286764, 48.605114554489163 ], [ 7.747827256966332, 48.605115928849152 ], [ 7.747825241298625, 48.605160881006157 ], [ 7.74782321209305, 48.605205833715857 ], [ 7.747890969848717, 48.605207207485222 ], [ 7.747888941533636, 48.605252169171166 ], [ 7.747886912380443, 48.605297121880504 ], [ 7.747954670258798, 48.605298495612693 ], [ 7.747952641161554, 48.605343448322422 ], [ 7.748020385568706, 48.605344822569755 ], [ 7.748018370896341, 48.605389783702272 ], [ 7.748016341851478, 48.605434736411652 ], [ 7.74808409991568, 48.605436110068325 ], [ 7.748082070926767, 48.605481062778104 ], [ 7.748080042768869, 48.605526024462975 ], [ 7.748147800955758, 48.605527398082479 ], [ 7.748145772019229, 48.605572350791888 ], [ 7.748143743913728, 48.605617312476404 ], [ 7.748211501388695, 48.605618677082873 ], [ 7.748209473339158, 48.605663638767773 ], [ 7.748207444451444, 48.605708591476066 ], [ 7.748275202883696, 48.605709965021227 ], [ 7.748273174886553, 48.605754926705771 ], [ 7.748340932547345, 48.605756291236744 ], [ 7.748338904606165, 48.605801252921694 ], [ 7.748336875826786, 48.605846205630009 ], [ 7.748404634444887, 48.605847579099667 ], [ 7.748402606556105, 48.605892540784247 ], [ 7.748400591363621, 48.605937492938686 ], [ 7.748468336569901, 48.605938866924696 ], [ 7.748466307898858, 48.605983819633053 ], [ 7.74846429359344, 48.606028780762976 ], [ 7.748532038922386, 48.606030154711817 ], [ 7.748530010303728, 48.606075107419819 ], [ 7.748597769230368, 48.6060764807768 ], [ 7.74859574066766, 48.606121433485185 ], [ 7.748593726470642, 48.606166394615137 ], [ 7.748661471985402, 48.606167768488483 ], [ 7.748659443475081, 48.606212721196513 ], [ 7.748657428495786, 48.606257673350242 ], [ 7.748725174133202, 48.606259047186427 ], [ 7.748723146509977, 48.606304008869941 ], [ 7.748721131583092, 48.606348961023301 ], [ 7.748788877343174, 48.606350334822302 ], [ 7.748786862472254, 48.606395286976039 ], [ 7.748784834897874, 48.606440248658451 ], [ 7.748852580780625, 48.606441622420299 ], [ 7.748850565962114, 48.606486574573665 ], [ 7.748848537605398, 48.606531527279856 ], [ 7.748916283610806, 48.606532901004535 ], [ 7.748914269679454, 48.606577862133385 ], [ 7.748912241375125, 48.60662281483922 ], [ 7.748980001037887, 48.606624187973125 ], [ 7.748977972789511, 48.606669140679351 ], [ 7.749045718980736, 48.606670514328528 ], [ 7.749043705157786, 48.606715475457406 ], [ 7.749041676961799, 48.60676042816327 ], [ 7.749109423275693, 48.606761801775278 ], [ 7.749107408670382, 48.606806753927934 ], [ 7.749103353214402, 48.606896668314008 ], [ 7.749171113245231, 48.606898041336393 ], [ 7.749169085154021, 48.606942994041539 ], [ 7.749167071428824, 48.606987955168151 ], [ 7.749234818047567, 48.606989328706959 ], [ 7.749232790008745, 48.607034281411742 ], [ 7.749230776335973, 48.607079242537971 ], [ 7.749298522242562, 48.607080607063779 ], [ 7.74929650862577, 48.607125568190412 ], [ 7.749294480635783, 48.607170520894059 ], [ 7.749362227499855, 48.607171894358537 ], [ 7.74936021393549, 48.607216855484808 ], [ 7.749358185997894, 48.607261808188085 ], [ 7.749425932984638, 48.607263181615409 ], [ 7.749423918637847, 48.607308133765436 ], [ 7.749421891587492, 48.607353095444203 ], [ 7.749489652231778, 48.607354468280704 ], [ 7.749487624402531, 48.607399420984024 ], [ 7.749485596569715, 48.607444373686569 ], [ 7.749553357336689, 48.607445746485908 ], [ 7.749551330394705, 48.607490708164704 ], [ 7.74954930261428, 48.607535660866887 ], [ 7.749617063503948, 48.607537033629036 ], [ 7.749615035779481, 48.607581986331631 ], [ 7.749613022421282, 48.607626947455628 ], [ 7.7496807698987, 48.607628320734257 ], [ 7.749676728085953, 48.607718225584271 ], [ 7.749674701241658, 48.607763187260808 ], [ 7.749742448901263, 48.607764560503441 ], [ 7.749740434813006, 48.607809512650846 ], [ 7.749738407186205, 48.607854465351195 ], [ 7.749806168503472, 48.607855838002962 ], [ 7.749802114193141, 48.6079457523795 ], [ 7.749800100150209, 48.607990704525022 ], [ 7.74986784811466, 48.607992077694462 ], [ 7.749865821427579, 48.608037039369904 ], [ 7.749863807437062, 48.608081991515057 ], [ 7.749931555524189, 48.608083364647321 ], [ 7.749927514951414, 48.608173278467177 ], [ 7.749925487474673, 48.608218231164891 ], [ 7.749993249279086, 48.60821960370744 ], [ 7.749989195268919, 48.608309518078727 ], [ 7.749987181376141, 48.608354470221613 ], [ 7.750054929827641, 48.608355843281849 ], [ 7.750050889450305, 48.608445757097186 ], [ 7.750048862071237, 48.60849070979264 ], [ 7.75011662424009, 48.608492082263126 ], [ 7.750110556630262, 48.608626948770542 ], [ 7.750106502794101, 48.608716863132734 ], [ 7.750174265264246, 48.608718235569533 ], [ 7.750168197779626, 48.608853102068963 ], [ 7.750164157562196, 48.608943015872121 ], [ 7.750231906798341, 48.608944388828945 ], [ 7.750227866685738, 48.609034302631372 ], [ 7.750223813023586, 48.609124216984462 ], [ 7.75029157520176, 48.609125580376876 ], [ 7.750287521644414, 48.609215494729256 ], [ 7.75028146793494, 48.609350360656684 ], [ 7.750349217714026, 48.609351733544941 ], [ 7.750347191396383, 48.609396695206769 ], [ 7.750343150615742, 48.60948660002272 ], [ 7.750410900577023, 48.609487972874966 ], [ 7.750406860736259, 48.609577886666017 ], [ 7.750400793763194, 48.609712753135831 ], [ 7.750468557561208, 48.609714125400608 ], [ 7.750464504268458, 48.609804039740098 ], [ 7.750460464496991, 48.609893953522757 ], [ 7.750528215001239, 48.609895326306436 ], [ 7.750524174499521, 48.609985231112539 ], [ 7.750518108622674, 48.610120106544507 ], [ 7.750585872128664, 48.61012146976487 ], [ 7.750581819009944, 48.610211384095251 ], [ 7.750577779412611, 48.610301297868801 ], [ 7.750645530459822, 48.610302670583906 ], [ 7.750641490967326, 48.610392584356717 ], [ 7.75063745062551, 48.610482489150648 ], [ 7.750705201914438, 48.610483861830886 ], [ 7.75069913645601, 48.610618737248053 ], [ 7.750695096197691, 48.610708642036656 ], [ 7.750762861323624, 48.610710014129403 ], [ 7.750758808469521, 48.610799928446873 ], [ 7.750754769136961, 48.610889842207492 ], [ 7.750822520968875, 48.610891214819169 ], [ 7.750818480906005, 48.610981119603231 ], [ 7.750812415687431, 48.611115995002116 ], [ 7.750880180521294, 48.611117358050464 ], [ 7.750876127841233, 48.611207272358811 ], [ 7.750943893632961, 48.611208644345794 ], [ 7.750937827883082, 48.611343510764343 ], [ 7.750935802004157, 48.611388472404151 ], [ 7.751003568037668, 48.611389844356268 ], [ 7.750995475754893, 48.611569663431197 ], [ 7.751063228494211, 48.611571035902273 ], [ 7.751053124136739, 48.611795816051014 ], [ 7.75105109750608, 48.611840768709669 ], [ 7.751118864142224, 48.611842140594355 ], [ 7.751112798778767, 48.611977006991197 ], [ 7.751110773028616, 48.612021968623779 ], [ 7.751178539906554, 48.612023340473577 ], [ 7.751172474679027, 48.612158206864734 ], [ 7.751240228203084, 48.612159579232376 ], [ 7.751232150167073, 48.612339397719964 ], [ 7.751226085043474, 48.612474264098502 ], [ 7.751293838987849, 48.612475636434752 ], [ 7.751291813377163, 48.612520598062389 ], [ 7.75135958092093, 48.612521969806423 ], [ 7.751355528137418, 48.612611875110105 ], [ 7.751423295803892, 48.612613246816956 ], [ 7.751417231987356, 48.61274812216795 ], [ 7.751413192823609, 48.612838026912421 ], [ 7.751480947255108, 48.612839399139446 ], [ 7.751476909031503, 48.612929312858959 ], [ 7.751474882728551, 48.612974265506608 ], [ 7.751542650878609, 48.61297563714372 ], [ 7.751610405495964, 48.612977009295236 ], [ 7.751604341294611, 48.613111875662469 ], [ 7.751672096094186, 48.613113247777967 ], [ 7.751666032039418, 48.613248114141747 ], [ 7.751733800557626, 48.613249485667332 ], [ 7.751723698816884, 48.613474265738091 ], [ 7.751791454099962, 48.61347563778385 ], [ 7.751787416372224, 48.61356555149348 ], [ 7.751855171778001, 48.613566923502077 ], [ 7.751851134155121, 48.613656837210954 ], [ 7.751918889683595, 48.613658209182368 ], [ 7.751914851330182, 48.613748113914689 ], [ 7.751912826215267, 48.61379307553247 ], [ 7.751980595462517, 48.613794446913914 ], [ 7.751974532140819, 48.613929313260606 ], [ 7.75197250623581, 48.61397426590068 ], [ 7.752040275724858, 48.613975637247272 ], [ 7.752036224858641, 48.614065551503231 ], [ 7.752034212539116, 48.614110503588222 ], [ 7.752101968673792, 48.614111875452721 ], [ 7.752099942873603, 48.614156828092057 ], [ 7.752167712608092, 48.614158199364262 ], [ 7.752163675488223, 48.614248113064761 ], [ 7.752231431808761, 48.614249484853751 ], [ 7.752227394793757, 48.614339398553511 ], [ 7.752225369094845, 48.614384351191333 ], [ 7.752293125597614, 48.614385722944292 ], [ 7.752289088680357, 48.614475636641757 ], [ 7.752287076567041, 48.614520588724453 ], [ 7.752354833252039, 48.614521960441394 ], [ 7.752350796432561, 48.614611874136571 ], [ 7.752348770831368, 48.614656826772112 ], [ 7.752416527698593, 48.614658198453036 ], [ 7.75241249097687, 48.614748112145932 ], [ 7.752408454240948, 48.614838025835752 ], [ 7.752476211349942, 48.614839397481802 ], [ 7.752474199386851, 48.614884349561827 ], [ 7.752472173883379, 48.614929302195073 ], [ 7.752539931115064, 48.614930673803954 ], [ 7.752537920039935, 48.614975634859384 ], [ 7.752533869969775, 48.615065549100166 ], [ 7.752601640085058, 48.615066911143202 ], [ 7.752599615521948, 48.615111872751505 ], [ 7.752597603656652, 48.615156824829228 ], [ 7.752665361193274, 48.615158196364902 ], [ 7.752663336682592, 48.615203157972815 ], [ 7.752659299516397, 48.615293062680749 ], [ 7.752727057235254, 48.615294434180392 ], [ 7.752725046310397, 48.61533939523315 ], [ 7.752723021009477, 48.615384347863369 ], [ 7.752790792388009, 48.615385718771805 ], [ 7.752788767143064, 48.615430671402414 ], [ 7.752786742730133, 48.615475633008039 ], [ 7.752854514231395, 48.615477003879299 ], [ 7.752852489038869, 48.615521956509525 ], [ 7.752848453015748, 48.615611870189447 ], [ 7.752916211162253, 48.615613241578714 ], [ 7.752912174408407, 48.61570314628208 ], [ 7.752979932677606, 48.615704517634171 ], [ 7.75297792195903, 48.615749478684606 ], [ 7.753045680291406, 48.615750849998356 ], [ 7.75304365525614, 48.615795802627467 ], [ 7.753041643754394, 48.615840754701729 ], [ 7.753109402209464, 48.615842125978311 ], [ 7.753107391599348, 48.615887087028753 ], [ 7.753105366612952, 48.615932039656705 ], [ 7.753173125190732, 48.615933410896105 ], [ 7.753171113797424, 48.615978362970388 ], [ 7.753238872438372, 48.615979734171439 ], [ 7.753234837058717, 48.616069647849862 ], [ 7.753302595822372, 48.616071019013738 ], [ 7.753298560547596, 48.616160932691386 ], [ 7.753366319433959, 48.616162303818072 ], [ 7.753362283428378, 48.616252208519192 ], [ 7.753430055974628, 48.616253579054607 ], [ 7.753426007372423, 48.616343493284852 ], [ 7.753493780041404, 48.61634486378307 ], [ 7.753489731544055, 48.616434778012554 ], [ 7.75355750433577, 48.616436148473589 ], [ 7.753553455107553, 48.616526053726538 ], [ 7.753621228021986, 48.616527424150391 ], [ 7.75361920429782, 48.616572385752654 ], [ 7.753686977275446, 48.616573756138166 ], [ 7.753682928264041, 48.616663661391136 ], [ 7.75375070136439, 48.616665031739444 ], [ 7.753746653293595, 48.616754945967458 ], [ 7.753814426516676, 48.616756316278583 ], [ 7.753810392088082, 48.616846229951676 ], [ 7.753878151896559, 48.616847600779764 ], [ 7.753876127549905, 48.616892553405492 ], [ 7.753874116737061, 48.616937505476308 ], [ 7.753941876668232, 48.616938876267227 ], [ 7.753939853209808, 48.616983837868361 ], [ 7.753937842449411, 48.617028789938786 ], [ 7.754005602503295, 48.617030160692515 ], [ 7.754003591798894, 48.617075112763324 ], [ 7.754001568389358, 48.617120074363321 ], [ 7.754069328565956, 48.617121445079874 ], [ 7.754067317914004, 48.617166397150292 ], [ 7.754063270360423, 48.617256311372977 ], [ 7.754131044256712, 48.617257681499304 ], [ 7.754126996807997, 48.617347595721242 ], [ 7.754194769991172, 48.617348956834604 ], [ 7.754190736184815, 48.61743887050158 ], [ 7.754258496789073, 48.61744024110773 ], [ 7.754256472753428, 48.617485193730438 ], [ 7.754254463087603, 48.617530154773945 ], [ 7.754322223814575, 48.617531525342912 ], [ 7.754320213368885, 48.617576477411028 ], [ 7.754318190217997, 48.617621439008353 ], [ 7.754385950231794, 48.617622800564376 ], [ 7.754381916740106, 48.617712714229043 ], [ 7.7543798936381, 48.617757675825217 ], [ 7.754447668207608, 48.617759045766761 ], [ 7.754443620440228, 48.617848951007595 ], [ 7.754439587032134, 48.61793886466689 ], [ 7.75450736184348, 48.617940234573553 ], [ 7.754505338006887, 48.617985187192431 ], [ 7.754503315002656, 48.618030148786325 ], [ 7.75457108993674, 48.618031518655776 ], [ 7.754567042364858, 48.618121423892021 ], [ 7.754563009152363, 48.618211337546697 ], [ 7.754630784328281, 48.618212707381296 ], [ 7.754626737682988, 48.618302621589457 ], [ 7.754622704561201, 48.618392535240311 ], [ 7.754690466441224, 48.618393905594274 ], [ 7.754682399557293, 48.618573723915588 ], [ 7.754678352974212, 48.61866363811378 ], [ 7.754746128752926, 48.618665007880914 ], [ 7.754742094976586, 48.618754912548297 ], [ 7.754738048484161, 48.618844826742645 ], [ 7.754805824504721, 48.618846196474905 ], [ 7.754803801730718, 48.618891158059959 ], [ 7.754801778117172, 48.618936110668471 ], [ 7.754869554260473, 48.618937480363535 ], [ 7.754865521515712, 48.619027394002096 ], [ 7.754861474382833, 48.619117299216065 ], [ 7.754929250767977, 48.61911866887624 ], [ 7.754925204575971, 48.61920858306523 ], [ 7.754921171907712, 48.619298496696857 ], [ 7.754988934996731, 48.619299866876432 ], [ 7.754984901597349, 48.619389771531523 ], [ 7.754982878959353, 48.619434733110829 ], [ 7.755050655768649, 48.619436102700085 ], [ 7.755044599877978, 48.619570968931015 ], [ 7.755112363331522, 48.619572339038534 ], [ 7.755122464913815, 48.619347558615907 ], [ 7.75505468822, 48.619346189068466 ], [ 7.755056711627361, 48.619301236462228 ], [ 7.755060744057422, 48.61921132282599 ], [ 7.75499298108386, 48.619209952688216 ], [ 7.754997013618819, 48.619120039051197 ], [ 7.755001046139593, 48.619030125411108 ], [ 7.754933284243847, 48.619028764214228 ], [ 7.754937316869521, 48.618938850573372 ], [ 7.75494337296836, 48.618803984317069 ], [ 7.754875610537934, 48.618802614110699 ], [ 7.75487964324722, 48.618712700464457 ], [ 7.754885699471429, 48.618577834200089 ], [ 7.754817937342348, 48.61857646395999 ], [ 7.754819946553687, 48.618531502923808 ], [ 7.754823993713226, 48.618441597692154 ], [ 7.754756218228645, 48.618440227970297 ], [ 7.754760251119346, 48.618350314316366 ], [ 7.754762274746221, 48.618305361699008 ], [ 7.754694512981645, 48.618303991386853 ], [ 7.754700569645881, 48.618169125112118 ], [ 7.754704602613078, 48.618079211451274 ], [ 7.754636841149843, 48.618077841105418 ], [ 7.754640874221934, 48.617987927443799 ], [ 7.75464289793944, 48.617942974822597 ], [ 7.754575123120834, 48.617941604994947 ], [ 7.754579156290736, 48.617851691331026 ], [ 7.754581180057124, 48.617806738708687 ], [ 7.754513418958387, 48.61780536829076 ], [ 7.754517452226082, 48.617715454624545 ], [ 7.754519476041338, 48.617670502001047 ], [ 7.754451701587297, 48.617669132101319 ], [ 7.754455734952798, 48.617579218432802 ], [ 7.754457758816937, 48.61753426580816 ], [ 7.754389998082698, 48.617532895318178 ], [ 7.754392007629419, 48.617487934272376 ], [ 7.754394031545981, 48.617442981647365 ], [ 7.754326270934458, 48.617441611120185 ], [ 7.754328281369517, 48.617396659049774 ], [ 7.754330304502633, 48.617351697448605 ], [ 7.75426253047635, 48.617350327438459 ], [ 7.754264554501329, 48.617305374813455 ], [ 7.754266578522747, 48.617260422187677 ], [ 7.754198804619192, 48.617259052140341 ], [ 7.754200827860746, 48.617214090539186 ], [ 7.75420285193459, 48.617169137913031 ], [ 7.754135078153769, 48.617167767828505 ], [ 7.754137102283599, 48.617122815202741 ], [ 7.754141136159356, 48.617032901527331 ], [ 7.754073376098204, 48.617031530852579 ], [ 7.754077410078848, 48.616941617176401 ], [ 7.754009650140405, 48.61694024646448 ], [ 7.754013684225936, 48.616850332787529 ], [ 7.753945911708666, 48.616848971568359 ], [ 7.753949959436421, 48.616759057336495 ], [ 7.753882186206072, 48.616757687104368 ], [ 7.753886234038688, 48.616667772871736 ], [ 7.753818460931076, 48.616666402602412 ], [ 7.753822495331281, 48.616576488923187 ], [ 7.753754736719433, 48.61657512703831 ], [ 7.753756760324499, 48.616530165433716 ], [ 7.753688987402798, 48.616528795088875 ], [ 7.753693035557115, 48.616438880855519 ], [ 7.753625263593882, 48.616437519449242 ], [ 7.753629298315843, 48.616347605769271 ], [ 7.753561539176807, 48.616346234795905 ], [ 7.753565574003648, 48.616256321115166 ], [ 7.753497814987322, 48.616254950104633 ], [ 7.753501849919044, 48.616165036423119 ], [ 7.753434091861123, 48.616163674351178 ], [ 7.753438126897724, 48.616073760668918 ], [ 7.753370368126802, 48.616072389584033 ], [ 7.753374403268282, 48.615982475900999 ], [ 7.753306644620068, 48.615981104778918 ], [ 7.753308655894304, 48.615936152702339 ], [ 7.753240897309254, 48.615934781541931 ], [ 7.753242907803824, 48.615889820489947 ], [ 7.753175150117601, 48.615888458266994 ], [ 7.753177174205258, 48.615843496661313 ], [ 7.753179185587931, 48.615798544584749 ], [ 7.753111427188754, 48.61579717334881 ], [ 7.753113452164478, 48.615752220718548 ], [ 7.753117487732576, 48.615662307034 ], [ 7.753049715978598, 48.615660936316125 ], [ 7.753053765188604, 48.61557102207675 ], [ 7.752985993557359, 48.615569651321685 ], [ 7.752988018634374, 48.615524698689903 ], [ 7.752990042872216, 48.615479737081557 ], [ 7.752922271363701, 48.615478366289302 ], [ 7.752924296493134, 48.615433413657151 ], [ 7.752926308082039, 48.61538846157827 ], [ 7.752858550233205, 48.615387090194773 ], [ 7.752862586220821, 48.615297176507191 ], [ 7.752864611395558, 48.615252223873135 ], [ 7.75279685372896, 48.61525085245362 ], [ 7.752798864587179, 48.615205891398197 ], [ 7.752800889814333, 48.615160938763751 ], [ 7.752733118733533, 48.615159567861092 ], [ 7.752735144016669, 48.615114615227036 ], [ 7.752739180199827, 48.615024701534871 ], [ 7.752671422838165, 48.615023330042149 ], [ 7.752673448170158, 48.614978377406956 ], [ 7.752675459126191, 48.614933416349231 ], [ 7.752607701887234, 48.614932044819334 ], [ 7.752609713734806, 48.614887092737767 ], [ 7.752613763657428, 48.614797178488537 ], [ 7.752545993063887, 48.614795807476632 ], [ 7.752548018497165, 48.614750854839926 ], [ 7.752550043091356, 48.614705893226656 ], [ 7.752482273456048, 48.614704531153357 ], [ 7.752486323588358, 48.614614616902621 ], [ 7.752488334694664, 48.614569655842217 ], [ 7.75242057794287, 48.614568284203088 ], [ 7.752426640163598, 48.614433417864319 ], [ 7.752428652150759, 48.614388465777786 ], [ 7.752360895640723, 48.61438709410379 ], [ 7.752364932424684, 48.614297180400953 ], [ 7.75236695799742, 48.614252227759295 ], [ 7.752299188132936, 48.614250856603263 ], [ 7.752301213761642, 48.614205903961995 ], [ 7.752303238551324, 48.614160942344149 ], [ 7.75230727541884, 48.614071028635962 ], [ 7.752309301033308, 48.614026075991625 ], [ 7.75224153147018, 48.614024704801871 ], [ 7.752243557140624, 48.613979752157938 ], [ 7.752245581972054, 48.613934790537435 ], [ 7.752177812531648, 48.613933419310492 ], [ 7.752181850437239, 48.613843514575059 ], [ 7.752114094656107, 48.613842142756972 ], [ 7.752118131831118, 48.613752229044984 ], [ 7.752120157599277, 48.613707276398763 ], [ 7.752052402000368, 48.613705904544673 ], [ 7.752056439273129, 48.613615990830397 ], [ 7.751988670260413, 48.613614619493063 ], [ 7.751994733507489, 48.613479753130299 ], [ 7.751926978213501, 48.613478381203002 ], [ 7.751933041607172, 48.613343514836806 ], [ 7.751865286495403, 48.613342142873478 ], [ 7.751869324068538, 48.613252229153886 ], [ 7.751871336499269, 48.613207277057818 ], [ 7.751803581569725, 48.613205905058464 ], [ 7.751807619240625, 48.613115991336585 ], [ 7.751809645256611, 48.613071038685433 ], [ 7.751741890509286, 48.61306966665007 ], [ 7.751747940806434, 48.612934800827539 ], [ 7.751680186241329, 48.612933428756151 ], [ 7.751684224107737, 48.612843515029702 ], [ 7.751686250221428, 48.612798562376277 ], [ 7.751618495838541, 48.612797190268871 ], [ 7.751622533802689, 48.612707276540149 ], [ 7.751554766006228, 48.612705904949458 ], [ 7.751560830290208, 48.612571038565044 ], [ 7.751493076212234, 48.612569666384438 ], [ 7.751497114378997, 48.612479752652675 ], [ 7.751499140642801, 48.612434799996613 ], [ 7.751431373210839, 48.612433428333865 ], [ 7.751437437788023, 48.612298561942623 ], [ 7.751369684074478, 48.612297189689976 ], [ 7.751375748798239, 48.612162323295323 ], [ 7.751377774320908, 48.612117361660403 ], [ 7.751310007312992, 48.61211598992675 ], [ 7.751312033726903, 48.612071037268052 ], [ 7.751379787139177, 48.612072409554401 ], [ 7.751383839001995, 48.611982495256569 ], [ 7.75131607217269, 48.611981123526391 ], [ 7.751320110604276, 48.611891209781675 ], [ 7.751322137000389, 48.611846257119147 ], [ 7.751254383889379, 48.61184488479909 ], [ 7.751258422418696, 48.611754971052086 ], [ 7.751260448863651, 48.611710018388415 ], [ 7.751192682398844, 48.611708646586187 ], [ 7.751200774009974, 48.611528827506547 ], [ 7.751202786125479, 48.611483866418247 ], [ 7.751135033497937, 48.611482494028458 ], [ 7.751145137433348, 48.611257713847195 ], [ 7.751077385107069, 48.611256341423704 ], [ 7.751083450478451, 48.611121474993624 ], [ 7.751087489251248, 48.61103156122909 ], [ 7.751019738061417, 48.611030197747716 ], [ 7.751023776939057, 48.610940283982437 ], [ 7.751025802722851, 48.610895322333839 ], [ 7.75095803734424, 48.610893950394441 ], [ 7.750964102987467, 48.610759083952985 ], [ 7.750968142776708, 48.610669179156673 ], [ 7.750900391235135, 48.610667806629728 ], [ 7.75090645616844, 48.610532931204453 ], [ 7.750908482874434, 48.610487978527111 ], [ 7.750840718038899, 48.610486606519125 ], [ 7.750846783943286, 48.610351740063969 ], [ 7.750848810694565, 48.610306787384729 ], [ 7.750781046100799, 48.610305415341884 ], [ 7.750791164895529, 48.610080634542172 ], [ 7.750801270065758, 48.609855854277178 ], [ 7.750733506070961, 48.609854482206394 ], [ 7.75073553290213, 48.60980952952108 ], [ 7.750667782506012, 48.609808156858165 ], [ 7.750669795022524, 48.609763195751199 ], [ 7.750673848786096, 48.609673290379057 ], [ 7.750606085036696, 48.609671918233914 ], [ 7.75061012453452, 48.609582004438998 ], [ 7.750677888164851, 48.609583376581824 ], [ 7.750679900663627, 48.609538415471043 ], [ 7.750612150628278, 48.609537042775592 ], [ 7.750616190939868, 48.609447137951918 ], [ 7.750620243937552, 48.609357223595573 ], [ 7.750552480608516, 48.609355851419039 ], [ 7.750554507579085, 48.609310898728793 ], [ 7.750486744313214, 48.609309526513933 ], [ 7.750492811011698, 48.609174660020038 ], [ 7.750494837192483, 48.609129698352078 ], [ 7.750427087703714, 48.609128325548589 ], [ 7.750433154538065, 48.608993459049003 ], [ 7.75043719428641, 48.608903545238135 ], [ 7.750439207805147, 48.608858593096329 ], [ 7.750443261067429, 48.60876867872711 ], [ 7.750375498523206, 48.608767306447128 ], [ 7.750379552725335, 48.608677401053008 ], [ 7.750383592542969, 48.608587487233763 ], [ 7.7503158302405, 48.6085861149189 ], [ 7.750319883698156, 48.608496200545162 ], [ 7.750252121518384, 48.60849482819313 ], [ 7.750256175080845, 48.60840491381866 ], [ 7.750258188739104, 48.608359961671944 ], [ 7.75019044027669, 48.608358588730148 ], [ 7.750194480401715, 48.608268674907151 ], [ 7.750196507643947, 48.608223722205565 ], [ 7.750128745828625, 48.608222349781485 ], [ 7.750134813342457, 48.608087483253513 ], [ 7.750067065244416, 48.60808611023969 ], [ 7.750071105564885, 48.607996196412174 ], [ 7.750073132904788, 48.607951243708328 ], [ 7.750005371453905, 48.607949871212213 ], [ 7.750009425407105, 48.607859956828705 ], [ 7.749941664078919, 48.607858584295414 ], [ 7.74994571813692, 48.607768669911195 ], [ 7.749947732043077, 48.607723717759562 ], [ 7.749879984432081, 48.607722344636535 ], [ 7.749884025052804, 48.607632430803747 ], [ 7.749816277564479, 48.607631057643559 ], [ 7.749820319124946, 48.607541152785878 ], [ 7.749752571759283, 48.607539779588528 ], [ 7.749756612589647, 48.607449865754262 ], [ 7.749758640184395, 48.607404913047077 ], [ 7.74969087946603, 48.607403540367379 ], [ 7.749694920394119, 48.607313626530861 ], [ 7.749698974842836, 48.607223712137618 ], [ 7.749631214366217, 48.607222339423053 ], [ 7.749563467428076, 48.607220966115342 ], [ 7.749565495183566, 48.607176013407823 ], [ 7.749497734773748, 48.607174640615426 ], [ 7.749501776023411, 48.607084726778226 ], [ 7.749503803827736, 48.607039774069584 ], [ 7.749436057134925, 48.607038400687536 ], [ 7.749440098482285, 48.606948486848069 ], [ 7.749372338377376, 48.606947113982486 ], [ 7.74937639336432, 48.606857199588646 ], [ 7.749308634216926, 48.606855835661726 ], [ 7.749314702897059, 48.60672096013446 ], [ 7.749316730851437, 48.606676007423189 ], [ 7.749248984645649, 48.606674633931938 ], [ 7.749250999121282, 48.606629681774706 ], [ 7.749253026293241, 48.606584720087227 ], [ 7.749185266675448, 48.606583347112419 ], [ 7.749187294738169, 48.606538394401205 ], [ 7.749119548718198, 48.606537020834459 ], [ 7.749121563302209, 48.606492068677234 ], [ 7.749123590582534, 48.606447106989805 ], [ 7.749055831150593, 48.606445733939495 ], [ 7.749057859321653, 48.606400781228288 ], [ 7.7489901134875, 48.606399407586053 ], [ 7.748994155568575, 48.606309493741456 ], [ 7.748926409857091, 48.606308120062046 ], [ 7.748930452877722, 48.606218215192563 ], [ 7.748862693754313, 48.606216842029575 ], [ 7.748864721251367, 48.60617188034221 ], [ 7.74886674957959, 48.60612692762993 ], [ 7.748798990578868, 48.606125554429745 ], [ 7.74880101896304, 48.606080601717878 ], [ 7.748733273560026, 48.606079227925811 ], [ 7.748735287630899, 48.606034266792044 ], [ 7.748737316067457, 48.6059893140798 ], [ 7.74866957078711, 48.605987940250564 ], [ 7.748673613399348, 48.605898026403821 ], [ 7.748605854707167, 48.605896653090966 ], [ 7.748607883252063, 48.605851700378764 ], [ 7.748609911793392, 48.605806747665795 ], [ 7.748542153223889, 48.605805374315764 ], [ 7.748544180986501, 48.605760412627347 ], [ 7.748546209580217, 48.605715459914009 ], [ 7.748478451133398, 48.60571408652681 ], [ 7.748480479783065, 48.60566913381389 ], [ 7.748412721399408, 48.60566776038835 ], [ 7.748416777972428, 48.60557784598668 ], [ 7.74834901971146, 48.605576472523971 ], [ 7.748353076389261, 48.605486558121562 ], [ 7.748285318250981, 48.605485184621692 ], [ 7.748287347061365, 48.605440231908432 ], [ 7.748289361499194, 48.605395270772064 ], [ 7.748221617852577, 48.605393905657351 ], [ 7.748223645880735, 48.605348943967883 ], [ 7.748225661205589, 48.605303991807013 ], [ 7.748157916847017, 48.605302617679278 ], [ 7.748161960304831, 48.605212703828215 ], [ 7.748094216068921, 48.605211329663312 ], [ 7.748096231502141, 48.605166377502449 ], [ 7.748028487329379, 48.605165003299234 ], [ 7.74803051635286, 48.605120050585306 ], [ 7.748032531003917, 48.605075089448221 ], [ 7.747964786953816, 48.60507371520783 ], [ 7.747966802495404, 48.605028763047017 ], [ 7.747968830733153, 48.604983801356106 ], [ 7.747901086805715, 48.604982427078539 ], [ 7.747903102399706, 48.60493747491735 ], [ 7.747905131524393, 48.604892522201915 ], [ 7.747837387719605, 48.604891147887201 ], [ 7.747839402531471, 48.604846186749789 ], [ 7.747841431708539, 48.604801234034007 ], [ 7.747773688026412, 48.604799859682124 ], [ 7.74777570372521, 48.604754907520189 ], [ 7.747707960106231, 48.604753533129987 ], [ 7.747709975026484, 48.604708571992589 ], [ 7.747712004311878, 48.604663619276842 ], [ 7.74764426081556, 48.604662244849472 ], [ 7.747648305126003, 48.604572330995602 ], [ 7.747650334460211, 48.604527378278753 ], [ 7.747582577611912, 48.604526004368807 ], [ 7.747586622020046, 48.604436090512685 ], [ 7.747654378749309, 48.604437464420322 ], [ 7.747656394538713, 48.604392512254606 ], [ 7.747724151212097, 48.604393886121606 ], [ 7.747726179638038, 48.604348924424684 ], [ 7.747861665808485, 48.604351673144798 ], [ 7.747863694946354, 48.604306720420652 ], [ 7.747931437977535, 48.604308094720331 ], [ 7.7479334662178, 48.604263133018414 ], [ 7.748001209193107, 48.604264507277449 ], [ 7.748003238204837, 48.604219554549466 ], [ 7.748138737581434, 48.604222302393303 ], [ 7.748140752101955, 48.604177341239868 ], [ 7.748073009238381, 48.604175967062098 ], [ 7.747937510822645, 48.604173228117467 ], [ 7.747935495289032, 48.604218180291589 ], [ 7.74779999593428, 48.604215432210857 ], [ 7.747797967578545, 48.604260393911211 ], [ 7.747730224614151, 48.604259019533728 ], [ 7.747728195360826, 48.604303972256311 ], [ 7.747592695789868, 48.604301223934023 ], [ 7.74759068078254, 48.604346185075961 ], [ 7.747522924175952, 48.604344811131156 ], [ 7.747520908271086, 48.604389763295309 ], [ 7.747453151608626, 48.604388389309854 ], [ 7.747455181107105, 48.604343436593432 ], [ 7.747387424507803, 48.604342062569643 ], [ 7.747391482778644, 48.604252148160988 ], [ 7.747323726302022, 48.604250774100031 ], [ 7.747325755908826, 48.604205821383644 ], [ 7.74732778467763, 48.604160859690637 ], [ 7.747260028323693, 48.604159485592518 ], [ 7.747262057982875, 48.604114532875776 ], [ 7.747264074104458, 48.604069580711673 ], [ 7.747196331407221, 48.60406820602298 ], [ 7.747198360284373, 48.604023244330008 ], [ 7.747130604116274, 48.604021870156366 ], [ 7.747132633883778, 48.603976917439681 ], [ 7.747064891312841, 48.603975542674348 ], [ 7.747066907602282, 48.603930590511418 ], [ 7.747068936587782, 48.603885628818496 ], [ 7.747001180605521, 48.603884254569358 ], [ 7.747003210481347, 48.603839301852702 ], [ 7.747005240353602, 48.603794349135299 ], [ 7.746937484494008, 48.603792974848993 ], [ 7.746939513587857, 48.6037480131561 ], [ 7.746871771325382, 48.603746638278103 ], [ 7.746875817756153, 48.603656733397479 ], [ 7.746808062082396, 48.603655359035663 ], [ 7.746810091284587, 48.603610397342834 ], [ 7.746812121317536, 48.60356544462509 ], [ 7.74674436576646, 48.603564070226106 ], [ 7.746746395855357, 48.603519117508796 ], [ 7.746748425106365, 48.60347415581483 ], [ 7.74668066967797, 48.603472781378677 ], [ 7.746682699819239, 48.603427828660998 ], [ 7.74668471558878, 48.60338286751999 ], [ 7.746616974651209, 48.603381501469222 ], [ 7.746619004010562, 48.603336539775306 ], [ 7.746551248768003, 48.603335165263651 ], [ 7.746553279017589, 48.603290212546014 ], [ 7.746555308429325, 48.603245250851735 ], [ 7.746487554143711, 48.603243885278779 ], [ 7.746489583611403, 48.60319892358492 ], [ 7.74649161390979, 48.603153970866146 ], [ 7.746423858912577, 48.603152596280161 ], [ 7.746425888432657, 48.603107634585932 ], [ 7.746427905249644, 48.603062682420102 ], [ 7.746360163908881, 48.603061307243642 ], [ 7.746362194315586, 48.603016354524932 ], [ 7.746294439504207, 48.603014979863438 ], [ 7.746298486057959, 48.602925066003458 ], [ 7.746230744902996, 48.602923690751503 ], [ 7.746232775418013, 48.602878738032835 ], [ 7.746234791561531, 48.602833776890805 ], [ 7.746167050529219, 48.602832401601688 ], [ 7.746169081096609, 48.602787448882658 ], [ 7.746171098126735, 48.602742496716154 ], [ 7.746103357217068, 48.602741121389876 ], [ 7.746105373468954, 48.602696160247866 ], [ 7.746037632622445, 48.602694784883269 ], [ 7.746039663298143, 48.602649832164303 ], [ 7.746041680436615, 48.602604879997806 ], [ 7.745973939712746, 48.602603504596047 ], [ 7.745975969606648, 48.60255854290083 ], [ 7.745977986797514, 48.60251359073397 ], [ 7.745910246196299, 48.602512215295064 ], [ 7.745912276976742, 48.60246726257536 ], [ 7.745914293385845, 48.602422301432256 ], [ 7.74584655290728, 48.602420925956181 ], [ 7.745848570206491, 48.602375973789371 ], [ 7.745780829791072, 48.602374598274956 ], [ 7.745784877197293, 48.602284684412247 ], [ 7.745717136904527, 48.602283308860677 ], [ 7.74571915431208, 48.602238356693874 ], [ 7.745721185249636, 48.602193403973125 ], [ 7.745653445079508, 48.602192028384401 ], [ 7.745655461705351, 48.602147067241376 ], [ 7.745587721598379, 48.602145691614318 ], [ 7.745591770160136, 48.602055786726829 ], [ 7.745524030175804, 48.602054411062625 ], [ 7.745526060443514, 48.602009449366435 ], [ 7.745528078008242, 48.601964497198551 ], [ 7.745460338146561, 48.601963121497185 ], [ 7.745462355767238, 48.6019181693297 ], [ 7.745394615968697, 48.601916793590007 ], [ 7.745398664017805, 48.601826879726012 ], [ 7.745400694386715, 48.601781918028337 ], [ 7.745332955604378, 48.601780551228536 ], [ 7.745197462849086, 48.60177780011189 ], [ 7.74519947985953, 48.601732838970086 ], [ 7.74513174031358, 48.601731463077115 ], [ 7.745135789644267, 48.601641558192206 ], [ 7.745068050220953, 48.601640182262067 ], [ 7.745070067339761, 48.601595221120313 ], [ 7.745137820236962, 48.601596596496144 ], [ 7.745141868712272, 48.601506682630784 ], [ 7.745074130301467, 48.601505315680022 ], [ 7.745080209515913, 48.60137044011524 ], [ 7.745012456919925, 48.601369064705715 ], [ 7.745014488444223, 48.601324111983324 ], [ 7.744946749444713, 48.601322735982357 ], [ 7.744948767491619, 48.60127778381348 ], [ 7.744881028555251, 48.601276407774193 ], [ 7.744883045824152, 48.601231446629832 ], [ 7.744815307784877, 48.601230079528108 ], [ 7.74481733864303, 48.601185117831022 ], [ 7.744749586299659, 48.601183742268198 ], [ 7.744751618047691, 48.601138789547413 ], [ 7.744683879300754, 48.601137413393168 ], [ 7.744616127024186, 48.601136037752532 ], [ 7.744618158887645, 48.601091085033303 ], [ 7.74455040667423, 48.601089709354341 ], [ 7.744552437759731, 48.601044747659643 ], [ 7.744554469675553, 48.600999794940066 ], [ 7.744486717584808, 48.600998419223927 ], [ 7.744488749556564, 48.60095346650477 ], [ 7.744420997528972, 48.600952090750312 ], [ 7.744423028722795, 48.600907129055642 ], [ 7.744355290291591, 48.600905752709792 ], [ 7.744357308841992, 48.600860800544503 ], [ 7.744359340922043, 48.60081584782538 ], [ 7.744291602613473, 48.600814471442376 ], [ 7.744293620382418, 48.600769510300807 ], [ 7.744225882137, 48.600768133879491 ], [ 7.744227900795728, 48.600723181714216 ], [ 7.744160162613452, 48.600721805254587 ], [ 7.744162194861295, 48.600676852536679 ], [ 7.744094443208993, 48.600675476591746 ], [ 7.744096474678959, 48.600630514898342 ], [ 7.744098506979164, 48.600585562180093 ], [ 7.744030755449533, 48.600584186197985 ], [ 7.744032787805663, 48.600539233480141 ], [ 7.743965036339187, 48.600537857459713 ], [ 7.743967067917472, 48.600492895766351 ], [ 7.743899330047278, 48.600491519154616 ], [ 7.743901348982155, 48.600446566990563 ], [ 7.743903381446581, 48.600401614272755 ], [ 7.74383564369902, 48.600400237623852 ], [ 7.743837661852526, 48.600355276483533 ], [ 7.74383969436931, 48.600310323765385 ], [ 7.743771943211323, 48.6003089476323 ], [ 7.743773975784037, 48.600263994914556 ], [ 7.743706238222264, 48.600262618190165 ], [ 7.743708256484119, 48.600217657049896 ], [ 7.743640518985496, 48.600216280287192 ], [ 7.743642551670062, 48.600171327570251 ], [ 7.743574800701541, 48.600169951322187 ], [ 7.74357683344204, 48.600124998605651 ], [ 7.743509082536671, 48.600123622319273 ], [ 7.743511114499407, 48.600078660627219 ], [ 7.743513147292263, 48.600033707910342 ], [ 7.74344539650956, 48.600032331586796 ], [ 7.743447429358348, 48.59998737887031 ], [ 7.743379692171788, 48.599986001955493 ], [ 7.743381710709844, 48.599941040816454 ], [ 7.743383743610988, 48.599896088099612 ], [ 7.743315993014106, 48.599894711700571 ], [ 7.743318025971177, 48.599849758984149 ], [ 7.743250288970404, 48.599848381993858 ], [ 7.743252307616807, 48.599803420854848 ], [ 7.743184570679185, 48.599802043826237 ], [ 7.743186603748104, 48.599757091110611 ], [ 7.743188623280528, 48.599712138947147 ], [ 7.743120886465539, 48.599710761881376 ], [ 7.743122905220285, 48.599665800742407 ], [ 7.743055168468449, 48.599664423638323 ], [ 7.743057201645653, 48.599619470922761 ], [ 7.742989451424057, 48.599618094333252 ], [ 7.742991756533504, 48.599567115125822 ], [ 7.74317636, 48.59933816 ], [ 7.74332599, 48.59912725 ], [ 7.74358639, 48.59864877 ], [ 7.74394983, 48.59770872 ], [ 7.74405069, 48.5974523 ], [ 7.74414864, 48.59711929 ], [ 7.74417682, 48.59697559 ], [ 7.74469529, 48.59615569 ], [ 7.75090827, 48.59990785 ], [ 7.75344004, 48.60142962 ], [ 7.755930975771518, 48.60330004854805 ], [ 7.755639474396016, 48.603294162308863 ], [ 7.75563745213443, 48.603339115184816 ], [ 7.755992553258496, 48.603346286709176 ], [ 7.75976325, 48.60617768 ], [ 7.760866751508936, 48.606189561416706 ], [ 7.760864740053997, 48.606234400963139 ], [ 7.760932499522192, 48.606235767130627 ], [ 7.760934502871621, 48.606190805788593 ], [ 7.760879769182826, 48.606189701578188 ], [ 7.76096414, 48.60619061 ], [ 7.76127904, 48.60559646 ], [ 7.75585297, 48.60047347 ], [ 7.75593501, 48.60042092 ], [ 7.75264032, 48.59664034 ], [ 7.74731085, 48.59359499 ], [ 7.745933393824093, 48.592968258237697 ], [ 7.745937220291392, 48.592883372843659 ], [ 7.746004948139486, 48.592884748271572 ], [ 7.74601305417864, 48.592704919365822 ], [ 7.74608078179245, 48.59270629474964 ], [ 7.746084828740207, 48.592616389542471 ], [ 7.746152555404668, 48.592617755908591 ], [ 7.746154585579235, 48.592572803026087 ], [ 7.746086858140224, 48.592571427685215 ], [ 7.74608887483971, 48.592526475356372 ], [ 7.746021147463815, 48.592525099977173 ], [ 7.74601710124535, 48.59261501416097 ], [ 7.745949360223122, 48.592613639293219 ], [ 7.745941266671531, 48.59279345867121 ], [ 7.745873525414984, 48.592792083759363 ], [ 7.745866952534725, 48.592938027971861 ], [ 7.744339008010332, 48.592242825190667 ], [ 7.744339991631894, 48.592220983203767 ], [ 7.744407732090756, 48.592222359009725 ], [ 7.744411781941281, 48.59213245384538 ], [ 7.744344055132295, 48.592131077488695 ], [ 7.74427631479605, 48.592129701645575 ], [ 7.744278345766681, 48.592084739812137 ], [ 7.74421060549358, 48.592083363930691 ], [ 7.744142878755016, 48.592081987456737 ], [ 7.744144910674734, 48.592037034600807 ], [ 7.744077170468412, 48.592035658641578 ], [ 7.74407920244404, 48.591990705786046 ], [ 7.744146929060012, 48.591992082297153 ], [ 7.744153010422554, 48.591857215299697 ], [ 7.744157059858266, 48.591767301156658 ], [ 7.744292526037167, 48.591770053495814 ], [ 7.744294556979268, 48.591725091656372 ], [ 7.744430023053767, 48.591727843835315 ], [ 7.744432041176244, 48.591682891521778 ], [ 7.744567507146368, 48.591685643540515 ], [ 7.744571555839786, 48.591595729377559 ], [ 7.744639295476724, 48.591597105048855 ], [ 7.744707021586547, 48.591598481233781 ], [ 7.744709052157439, 48.591553519384348 ], [ 7.744776778211421, 48.591554895528624 ], [ 7.744844504269049, 48.591556271633422 ], [ 7.74484653555119, 48.591511318756858 ], [ 7.744914261552988, 48.59151269482102 ], [ 7.744982001089165, 48.591514070292618 ], [ 7.744984017884245, 48.591469108990168 ], [ 7.745051757364566, 48.591470484421116 ], [ 7.745119483317813, 48.591471860365736 ], [ 7.745121514354909, 48.59142690748299 ], [ 7.745189240252327, 48.591428283386975 ], [ 7.74525696531953, 48.591429650275565 ], [ 7.745258996234107, 48.591384697389763 ], [ 7.745326722079328, 48.591386073213648 ], [ 7.745394461458891, 48.591387448444884 ], [ 7.745396478720258, 48.591342496109178 ], [ 7.745464217210083, 48.591343862323868 ], [ 7.745531943006752, 48.59134523802819 ], [ 7.745533973676288, 48.591300285136221 ], [ 7.745601699417125, 48.591301660799907 ], [ 7.745669438692273, 48.591303035870908 ], [ 7.7456714548747, 48.591258074553174 ], [ 7.745739194093999, 48.591259449583546 ], [ 7.74580691978628, 48.591260825127662 ], [ 7.745808950210777, 48.591215872229554 ], [ 7.745876675847231, 48.591217247733034 ], [ 7.745944401487328, 48.591218623197058 ], [ 7.745946430955334, 48.591173661319957 ], [ 7.746014156539588, 48.591175036743344 ], [ 7.746012140661708, 48.591219998068354 ], [ 7.746350795162273, 48.591226864516585 ], [ 7.746418520827853, 48.591228239704314 ], [ 7.746689437057231, 48.59123373950721 ], [ 7.746691465870864, 48.59118877761734 ], [ 7.746826930653742, 48.59119152700297 ], [ 7.747030121090053, 48.591195651062044 ], [ 7.747038210560475, 48.591015831506304 ], [ 7.747105948661486, 48.591017196764248 ], [ 7.747109993673481, 48.590927291467516 ], [ 7.747177718962776, 48.59092866621296 ], [ 7.747179747335056, 48.590883704309718 ], [ 7.747247472568507, 48.590885079014548 ], [ 7.747249501711931, 48.590840126085283 ], [ 7.747317226889553, 48.590841500749477 ], [ 7.747319255135731, 48.590796538842405 ], [ 7.747386980257509, 48.590797913465977 ], [ 7.747522444042501, 48.590800662041296 ], [ 7.747524472940898, 48.590755709105892 ], [ 7.747659922256724, 48.590758449098523 ], [ 7.747727660867723, 48.590759822970142 ], [ 7.747729676053634, 48.590714870583952 ], [ 7.747797414608787, 48.590716244414949 ], [ 7.747865139637092, 48.590717618759911 ], [ 7.747867167396679, 48.590672656841285 ], [ 7.74793489236914, 48.590674031145632 ], [ 7.748002630875717, 48.590675404857016 ], [ 7.748004645816625, 48.590630452464723 ], [ 7.748072384267361, 48.590631826135478 ], [ 7.748140109191267, 48.590633200320255 ], [ 7.748142123175327, 48.590588238948996 ], [ 7.748209861573842, 48.590589612539645 ], [ 7.748277586445543, 48.590590986644315 ], [ 7.748279614671905, 48.590546033692398 ], [ 7.748347339487774, 48.590547407756439 ], [ 7.748415077837721, 48.590548781227497 ], [ 7.748417091576733, 48.590503819850134 ], [ 7.748484829870828, 48.590505193280549 ], [ 7.748552554638132, 48.590506567225034 ], [ 7.748554582619462, 48.59046161426695 ], [ 7.748622307330935, 48.590462988170813 ], [ 7.7486900312116, 48.590464353059311 ], [ 7.748692059070423, 48.590419400098163 ], [ 7.748759783729689, 48.590420773921942 ], [ 7.748827521922997, 48.590422147152651 ], [ 7.748829535294446, 48.590377185766123 ], [ 7.748897273431893, 48.590378558956203 ], [ 7.748964998042591, 48.590379932660397 ], [ 7.748967025656394, 48.590334979693111 ], [ 7.749034750211257, 48.590336353356683 ], [ 7.749102474769759, 48.590337726980785 ], [ 7.749104501426541, 48.590292765034533 ], [ 7.749172225929198, 48.59029413861802 ], [ 7.749239963965858, 48.590295511608403 ], [ 7.749241977804288, 48.590250559188597 ], [ 7.7493097157851, 48.590251932138365 ], [ 7.749377440239201, 48.590253305602261 ], [ 7.749379466650915, 48.59020834364987 ], [ 7.749447191049168, 48.590209717073158 ], [ 7.749650377796092, 48.590213836552543 ], [ 7.7496524039663, 48.590168874594752 ], [ 7.74972012831962, 48.590170247859014 ], [ 7.749787866206902, 48.590171620530107 ], [ 7.749789879558893, 48.59012666809884 ], [ 7.749925341695091, 48.590129413873981 ], [ 7.749927367620234, 48.59008445191008 ], [ 7.750062816121696, 48.59008719807872 ], [ 7.750064842758994, 48.590042245087623 ], [ 7.750132566955713, 48.590043618111586 ], [ 7.75020030468635, 48.59004499054236 ], [ 7.750202316836156, 48.590000029126045 ], [ 7.750270054510938, 48.590001401516162 ], [ 7.750337778659079, 48.590002774420569 ], [ 7.750339805051362, 48.589957821423333 ], [ 7.750407528308931, 48.589959185311209 ], [ 7.750475252404863, 48.58996055813553 ], [ 7.750477278674644, 48.589915605135225 ], [ 7.750545002714742, 48.589916977918904 ], [ 7.75061274028872, 48.589918350109336 ], [ 7.750614752070979, 48.589873388683863 ], [ 7.750682489589105, 48.589874760833666 ], [ 7.750750213580625, 48.589876133497789 ], [ 7.750752239605391, 48.589831180491352 ], [ 7.75081996354108, 48.589832553114832 ], [ 7.750887687480403, 48.589833925698869 ], [ 7.750889712547847, 48.589788963713467 ], [ 7.751025173848644, 48.589791708206967 ], [ 7.751092897739388, 48.589793080671434 ], [ 7.751094923459674, 48.5897481276577 ], [ 7.751162646459714, 48.589749491105643 ], [ 7.751230383828447, 48.589750862936164 ], [ 7.751232395896036, 48.589705910473207 ], [ 7.751300133208917, 48.589707282263092 ], [ 7.751367856995249, 48.58970865456736 ], [ 7.751369881635621, 48.589663692571605 ], [ 7.751505329100222, 48.589666437059442 ], [ 7.751573066368148, 48.589667808690251 ], [ 7.751575078131284, 48.589622856220053 ], [ 7.751642815343359, 48.589624227810233 ], [ 7.751710539028909, 48.589625599914854 ], [ 7.751712563364748, 48.589580637911801 ], [ 7.751780286994449, 48.5895820099758 ], [ 7.751848010627785, 48.58958338200032 ], [ 7.751850035676083, 48.58953842897008 ], [ 7.751917758418586, 48.589539791978105 ], [ 7.751985495529842, 48.589541163368594 ], [ 7.751987506925512, 48.589496210889244 ], [ 7.752055243980918, 48.589497582239105 ], [ 7.752122967509839, 48.589498954103433 ], [ 7.752124991478099, 48.589453992091187 ], [ 7.752192714951169, 48.589455363914908 ], [ 7.75232817543832, 48.589458106889936 ], [ 7.752330186529539, 48.589413154403331 ], [ 7.752397923484134, 48.589414525553494 ], [ 7.752465646912265, 48.589415897218174 ], [ 7.752467670575998, 48.589370935198637 ], [ 7.752535393948281, 48.589372306822696 ], [ 7.752603130854279, 48.589373677853274 ], [ 7.752605141700519, 48.589328725360566 ], [ 7.752672877715546, 48.589330087374627 ], [ 7.752740601039245, 48.589331458879123 ], [ 7.752742611763003, 48.58928650638336 ], [ 7.752810348560924, 48.589287877293188 ], [ 7.752878071832422, 48.589289248717613 ], [ 7.752880095128583, 48.589244286688867 ], [ 7.752947818344228, 48.589245658072656 ], [ 7.753015555093553, 48.589247028862914 ], [ 7.753017565572334, 48.589202076361062 ], [ 7.753085288735776, 48.589203447664737 ], [ 7.75315302543288, 48.589204818374888 ], [ 7.753155034953972, 48.589159856894092 ], [ 7.753222771595219, 48.589161227563615 ], [ 7.753290494710074, 48.589162598747748 ], [ 7.753292518473899, 48.589117645685675 ], [ 7.753360240697672, 48.589119007853327 ], [ 7.753427977290318, 48.589120378403244 ], [ 7.753429987401646, 48.589075425892247 ], [ 7.753497723938438, 48.589076796401535 ], [ 7.753565446948869, 48.589078167425477 ], [ 7.753567469632421, 48.589033205381419 ], [ 7.753635192587002, 48.589034576364732 ], [ 7.753702915545211, 48.589035947308588 ], [ 7.753704938941548, 48.588990994237342 ], [ 7.753772661843924, 48.58899236514057 ], [ 7.753840398279897, 48.588993735450167 ], [ 7.753842407188445, 48.588948773954151 ], [ 7.753910143568558, 48.588950144223134 ], [ 7.753908120354192, 48.588995097298586 ], [ 7.753975843267444, 48.588996468083423 ], [ 7.753977866422342, 48.588951515006784 ], [ 7.754045589279756, 48.588952885750992 ], [ 7.754113325670755, 48.588954255901534 ], [ 7.754115334337832, 48.58890929440016 ], [ 7.75418307067297, 48.588910664510074 ], [ 7.754318516294249, 48.588913405719893 ], [ 7.754320539144683, 48.588868452635971 ], [ 7.75445599735604, 48.588871184155508 ], [ 7.754458006554053, 48.588826231622768 ], [ 7.754525742788367, 48.588827601532991 ], [ 7.754527751923368, 48.58878264899834 ], [ 7.754595487266374, 48.588784009892059 ], [ 7.754597496338365, 48.588739057355525 ], [ 7.754665232460965, 48.588740427184483 ], [ 7.754667241469947, 48.58869547464603 ], [ 7.754734976701217, 48.588696835458514 ], [ 7.7548026992417, 48.588698205761631 ], [ 7.754804721658075, 48.588653252665857 ], [ 7.75487244414272, 48.58865462292836 ], [ 7.754940166630992, 48.588655993151391 ], [ 7.755143346811905, 48.588660094053552 ], [ 7.755145368927374, 48.588615140951234 ], [ 7.755213091370681, 48.588616511015239 ], [ 7.755280827347473, 48.588617880485451 ], [ 7.755282834975028, 48.588572918958562 ], [ 7.755350570895954, 48.588574288388152 ], [ 7.755418293290666, 48.588575658332594 ], [ 7.755420315161149, 48.588530705224159 ], [ 7.755555773372351, 48.588533444437992 ], [ 7.755557780754898, 48.588488482905007 ], [ 7.755693238861641, 48.588491221958634 ], [ 7.755760961155543, 48.588492591703435 ], [ 7.755762981885917, 48.588447629611878 ], [ 7.755830704123972, 48.588448999316057 ], [ 7.755898439895453, 48.588450368426365 ], [ 7.75590044780919, 48.588405415861985 ], [ 7.755968183524823, 48.588406784931678 ], [ 7.756103627071668, 48.588409515085594 ], [ 7.756105648333242, 48.588364561962585 ], [ 7.756173370470483, 48.588365931467123 ], [ 7.756175391669041, 48.588320978342239 ], [ 7.756243112914706, 48.588322338830288 ], [ 7.756245134050241, 48.588277385703485 ], [ 7.756380591634721, 48.588280123956153 ], [ 7.756448313667521, 48.588281493300499 ], [ 7.756450333785321, 48.588236531193616 ], [ 7.756585777742847, 48.588239269761608 ], [ 7.756587798573935, 48.588194316627536 ], [ 7.756723255956758, 48.588197054480858 ], [ 7.756790977052911, 48.58819841464971 ], [ 7.756792997702037, 48.588153461511411 ], [ 7.75686071957817, 48.588154830615487 ], [ 7.756928441457931, 48.588156199680114 ], [ 7.756930461148718, 48.588111237562899 ], [ 7.756998182972623, 48.588112606586883 ], [ 7.757065918329853, 48.588113975016903 ], [ 7.75706792520431, 48.588069022427007 ], [ 7.757135660505691, 48.58807039081637 ], [ 7.757203382281004, 48.588071759720812 ], [ 7.757205401726767, 48.588026797597479 ], [ 7.757340845169315, 48.588029535285649 ], [ 7.757408580425702, 48.588030903515964 ], [ 7.757410586159804, 48.587985941942996 ], [ 7.757478321360327, 48.587987310132675 ], [ 7.757546043034808, 48.587988678837469 ], [ 7.757548063012027, 48.587943725682706 ], [ 7.757615784630667, 48.587945094346885 ], [ 7.757683506252934, 48.587946462971594 ], [ 7.757685525271689, 48.58790150083793 ], [ 7.757753246838099, 48.587902869422017 ], [ 7.757820981937774, 48.587904237412005 ], [ 7.757822988140392, 48.587859284805752 ], [ 7.757890722348191, 48.587860643779273 ], [ 7.757958443865997, 48.587862012243811 ], [ 7.757960463475759, 48.587817059079875 ], [ 7.758095906403309, 48.58781979588823 ], [ 7.758163641402131, 48.587821163678548 ], [ 7.758165646464271, 48.587776202089202 ], [ 7.758301102824206, 48.587778938103781 ], [ 7.758303122129529, 48.587733984932555 ], [ 7.758370842654567, 48.587735344180992 ], [ 7.75837286189688, 48.587690391007861 ], [ 7.758508304511064, 48.587693127335697 ], [ 7.758510322794771, 48.58764816518368 ], [ 7.758578044047824, 48.587649533287241 ], [ 7.75857603935317, 48.58769449488571 ], [ 7.758643760669321, 48.587695862950952 ], [ 7.75864577883406, 48.587650900796632 ], [ 7.758713500094355, 48.587652268821238 ], [ 7.75871551903223, 48.587607315640845 ], [ 7.758850960608578, 48.58761004259356 ], [ 7.758918695349811, 48.587611409943896 ], [ 7.758920700576192, 48.587566457314033 ], [ 7.758988435261574, 48.587567824623726 ], [ 7.759123876747896, 48.587570551258402 ], [ 7.759125895321873, 48.587525598069575 ], [ 7.759193616429104, 48.587526965814476 ], [ 7.759329072183955, 48.587529700631073 ], [ 7.759331089739711, 48.587484738462216 ], [ 7.759398810798332, 48.58748610608756 ], [ 7.759400829127339, 48.587441152892609 ], [ 7.759468550130114, 48.587442520477339 ], [ 7.759536271136515, 48.587443888022598 ], [ 7.759538288506744, 48.587398925848767 ], [ 7.759606009457287, 48.587400293353411 ], [ 7.759673743940934, 48.587401660263737 ], [ 7.759675748495501, 48.587356707617531 ], [ 7.759743482086962, 48.58735806551141 ], [ 7.75981120298889, 48.587359432896498 ], [ 7.759813220950454, 48.587314479692367 ], [ 7.75988094179654, 48.587315847036834 ], [ 7.759948662646245, 48.587317214341844 ], [ 7.759950679648965, 48.587272252158847 ], [ 7.760018400442813, 48.587273619423222 ], [ 7.760086134769733, 48.587274986093263 ], [ 7.760088138956898, 48.587230033437905 ], [ 7.760155872391554, 48.587231391091485 ], [ 7.760223593136788, 48.587232758236318 ], [ 7.760225610730915, 48.587187805023021 ], [ 7.760293331420304, 48.587189172127225 ], [ 7.760428786339366, 48.587191905662323 ], [ 7.760430789385679, 48.587146944023928 ], [ 7.760498523555862, 48.587148310453657 ], [ 7.760566244200253, 48.587149677398841 ], [ 7.760568261489955, 48.587104724178296 ], [ 7.760635981242017, 48.587106082107027 ], [ 7.760703701834173, 48.587107448972134 ], [ 7.7607057190014, 48.587062495748526 ], [ 7.760773439537709, 48.587063862573011 ], [ 7.760841173607024, 48.587065228803063 ], [ 7.760843176285873, 48.587020267155538 ], [ 7.760910910299315, 48.58702163334496 ], [ 7.760978630787007, 48.587023000049896 ], [ 7.760980647709279, 48.586978046820164 ], [ 7.761048367304569, 48.586979404508661 ], [ 7.761116087740023, 48.586980771133511 ], [ 7.761118104539817, 48.586935817900716 ], [ 7.761321279218846, 48.586939916979993 ], [ 7.76145673269611, 48.58694264034132 ], [ 7.761458735665684, 48.586897687657071 ], [ 7.761526469533241, 48.58689905348777 ], [ 7.761528471603182, 48.586854091825806 ], [ 7.761596205414872, 48.586855457615869 ], [ 7.761598208258455, 48.586810504927818 ], [ 7.761665942014285, 48.586811870677266 ], [ 7.761667943958209, 48.586766909011523 ], [ 7.761735677658173, 48.586768274720335 ], [ 7.761737680375767, 48.586723322028504 ], [ 7.761940853423648, 48.586727411049033 ], [ 7.761942869488591, 48.586682457797906 ], [ 7.762078323153871, 48.586685189410773 ], [ 7.762080324730341, 48.586640227735913 ], [ 7.762283498312312, 48.586644325133292 ], [ 7.762285514072843, 48.586599371874918 ], [ 7.762353233201405, 48.586600728803184 ], [ 7.762357251063688, 48.586510822837027 ], [ 7.76242498444293, 48.586512188144219 ], [ 7.76242900133535, 48.586422273196938 ], [ 7.762158108903516, 48.586416810075185 ], [ 7.762156093874952, 48.586461772310074 ], [ 7.762020640797177, 48.586459040787645 ], [ 7.762018638338611, 48.586503993488549 ], [ 7.761883185993059, 48.586501270781746 ], [ 7.761881169882804, 48.586546224034706 ], [ 7.761813450002245, 48.586544857855507 ], [ 7.761811433828981, 48.586589811106556 ], [ 7.76167599479645, 48.586587087603256 ], [ 7.761673978500717, 48.586632040851256 ], [ 7.761606258512074, 48.586630674551351 ], [ 7.761470805853, 48.586627951364001 ], [ 7.761468789375323, 48.586672904607795 ], [ 7.761333349304406, 48.586670171729409 ], [ 7.761265615745105, 48.586668805786047 ], [ 7.761263613451357, 48.586713767446433 ], [ 7.761195879836182, 48.586712401462435 ], [ 7.760992706070946, 48.586708302163579 ], [ 7.760990703535758, 48.586753263818643 ], [ 7.760922969875569, 48.586751897675597 ], [ 7.760855249748302, 48.586750530938097 ], [ 7.760853232724799, 48.586795484169265 ], [ 7.760785512541681, 48.586794117391143 ], [ 7.760717793198687, 48.58679275954939 ], [ 7.760715776052709, 48.586837712777495 ], [ 7.76064805581736, 48.586836345919295 ], [ 7.760580322056302, 48.586834979576565 ], [ 7.760578319153649, 48.586879941222499 ], [ 7.760510585336728, 48.586878574839155 ], [ 7.760442865052762, 48.586877207861413 ], [ 7.760440847661823, 48.5869221610834 ], [ 7.760373127322016, 48.58692079406503 ], [ 7.760305406985823, 48.586919427007196 ], [ 7.760303390308843, 48.586964389201952 ], [ 7.760235669916792, 48.586963022103497 ], [ 7.760167935999005, 48.586961655520476 ], [ 7.760165932728889, 48.587006617157286 ], [ 7.760030478314569, 48.587003883315624 ], [ 7.7600284605562, 48.587048836528446 ], [ 7.759893019566811, 48.58704610197173 ], [ 7.7598252863845, 48.587044744164857 ], [ 7.759823281973583, 48.587089696818609 ], [ 7.759755547899062, 48.587088329995296 ], [ 7.759687827357566, 48.587086962577629 ], [ 7.759685810131089, 48.587131924759021 ], [ 7.759618089533735, 48.587130557300746 ], [ 7.759550368940004, 48.587129189803015 ], [ 7.759548350754736, 48.58717414300552 ], [ 7.759412895929778, 48.587171408444156 ], [ 7.759410891987732, 48.58721637006461 ], [ 7.759343157756482, 48.587215003000985 ], [ 7.759207716363728, 48.587212267645704 ], [ 7.75920569871027, 48.587257229816771 ], [ 7.759137977959849, 48.58725586207877 ], [ 7.759135959407137, 48.587300815272101 ], [ 7.759000504268769, 48.587298080230177 ], [ 7.758932783469747, 48.58729671237262 ], [ 7.758930765571277, 48.587341674537576 ], [ 7.75879532386515, 48.58733893870177 ], [ 7.758727589488041, 48.587337571279413 ], [ 7.75872558493707, 48.587382532885407 ], [ 7.758657850504099, 48.587381165422414 ], [ 7.758590129604237, 48.587379797365223 ], [ 7.758588110565139, 48.587424750547065 ], [ 7.758520389609437, 48.587423382449252 ], [ 7.758452669493465, 48.587422023287829 ], [ 7.758450650331894, 48.587466976466601 ], [ 7.758382929323959, 48.58746560828871 ], [ 7.758315194790131, 48.587464240626041 ], [ 7.758313189871681, 48.587509202222904 ], [ 7.758245455281989, 48.587507834519613 ], [ 7.758177734225444, 48.587506466222159 ], [ 7.758175714818901, 48.587551419394813 ], [ 7.75810799370652, 48.587550051056745 ], [ 7.75804027259776, 48.58754868267922 ], [ 7.758038253904775, 48.587593644824658 ], [ 7.757970532740162, 48.587592276406504 ], [ 7.757902798049619, 48.587590908503515 ], [ 7.75790079192767, 48.587635861115423 ], [ 7.757833058017275, 48.587634502147651 ], [ 7.757765336804057, 48.587633133609948 ], [ 7.757763317030062, 48.587678086773415 ], [ 7.757627874495563, 48.587675349577296 ], [ 7.757560139704172, 48.587673981474623 ], [ 7.75755813411377, 48.587718943055151 ], [ 7.757490399266514, 48.587717574911856 ], [ 7.75742267795247, 48.587716206174498 ], [ 7.757420657874037, 48.587761159330697 ], [ 7.757352937340078, 48.58775979952857 ], [ 7.75728521597381, 48.587758430711133 ], [ 7.75728319577289, 48.587803383864269 ], [ 7.757215474350781, 48.587802015006211 ], [ 7.757147739402681, 48.58780064666324 ], [ 7.75714573344479, 48.587845608234616 ], [ 7.757077998440821, 48.587844239851016 ], [ 7.757010276970108, 48.587842870873402 ], [ 7.757008256524218, 48.587887824020413 ], [ 7.756940534997665, 48.587886455002185 ], [ 7.756872814310576, 48.587885094920324 ], [ 7.7568707937422, 48.58793004806428 ], [ 7.756803072163423, 48.587928678965959 ], [ 7.75673533705861, 48.587927310382675 ], [ 7.756733330733227, 48.587972271944913 ], [ 7.756665595572554, 48.587970903321001 ], [ 7.756597873945173, 48.587969534103124 ], [ 7.75659585313182, 48.588014487240947 ], [ 7.756460409769004, 48.588011748684472 ], [ 7.756392674563355, 48.588010379901505 ], [ 7.75639066793349, 48.588055341456517 ], [ 7.756322932671977, 48.588053972632913 ], [ 7.756255210943782, 48.588052603215395 ], [ 7.756253190661718, 48.588097565321803 ], [ 7.756117733567546, 48.588094826920454 ], [ 7.756050011790752, 48.588093457383373 ], [ 7.756047990490993, 48.588138410509714 ], [ 7.755980268658358, 48.588137040932004 ], [ 7.755912546829353, 48.588135671314831 ], [ 7.755910526242783, 48.588180633413955 ], [ 7.755842804357926, 48.588179263756174 ], [ 7.755775068946962, 48.588177894613288 ], [ 7.755773060931962, 48.588222847179118 ], [ 7.75570532630079, 48.58822148697147 ], [ 7.755637604367337, 48.588220117194119 ], [ 7.755635596229865, 48.588265069756893 ], [ 7.755567860710812, 48.5882637004933 ], [ 7.755500138725148, 48.588262330635864 ], [ 7.755498117771037, 48.588307292725794 ], [ 7.755362660161861, 48.588304553444551 ], [ 7.755294938127602, 48.588303183467552 ], [ 7.755292916155921, 48.588348136577423 ], [ 7.755225194901376, 48.588346775535655 ], [ 7.755157472814894, 48.58834540547857 ], [ 7.755155450720727, 48.588390358585379 ], [ 7.755087728578404, 48.588388988487665 ], [ 7.755019992909913, 48.58838761890479 ], [ 7.755017985058576, 48.588432580430087 ], [ 7.75488252714331, 48.58842984058932 ], [ 7.75488050480415, 48.58847479368999 ], [ 7.754745060314272, 48.588472053134737 ], [ 7.754677325380415, 48.588470692328045 ], [ 7.754675316389127, 48.588515644870242 ], [ 7.754607580563947, 48.588514275047054 ], [ 7.75453985827223, 48.588512904630136 ], [ 7.754537836464057, 48.588557866699389 ], [ 7.754470114116491, 48.58855649624185 ], [ 7.754402391772551, 48.588555125744847 ], [ 7.754400369006451, 48.588600078835164 ], [ 7.754332646606677, 48.588598708297539 ], [ 7.754264910680668, 48.58859733827466 ], [ 7.754262902157332, 48.588642299783594 ], [ 7.754195166175465, 48.588640929720064 ], [ 7.754127443727096, 48.588639559062877 ], [ 7.754125420716002, 48.588684512147083 ], [ 7.754057698211801, 48.588683141449266 ], [ 7.753989976546573, 48.588681779687867 ], [ 7.75398795341299, 48.588726732768983 ], [ 7.753920230856564, 48.588725361991095 ], [ 7.753852494773875, 48.588723991727889 ], [ 7.753850485883024, 48.588768953227671 ], [ 7.753782749744468, 48.588767582923836 ], [ 7.753715027139457, 48.588766212026378 ], [ 7.75371300376088, 48.588811165101376 ], [ 7.753577558442813, 48.588808423185753 ], [ 7.753509822259297, 48.588807052722856 ], [ 7.753507813063949, 48.588852014215377 ], [ 7.753440076824577, 48.588850643711851 ], [ 7.75337235411877, 48.588849272614738 ], [ 7.753370330435731, 48.588894225682466 ], [ 7.753234885751294, 48.5888914923434 ], [ 7.753232861945758, 48.588936445408052 ], [ 7.753097402791709, 48.588933703487015 ], [ 7.753029679985111, 48.588932332190254 ], [ 7.753027656832786, 48.588977294226552 ], [ 7.75295993397034, 48.588975922889169 ], [ 7.752892197581554, 48.588974552066354 ], [ 7.752890187001531, 48.589019504569684 ], [ 7.752822450556891, 48.589018133706247 ], [ 7.752754728481007, 48.589016771225168 ], [ 7.752752704248504, 48.589061724279468 ], [ 7.752684981281637, 48.5890603527819 ], [ 7.752617258318399, 48.589058981244854 ], [ 7.752615234798513, 48.589103943271951 ], [ 7.752479775233965, 48.58910120063117 ], [ 7.752477764286486, 48.589146153125334 ], [ 7.752342304617523, 48.589143410324354 ], [ 7.752340280852585, 48.589188372345326 ], [ 7.752204834609215, 48.589185628830172 ], [ 7.752137097962942, 48.589184257567346 ], [ 7.752135086711019, 48.589229210054249 ], [ 7.752067350843912, 48.589227847726683 ], [ 7.751999627675461, 48.589226475829811 ], [ 7.751997602770992, 48.589271428867612 ], [ 7.751929879546704, 48.589270056930111 ], [ 7.751862156326051, 48.58926868495314 ], [ 7.751860132134068, 48.589313646963767 ], [ 7.751792408857568, 48.589312274946167 ], [ 7.751724672054626, 48.589310903443028 ], [ 7.751722660435237, 48.589355855920772 ], [ 7.751654923576448, 48.589354484377004 ], [ 7.751587200251381, 48.589353112239849 ], [ 7.751585175814343, 48.589398074244336 ], [ 7.751517452433429, 48.589396702066558 ], [ 7.751449729056148, 48.589395329849317 ], [ 7.751447703661679, 48.589440282874833 ], [ 7.751379980228565, 48.589438910616984 ], [ 7.751312244103855, 48.589437547849386 ], [ 7.751310232117005, 48.589482500317978 ], [ 7.75124249510155, 48.589481128533883 ], [ 7.751174771619853, 48.589479756156443 ], [ 7.751172746815245, 48.589524718151736 ], [ 7.751105023277704, 48.589523345733681 ], [ 7.751037299743799, 48.589521973276142 ], [ 7.751035273981821, 48.589566926292477 ], [ 7.750899813275825, 48.589564181810516 ], [ 7.750764352584363, 48.589561437170673 ], [ 7.750762340945887, 48.589606398603713 ], [ 7.75069460378104, 48.58960502650033 ], [ 7.750626880149992, 48.589603653803671 ], [ 7.750624854024058, 48.589648606811551 ], [ 7.750557131171936, 48.589647243050152 ], [ 7.75048940748868, 48.589645870273401 ], [ 7.750487381240246, 48.589690823278218 ], [ 7.750419657501154, 48.58968945046086 ], [ 7.750351920235508, 48.589688078157764 ], [ 7.750349908229489, 48.589733039581631 ], [ 7.750282170907984, 48.58973166723792 ], [ 7.750214447120317, 48.589730294300985 ], [ 7.750212420626871, 48.589775247299656 ], [ 7.750076972943511, 48.58977250130507 ], [ 7.750074947162239, 48.589817463276553 ], [ 7.749939485844231, 48.589814717675502 ], [ 7.749937472636011, 48.589859670114315 ], [ 7.749869735157862, 48.58985829753027 ], [ 7.749802012048225, 48.589856933328946 ], [ 7.749799985187263, 48.589901886318401 ], [ 7.749732261187148, 48.589900513100567 ], [ 7.749596799667577, 48.589897767100126 ], [ 7.749594786989492, 48.589942728507587 ], [ 7.749527049410538, 48.589941355723845 ], [ 7.749459325365493, 48.589939982346984 ], [ 7.749457298200043, 48.589984935329127 ], [ 7.749389574099162, 48.589983561911623 ], [ 7.749387547705238, 48.590028523867787 ], [ 7.749252085865134, 48.590025777465677 ], [ 7.749250072044441, 48.590070729889234 ], [ 7.749114610099931, 48.590067983326939 ], [ 7.749046885898287, 48.590066609709766 ], [ 7.749044859199817, 48.590111571658625 ], [ 7.748909397158156, 48.590108824857168 ], [ 7.748841672907944, 48.590107451120431 ], [ 7.74883964602745, 48.590152413065049 ], [ 7.748771921721393, 48.590151039287704 ], [ 7.748769893943401, 48.590195992254507 ], [ 7.748634445223263, 48.590193244579083 ], [ 7.748632418157192, 48.590238206518713 ], [ 7.748429231395467, 48.590234085259631 ], [ 7.748361506992289, 48.590232711243154 ], [ 7.748359478850334, 48.590277664201494 ], [ 7.748156292788197, 48.590273551441165 ], [ 7.748152249667137, 48.590363456795139 ], [ 7.748016787840614, 48.590360717929414 ], [ 7.748014759390601, 48.590405670879711 ], [ 7.74787929662533, 48.590402922877843 ], [ 7.747811572013358, 48.590401548540967 ], [ 7.747809557746064, 48.590446509909484 ], [ 7.747741819547831, 48.590445136085442 ], [ 7.747674094883656, 48.590443761668482 ], [ 7.747672066129143, 48.590488714611453 ], [ 7.747604341409137, 48.590487340153871 ], [ 7.747536603162337, 48.590485966210231 ], [ 7.747534588649993, 48.590530927572637 ], [ 7.74746685034734, 48.590529553588361 ], [ 7.74746483493773, 48.590574505972953 ], [ 7.747397096579231, 48.590573131948055 ], [ 7.747329371754834, 48.590571757330267 ], [ 7.747327343526464, 48.590616719241098 ], [ 7.747259618646224, 48.59061534458268 ], [ 7.747257589520609, 48.590660297515711 ], [ 7.747189864584535, 48.590658922816672 ], [ 7.747183791372579, 48.590793790030247 ], [ 7.747116066261722, 48.590792415288263 ], [ 7.747118081986462, 48.5907474629132 ], [ 7.747050356938717, 48.590746088132903 ], [ 7.747052386249881, 48.590701135204874 ], [ 7.746984647734752, 48.590699760939629 ], [ 7.746916922753761, 48.59069838608157 ], [ 7.746914893323643, 48.590743339007268 ], [ 7.746779444087753, 48.590740598146311 ], [ 7.746508516930382, 48.590735099105572 ], [ 7.746506500670367, 48.590780051470254 ], [ 7.746438762065389, 48.590778676886885 ], [ 7.746436733045868, 48.590823638778879 ], [ 7.746233544143393, 48.59081951350403 ], [ 7.746235574167369, 48.590774560769226 ], [ 7.746167849107465, 48.590773185474667 ], [ 7.746032385468069, 48.590770435320401 ], [ 7.746034401310434, 48.590725473987874 ], [ 7.745966676320942, 48.590724098576061 ], [ 7.745968706583717, 48.590679145666606 ], [ 7.745900968126836, 48.590677770769723 ], [ 7.745833243204104, 48.590676395280134 ], [ 7.74583527358226, 48.590631442372249 ], [ 7.745767535192153, 48.590630067397569 ], [ 7.745564347104656, 48.590625941130241 ], [ 7.745428883887709, 48.590623190272396 ], [ 7.745430914619162, 48.590578237370735 ], [ 7.745363189840871, 48.590576861607175 ], [ 7.745227726764736, 48.590574110514808 ], [ 7.745229744140572, 48.590529158169019 ], [ 7.745162019432684, 48.590527782288198 ], [ 7.745094294728435, 48.590526406367921 ], [ 7.745096312219665, 48.590481454023703 ], [ 7.745028587578534, 48.590480078065113 ], [ 7.744960862941046, 48.590478702067045 ], [ 7.744893124776745, 48.590477326582636 ], [ 7.744897172802068, 48.590387412369822 ], [ 7.744829448290821, 48.590386036295129 ], [ 7.744831479539714, 48.590341083400169 ], [ 7.744763741561156, 48.590339707840279 ], [ 7.744696017116667, 48.590338331687811 ], [ 7.744628292675824, 48.590336955495879 ], [ 7.744630310569158, 48.590292003156726 ], [ 7.744562586191428, 48.590290626926468 ], [ 7.74435939954969, 48.590286498551997 ], [ 7.744291661656124, 48.590285122716921 ], [ 7.744223937296619, 48.590283746289323 ], [ 7.74422596907365, 48.590238793403316 ], [ 7.744158231246857, 48.590237417490435 ], [ 7.744090506954111, 48.590236040985062 ], [ 7.744022769134604, 48.59023466499324 ], [ 7.744024800252879, 48.59018970313403 ], [ 7.743957076026904, 48.590188326550866 ], [ 7.743821614889089, 48.590185582795108 ], [ 7.743823646182244, 48.59014062093862 ], [ 7.743755908496294, 48.59013924479121 ], [ 7.743688184344373, 48.590137868051329 ], [ 7.743690203056127, 48.590092915725343 ], [ 7.743622478967321, 48.590091538947171 ], [ 7.743554754882161, 48.590090162129506 ], [ 7.743487017270274, 48.590088785825351 ], [ 7.743489049687258, 48.590043832949114 ], [ 7.743421325668859, 48.590042456053681 ], [ 7.743353588123748, 48.590041079671721 ], [ 7.743285864112644, 48.590039702697354 ], [ 7.743287883174126, 48.589994750376796 ], [ 7.743220159226136, 48.58999337336413 ], [ 7.74315243528179, 48.589991996311959 ], [ 7.743084697810744, 48.589990619773261 ], [ 7.743086729743979, 48.589945657926549 ], [ 7.743019006699853, 48.589944289772575 ], [ 7.743021025158672, 48.589899328479198 ], [ 7.742953301344218, 48.589897951310938 ], [ 7.742885564003084, 48.589896574656123 ], [ 7.742887596941059, 48.589851621787354 ], [ 7.742819873193368, 48.589850244541331 ], [ 7.742752135919011, 48.589848867808719 ], [ 7.742548951178451, 48.589844736268304 ], [ 7.742550984410217, 48.589799783404587 ], [ 7.742483247209929, 48.589798406515236 ], [ 7.742415523543594, 48.589797029033548 ], [ 7.742347799880904, 48.589795651512432 ], [ 7.742349819757222, 48.589750699204274 ], [ 7.742282096157649, 48.589749321644824 ], [ 7.742214372561725, 48.589747944045897 ], [ 7.742146635439157, 48.589746566960315 ], [ 7.742148669020622, 48.58970161410209 ], [ 7.742080931961179, 48.589700236978182 ], [ 7.741810024350743, 48.589694726429485 ], [ 7.741812057392776, 48.589649764600352 ], [ 7.741744321244279, 48.589648396256187 ], [ 7.741746354342229, 48.589603434427481 ], [ 7.741678630953911, 48.589602056516298 ], [ 7.741610894038979, 48.589600679118369 ], [ 7.741612928085514, 48.5895557262672 ], [ 7.741545191233711, 48.589554348830958 ], [ 7.741477467915806, 48.589552970802522 ], [ 7.741342007760696, 48.589550215179955 ], [ 7.741344042041553, 48.589505262332693 ], [ 7.741276305263824, 48.589503884739713 ], [ 7.741208582019985, 48.589502506554545 ], [ 7.741140858779797, 48.589501128329921 ], [ 7.741005398780127, 48.589498372314964 ], [ 7.741007433354772, 48.589453419472754 ], [ 7.740939696654769, 48.589452041683558 ], [ 7.740943765079221, 48.589362127023243 ], [ 7.740876028501838, 48.589360749196899 ], [ 7.740878063184712, 48.589315796354768 ], [ 7.740810326670462, 48.589314418490076 ], [ 7.740812360576194, 48.589269456672405 ], [ 7.740744637655268, 48.589268078216783 ], [ 7.740746658919763, 48.589223125928108 ], [ 7.740678936061954, 48.589221747434159 ], [ 7.74068299139635, 48.589131833328302 ], [ 7.740615268661137, 48.589130454797207 ], [ 7.740617290033896, 48.589085502508603 ], [ 7.7405495673618, 48.589084123939209 ], [ 7.740551602320597, 48.589039171098392 ], [ 7.740483866181489, 48.589037793043303 ], [ 7.740485900363211, 48.588992831226939 ], [ 7.740418177817358, 48.588991452580935 ], [ 7.740420199357844, 48.588946500293524 ], [ 7.740352476875112, 48.588945121609207 ], [ 7.740356532761481, 48.588855207505944 ], [ 7.740288810401343, 48.58885382878448 ], [ 7.740290832050089, 48.588808876497147 ], [ 7.740223109753071, 48.588807497737378 ], [ 7.740227165855946, 48.588717583634228 ], [ 7.740159443681522, 48.588716204837311 ], [ 7.740163500721998, 48.588626299709446 ], [ 7.740095778670158, 48.58862492087539 ], [ 7.740097799646602, 48.588579959611813 ], [ 7.740030077657889, 48.588578580739451 ], [ 7.74003211305315, 48.588533627899679 ], [ 7.739964377597557, 48.588532249541558 ], [ 7.739966413048716, 48.588487296702205 ], [ 7.739898677656252, 48.588485918305757 ], [ 7.739900712330441, 48.588440956490857 ], [ 7.739832990531092, 48.588439577503564 ], [ 7.739835012564077, 48.588394625217582 ], [ 7.73976729082784, 48.588393246191984 ], [ 7.739769326446687, 48.588348293353874 ], [ 7.739701591243618, 48.588346914842489 ], [ 7.739705648226769, 48.588257000742907 ], [ 7.739637926676245, 48.588255621641849 ], [ 7.739639962403309, 48.588210668803832 ], [ 7.739572227385987, 48.588209290216973 ], [ 7.739574262336141, 48.588164328403387 ], [ 7.739506540911863, 48.588162949225733 ], [ 7.739518713636201, 48.587893215896798 ], [ 7.739586448233504, 48.587894594514985 ], [ 7.739590505383192, 48.587804680405043 ], [ 7.739658226335375, 48.587806059533946 ], [ 7.739662296881641, 48.587716144866164 ], [ 7.739730017718535, 48.587717523953266 ], [ 7.739734075434621, 48.587627618808646 ], [ 7.739801808853161, 48.58762898832547 ], [ 7.73980586643603, 48.587539083175521 ], [ 7.739873587042365, 48.587540462179064 ], [ 7.739875621701001, 48.587495500349561 ], [ 7.739943342251508, 48.587496879312468 ], [ 7.739945377679952, 48.587451926457028 ], [ 7.73994739874226, 48.587406965177408 ], [ 7.740015132707182, 48.587408343545981 ], [ 7.740017154539322, 48.587363391240437 ], [ 7.740023246240845, 48.587228524238199 ], [ 7.740090979971511, 48.587229902562648 ], [ 7.740093000897054, 48.587184941276981 ], [ 7.74009705793286, 48.587095036102767 ], [ 7.740164791488742, 48.587096414384249 ], [ 7.740168847558446, 48.587006500228732 ], [ 7.740236567469424, 48.587007879021009 ], [ 7.740238601787798, 48.586962917176685 ], [ 7.740240636935502, 48.586917964307595 ], [ 7.740308356731195, 48.586919343058071 ], [ 7.740310390982941, 48.586874381211096 ], [ 7.740312412534482, 48.586829428891924 ], [ 7.740380145744433, 48.586830807048024 ], [ 7.740382167232953, 48.586785854726955 ], [ 7.740449900387082, 48.586787232842418 ], [ 7.740451920979632, 48.586742271543464 ], [ 7.74038420141451, 48.58674089287657 ], [ 7.740388257070322, 48.58665097870211 ], [ 7.740455990046006, 48.586652356814085 ], [ 7.740460046401544, 48.586562451610277 ], [ 7.740527765732462, 48.586563830233068 ], [ 7.740531821121866, 48.586473916047986 ], [ 7.74059955386695, 48.586475294076379 ], [ 7.740603609123139, 48.586385379885968 ], [ 7.740671328223493, 48.586386758425185 ], [ 7.740677418083824, 48.58625189134213 ], [ 7.74074515053882, 48.586253269285777 ], [ 7.740749205521467, 48.586163355083237 ], [ 7.740816924331798, 48.586164733537721 ], [ 7.740820979181255, 48.586074819329873 ], [ 7.740888711405638, 48.586076197189911 ], [ 7.740890732417385, 48.586031244848009 ], [ 7.74089480065582, 48.585941330080693 ], [ 7.740962519176125, 48.585942708450432 ], [ 7.740964552814003, 48.585897746576492 ], [ 7.741032271278486, 48.585899124905616 ], [ 7.741034305686348, 48.58585417200576 ], [ 7.741102024095023, 48.585855550294234 ], [ 7.741104057606808, 48.585810588416479 ], [ 7.741110132728332, 48.585675721836026 ], [ 7.741177864432025, 48.585677099527722 ], [ 7.741179885173883, 48.585632147174451 ], [ 7.741183952872282, 48.585542232384356 ], [ 7.74125167087201, 48.585543610585795 ], [ 7.741253705072911, 48.585498657676439 ], [ 7.741257759101772, 48.585408743432197 ], [ 7.741325476926757, 48.585410121590691 ], [ 7.741528643952763, 48.58541425527666 ], [ 7.741534730603739, 48.58527937912644 ], [ 7.741467012946206, 48.58527800108984 ], [ 7.741473100576568, 48.585143133912332 ], [ 7.741540818055715, 48.585144511945465 ], [ 7.741608535538511, 48.585145889939128 ], [ 7.741606516025689, 48.585190851283521 ], [ 7.74160246179404, 48.58528075657086 ], [ 7.741670179458869, 48.585282134528534 ], [ 7.741672213281575, 48.585237181607717 ], [ 7.742078545215432, 48.585245438436566 ], [ 7.742080565148695, 48.585200486060799 ], [ 7.742012847580902, 48.585199108342216 ], [ 7.742014881099154, 48.585154155414074 ], [ 7.741947150065387, 48.585152778209988 ], [ 7.741949182806358, 48.585107816306298 ], [ 7.741881465364792, 48.585106438511112 ], [ 7.741883485465762, 48.585061486136574 ], [ 7.741815768087302, 48.585060108303082 ], [ 7.74181778824418, 48.585015155928964 ], [ 7.741750070928823, 48.585013778057167 ], [ 7.741752103837505, 48.584968816154714 ], [ 7.741548939395797, 48.584964691834763 ], [ 7.741546905475594, 48.58500964475774 ], [ 7.741479188174829, 48.585008266728096 ], [ 7.741477154191591, 48.585053219649183 ], [ 7.741409437668098, 48.585051850554862 ], [ 7.741407403621828, 48.585096803474038 ], [ 7.741339686209435, 48.585095425363136 ], [ 7.741337652100131, 48.585140378280386 ], [ 7.741134487010418, 48.585136253236065 ], [ 7.741126364186082, 48.585316073306927 ], [ 7.741194095413974, 48.585317450989344 ], [ 7.741192061167892, 48.585362403900533 ], [ 7.741124344242708, 48.585361034640243 ], [ 7.74112230993359, 48.585405987549514 ], [ 7.741120289150067, 48.585450939905364 ], [ 7.741052557747401, 48.585449562179996 ], [ 7.741048503354592, 48.585539476415761 ], [ 7.740980785365815, 48.585538098095924 ], [ 7.740976717310602, 48.585628012879063 ], [ 7.740908999206546, 48.585626634517432 ], [ 7.740906964697612, 48.585671587418716 ], [ 7.740902910031269, 48.585761501642374 ], [ 7.740835191752473, 48.585760123237804 ], [ 7.740831136952946, 48.585850037456133 ], [ 7.740763405029591, 48.58584865956243 ], [ 7.740761384746139, 48.585893620880988 ], [ 7.740757315443993, 48.585983526669175 ], [ 7.740689596875177, 48.585982148179866 ], [ 7.740685541802109, 48.586072062386087 ], [ 7.740617809588676, 48.586070684407616 ], [ 7.740615789168474, 48.586115645720106 ], [ 7.740611719592745, 48.586205551496157 ], [ 7.740544000733906, 48.586204172922123 ], [ 7.740541980243552, 48.586249134231203 ], [ 7.740474247799505, 48.586247756169158 ], [ 7.74047222641318, 48.586292708500373 ], [ 7.740404493913309, 48.586291330397685 ], [ 7.740402473296882, 48.586336291702963 ], [ 7.740400438314555, 48.586381244584139 ], [ 7.740332705699381, 48.586379866439643 ], [ 7.740330685016353, 48.586424827742285 ], [ 7.740328649967409, 48.586469780620767 ], [ 7.740260930766374, 48.586468401881895 ], [ 7.740258895654397, 48.586513354758488 ], [ 7.740256874901215, 48.586558316057705 ], [ 7.740189142055422, 48.586556937829634 ], [ 7.740181029211516, 48.586736757191659 ], [ 7.740178994851528, 48.586781719038541 ], [ 7.740111275241531, 48.58678034021262 ], [ 7.740109239985615, 48.586825293081638 ], [ 7.740107219088554, 48.586870254373309 ], [ 7.740039485833719, 48.586868876058148 ], [ 7.740037464040754, 48.586913828371948 ], [ 7.740035428714654, 48.586958781237534 ], [ 7.73996770970696, 48.586957411304013 ], [ 7.739963638925106, 48.587047317030624 ], [ 7.739895918969267, 48.587045938079328 ], [ 7.739893884346358, 48.587090899916319 ], [ 7.739889827786602, 48.587180814059558 ], [ 7.739822107656008, 48.587179435065309 ], [ 7.739818050130215, 48.587269340227252 ], [ 7.739750316354678, 48.587267961743741 ], [ 7.739748295124624, 48.587312923022154 ], [ 7.739680561293256, 48.587311544498007 ], [ 7.739676504340994, 48.587401458626772 ], [ 7.739668376031121, 48.587581278451857 ], [ 7.739600655376278, 48.587579899328766 ], [ 7.739596598262263, 48.587669813446226 ], [ 7.739528863962365, 48.587668434833837 ], [ 7.739526841689025, 48.587713387126044 ], [ 7.739459108166079, 48.587712017448986 ], [ 7.739457085829708, 48.587756969739281 ], [ 7.739455049959973, 48.58780192258132 ], [ 7.739319594551363, 48.587799164599716 ], [ 7.739315536925871, 48.587889078700385 ], [ 7.739180094823803, 48.587886320003804 ], [ 7.739182117408728, 48.587841367720387 ], [ 7.739114396422634, 48.587839988314059 ], [ 7.739118454397825, 48.587750074218839 ], [ 7.739050733534321, 48.58774869477535 ], [ 7.739052756227494, 48.587703742491989 ], [ 7.738985035427111, 48.587702363010209 ], [ 7.738987058176194, 48.587657410727253 ], [ 7.738919337438927, 48.587656031207167 ], [ 7.738925431237343, 48.587521155300458 ], [ 7.738857711514812, 48.587519784720371 ], [ 7.738859733535902, 48.587474823460767 ], [ 7.738861769915827, 48.58742987062395 ], [ 7.738794049483201, 48.587428491030735 ], [ 7.738796071556645, 48.587383529770776 ], [ 7.738728352019798, 48.587382159115243 ], [ 7.738726315524516, 48.587427111950461 ], [ 7.7386585950992, 48.587425732278312 ], [ 7.738660618124239, 48.587380779996643 ], [ 7.738592897762035, 48.587379400286196 ], [ 7.738594933540055, 48.58733443847656 ], [ 7.738527199711285, 48.587333059280169 ], [ 7.738529236377822, 48.587288106446948 ], [ 7.738461516141864, 48.587286726659883 ], [ 7.738463539334608, 48.587241774379443 ], [ 7.73839581916177, 48.587240394554065 ], [ 7.738397841577834, 48.587195433298049 ], [ 7.738399878352576, 48.587150480464906 ], [ 7.738332158302326, 48.587149100602389 ], [ 7.738334181603316, 48.587104148322013 ], [ 7.73826646161618, 48.58710276842119 ], [ 7.738268497670139, 48.587057806612876 ], [ 7.738200764216506, 48.587056427226102 ], [ 7.738202801158921, 48.587011474394203 ], [ 7.738135067768416, 48.587010094969109 ], [ 7.738137104766722, 48.586965142137615 ], [ 7.738069384968948, 48.586963762121883 ], [ 7.73807140766102, 48.586918800867146 ], [ 7.738073444711637, 48.586873848035331 ], [ 7.738005725036452, 48.586872467982452 ], [ 7.738007748613386, 48.586827515703362 ], [ 7.737940029001311, 48.586826135612192 ], [ 7.73794205180165, 48.586781174357519 ], [ 7.737874332252706, 48.586779794228029 ], [ 7.737876369470996, 48.586734841397458 ], [ 7.737808636455621, 48.586733461781975 ], [ 7.737810673729798, 48.586688508951809 ], [ 7.737742954307085, 48.586687128745709 ], [ 7.737744977275161, 48.586642167492272 ], [ 7.737747014601649, 48.586597214661772 ], [ 7.737679281772015, 48.586595834970822 ], [ 7.737681318321947, 48.586550873164761 ], [ 7.737613599917388, 48.586549501859203 ], [ 7.737615622993723, 48.586504540605823 ], [ 7.737547903819843, 48.586503160285979 ], [ 7.737549941313995, 48.586458207456737 ], [ 7.737551964442678, 48.586413246203008 ], [ 7.737484246223798, 48.586411874822019 ], [ 7.737486269408396, 48.586366913568718 ], [ 7.737418550420217, 48.586365533173414 ], [ 7.737420588022569, 48.58632058034425 ], [ 7.737352855568063, 48.586319200462903 ], [ 7.73735489239392, 48.586274238658177 ], [ 7.737287174364357, 48.586272867162279 ], [ 7.737289197716686, 48.586227905910185 ], [ 7.737291235427243, 48.586182953081114 ], [ 7.737223516687878, 48.586181572572073 ], [ 7.73722554009255, 48.586136611319631 ], [ 7.737157821416315, 48.586135230772292 ], [ 7.737159845709257, 48.586090278496265 ], [ 7.737092127096137, 48.586088897910621 ], [ 7.737094164974345, 48.5860439450828 ], [ 7.737026432894972, 48.586042565011049 ], [ 7.737028469996745, 48.585997603207645 ], [ 7.736960751509868, 48.58599622254539 ], [ 7.736962775970498, 48.585951270270591 ], [ 7.736964813956903, 48.58590631744287 ], [ 7.736897082063265, 48.585904937295652 ], [ 7.736899119273257, 48.585859975492326 ], [ 7.73683140097208, 48.58585859475464 ], [ 7.736833425540943, 48.585813642479913 ], [ 7.73676570730288, 48.585812261703907 ], [ 7.736767745456941, 48.585767308877408 ], [ 7.73670001375269, 48.585765928615281 ], [ 7.736702051130379, 48.585720966813206 ], [ 7.736704089336745, 48.585676013986379 ], [ 7.736636357755103, 48.585674633687105 ], [ 7.736638396017361, 48.585629680860706 ], [ 7.736570664498845, 48.585628300523098 ], [ 7.73657270198475, 48.585583338721115 ], [ 7.736574740299313, 48.585538385894388 ], [ 7.736507008903404, 48.585537005519647 ], [ 7.736511071279272, 48.585447091442404 ], [ 7.736521247866317, 48.585222309895968 ], [ 7.736453516890388, 48.585220929489893 ], [ 7.736457580167396, 48.585131024380502 ], [ 7.736525311024386, 48.585132404784254 ], [ 7.736543598494579, 48.584727795564376 ], [ 7.736475881701885, 48.584726414618942 ], [ 7.736477920067387, 48.58468146178032 ], [ 7.73648198242644, 48.584591547676958 ], [ 7.736414265815784, 48.584590166695563 ], [ 7.736416290701025, 48.584545214407989 ], [ 7.736420366686552, 48.584455299750324 ], [ 7.736352636728971, 48.584453919285089 ], [ 7.736354675191922, 48.584408966444308 ], [ 7.736358737745981, 48.584319052336625 ], [ 7.736291021499394, 48.584317671283266 ], [ 7.736293045649987, 48.584272710017508 ], [ 7.736225329466518, 48.584271328925858 ], [ 7.736227354505179, 48.584226376636543 ], [ 7.736159638384825, 48.584224995506574 ], [ 7.736163701267103, 48.584135081399872 ], [ 7.73609598526933, 48.584133700232783 ], [ 7.736100049088379, 48.584043795101429 ], [ 7.736032333213171, 48.584042413897194 ], [ 7.736034371109093, 48.583997452079487 ], [ 7.735966641768169, 48.583996071389045 ], [ 7.735898925959741, 48.583994690107041 ], [ 7.735900951274293, 48.583949737819019 ], [ 7.735833235528977, 48.583948356498723 ], [ 7.735630074786142, 48.583944212853076 ], [ 7.73563211386378, 48.583899260016906 ], [ 7.735699829538669, 48.583900641454441 ], [ 7.73570593221088, 48.583765774513942 ], [ 7.73563820318558, 48.583764393631959 ], [ 7.735644306004018, 48.583629526688227 ], [ 7.735576590689533, 48.583628145218206 ], [ 7.735580654549276, 48.583538231112989 ], [ 7.735512939357367, 48.583536849605849 ], [ 7.735508875378703, 48.583626763708743 ], [ 7.735441146542787, 48.583625382711816 ], [ 7.735437081598886, 48.583715287833371 ], [ 7.735369367008461, 48.583713915218667 ], [ 7.73536528840257, 48.583803820886928 ], [ 7.735297572864889, 48.583802439254406 ], [ 7.735293508486556, 48.583892353341348 ], [ 7.735158063655508, 48.583889590505244 ], [ 7.735160103145775, 48.583844637676485 ], [ 7.735092374030795, 48.583843256476385 ], [ 7.734753782625992, 48.583836347675991 ], [ 7.734755808940627, 48.583791395405413 ], [ 7.73468809343586, 48.583790013417719 ], [ 7.734484933414709, 48.583785867769748 ], [ 7.734488999205881, 48.583695953707711 ], [ 7.734421283834668, 48.583694571564479 ], [ 7.734353554938338, 48.58369318993369 ], [ 7.734355595127787, 48.583648237115931 ], [ 7.734287866294583, 48.583646855446837 ], [ 7.73428990653991, 48.583601902629503 ], [ 7.734222191298585, 48.583600520370204 ], [ 7.734224217239245, 48.583555559129145 ], [ 7.734226257536864, 48.583510606311492 ], [ 7.734158542418118, 48.58350922401506 ], [ 7.734160568411108, 48.583464262773674 ], [ 7.73409285418725, 48.583462889414967 ], [ 7.734094893764851, 48.583417927622115 ], [ 7.73402716524363, 48.583416545800951 ], [ 7.73402920570888, 48.583371592984555 ], [ 7.733961477250785, 48.583370211125079 ], [ 7.733963516940165, 48.583325249333058 ], [ 7.733965557457708, 48.583280296516335 ], [ 7.733897829122212, 48.583278914619711 ], [ 7.73389986969563, 48.583233961803408 ], [ 7.733832154951922, 48.583232579316643 ], [ 7.733834181220837, 48.583187618076565 ], [ 7.733766466540254, 48.583186235551494 ], [ 7.733768493696777, 48.583141283287858 ], [ 7.733700779079308, 48.58313990072449 ], [ 7.733702819820348, 48.583094947909437 ], [ 7.73370484619749, 48.583049986669437 ], [ 7.733637131702597, 48.583048604068935 ], [ 7.733639172495927, 48.583003651253556 ], [ 7.733571444535544, 48.583002269166577 ], [ 7.733573485384751, 48.58295731635161 ], [ 7.733505771016081, 48.582955933674519 ], [ 7.733507797560916, 48.582910972435748 ], [ 7.73344008325537, 48.582909589720352 ], [ 7.733442110687751, 48.582864637458016 ], [ 7.733444151645129, 48.582819684643169 ], [ 7.733376437462148, 48.582818301890633 ], [ 7.733378464115207, 48.582773340651947 ], [ 7.733310749995349, 48.582771957861112 ], [ 7.733312791064468, 48.582727005047097 ], [ 7.733314818601475, 48.582682052784094 ], [ 7.73324710460418, 48.582680669956126 ], [ 7.733249131365465, 48.582635708717518 ], [ 7.733181417431296, 48.582634325851259 ], [ 7.733183458608576, 48.582589373037315 ], [ 7.733185485422185, 48.582544411798366 ], [ 7.733117772442176, 48.582543037871005 ], [ 7.733119812840162, 48.582498076080732 ], [ 7.733052085563204, 48.582496693690778 ], [ 7.733054126848647, 48.582451740876934 ], [ 7.73305615377048, 48.582406779638063 ], [ 7.732988440144572, 48.582405396659233 ], [ 7.732990481482304, 48.582360443845083 ], [ 7.73299250928802, 48.582315491581916 ], [ 7.732924795784674, 48.582314108565946 ], [ 7.732926836343146, 48.582269146775431 ], [ 7.732859109374508, 48.582267764272885 ], [ 7.7328611508204, 48.582222811458834 ], [ 7.732863192262704, 48.582177858644016 ], [ 7.73279546541665, 48.582176476104337 ], [ 7.732797506083309, 48.582131514313915 ], [ 7.73279953404953, 48.582086562050485 ], [ 7.732731820854442, 48.582085178921957 ], [ 7.732733862404906, 48.582040226107239 ], [ 7.73273588959193, 48.581995264867444 ], [ 7.732668176519416, 48.581993881701777 ], [ 7.732670218122165, 48.581948928886753 ], [ 7.732672245361509, 48.581903967646603 ], [ 7.732604532411568, 48.58190258444381 ], [ 7.732606560538294, 48.581857632180139 ], [ 7.732608602189751, 48.581812679364035 ], [ 7.732540889362369, 48.581811296124108 ], [ 7.732542916709932, 48.581766334884051 ], [ 7.732544958413675, 48.581721382067613 ], [ 7.732477245708866, 48.581719998790554 ], [ 7.732479273940207, 48.581675046526222 ], [ 7.732483343088977, 48.581585132467595 ], [ 7.732415630566186, 48.581583749154561 ], [ 7.7324176723745, 48.581538796337469 ], [ 7.73234994638659, 48.581537413537809 ], [ 7.73235198741934, 48.581492451745099 ], [ 7.732354029279939, 48.581447498927702 ], [ 7.732286303414623, 48.581446116090888 ], [ 7.732288344499671, 48.581401154297851 ], [ 7.732292414793672, 48.581311249213293 ], [ 7.73222470263858, 48.581309865788867 ], [ 7.732226730244176, 48.581264904546401 ], [ 7.732228772205763, 48.581219951727597 ], [ 7.732161060173239, 48.581218568266038 ], [ 7.732163088662551, 48.581173615999298 ], [ 7.732165129845025, 48.581128654204115 ], [ 7.732097417935075, 48.58112727070543 ], [ 7.732099446476687, 48.581082318438362 ], [ 7.732101488542837, 48.581037365618904 ], [ 7.732033776755443, 48.58103598208308 ], [ 7.732035804517995, 48.580991020839626 ], [ 7.732037846636425, 48.580946068019848 ], [ 7.731970121443521, 48.580944684998514 ], [ 7.731972162786467, 48.580899723203103 ], [ 7.731974204957179, 48.580854770383006 ], [ 7.731906479886867, 48.580853387324531 ], [ 7.73190852211345, 48.580808434504867 ], [ 7.731910549977072, 48.580763473259999 ], [ 7.73184283855738, 48.580762089612776 ], [ 7.731844880836245, 48.580717136792764 ], [ 7.731846909583511, 48.580672184523621 ], [ 7.731779198286374, 48.580670800839265 ], [ 7.731781239786201, 48.580625839042888 ], [ 7.731783268585772, 48.580580886773419 ], [ 7.731715557411208, 48.580579503051936 ], [ 7.731719627815197, 48.580489588985422 ], [ 7.731651916763198, 48.580488205226821 ], [ 7.731655987271782, 48.580398291159646 ], [ 7.731658029700314, 48.580353338337197 ], [ 7.731590305302406, 48.58035195509418 ], [ 7.731592347786806, 48.58030700227215 ], [ 7.731594389436339, 48.580262040473301 ], [ 7.73152666516102, 48.580260657193165 ], [ 7.7315287076977, 48.580215704370794 ], [ 7.731530736702915, 48.580170752099249 ], [ 7.731463026078047, 48.580169368230408 ], [ 7.731465067835751, 48.580124406431679 ], [ 7.731467096893265, 48.580079454159801 ], [ 7.731399386390967, 48.580078070253826 ], [ 7.731401429032201, 48.580033117430823 ], [ 7.731403457310775, 48.579988156182566 ], [ 7.731335746931041, 48.579986772239451 ], [ 7.731337789624554, 48.579941819416121 ], [ 7.731339817955441, 48.579896858167537 ], [ 7.731272107698271, 48.579895474187303 ], [ 7.731274136916267, 48.579850521915183 ], [ 7.731278221565883, 48.579760607289586 ], [ 7.731210497962951, 48.579759223824929 ], [ 7.731212540757438, 48.579714271000206 ], [ 7.731280250773156, 48.579715655015242 ], [ 7.731284321873524, 48.579625740936713 ], [ 7.731352045301739, 48.579627124358403 ], [ 7.731354074438847, 48.579582172080656 ], [ 7.731421797811272, 48.579583555461738 ], [ 7.731425868652336, 48.579493641374064 ], [ 7.731493578381802, 48.579495025264897 ], [ 7.731495620085736, 48.579450063454978 ], [ 7.731834195546102, 48.579456981208203 ], [ 7.731836224252784, 48.57941202891935 ], [ 7.732107089860276, 48.579417562186279 ], [ 7.732109131021899, 48.579372600364358 ], [ 7.732447692524868, 48.579379516881708 ], [ 7.732449734217028, 48.57933456402926 ], [ 7.732720585953059, 48.579340096417823 ], [ 7.732722626572382, 48.579295134583894 ], [ 7.733196620217091, 48.579304814598515 ], [ 7.733198660416619, 48.579259852755683 ], [ 7.733537234848284, 48.579266765546805 ], [ 7.733539262050924, 48.579221813225224 ], [ 7.733810126835385, 48.579227342522401 ], [ 7.733812152965016, 48.579182381219411 ], [ 7.734083017570184, 48.579187909880496 ], [ 7.734085044290109, 48.57914295754815 ], [ 7.734288185008536, 48.579147094926 ], [ 7.734290225074124, 48.579102142037563 ], [ 7.734222515789059, 48.57910075977626 ], [ 7.734019374428253, 48.579096613307485 ], [ 7.734017334956567, 48.579141575167313 ], [ 7.733611051977001, 48.579133281157254 ], [ 7.733609011313361, 48.579178234033286 ], [ 7.73327045181708, 48.579171329875386 ], [ 7.733268410852626, 48.579216282744838 ], [ 7.732929836791405, 48.579209369170243 ], [ 7.732927809885239, 48.579254330457431 ], [ 7.732589235618243, 48.579247415890443 ], [ 7.732587194052146, 48.579292368746728 ], [ 7.732180910106941, 48.57928406973636 ], [ 7.732178882539585, 48.579329031009301 ], [ 7.731704875335489, 48.579319347394566 ], [ 7.731702833820684, 48.579364309210227 ], [ 7.731296549447637, 48.579356007107748 ], [ 7.731298591319196, 48.5793110452991 ], [ 7.731230868310864, 48.579309661846082 ], [ 7.73116315966504, 48.579308286778129 ], [ 7.731165201651931, 48.579263324971073 ], [ 7.731097478710383, 48.579261941440294 ], [ 7.731101563623508, 48.579172026802325 ], [ 7.731169272918516, 48.579173410882298 ], [ 7.731171315725835, 48.579128458049063 ], [ 7.731181500991128, 48.57890367702263 ], [ 7.731249209933121, 48.578905061056147 ], [ 7.731253281023537, 48.578815146953133 ], [ 7.731259394811674, 48.578680280005266 ], [ 7.731327116987581, 48.578681663441962 ], [ 7.731335258844693, 48.578501835213402 ], [ 7.731402967258989, 48.578503219157504 ], [ 7.731413152213158, 48.57827844703754 ], [ 7.731480873030049, 48.578279821408756 ], [ 7.73149309924613, 48.578010087431771 ], [ 7.731501241244128, 48.577830268125275 ], [ 7.731568948774082, 48.577831651973 ], [ 7.731570990345391, 48.577786690135511 ], [ 7.731579145561246, 48.577606870257917 ], [ 7.731646852797643, 48.577608254060337 ], [ 7.731650923085977, 48.577518339902511 ], [ 7.731659063619723, 48.577338511577921 ], [ 7.731726784030238, 48.57733989478232 ], [ 7.731728812747347, 48.577294942461954 ], [ 7.731734552196916, 48.57716836037504 ], [ 7.731789392493329, 48.577116184989421 ], [ 7.731804673088658, 48.57711649727694 ], [ 7.731805378201513, 48.57710097609116 ], [ 7.73209833, 48.57682226 ], [ 7.73240621, 48.57653224 ], [ 7.73256979, 48.57636592 ], [ 7.73257163, 48.57636387 ], [ 7.73279608, 48.57611503 ], [ 7.73282012, 48.57608849 ], [ 7.73286567, 48.57603691 ], [ 7.73296517, 48.57592107 ], [ 7.733030031654767, 48.575836586116075 ], [ 7.733217928478262, 48.575840423292334 ], [ 7.733219969352398, 48.575795470370593 ], [ 7.733287674235877, 48.57579685321771 ], [ 7.73328971421549, 48.575751891318014 ], [ 7.733357419043183, 48.575753274124509 ], [ 7.733359459791276, 48.575708321198952 ], [ 7.733291741496342, 48.575706938945395 ], [ 7.733295822269159, 48.57561702411833 ], [ 7.733363526918534, 48.575618406921329 ], [ 7.73336555412924, 48.575573454545328 ], [ 7.733433272249484, 48.575574836755941 ], [ 7.733435298565656, 48.575529875401969 ], [ 7.733503016630099, 48.575531257571953 ], [ 7.733638439243337, 48.575534022345295 ], [ 7.733636398747326, 48.575578975278489 ], [ 7.733974948878332, 48.575585886803019 ], [ 7.733981041579189, 48.575451020111359 ], [ 7.733913337134637, 48.575449637668108 ], [ 7.733919443508255, 48.575314770421386 ], [ 7.733987147774488, 48.575316152861127 ], [ 7.733989187120204, 48.575271190941585 ], [ 7.734124609071309, 48.575273955148504 ], [ 7.734192313289074, 48.575275337468703 ], [ 7.734190274121706, 48.575320299391755 ], [ 7.73425799192914, 48.575321681121785 ], [ 7.734255951985977, 48.575366634069205 ], [ 7.734323656329939, 48.575368016312822 ], [ 7.734325696213667, 48.575323063364237 ], [ 7.734393399670162, 48.575324436591188 ], [ 7.734399504763311, 48.575189569313338 ], [ 7.734331800653453, 48.575188187113831 ], [ 7.73434399757336, 48.574918453096963 ], [ 7.734547135896948, 48.574922598452353 ], [ 7.734549161208397, 48.574877637068703 ], [ 7.734481458338991, 48.574876263932303 ], [ 7.734142912835389, 48.574869353882022 ], [ 7.73414087280915, 48.574914306834522 ], [ 7.733734624211075, 48.574906022220269 ], [ 7.733736663762374, 48.574861060298716 ], [ 7.733712926844507, 48.574860575563775 ], [ 7.73379406, 48.57472496 ], [ 7.73388496, 48.57455433 ], [ 7.73384379, 48.57463168 ], [ 7.73471183, 48.57459805 ], [ 7.73797159, 48.57439448 ], [ 7.73982955, 48.57429412 ], [ 7.74617707, 48.57408971 ], [ 7.749605517054724, 48.574626435059329 ], [ 7.749604733474302, 48.574643822930923 ], [ 7.749672449966925, 48.574645186700849 ], [ 7.749733163515893, 48.574646418175107 ], [ 7.749740111443308, 48.574647505876534 ], [ 7.749738141819194, 48.574691521612138 ], [ 7.749805845686658, 48.574692894833909 ], [ 7.749873549557758, 48.574694268016223 ], [ 7.749867485315534, 48.574829136127839 ], [ 7.749935202894849, 48.574830508720453 ], [ 7.749939240820766, 48.574740593837063 ], [ 7.750277786764133, 48.574747448881887 ], [ 7.75027848778341, 48.574731788955283 ], [ 7.750480375572712, 48.574763394587208 ], [ 7.750478886503143, 48.574796520171766 ], [ 7.750614308085616, 48.574799265158639 ], [ 7.750682012119175, 48.574800637869778 ], [ 7.75068000098873, 48.574845599534875 ], [ 7.75095083008876, 48.574851080459716 ], [ 7.75101853419992, 48.574852452974717 ], [ 7.751016522528583, 48.574897405668906 ], [ 7.751287352773552, 48.574902894785097 ], [ 7.751355056962306, 48.574904267103975 ], [ 7.751353045584618, 48.574949219803159 ], [ 7.751691580406324, 48.574956080257543 ], [ 7.751759298202585, 48.574957451786908 ], [ 7.751757273651702, 48.575002405046163 ], [ 7.752231243803336, 48.57501199789462 ], [ 7.752233123577915, 48.574969970335786 ], [ 7.754734024059563, 48.575197625877671 ], [ 7.754730414991106, 48.57519755285486 ], [ 7.754728407402936, 48.575242514583735 ], [ 7.754592984426635, 48.575239774392735 ], [ 7.754588954640315, 48.57532968942202 ], [ 7.754656659482376, 48.575331059816683 ], [ 7.754724377854407, 48.575332429617639 ], [ 7.754722355894025, 48.575377382922646 ], [ 7.754925484157513, 48.575381493200709 ], [ 7.754927505104282, 48.575336530916331 ], [ 7.755130633222053, 48.575340640835769 ], [ 7.75513264046058, 48.575295679101465 ], [ 7.755064936487911, 48.575294317960072 ], [ 7.755066957308679, 48.575249355671886 ], [ 7.754999239037436, 48.575247986070579 ], [ 7.754863830393745, 48.575245254616902 ], [ 7.754865422893976, 48.575209587038493 ], [ 7.75660709, 48.57536813 ], [ 7.76193828, 48.57508243 ], [ 7.76415567, 48.57484333 ], [ 7.7641559, 48.57484333 ], [ 7.76697192, 48.57453963 ], [ 7.76826397, 48.57439102 ], [ 7.76826421, 48.57439094 ], [ 7.77128696, 48.57404311 ], [ 7.77693733, 48.57286251 ], [ 7.78015951, 48.57175614 ], [ 7.78404661, 48.5721907 ], [ 7.784930409760087, 48.572709794666899 ], [ 7.7849149630259, 48.573058976086145 ], [ 7.784847246859855, 48.573057623881262 ], [ 7.784843270415633, 48.573147540021537 ], [ 7.784831340158611, 48.57341727944894 ], [ 7.784763637886553, 48.573415935613397 ], [ 7.784757665769774, 48.573550805592589 ], [ 7.784743740285601, 48.573865507796746 ], [ 7.78467603658222, 48.573864154934682 ], [ 7.784672059774416, 48.573954071043786 ], [ 7.784664105276381, 48.574133894277409 ], [ 7.78459640206042, 48.57413255034475 ], [ 7.784592411566064, 48.574222467000446 ], [ 7.784584456746354, 48.574402290211765 ], [ 7.784516752336841, 48.57440093725711 ], [ 7.784514757431189, 48.574445900067602 ], [ 7.784506802303797, 48.574625723259551 ], [ 7.784439098441116, 48.574624379235466 ], [ 7.784435121157796, 48.574714295312575 ], [ 7.784429148023428, 48.574849165213692 ], [ 7.784361443026644, 48.574847812168755 ], [ 7.784357465589474, 48.574937728236193 ], [ 7.784347514752171, 48.575162514182814 ], [ 7.784279809342867, 48.575161161090442 ], [ 7.784275831737862, 48.575251077145218 ], [ 7.784267862959856, 48.5754309098036 ], [ 7.784200157197467, 48.57542955666495 ], [ 7.784196179431605, 48.575519472708564 ], [ 7.784194196886259, 48.575564425962561 ], [ 7.784126477423032, 48.575563073338735 ], [ 7.784122499517292, 48.575652989375627 ], [ 7.784114543663869, 48.575832821440521 ], [ 7.784046837373639, 48.575831468212712 ], [ 7.784036884997655, 48.576056254062458 ], [ 7.78402892878057, 48.576236086096095 ], [ 7.783961208432643, 48.576234733376275 ], [ 7.78395723018421, 48.576324649386365 ], [ 7.783951269128297, 48.576459518629264 ], [ 7.783883548486662, 48.576458165864288 ], [ 7.783875591668073, 48.576637997862136 ], [ 7.78386961683402, 48.576772867643712 ], [ 7.783801909306165, 48.576771514273624 ], [ 7.783797930736006, 48.576861430261374 ], [ 7.783795934262268, 48.57690638404511 ], [ 7.783728227400029, 48.576905039607837 ], [ 7.783720269125583, 48.577084862591221 ], [ 7.783710315070851, 48.577309648314348 ], [ 7.783642607677154, 48.577308303827365 ], [ 7.783638627944894, 48.577398210817066 ], [ 7.783634649039016, 48.577488126779478 ], [ 7.783566927044137, 48.577486773830422 ], [ 7.783562948005344, 48.577576689787591 ], [ 7.783558968952568, 48.577666605741797 ], [ 7.783491260250075, 48.57766525219111 ], [ 7.783489264315831, 48.577710214932608 ], [ 7.783487281064411, 48.577755168140072 ], [ 7.783419558719922, 48.57775381510524 ], [ 7.78341757624589, 48.577798777286496 ], [ 7.783415579401345, 48.577843731048944 ], [ 7.783347870468215, 48.577842377414761 ], [ 7.783345874401033, 48.577887340151015 ], [ 7.783343891016745, 48.577932293353228 ], [ 7.783276168441575, 48.577930940234907 ], [ 7.783274185834657, 48.577975902410941 ], [ 7.783270206243294, 48.578065818342665 ], [ 7.783202497020071, 48.578064464623878 ], [ 7.783200499976155, 48.578109418378446 ], [ 7.783198503769031, 48.578154381107957 ], [ 7.783130794430488, 48.578153027347419 ], [ 7.783128810846907, 48.578197980541788 ], [ 7.783061087925703, 48.578196627298226 ], [ 7.783059105119452, 48.578241589466394 ], [ 7.783057107942623, 48.578286543215704 ], [ 7.7829893984329, 48.578285189372835 ], [ 7.782987402033378, 48.578330152095944 ], [ 7.782919692467779, 48.578328798212482 ], [ 7.782917696005288, 48.578373760933694 ], [ 7.782915712225893, 48.578418714120943 ], [ 7.78284798901812, 48.578417360753292 ], [ 7.782844008643313, 48.578507276656488 ], [ 7.782979441773421, 48.578509983914458 ], [ 7.782981438186956, 48.578465021194326 ], [ 7.78304914793449, 48.578466375041735 ], [ 7.783051131598482, 48.578421421852973 ], [ 7.783118853976715, 48.578422766126543 ], [ 7.783120837577761, 48.578377812935891 ], [ 7.783188560740402, 48.578379166144543 ], [ 7.783190543438205, 48.578334203976318 ], [ 7.783258266544954, 48.578335557144364 ], [ 7.783260250020117, 48.578290603949959 ], [ 7.783327959544175, 48.578291957634995 ], [ 7.783329955642886, 48.578246994905427 ], [ 7.783397665111072, 48.578248348549842 ], [ 7.783403641361684, 48.57811347886225 ], [ 7.783471349814754, 48.578114823488114 ], [ 7.783473346620877, 48.578069869728985 ], [ 7.783475329896743, 48.578024916526722 ], [ 7.783543051761229, 48.57802626055323 ], [ 7.783545034974154, 48.577981307349091 ], [ 7.783612757623116, 48.577982660310681 ], [ 7.783616736605934, 48.577892744364583 ], [ 7.783684445612839, 48.577894097842062 ], [ 7.783688424462769, 48.577804181890727 ], [ 7.783690421066016, 48.577759228122972 ], [ 7.78375812905777, 48.577760572581887 ], [ 7.7837621086082, 48.577670665599513 ], [ 7.783764104301097, 48.5776257028527 ], [ 7.783831812958467, 48.577627056244417 ], [ 7.783835791528618, 48.577537140279624 ], [ 7.783837787991948, 48.577492186505111 ], [ 7.783905495634142, 48.577493530878272 ], [ 7.783909474904813, 48.577403623882439 ], [ 7.783977182431683, 48.577404968213862 ], [ 7.783987135332367, 48.577180182475381 ], [ 7.784054856932506, 48.577181535179655 ], [ 7.784068774030508, 48.576866833980716 ], [ 7.784136495218008, 48.576868186637569 ], [ 7.784150425254927, 48.57655348483663 ], [ 7.784218132503445, 48.57655483800373 ], [ 7.784230065884841, 48.57628508995947 ], [ 7.784297772780256, 48.576286443080285 ], [ 7.784307724054727, 48.576061657226298 ], [ 7.784375444182715, 48.576063009744246 ], [ 7.784387376619939, 48.575793261637386 ], [ 7.784455082868615, 48.575794614666762 ], [ 7.784467015663815, 48.57552487550209 ], [ 7.784534735085483, 48.575526227927455 ], [ 7.784546666557636, 48.575256479753584 ], [ 7.784614372100143, 48.57525783269039 ], [ 7.784626316615742, 48.574988083925284 ], [ 7.784694021805162, 48.574989436815791 ], [ 7.784703971086357, 48.574764650825898 ], [ 7.78470595315279, 48.574719697550627 ], [ 7.784773657148623, 48.574721041419174 ], [ 7.784783606027729, 48.574496255401364 ], [ 7.784851324096238, 48.574497607642662 ], [ 7.784861259064916, 48.574272822158441 ], [ 7.784928976839738, 48.574274174354599 ], [ 7.784940905941278, 48.574004426022199 ], [ 7.784942887770079, 48.573959472730941 ], [ 7.785010605132306, 48.573960824879663 ], [ 7.785024515475348, 48.57364612321178 ], [ 7.785092232424987, 48.573647475313081 ], [ 7.785112113353448, 48.573197903593631 ], [ 7.785179815346141, 48.573199247226192 ], [ 7.785194609784346, 48.572864971019939 ], [ 7.78637819, 48.57356014 ], [ 7.78721858, 48.57411517 ], [ 7.79372896, 48.5742164 ], [ 7.79634946, 48.57355563 ], [ 7.79912673, 48.5745228 ], [ 7.80120116, 48.57520987 ], [ 7.80291435, 48.57418158 ], [ 7.8028459, 48.57231298 ], [ 7.80027647, 48.57146437 ], [ 7.79582575, 48.57087497 ], [ 7.791488, 48.57174601 ], [ 7.78890274, 48.57156943 ], [ 7.786769338430312, 48.570216145866553 ], [ 7.786802517838537, 48.570216807914605 ], [ 7.786804497044247, 48.570171845556544 ], [ 7.786872195918126, 48.570173197179983 ], [ 7.786874189426351, 48.57012824323774 ], [ 7.786941887403552, 48.570129585844889 ], [ 7.786943880848847, 48.570084631900762 ], [ 7.787079291901361, 48.570087334387765 ], [ 7.787081270858844, 48.570042372022975 ], [ 7.787148969568721, 48.570043723485171 ], [ 7.787150961987874, 48.569998760560459 ], [ 7.78721866064189, 48.570000111982083 ], [ 7.787220653838972, 48.569955158031163 ], [ 7.787288352437134, 48.569956509412194 ], [ 7.787290344730404, 48.569911546483716 ], [ 7.78735804327271, 48.569912897824146 ], [ 7.787360022819384, 48.569867944427564 ], [ 7.787427733989478, 48.569869286193629 ], [ 7.787429713473237, 48.569824332795172 ], [ 7.78749742542836, 48.569825683496333 ], [ 7.787499404008287, 48.569780721120324 ], [ 7.787364008110456, 48.569778027540337 ], [ 7.787362015046225, 48.569822981496465 ], [ 7.787294316622789, 48.569821630158316 ], [ 7.787292324336508, 48.569866593088243 ], [ 7.787224625857208, 48.569865241709508 ], [ 7.787222632667121, 48.569910195661883 ], [ 7.787154934972829, 48.569908853218244 ], [ 7.78715294171981, 48.569953807168744 ], [ 7.787017544541362, 48.569951104209416 ], [ 7.787015552006822, 48.569996067132585 ], [ 7.786947853363525, 48.569994715592621 ], [ 7.786945860766044, 48.570039678513915 ], [ 7.786878162066884, 48.570038326933343 ], [ 7.786876168565652, 48.570083280877078 ], [ 7.786808469810643, 48.570081929255899 ], [ 7.786806490611903, 48.570126891615452 ], [ 7.786738778276406, 48.57012554051169 ], [ 7.786736798173947, 48.570170493893663 ], [ 7.786696097995039, 48.570169687140549 ], [ 7.78590836, 48.56967 ], [ 7.7836717, 48.56904859 ], [ 7.79084579, 48.56090538 ], [ 7.79173463, 48.55868226 ], [ 7.78578572, 48.56106072 ], [ 7.78030962, 48.56592874 ], [ 7.77977173, 48.56719789 ], [ 7.77954334, 48.56716651 ], [ 7.77905723, 48.56712393 ], [ 7.77874332, 48.56711151 ], [ 7.77859553, 48.56710779 ], [ 7.7783068, 48.56711282 ], [ 7.77807762, 48.56712334 ], [ 7.77719653, 48.56725556 ], [ 7.77609829, 48.56723229 ], [ 7.77255518, 48.56886017 ], [ 7.76495771, 48.57011043 ], [ 7.75697672, 48.57029582 ], [ 7.756579720685386, 48.570224676662136 ], [ 7.75658708265498, 48.570060373355403 ], [ 7.756519384735647, 48.57005900408317 ], [ 7.756512500985249, 48.570212630712277 ], [ 7.754294121055562, 48.569815091101916 ], [ 7.754295291903968, 48.56978905420884 ], [ 7.75422758171517, 48.569787693131076 ], [ 7.754231611700053, 48.56969777794049 ], [ 7.754163914323538, 48.569696407295432 ], [ 7.754096216950649, 48.569695036610931 ], [ 7.75409822571174, 48.569650083781902 ], [ 7.7540305284019, 48.569648713059088 ], [ 7.754034558722124, 48.569558797870997 ], [ 7.753966861534769, 48.569557427111036 ], [ 7.753968870404101, 48.569512474282092 ], [ 7.753901173279797, 48.569511103483826 ], [ 7.75390319489481, 48.569466141125197 ], [ 7.753907225424415, 48.569376225935819 ], [ 7.753839515792253, 48.569374864631662 ], [ 7.753841537456065, 48.569329902271974 ], [ 7.753773840576728, 48.569328531399435 ], [ 7.753775849606656, 48.569283578570236 ], [ 7.753708152790368, 48.569282207659398 ], [ 7.753710161876187, 48.569237254830611 ], [ 7.753642465122947, 48.569235883881454 ], [ 7.753644486954426, 48.569190921523024 ], [ 7.753576776739512, 48.5691895510897 ], [ 7.753578799461838, 48.569144597707627 ], [ 7.753580822180611, 48.569099644324794 ], [ 7.753513112088191, 48.569098273854344 ], [ 7.753515134027897, 48.569053311495992 ], [ 7.753447423998554, 48.569051940987237 ], [ 7.753449446829083, 48.569006987605235 ], [ 7.753451469656062, 48.568962034222523 ], [ 7.753383759749208, 48.568960663676592 ], [ 7.753385781797146, 48.568915701318339 ], [ 7.753318071953368, 48.568914330734117 ], [ 7.753320094892101, 48.568869377352243 ], [ 7.753252398636037, 48.568868006175606 ], [ 7.753254408105995, 48.568823053348225 ], [ 7.753186711912979, 48.568821682133297 ], [ 7.753188734963459, 48.568776728752248 ], [ 7.753121025308858, 48.568775358053088 ], [ 7.75312304758035, 48.56873039569652 ], [ 7.753055337988823, 48.568729024959069 ], [ 7.753059384309739, 48.568639118197915 ], [ 7.752991674840706, 48.56863774742331 ], [ 7.752923978899898, 48.568636376055188 ], [ 7.752928011084895, 48.568546460873826 ], [ 7.752860315266568, 48.568545089468557 ], [ 7.752862325068308, 48.568500136642925 ], [ 7.752794629313032, 48.568498765199358 ], [ 7.7527966518604, 48.568453802844139 ], [ 7.752728942643636, 48.568452431916306 ], [ 7.752730966081689, 48.568407478537459 ], [ 7.752663270452522, 48.568406107017303 ], [ 7.752665280421913, 48.5683611541929 ], [ 7.752597584855795, 48.568359782634431 ], [ 7.752599594881075, 48.568314829810433 ], [ 7.752531899378001, 48.568313458213666 ], [ 7.75246420387856, 48.56831208657745 ], [ 7.752466213184402, 48.568267124779091 ], [ 7.752398517748023, 48.568265753104569 ], [ 7.752400527944496, 48.568220800282553 ], [ 7.752332832571166, 48.568219428569734 ], [ 7.752334856348006, 48.568174475194155 ], [ 7.752267147513244, 48.568173103997026 ], [ 7.752269170511253, 48.568128141645914 ], [ 7.752271194340414, 48.568083188270009 ], [ 7.752203485628154, 48.568081817035726 ], [ 7.752205509513189, 48.56803686366024 ], [ 7.752137800863987, 48.568035492387651 ], [ 7.752139823970219, 48.567990530036646 ], [ 7.752072129743194, 48.567989167147744 ], [ 7.752004421160685, 48.567987795797379 ], [ 7.752006444382229, 48.567942833447951 ], [ 7.752010478959575, 48.56785292725273 ], [ 7.751942784083392, 48.56785155531243 ], [ 7.751944793829326, 48.567806593515897 ], [ 7.751948841193967, 48.567716677788653 ], [ 7.751881133809968, 48.567715315342262 ], [ 7.751883157129077, 48.567670352990731 ], [ 7.751897283028973, 48.567355654074916 ], [ 7.751964977247861, 48.567357026041961 ], [ 7.751981126599096, 48.566997373694157 ], [ 7.752048820346247, 48.566998745612516 ], [ 7.752050843489672, 48.566953783246873 ], [ 7.751780042546841, 48.566948305425164 ], [ 7.751771974380071, 48.567128135805056 ], [ 7.751704280469167, 48.56712676372544 ], [ 7.751678036224541, 48.567711199730617 ], [ 7.751745730907934, 48.567712571825268 ], [ 7.751741696711084, 48.567802486991631 ], [ 7.751809404206721, 48.567803849519251 ], [ 7.751803346718273, 48.56793872703166 ], [ 7.751871041706044, 48.567940099053175 ], [ 7.751869031055426, 48.567985051870416 ], [ 7.751864997053763, 48.568074967032558 ], [ 7.751932692223431, 48.568076339018063 ], [ 7.751930668097147, 48.568121292388184 ], [ 7.751998376854334, 48.568122663781459 ], [ 7.751996352783928, 48.568167617151992 ], [ 7.752064048079692, 48.568168989060929 ], [ 7.752062038424316, 48.568213950853867 ], [ 7.752129733783141, 48.568215322724491 ], [ 7.752127723348977, 48.56826027554191 ], [ 7.752195418770851, 48.568261647374229 ], [ 7.752193394868057, 48.568306600746013 ], [ 7.752261103877498, 48.56830797198608 ], [ 7.752328799366052, 48.568309343740651 ], [ 7.752326775578552, 48.568354297114027 ], [ 7.752394484654685, 48.568355668276318 ], [ 7.752392461757795, 48.568400630626044 ], [ 7.752460170897, 48.56840200175003 ], [ 7.752458147221255, 48.568446955124251 ], [ 7.752525842898967, 48.568448326763928 ], [ 7.752523832803648, 48.568493279584558 ], [ 7.752521810014984, 48.568538241934405 ], [ 7.752589505815177, 48.568539613536942 ], [ 7.752587495772202, 48.568584566357231 ], [ 7.752655191635446, 48.568585937921462 ], [ 7.752653181648359, 48.568630890742185 ], [ 7.752720877574651, 48.568632262268125 ], [ 7.752788573504572, 48.568633633754622 ], [ 7.752786563632793, 48.56867858657688 ], [ 7.752854259625766, 48.568679958025079 ], [ 7.752852237120077, 48.568724920377754 ], [ 7.752919946700731, 48.568726291233588 ], [ 7.752987641925547, 48.568727653628088 ], [ 7.752985633059812, 48.568772615428273 ], [ 7.753053329182521, 48.568773986760405 ], [ 7.75305130601319, 48.568818940139145 ], [ 7.753119015723593, 48.568820310878905 ], [ 7.753114983852664, 48.568910226058335 ], [ 7.753182680160903, 48.568911597315022 ], [ 7.753180657099773, 48.568956550693855 ], [ 7.753248366995745, 48.568957921358169 ], [ 7.753246343990489, 48.569002874737414 ], [ 7.75324432181658, 48.569047837091858 ], [ 7.753312031835056, 48.569049207719019 ], [ 7.753310008882126, 48.569094161097965 ], [ 7.753377718963662, 48.569095531686806 ], [ 7.753375696066616, 48.569140485066157 ], [ 7.753443392686486, 48.569141856170802 ], [ 7.753441384204972, 48.569186817972394 ], [ 7.75343936136025, 48.569231771351433 ], [ 7.753507058102606, 48.569233142418938 ], [ 7.753505048838509, 48.569278095244272 ], [ 7.753572745643914, 48.569279466273478 ], [ 7.753570737270665, 48.569324428075149 ], [ 7.753638434139132, 48.569325799066043 ], [ 7.753636411462038, 48.569370752446339 ], [ 7.753634402306182, 48.569415705271766 ], [ 7.75370209929712, 48.56941707622552 ], [ 7.753700091032139, 48.569462038027297 ], [ 7.753767788086138, 48.569463408942731 ], [ 7.753765765517248, 48.569508362323127 ], [ 7.753833476159119, 48.569509732646132 ], [ 7.75383145364611, 48.56955468602694 ], [ 7.753829445489396, 48.569599647828788 ], [ 7.753897141893911, 48.569601009692867 ], [ 7.75389512026825, 48.569645972049301 ], [ 7.75396283109569, 48.56964734229684 ], [ 7.753960808690888, 48.56969229567774 ], [ 7.753958787117566, 48.569737258033854 ], [ 7.754026497232471, 48.569738619268307 ], [ 7.754025225530983, 48.569766904305489 ], [ 7.751269109924945, 48.56927300102523 ], [ 7.751274945998699, 48.569142956039528 ], [ 7.751207249435508, 48.569141583671218 ], [ 7.751201888312837, 48.569260954732741 ], [ 7.7438258, 48.56793914 ], [ 7.739259783992984, 48.568110812265203 ], [ 7.739266856529325, 48.567954145828885 ], [ 7.739272934373211, 48.567819278501197 ], [ 7.739205239884004, 48.567817899138106 ], [ 7.739213352325081, 48.567638069676512 ], [ 7.739221479065973, 48.5674582486267 ], [ 7.739153785055787, 48.567456869233446 ], [ 7.739163932931101, 48.567232086592711 ], [ 7.739172045424467, 48.567052257097394 ], [ 7.739104351952719, 48.567050877675157 ], [ 7.739114499964673, 48.566826095007045 ], [ 7.739122613399783, 48.566646274465889 ], [ 7.739054920466453, 48.566644895014647 ], [ 7.739063033249843, 48.566465065490306 ], [ 7.739071146808567, 48.566285244930214 ], [ 7.739003454354239, 48.566283865448803 ], [ 7.739013602657307, 48.566059082729673 ], [ 7.739023750871219, 48.565834299992133 ], [ 7.73895604549071, 48.565832921035309 ], [ 7.738945896979652, 48.566057703767051 ], [ 7.738966193912607, 48.565608138285171 ], [ 7.739033898995968, 48.565609517236169 ], [ 7.739048103349593, 48.565294819662192 ], [ 7.738980398682232, 48.565293440719323 ], [ 7.738982434073423, 48.56524848753137 ], [ 7.738984468628709, 48.565203525366648 ], [ 7.738916764083852, 48.565202146386639 ], [ 7.738918799527315, 48.565157193198381 ], [ 7.738851108569361, 48.565155813627648 ], [ 7.738861257317935, 48.564931030833904 ], [ 7.738869371342489, 48.564751210192263 ], [ 7.738801680922917, 48.56474983059254 ], [ 7.738811829808095, 48.564525047771497 ], [ 7.738819943109678, 48.564345218131962 ], [ 7.73875225322849, 48.564343838503248 ], [ 7.738762388726716, 48.564119056207304 ], [ 7.738770516493458, 48.563939234969588 ], [ 7.738702813627123, 48.563937855864275 ], [ 7.738710940742173, 48.563758025643374 ], [ 7.73871905510895, 48.563578204939191 ], [ 7.73865136624507, 48.563576825251303 ], [ 7.73866151555789, 48.563352042352101 ], [ 7.73866760714165, 48.563217165312423 ], [ 7.738599905233405, 48.563215786146785 ], [ 7.738614112423739, 48.562901097341047 ], [ 7.738620204910989, 48.562766229258877 ], [ 7.738552517123808, 48.562764849513002 ], [ 7.738566723648146, 48.562450151687919 ], [ 7.738634411019457, 48.562451531425666 ], [ 7.738636445769322, 48.562406569223491 ], [ 7.738638467824741, 48.56236161654904 ], [ 7.738706168603972, 48.56236299569261 ], [ 7.738708189764187, 48.562318034040217 ], [ 7.738640503399687, 48.562316663321454 ], [ 7.738646594915582, 48.562181786234589 ], [ 7.738578894377688, 48.562180407056196 ], [ 7.738580929997759, 48.562135453826862 ], [ 7.738513243045963, 48.562134074057809 ], [ 7.738515265198839, 48.562089121381248 ], [ 7.738517300038976, 48.562044159175542 ], [ 7.738449613209651, 48.562042779369357 ], [ 7.738459749581477, 48.561817996920894 ], [ 7.738465842346595, 48.561683128796311 ], [ 7.738398155996182, 48.561681748959963 ], [ 7.738400178232281, 48.561636796278407 ], [ 7.738467878046193, 48.561638175561228 ], [ 7.738469899387143, 48.561593213901695 ], [ 7.738402213155546, 48.561591834067677 ], [ 7.738410328263675, 48.56141201325034 ], [ 7.738416421110705, 48.56127714510945 ], [ 7.738348735298601, 48.561275765244098 ], [ 7.73835888548435, 48.561050982192526 ], [ 7.738366999826803, 48.560871152368563 ], [ 7.73829931455301, 48.560869772474227 ], [ 7.738309464875307, 48.560644989395449 ], [ 7.738317580159189, 48.560465168525809 ], [ 7.738249895423683, 48.560463788602476 ], [ 7.738262067350806, 48.560194043818882 ], [ 7.738268160443553, 48.560059175629043 ], [ 7.738200476246342, 48.560057795676734 ], [ 7.73820859182007, 48.559877974778267 ], [ 7.738214684184006, 48.55974309760046 ], [ 7.738146987715963, 48.559741727145244 ], [ 7.738157138483595, 48.559516943992257 ], [ 7.738165253291736, 48.559337114087207 ], [ 7.73809757005227, 48.55933573407458 ], [ 7.738109756868282, 48.559065997625723 ], [ 7.738119907665411, 48.558841214423623 ], [ 7.738052211560836, 48.558839834936663 ], [ 7.738060340152435, 48.558660004444633 ], [ 7.73806642007207, 48.558525136746375 ], [ 7.737998737909123, 48.558523756675768 ], [ 7.738008889086322, 48.558298973441374 ], [ 7.738014982620641, 48.558164105176701 ], [ 7.737947287414553, 48.55816272562825 ], [ 7.737957438746118, 48.557937942370408 ], [ 7.737963532373039, 48.557803074091666 ], [ 7.737895851167779, 48.557801693960755 ], [ 7.737908024327816, 48.557531948966727 ], [ 7.737914118036616, 48.557397080671734 ], [ 7.737846423847806, 48.557395701064138 ], [ 7.737844402124902, 48.557440662777893 ], [ 7.737776721402124, 48.557439282577391 ], [ 7.737774685262456, 48.557484235865473 ], [ 7.737707004483936, 48.55748285562435 ], [ 7.737704969113282, 48.557527817886616 ], [ 7.737702932907068, 48.557572771172055 ], [ 7.737635252013399, 48.557571390889194 ], [ 7.737629171070831, 48.557706258609194 ], [ 7.73769685214269, 48.55770763889555 ], [ 7.737690757824361, 48.557842507164722 ], [ 7.737680605340413, 48.558067290406655 ], [ 7.737748286891112, 48.55806867066287 ], [ 7.737740170818947, 48.55824850061741 ], [ 7.737732053857742, 48.558428321584174 ], [ 7.737799735887285, 48.558429701810226 ], [ 7.73778958376551, 48.558654485016227 ], [ 7.737781467745552, 48.558834314937343 ], [ 7.737849150313354, 48.558835695134427 ], [ 7.737841034473971, 48.559015525048494 ], [ 7.737832917745516, 48.559195345974764 ], [ 7.73790060079218, 48.559196726141678 ], [ 7.737890448961275, 48.559421509297053 ], [ 7.737880297041189, 48.559646292434117 ], [ 7.737947980685524, 48.559647672573206 ], [ 7.737937842495717, 48.559872455145467 ], [ 7.737929713281084, 48.560052285553731 ], [ 7.73799741015412, 48.560053656135459 ], [ 7.737989281120027, 48.560233486536653 ], [ 7.737981165551385, 48.560413316373797 ], [ 7.738048850212888, 48.560414696453748 ], [ 7.738040733992746, 48.560594517307749 ], [ 7.738030582500078, 48.560819300366973 ], [ 7.738098267699869, 48.560820680417933 ], [ 7.738088116415053, 48.561045463464623 ], [ 7.738077978563869, 48.561270245940655 ], [ 7.738145664361372, 48.561271625963776 ], [ 7.738139570801435, 48.561406494090726 ], [ 7.738131455574894, 48.561586323865548 ], [ 7.7381991417919, 48.561587703857349 ], [ 7.738188990798023, 48.561812486853306 ], [ 7.738180874848628, 48.561992307630277 ], [ 7.73824856160395, 48.561993687593102 ], [ 7.738240446667299, 48.562173517339041 ], [ 7.738232317318364, 48.562353338649515 ], [ 7.738300018075695, 48.562354718029823 ], [ 7.738287832311523, 48.562624463168419 ], [ 7.738279716580678, 48.562804283901805 ], [ 7.738347404412665, 48.562805663806635 ], [ 7.738341324724996, 48.562940531320308 ], [ 7.738333196440883, 48.563120361566206 ], [ 7.738400898215694, 48.563121740887361 ], [ 7.738392770112147, 48.563301571126139 ], [ 7.738382618796635, 48.563526345029743 ], [ 7.738450307586493, 48.563527724874263 ], [ 7.738442193115551, 48.563707554538873 ], [ 7.738430020469981, 48.563977290037691 ], [ 7.738497709857615, 48.563978669854365 ], [ 7.738491616903169, 48.564113537873517 ], [ 7.738483502484498, 48.56429336750454 ], [ 7.738551192291677, 48.5642947472899 ], [ 7.738541042307267, 48.564519530106118 ], [ 7.738534962926323, 48.564654397549894 ], [ 7.738602653212466, 48.564655777305099 ], [ 7.738592503382494, 48.564880560097684 ], [ 7.738584389196739, 48.565060389687979 ], [ 7.73865208002127, 48.565061769414179 ], [ 7.738639894636055, 48.565331505360852 ], [ 7.738631780545343, 48.565511334926335 ], [ 7.7386994711354, 48.565512705648665 ], [ 7.738691357225326, 48.565692535207027 ], [ 7.738683243258219, 48.565872364753595 ], [ 7.738750935159545, 48.5658737444218 ], [ 7.738742820540783, 48.566053564985197 ], [ 7.738734693173175, 48.566233395065247 ], [ 7.738802399077609, 48.5662347741509 ], [ 7.738794271058285, 48.566414595247771 ], [ 7.738784121721198, 48.566639377920005 ], [ 7.738851828164148, 48.566640756976639 ], [ 7.738843701086378, 48.566820587027692 ], [ 7.738835586643459, 48.56700040753848 ], [ 7.738903280041192, 48.56700178711737 ], [ 7.738895166611267, 48.567181616597054 ], [ 7.738885017565276, 48.567406399218264 ], [ 7.738952711501447, 48.56740777876815 ], [ 7.738944597348509, 48.567587599249883 ], [ 7.73893444843914, 48.567812381843723 ], [ 7.739002142868792, 48.567813761363688 ], [ 7.738991994212324, 48.568038543945804 ], [ 7.73898827315581, 48.568121020481811 ], [ 7.73892924, 48.56812324 ], [ 7.736215568089939, 48.567912051407824 ], [ 7.73633687, 48.56755143 ], [ 7.73657932, 48.5669097 ], [ 7.73662446, 48.56677598 ], [ 7.73674633, 48.56636607 ], [ 7.73686065, 48.56602219 ], [ 7.7368656, 48.56600722 ], [ 7.73699845, 48.56559626 ], [ 7.73703393, 48.56547279 ], [ 7.73711795, 48.56513748 ], [ 7.73716238, 48.5649694 ], [ 7.73717404, 48.5649232 ], [ 7.73721362, 48.56475687 ], [ 7.73721373, 48.56475633 ], [ 7.73722161, 48.56472314 ], [ 7.73724848, 48.56460911 ], [ 7.73727196, 48.56448776 ], [ 7.73730489, 48.56433169 ], [ 7.73731709, 48.5642685 ], [ 7.73733898, 48.56414362 ], [ 7.73735542, 48.56408506 ], [ 7.73738726, 48.5638967 ], [ 7.73741963, 48.56371895 ], [ 7.7374389, 48.56353306 ], [ 7.73745039, 48.56345331 ], [ 7.7374602, 48.56337318 ], [ 7.73747484, 48.56322492 ], [ 7.73749956, 48.56306761 ], [ 7.73751245, 48.56296682 ], [ 7.73753226, 48.56276815 ], [ 7.73754062, 48.56263449 ], [ 7.73754017, 48.56253123 ], [ 7.73753662, 48.56242262 ], [ 7.73753929, 48.56236895 ], [ 7.73754881, 48.56207177 ], [ 7.73754925, 48.562059 ], [ 7.73754901, 48.56196068 ], [ 7.73754332, 48.56177136 ], [ 7.73753441, 48.56163977 ], [ 7.73751685, 48.56146992 ], [ 7.73749838, 48.56129144 ], [ 7.73747703, 48.56108513 ], [ 7.73745645, 48.56088774 ], [ 7.73744122, 48.56074113 ], [ 7.73743282, 48.56056645 ], [ 7.73740926, 48.56035022 ], [ 7.73735106, 48.56000742 ], [ 7.73734694, 48.55996689 ], [ 7.73733386, 48.5598678 ], [ 7.73730138, 48.55966443 ], [ 7.7372977, 48.55963263 ], [ 7.73696873, 48.55712086 ], [ 7.73676934, 48.55559079 ], [ 7.73664446, 48.55463244 ], [ 7.73664042, 48.55459291 ], [ 7.73663356, 48.55453608 ], [ 7.73651367, 48.55365118 ], [ 7.73650396, 48.55358784 ], [ 7.73636638, 48.55278515 ], [ 7.73633932, 48.55265595 ], [ 7.73617536, 48.55198843 ], [ 7.73615604, 48.55191608 ], [ 7.73600784, 48.55140137 ], [ 7.73595352, 48.55124031 ], [ 7.7357494, 48.5507097 ], [ 7.73569917, 48.55059087 ], [ 7.73547257, 48.55009716 ], [ 7.73541937, 48.54998972 ], [ 7.73513147, 48.54944533 ], [ 7.73512858, 48.54943998 ], [ 7.73509592, 48.54937864 ], [ 7.73497688, 48.5491825 ], [ 7.73482928, 48.54892685 ], [ 7.73480269, 48.54888213 ], [ 7.73455752, 48.54847916 ], [ 7.73448402, 48.54836618 ], [ 7.73414767, 48.54787855 ], [ 7.73405926, 48.54775867 ], [ 7.73355164, 48.54710958 ], [ 7.73345857, 48.54698398 ], [ 7.73336487, 48.54686556 ], [ 7.73328372, 48.54677328 ], [ 7.73282515, 48.54627288 ], [ 7.73269188, 48.5461372 ], [ 7.73193826, 48.54541605 ], [ 7.73183766, 48.54532418 ], [ 7.731366046213538, 48.54491111428711 ], [ 7.731367051728196, 48.544888957138866 ], [ 7.731434715684974, 48.544890341080531 ], [ 7.731436743372573, 48.544845388261514 ], [ 7.731504420792187, 48.544846771611027 ], [ 7.731572084696921, 48.544848155472664 ], [ 7.731574124950051, 48.54480319312286 ], [ 7.731641788799068, 48.54480457694391 ], [ 7.73170945265174, 48.544805960725519 ], [ 7.73171149361326, 48.544761007348818 ], [ 7.731846821210857, 48.544763774791406 ], [ 7.731848861219316, 48.544718812435484 ], [ 7.731916524964226, 48.544720196096463 ], [ 7.73191856574049, 48.544675242714824 ], [ 7.731986229429693, 48.544676626335196 ], [ 7.732053893122553, 48.544678009916133 ], [ 7.732055932945725, 48.54463304755528 ], [ 7.732123596582866, 48.544634431095623 ], [ 7.73219126022367, 48.544635814596546 ], [ 7.732193300755314, 48.544590861208768 ], [ 7.732260964340409, 48.544592244669083 ], [ 7.732328627929159, 48.544593628089977 ], [ 7.732330667507669, 48.544548665722985 ], [ 7.732466008095849, 48.54455143189243 ], [ 7.73246803486442, 48.544506479050227 ], [ 7.732535698345404, 48.544507862350486 ], [ 7.732537737738624, 48.544462899978548 ], [ 7.732605401163893, 48.544464283238206 ], [ 7.732673078111245, 48.544465665906721 ], [ 7.73267510469459, 48.544420713059594 ], [ 7.73274276806781, 48.544422096239231 ], [ 7.73281044413219, 48.544423469851544 ], [ 7.732812470593238, 48.54437851700137 ], [ 7.732880147432798, 48.54437989954922 ], [ 7.732947810757614, 48.544381282609379 ], [ 7.73294983709637, 48.544336329756163 ], [ 7.73308517632567, 48.544339086227964 ], [ 7.733087216060514, 48.544294132819957 ], [ 7.733154879277556, 48.54429551575948 ], [ 7.733156904600115, 48.544250553925174 ], [ 7.733224581279808, 48.544251936272339 ], [ 7.733292244444788, 48.54425331913184 ], [ 7.73329428399438, 48.544208365718895 ], [ 7.733361947103655, 48.544209748537789 ], [ 7.733429610216586, 48.544211131317255 ], [ 7.733431648812853, 48.544166168925088 ], [ 7.733566974930936, 48.544168934363391 ], [ 7.73356901423591, 48.544123980944313 ], [ 7.733636677241071, 48.544125363603136 ], [ 7.733638715652059, 48.544080401206038 ], [ 7.733706378601499, 48.544081783824275 ], [ 7.733774041554597, 48.544083166403077 ], [ 7.733776080674325, 48.544038212979068 ], [ 7.733843743571715, 48.544039595517276 ], [ 7.733911406472763, 48.544040978016042 ], [ 7.73391344463909, 48.543996015612819 ], [ 7.734048770333395, 48.543998780489751 ], [ 7.734050809208514, 48.543953827059617 ], [ 7.734118472001791, 48.543955209437769 ], [ 7.734120509982836, 48.543910247029594 ], [ 7.734188172720391, 48.543911629367145 ], [ 7.734190211469628, 48.543866675933224 ], [ 7.734325536836979, 48.543869440487704 ], [ 7.734327574632745, 48.543824478074583 ], [ 7.734530576051291, 48.543828624055166 ], [ 7.734532600978322, 48.543783671165876 ], [ 7.734735601420417, 48.54378780781191 ], [ 7.734737639684012, 48.543742854366478 ], [ 7.734872964753598, 48.543745618283047 ], [ 7.734875002063635, 48.54370065585843 ], [ 7.734942664544537, 48.543702037756404 ], [ 7.735010327029089, 48.54370341961495 ], [ 7.735012365048083, 48.543658466163414 ], [ 7.73508002747693, 48.54365984798136 ], [ 7.735147689909429, 48.54366122975987 ], [ 7.735149726974813, 48.543616267329142 ], [ 7.735217389351591, 48.543617649067066 ], [ 7.735285065250201, 48.543619030213542 ], [ 7.735287089506416, 48.543574077307909 ], [ 7.735422427677677, 48.543576840032223 ], [ 7.73542445098025, 48.543531878147398 ], [ 7.735627451327322, 48.54353602221066 ], [ 7.73562948879774, 48.543491068745723 ], [ 7.73576481241848, 48.543493822646944 ], [ 7.735766849766599, 48.543448869178981 ], [ 7.73583451193878, 48.543450250557342 ], [ 7.735836548392539, 48.54340528811133 ], [ 7.736174872529464, 48.543412193853776 ], [ 7.736242534664177, 48.543413574994389 ], [ 7.736238475152216, 48.543503490371414 ], [ 7.736306137409314, 48.543504871474916 ], [ 7.736304114050673, 48.543549824399378 ], [ 7.736371776370782, 48.543551205464603 ], [ 7.736367717074909, 48.54364112084194 ], [ 7.736435379517403, 48.54364250187006 ], [ 7.736433356266809, 48.543687454794672 ], [ 7.736501018772313, 48.543688835784529 ], [ 7.736498982890881, 48.543733798237852 ], [ 7.736566658146047, 48.54373516966114 ], [ 7.736562599177877, 48.543825085039671 ], [ 7.736630261868782, 48.543826465954133 ], [ 7.736628226095386, 48.543871428407627 ], [ 7.736695901535959, 48.543872799755533 ], [ 7.736693865818373, 48.543917762209453 ], [ 7.736761528635312, 48.54391914304739 ], [ 7.736765587261533, 48.543829227664787 ], [ 7.736697924563333, 48.543827846829174 ], [ 7.736699961105357, 48.543782893349928 ], [ 7.736632298470168, 48.543781512476059 ], [ 7.736636357312459, 48.543691597093769 ], [ 7.736568681281473, 48.543690216734944 ], [ 7.736572740228262, 48.543600301352086 ], [ 7.736505077837841, 48.543598920403973 ], [ 7.736511173584224, 48.543464051539743 ], [ 7.736578835796552, 48.543465432484346 ], [ 7.736576812678928, 48.543510385414173 ], [ 7.73664447495427, 48.543511766320499 ], [ 7.736642439205871, 48.543556728779052 ], [ 7.736710101544234, 48.543558109647115 ], [ 7.736708078538213, 48.543603062577816 ], [ 7.736775740939589, 48.543604443407609 ], [ 7.736773717989373, 48.543649396338715 ], [ 7.736841380453757, 48.543650777130253 ], [ 7.736837321974808, 48.543740692520963 ], [ 7.736904984561574, 48.543742073275361 ], [ 7.736902961719415, 48.543787026206637 ], [ 7.736970624369191, 48.543788406922772 ], [ 7.736966566106338, 48.543878322313795 ], [ 7.737034228878498, 48.543879702992825 ], [ 7.737032192626152, 48.543924656476442 ], [ 7.737099868979564, 48.543926036565004 ], [ 7.737097833614671, 48.543970999025206 ], [ 7.737165510031116, 48.543972379075463 ], [ 7.737169567952, 48.543882463680376 ], [ 7.73710189165431, 48.543881083632428 ], [ 7.737105949679695, 48.543791168236758 ], [ 7.737038287022619, 48.543789787599479 ], [ 7.737042345152481, 48.543699872203248 ], [ 7.736974683449418, 48.543698500505002 ], [ 7.736976718911643, 48.54365353804279 ], [ 7.73690904292179, 48.543652157882335 ], [ 7.736913101267749, 48.543562242486416 ], [ 7.736845438918449, 48.543560861736644 ], [ 7.736851533763615, 48.543425992852775 ], [ 7.736783858077949, 48.543424612619269 ], [ 7.736787930975423, 48.54333470564471 ], [ 7.736720255412147, 48.543333325374071 ], [ 7.736726349728444, 48.543198447510228 ], [ 7.736794011595526, 48.543199828329563 ], [ 7.736796048028193, 48.543154874839026 ], [ 7.736863709839565, 48.543156255617781 ], [ 7.736865745377697, 48.543111293149231 ], [ 7.736933407133345, 48.543112673887371 ], [ 7.736935443440141, 48.543067720393076 ], [ 7.73700310514008, 48.543069101090623 ], [ 7.737005127034313, 48.543024139170498 ], [ 7.737072802196534, 48.543025519275247 ], [ 7.737074824859469, 48.542980566329383 ], [ 7.737142486447978, 48.542981946945758 ], [ 7.737144521734329, 48.542936984469655 ], [ 7.737212183267116, 48.542938365045423 ], [ 7.73727985832153, 48.542939745029521 ], [ 7.73728188079926, 48.542894792078748 ], [ 7.737417217282327, 48.542897552478543 ], [ 7.73741923880608, 48.542852590548591 ], [ 7.737486900234732, 48.542853970964316 ], [ 7.737488936045209, 48.542809017456356 ], [ 7.73755659741815, 48.542810397831474 ], [ 7.737558632333976, 48.542765435345501 ], [ 7.737626293651199, 48.542766815680018 ], [ 7.737628329335807, 48.5427218621683 ], [ 7.737695990597317, 48.542723242462223 ], [ 7.73769802538725, 48.542678279972471 ], [ 7.737765686593041, 48.542679660225801 ], [ 7.73776974335732, 48.542589744770233 ], [ 7.737702083102, 48.542588373495349 ], [ 7.73770004748746, 48.542633327010414 ], [ 7.737497050552175, 48.542629186569563 ], [ 7.737495029105582, 48.542674148504268 ], [ 7.737224370844747, 48.542668627175665 ], [ 7.737222334807536, 48.542713580681124 ], [ 7.737154673571569, 48.542712200111161 ], [ 7.736748680028133, 48.542703925943854 ], [ 7.736746643571813, 48.542748879440452 ], [ 7.73667898230202, 48.542747498593286 ], [ 7.736674923609447, 48.542837414005923 ], [ 7.736607262224574, 48.542836033117027 ], [ 7.736605226470369, 48.54288099558525 ], [ 7.736334567211933, 48.542875472182786 ], [ 7.73633660403514, 48.542830518695368 ], [ 7.73620126778757, 48.542827757035916 ], [ 7.736199244363604, 48.54287270996889 ], [ 7.736131569426942, 48.542871329354909 ], [ 7.736129546771521, 48.542916291262152 ], [ 7.736061885297112, 48.542914910055458 ], [ 7.736057811989395, 48.543004825993499 ], [ 7.735990150399909, 48.543003444745054 ], [ 7.735988126783615, 48.543048397671676 ], [ 7.735920451620402, 48.543047016934715 ], [ 7.735918428772617, 48.543091978835584 ], [ 7.735783091856401, 48.543089216688955 ], [ 7.7357810680549, 48.543134169610653 ], [ 7.735713392783886, 48.543132788753049 ], [ 7.735711369750856, 48.543177750649001 ], [ 7.735576032619062, 48.543174988261093 ], [ 7.735574008632351, 48.543219941177867 ], [ 7.735506333253533, 48.543218560199612 ], [ 7.735504310035259, 48.543263522090655 ], [ 7.735436634600706, 48.543262141071807 ], [ 7.735434610488142, 48.543307093984815 ], [ 7.735366948515965, 48.543305712373332 ], [ 7.735299273029344, 48.543304331274442 ], [ 7.735297249625824, 48.543349293160546 ], [ 7.735161912062881, 48.543346530290094 ], [ 7.735159887705745, 48.543391483197034 ], [ 7.735024550038677, 48.543388720166526 ], [ 7.735022526390535, 48.543433682046555 ], [ 7.73488718861932, 48.543430918855968 ], [ 7.734885150499467, 48.54347587230879 ], [ 7.734817488319047, 48.543474490377193 ], [ 7.734815464485654, 48.543519452252312 ], [ 7.734747788731359, 48.543518070832064 ], [ 7.734612464270033, 48.543515306769379 ], [ 7.734610425905578, 48.543560260216083 ], [ 7.734542764452238, 48.543558887100588 ], [ 7.734475102171336, 48.543557504969499 ], [ 7.734473063684579, 48.543602458413154 ], [ 7.734337739015021, 48.543599694030362 ], [ 7.734335701237129, 48.5436446564471 ], [ 7.734268038848453, 48.543643274195382 ], [ 7.734266000176455, 48.543688227634092 ], [ 7.734130675291352, 48.543685463010036 ], [ 7.73412863732818, 48.543730425421842 ], [ 7.734060974831737, 48.543729043049495 ], [ 7.734058935974495, 48.543773996483246 ], [ 7.733991273422345, 48.543772614070313 ], [ 7.733923610873848, 48.54377123161796 ], [ 7.733921572725396, 48.543816194024807 ], [ 7.733853910121183, 48.543814811531838 ], [ 7.733786247520624, 48.543813428999442 ], [ 7.733784208418776, 48.543858382427089 ], [ 7.733716545762508, 48.5438569998541 ], [ 7.733648869591638, 48.543855617793497 ], [ 7.733646844716793, 48.543900579642411 ], [ 7.733511505785517, 48.543897814848748 ], [ 7.73350947995733, 48.54394276771847 ], [ 7.733374140921944, 48.543940002764714 ], [ 7.733372115802469, 48.54398496460756 ], [ 7.733304439471729, 48.543983582346264 ], [ 7.73330241345832, 48.544028535211048 ], [ 7.733167074207369, 48.544025770016027 ], [ 7.733165048902636, 48.544070731853935 ], [ 7.733029709547545, 48.544067966498844 ], [ 7.733027683289553, 48.544112919357566 ], [ 7.73289234466127, 48.544110162818548 ], [ 7.732890304762639, 48.544155116225944 ], [ 7.732754978717648, 48.54415234999896 ], [ 7.732752939527606, 48.54419731237946 ], [ 7.732685276451222, 48.544195929205664 ], [ 7.73268323636734, 48.544240882608115 ], [ 7.73261557323525, 48.544239499393711 ], [ 7.732547910106814, 48.54423811613988 ], [ 7.732545870731487, 48.544283078515434 ], [ 7.732478207547335, 48.544281695220995 ], [ 7.732410544366842, 48.544280311887135 ], [ 7.732408504038347, 48.544325265283476 ], [ 7.732273177569603, 48.54432249849512 ], [ 7.732271137949613, 48.544367460864549 ], [ 7.732203474661355, 48.544366077410061 ], [ 7.732201434147603, 48.544411030801449 ], [ 7.732133770803639, 48.544409647306345 ], [ 7.732066107463332, 48.544408263771821 ], [ 7.732064067658056, 48.544453226136319 ], [ 7.731996404262031, 48.544451842561188 ], [ 7.731928727351231, 48.544450459498258 ], [ 7.731926700111296, 48.544495412331898 ], [ 7.731859036663225, 48.544494028676752 ], [ 7.731791359700364, 48.544492645533765 ], [ 7.731789333168866, 48.544537607340523 ], [ 7.73172165615028, 48.544536224156936 ], [ 7.731653992653808, 48.544534840382312 ], [ 7.73165196516928, 48.544579793209877 ], [ 7.731584288098632, 48.54457840994624 ], [ 7.731516624550113, 48.544577026091574 ], [ 7.731514584255493, 48.544621988443829 ], [ 7.731446920651257, 48.544620604548577 ], [ 7.731379257050677, 48.544619220613889 ], [ 7.731377215803063, 48.544664173986931 ], [ 7.731241888494159, 48.544661405996912 ], [ 7.731239847954873, 48.54470636834305 ], [ 7.731128183471139, 48.544704084223071 ], [ 7.73092142, 48.54452648 ], [ 7.73091954, 48.54452538 ], [ 7.73091616, 48.54452201 ], [ 7.7308258, 48.54444474 ], [ 7.73081421, 48.5444349 ], [ 7.73027974, 48.54398213 ], [ 7.73025467, 48.54396117 ], [ 7.72932016, 48.54318547 ], [ 7.72927734, 48.54315064 ], [ 7.72852381, 48.54254603 ], [ 7.72845982, 48.54249612 ], [ 7.72843109, 48.54247413 ], [ 7.72807856, 48.54218131 ], [ 7.72797932, 48.54210223 ], [ 7.72782993, 48.54198743 ], [ 7.72664707, 48.54104453 ], [ 7.72663767, 48.54103597 ], [ 7.72658413, 48.54098843 ], [ 7.72649536, 48.54091107 ], [ 7.72638316, 48.54082312 ], [ 7.72633646, 48.54078285 ], [ 7.72620236, 48.54067261 ], [ 7.72616583, 48.54064648 ], [ 7.72612386, 48.54061777 ], [ 7.72611112, 48.54060486 ], [ 7.72602223, 48.54052742 ], [ 7.72597071, 48.54048368 ], [ 7.7256165, 48.54018786 ], [ 7.72515748, 48.53980373 ], [ 7.72386611, 48.53872396 ], [ 7.72335283, 48.5382866 ], [ 7.72331848, 48.5382578 ], [ 7.72257815, 48.5376443 ], [ 7.72251082, 48.53759013 ], [ 7.72218612, 48.53733493 ], [ 7.72207001, 48.53724783 ], [ 7.72189389, 48.53712093 ], [ 7.72168054, 48.5369786 ], [ 7.72090883, 48.53649941 ], [ 7.72021312, 48.53605533 ], [ 7.71985639, 48.5358532 ], [ 7.71951389, 48.53568019 ], [ 7.71933771, 48.53559629 ], [ 7.71854137, 48.5352368 ], [ 7.71834683, 48.53515448 ], [ 7.71823387, 48.53511122 ], [ 7.71730398, 48.53476715 ], [ 7.71719018, 48.53472666 ], [ 7.71686645, 48.53461565 ], [ 7.71678459, 48.53458847 ], [ 7.716322, 48.5344385 ], [ 7.71608395, 48.53436766 ], [ 7.71517802, 48.53412026 ], [ 7.71499066, 48.53407284 ], [ 7.71444799, 48.53394498 ], [ 7.71418365, 48.53388949 ], [ 7.71336846, 48.533738 ], [ 7.71300872, 48.53368279 ], [ 7.71246996, 48.53361686 ], [ 7.712171, 48.53356953 ], [ 7.71215398, 48.53356691 ], [ 7.71193299, 48.5335326 ], [ 7.71160875, 48.53349146 ], [ 7.71104718, 48.5334356 ], [ 7.71084151, 48.53341873 ], [ 7.71051476, 48.53339744 ], [ 7.71036304, 48.53338945 ], [ 7.71004958, 48.53337685 ], [ 7.7099451, 48.53337423 ], [ 7.70994154, 48.53337348 ], [ 7.70987322, 48.53337199 ], [ 7.70963967, 48.53336164 ], [ 7.70943752, 48.53335605 ], [ 7.70942993, 48.53335596 ], [ 7.70887568, 48.53335046 ], [ 7.7085724, 48.53333734 ], [ 7.70837761, 48.5333321 ], [ 7.70834042, 48.53333177 ], [ 7.70829552, 48.53333154 ], [ 7.70779988, 48.53330988 ], [ 7.70769396, 48.53330626 ], [ 7.70756849, 48.53330296 ], [ 7.70699573, 48.53326558 ], [ 7.70655941, 48.53323072 ], [ 7.70607716, 48.53316603 ], [ 7.70595408, 48.53314701 ], [ 7.70580361, 48.5331258 ], [ 7.70552603, 48.53309012 ], [ 7.70525284, 48.53303155 ], [ 7.70465082, 48.53287618 ], [ 7.70411637, 48.53273829 ], [ 7.70379182, 48.53263507 ], [ 7.70343448, 48.53251267 ], [ 7.70311339, 48.53238365 ], [ 7.702774, 48.53223204 ], [ 7.7024482, 48.53206898 ], [ 7.70243687, 48.53206247 ], [ 7.70210747, 48.53189145 ], [ 7.70197766, 48.53183062 ], [ 7.70175454, 48.53170217 ], [ 7.70132039, 48.53142975 ], [ 7.70064289, 48.53098153 ], [ 7.70060125, 48.53095453 ], [ 7.70026125, 48.53073589 ], [ 7.70014324, 48.53065486 ], [ 7.70001625, 48.53057166 ], [ 7.69972933, 48.53039122 ], [ 7.69902063, 48.5299107 ], [ 7.69896408, 48.52987308 ], [ 7.69841981, 48.52951838 ], [ 7.69816242, 48.529346 ], [ 7.69804272, 48.52453463 ], [ 7.70048664, 48.52276972 ], [ 7.70075871, 48.51799273 ], [ 7.69689836493769, 48.509371067538368 ], [ 7.696903475790397, 48.509259738617914 ], [ 7.696848001991365, 48.509258587354147 ], [ 7.696836966228801, 48.509233940174092 ], [ 7.696868867920726, 48.5085390232883 ], [ 7.696801252918732, 48.508537619186491 ], [ 7.696807449021382, 48.508402750842357 ], [ 7.69687506384554, 48.508404154940614 ], [ 7.696877120415049, 48.508359202180529 ], [ 7.696944748692919, 48.508360605690662 ], [ 7.69694680437549, 48.508315643952166 ], [ 7.69687918966619, 48.508314239895668 ], [ 7.69688125973773, 48.508269286586632 ], [ 7.696813631582152, 48.508267883039437 ], [ 7.696815700885327, 48.508222920754363 ], [ 7.696748086302002, 48.508221516621418 ], [ 7.696750142975601, 48.508176563860879 ], [ 7.696682528455256, 48.508175159689721 ], [ 7.696686654595396, 48.508085244644818 ], [ 7.696619040197322, 48.508083840436612 ], [ 7.696623166441538, 48.507993925391283 ], [ 7.696629362947269, 48.507859057032519 ], [ 7.69656173534014, 48.507857653338327 ], [ 7.696565875175849, 48.507767737740842 ], [ 7.696574128609466, 48.507587916608976 ], [ 7.696506501361781, 48.507586512882462 ], [ 7.696514767659695, 48.507406682220072 ], [ 7.696525077221742, 48.507181899322696 ], [ 7.696457464020352, 48.507180495019902 ], [ 7.696469857674872, 48.506910758241609 ], [ 7.696537470520606, 48.50691216253729 ], [ 7.696543652788279, 48.506777285706107 ], [ 7.696611278968745, 48.506778689411327 ], [ 7.696613335704463, 48.50673373663188 ], [ 7.696680948320497, 48.506735140844029 ], [ 7.696683018502183, 48.506690187515176 ], [ 7.696615405945422, 48.506688783304213 ], [ 7.696547779883519, 48.506687379601338 ], [ 7.696549849356179, 48.506642417297627 ], [ 7.696482236866117, 48.506641013009023 ], [ 7.696486363234226, 48.506551097925886 ], [ 7.696418750866424, 48.506549693600249 ], [ 7.696420807761884, 48.506504740820837 ], [ 7.69635319545706, 48.50650333645698 ], [ 7.696357322040563, 48.506413421374361 ], [ 7.696289709857999, 48.506412016973457 ], [ 7.69629383654557, 48.506322101890419 ], [ 7.696226224485266, 48.506320697452473 ], [ 7.69623447887794, 48.506140876259224 ], [ 7.696166867058436, 48.506139471786618 ], [ 7.696168923334573, 48.506094510029058 ], [ 7.696101311578058, 48.506093105518232 ], [ 7.696103382242412, 48.506048152190232 ], [ 7.696035757040187, 48.506046748188623 ], [ 7.696037826936341, 48.506001785884578 ], [ 7.696039897652709, 48.505956832556379 ], [ 7.695972272572766, 48.505955428517716 ], [ 7.69597639978069, 48.505865513432482 ], [ 7.69590878833167, 48.505864108809341 ], [ 7.69591498646043, 48.505729240394309 ], [ 7.695847375192934, 48.505727835735335 ], [ 7.695851502601729, 48.5056379206478 ], [ 7.695783891456495, 48.505636515951792 ], [ 7.695785948872342, 48.505591563170128 ], [ 7.695718337790085, 48.505590158435893 ], [ 7.695722465414259, 48.505500243348891 ], [ 7.695654854454255, 48.505498838577616 ], [ 7.6956610396988, 48.505363970707371 ], [ 7.695593428920321, 48.505362565900242 ], [ 7.695595499177034, 48.50531760359398 ], [ 7.695527888461543, 48.505316198748623 ], [ 7.695532016397896, 48.505226283660313 ], [ 7.695464392296187, 48.505224879325311 ], [ 7.695466463484312, 48.505179925995854 ], [ 7.695398852954053, 48.505178521075258 ], [ 7.695400909865641, 48.505133559317123 ], [ 7.695333299398371, 48.505132154358293 ], [ 7.695337428485113, 48.505042248248017 ], [ 7.695269818140089, 48.505040843252146 ], [ 7.695271888667806, 48.504995880946908 ], [ 7.695339498953555, 48.504997285941592 ], [ 7.695341556733663, 48.504952333158386 ], [ 7.69527394650718, 48.504950928164888 ], [ 7.695276017027644, 48.504905965858264 ], [ 7.695208393355757, 48.504904561373884 ], [ 7.695210464755555, 48.504859608044285 ], [ 7.69514285465504, 48.504858202974347 ], [ 7.695144912602101, 48.504813250192569 ], [ 7.695077302564561, 48.504811845084419 ], [ 7.695079373251978, 48.504766882779244 ], [ 7.695081431251074, 48.504721929997253 ], [ 7.695013821335788, 48.504720524852054 ], [ 7.695017950126353, 48.504630609764462 ], [ 7.694950340333321, 48.504629204582223 ], [ 7.694954469227939, 48.504539289494183 ], [ 7.69488685955716, 48.504537884274917 ], [ 7.694888917715971, 48.504492931492969 ], [ 7.694890988555828, 48.504447969186458 ], [ 7.694823379007303, 48.504446563930152 ], [ 7.694827508110027, 48.504356648841245 ], [ 7.694759885175498, 48.504355244095201 ], [ 7.694764028714117, 48.504265337435129 ], [ 7.694696405901853, 48.504263932652037 ], [ 7.694698476901402, 48.504218970345576 ], [ 7.694630867660357, 48.504217564976976 ], [ 7.694634997082485, 48.504127649888183 ], [ 7.69456738796369, 48.504126244482556 ], [ 7.694569446386277, 48.504081291700196 ], [ 7.694573575905213, 48.503991376609562 ], [ 7.694505966967937, 48.503989971168068 ], [ 7.694508038947091, 48.503945017837545 ], [ 7.694440416564638, 48.50394361290509 ], [ 7.694442487775896, 48.503898650598479 ], [ 7.694444546298929, 48.503853697814996 ], [ 7.694376937546877, 48.503852292298255 ], [ 7.694379008810152, 48.503807329991432 ], [ 7.694311400121086, 48.503805924436477 ], [ 7.69431345875541, 48.503760971653954 ], [ 7.694245850129318, 48.503759566060772 ], [ 7.694247908819294, 48.503714613278717 ], [ 7.694180300256177, 48.503713207647323 ], [ 7.694182371686398, 48.503668245341963 ], [ 7.694184430428401, 48.503623292559688 ], [ 7.694116821987534, 48.50362188689126 ], [ 7.69412302373878, 48.503487009496219 ], [ 7.694055415479438, 48.503485603791951 ], [ 7.693987793715775, 48.503484198595487 ], [ 7.693989866129123, 48.503439245266733 ], [ 7.693991925030832, 48.503394292484515 ], [ 7.693924316897437, 48.503392886703786 ], [ 7.693926388539357, 48.503347924398291 ], [ 7.693858780468947, 48.503346518579349 ], [ 7.693860839481944, 48.50330156579809 ], [ 7.69386291117588, 48.503256603492368 ], [ 7.693795289719747, 48.503255198183588 ], [ 7.693797362292739, 48.503210244854905 ], [ 7.693799434862096, 48.503165291525548 ], [ 7.693731813528224, 48.503163886179728 ], [ 7.693733885329823, 48.503118923874283 ], [ 7.693735944443256, 48.503073971091872 ], [ 7.69366833673958, 48.503072565161837 ], [ 7.693670408593192, 48.503027602856179 ], [ 7.693672467758649, 48.502982650073555 ], [ 7.693604860177222, 48.502981244106493 ], [ 7.693606932082848, 48.502936281800622 ], [ 7.693608991300328, 48.502891329017785 ], [ 7.693541383841147, 48.502889923013676 ], [ 7.693543456622143, 48.502844969684155 ], [ 7.693545515068291, 48.502800007924534 ], [ 7.693477907731356, 48.502798601883406 ], [ 7.693479967056509, 48.502753649100825 ], [ 7.693482039062537, 48.502708686793838 ], [ 7.693414431847849, 48.502707280715661 ], [ 7.693416491225024, 48.502662327932875 ], [ 7.693418564106393, 48.502617374602238 ], [ 7.693350957013942, 48.502615968487035 ], [ 7.693353015619822, 48.502571006727464 ], [ 7.693355088553189, 48.502526053396615 ], [ 7.693287481582982, 48.502524647244385 ], [ 7.693289540240897, 48.502479685484602 ], [ 7.693291613226263, 48.502434732153532 ], [ 7.69322399287054, 48.502433326511394 ], [ 7.69322606508825, 48.502388364204265 ], [ 7.693228124617878, 48.502343411420114 ], [ 7.693160517892162, 48.502342005193803 ], [ 7.693162590985161, 48.502297051863032 ], [ 7.693164649743529, 48.502252090102104 ], [ 7.69309704314006, 48.50225068383876 ], [ 7.693099116285057, 48.502205730507782 ], [ 7.693101175095458, 48.502160768746634 ], [ 7.693033568614233, 48.502159362446257 ], [ 7.693035641811227, 48.502114409115066 ], [ 7.693037701496917, 48.502069456330275 ], [ 7.692970095137923, 48.502068049992864 ], [ 7.692972154056016, 48.502023088231994 ], [ 7.692974227301381, 48.501978134899886 ], [ 7.692906621064632, 48.501976728525456 ], [ 7.692908680034757, 48.501931766764358 ], [ 7.692910753332118, 48.501886813432058 ], [ 7.692843147217612, 48.50188540702058 ], [ 7.692845206239769, 48.501840445259269 ], [ 7.692847279589127, 48.501795491926742 ], [ 7.692779673596863, 48.501794085478259 ], [ 7.692781733494258, 48.501749132693291 ], [ 7.692783806072406, 48.501704170383995 ], [ 7.692716186694811, 48.501702764445518 ], [ 7.692720332781952, 48.501612848803774 ], [ 7.692652713526625, 48.501611442828278 ], [ 7.692654787035607, 48.501566489495836 ], [ 7.692656847033422, 48.501521536709738 ], [ 7.692589241407875, 48.501520130150141 ], [ 7.692593374195516, 48.501430215054604 ], [ 7.692525768692211, 48.50142880845798 ], [ 7.692529901583875, 48.501338893362011 ], [ 7.69246229620281, 48.501337486728353 ], [ 7.6924685028562, 48.501202618297505 ], [ 7.692400884149188, 48.501201212175033 ], [ 7.69240503074908, 48.501111296529814 ], [ 7.692337412164331, 48.501109890370294 ], [ 7.692341545360821, 48.50101997527166 ], [ 7.692273940405739, 48.501018568528096 ], [ 7.692278073706253, 48.50092865342905 ], [ 7.692210468873405, 48.500927246648452 ], [ 7.692212542742714, 48.50088229331385 ], [ 7.692144924465474, 48.50088088704203 ], [ 7.692149071488632, 48.500790971396533 ], [ 7.692081453333654, 48.500789565087679 ], [ 7.692085586953487, 48.500699649988768 ], [ 7.692017982428092, 48.500698243095883 ], [ 7.692020056457011, 48.500653289761367 ], [ 7.692022116151946, 48.500608327996545 ], [ 7.691954511748787, 48.500606921066634 ], [ 7.691956585829701, 48.500561967731905 ], [ 7.69195864557666, 48.500517005966877 ], [ 7.691891041295738, 48.500515598999947 ], [ 7.691893115428641, 48.50047064566499 ], [ 7.691895176050656, 48.500425692876334 ], [ 7.691827571068942, 48.500424276895792 ], [ 7.691831705927862, 48.50033437077176 ], [ 7.691764101891406, 48.50033296373077 ], [ 7.691768236031321, 48.500243048629734 ], [ 7.691700632117101, 48.500241641551717 ], [ 7.691704766361032, 48.500151726450262 ], [ 7.691637162569052, 48.500150319335212 ], [ 7.691641296916993, 48.500060404233338 ], [ 7.691573679740094, 48.50005899762818 ], [ 7.691577827699201, 48.499969081978968 ], [ 7.691510210644564, 48.499967675336784 ], [ 7.691514345200554, 48.499877760234064 ], [ 7.69144674177528, 48.49987635300792 ], [ 7.691452950924845, 48.499741484567011 ], [ 7.691385347681064, 48.499740077305027 ], [ 7.691389482437807, 48.499650162200069 ], [ 7.691321879316261, 48.499648754901081 ], [ 7.691326014999926, 48.499558848772288 ], [ 7.691258398493577, 48.499557441983143 ], [ 7.69126253345836, 48.499467526877368 ], [ 7.691194930581271, 48.499466119504291 ], [ 7.691199065650059, 48.499376204398082 ], [ 7.691131462895204, 48.499374796987986 ], [ 7.691135598068, 48.499284881881358 ], [ 7.691067995435377, 48.499283474434236 ], [ 7.691072130712179, 48.499193559327189 ], [ 7.691004528201792, 48.499192151843033 ], [ 7.691008663582598, 48.499102236735581 ], [ 7.690941061194443, 48.499100829214392 ], [ 7.690945197502094, 48.499010923083112 ], [ 7.69087759441333, 48.499009506548312 ], [ 7.690879655867532, 48.498964553756238 ], [ 7.690881730824973, 48.498919600416606 ], [ 7.69081412868127, 48.498918192821378 ], [ 7.690816189364662, 48.498873231052499 ], [ 7.690818264374087, 48.498828277712668 ], [ 7.690750648845778, 48.498826870627241 ], [ 7.690754784642624, 48.498736955518112 ], [ 7.690687182743384, 48.498735547848803 ], [ 7.690691318644229, 48.498645632739269 ], [ 7.690623716867219, 48.49864422503294 ], [ 7.690625792036234, 48.498599271693202 ], [ 7.690558190322192, 48.498597863948682 ], [ 7.690562326438282, 48.498507948839688 ], [ 7.690494711339717, 48.498506541604939 ], [ 7.690498861066562, 48.498416625948728 ], [ 7.690431246090248, 48.498415218676946 ], [ 7.69043332141885, 48.498370265337293 ], [ 7.690365720012235, 48.4983688574805 ], [ 7.690369856447592, 48.498278942371655 ], [ 7.690302255163205, 48.498277534477843 ], [ 7.690304316269999, 48.498232572708645 ], [ 7.690236715048592, 48.498231164776605 ], [ 7.690238777033731, 48.49818621198451 ], [ 7.690171175875289, 48.498184804014258 ], [ 7.690173250600034, 48.498139841699277 ], [ 7.690105649504572, 48.498138433690812 ], [ 7.69011184846685, 48.498003565791976 ], [ 7.690044247552867, 48.498002157747678 ], [ 7.69004632320426, 48.497957204408877 ], [ 7.689978708846626, 48.497955796873121 ], [ 7.68998078373099, 48.497910834558219 ], [ 7.689913182942948, 48.497909426437502 ], [ 7.689915245198979, 48.497864473646437 ], [ 7.689847644473906, 48.497863065487486 ], [ 7.689851781777553, 48.497773150382301 ], [ 7.689784181174708, 48.497771742186345 ], [ 7.689786257044932, 48.49772678884883 ], [ 7.689718642998493, 48.497725381161374 ], [ 7.68972071810173, 48.49768041884775 ], [ 7.689653117624829, 48.497679010575375 ], [ 7.689651042462328, 48.497723972887798 ], [ 7.689583441929882, 48.497722564574843 ], [ 7.689585503645096, 48.497677602810285 ], [ 7.689517903175624, 48.497676194459117 ], [ 7.689522041042816, 48.497586279360213 ], [ 7.689454440695569, 48.497584870972013 ], [ 7.689456516847511, 48.49753991763766 ], [ 7.689388903056718, 48.497538509757923 ], [ 7.689393054645649, 48.49744859411291 ], [ 7.689325440977108, 48.497447186196148 ], [ 7.689327517236644, 48.497402232862093 ], [ 7.689259917137558, 48.49740082436044 ], [ 7.689261979123711, 48.497355862596926 ], [ 7.689194379087606, 48.497354454057074 ], [ 7.689059179026544, 48.497351636859165 ], [ 7.689061242009345, 48.49730668407512 ], [ 7.688993642043637, 48.497305275418249 ], [ 7.688995717766041, 48.497260313111447 ], [ 7.688928104356864, 48.497258904963005 ], [ 7.68893224322533, 48.497168989872911 ], [ 7.688864643444822, 48.497167581140801 ], [ 7.688866720097289, 48.49712262781091 ], [ 7.688799120379754, 48.497121219040608 ], [ 7.68880118275899, 48.497076257281172 ], [ 7.688733583104431, 48.497074848472664 ], [ 7.688735646361732, 48.497029895690346 ], [ 7.688668046770139, 48.497028486843625 ], [ 7.688532847598102, 48.497025669031984 ], [ 7.688536987141309, 48.496935753949167 ], [ 7.688469387679376, 48.496934344986627 ], [ 7.688473527326564, 48.496844429903405 ], [ 7.688405927986856, 48.496843020903839 ], [ 7.688338315144524, 48.49684161241143 ], [ 7.688340392245529, 48.496796659086179 ], [ 7.688272792972501, 48.496795250009008 ], [ 7.688274855800456, 48.496750288254169 ], [ 7.688207256590408, 48.496748879138792 ], [ 7.68820933380263, 48.496703925814529 ], [ 7.688141721149244, 48.496702517207467 ], [ 7.688143797594769, 48.496657554907088 ], [ 7.688076198510665, 48.496656145715285 ], [ 7.688078262327823, 48.496611192938524 ], [ 7.687943064289263, 48.496608374439113 ], [ 7.687938923730303, 48.49669828951032 ], [ 7.687803725469604, 48.4966954708486 ], [ 7.687805788705133, 48.496650509100647 ], [ 7.68773818963962, 48.496649099711874 ], [ 7.687670590577826, 48.496647690283702 ], [ 7.68767265475048, 48.496602737514038 ], [ 7.687605055751648, 48.496601328047667 ], [ 7.687611274615905, 48.496466459668511 ], [ 7.687543662292295, 48.496465050712757 ], [ 7.687408463846562, 48.496462222613516 ], [ 7.687410541747941, 48.49641726929935 ], [ 7.687342929494763, 48.496415860226577 ], [ 7.687275330751542, 48.496414450567954 ], [ 7.687277408767783, 48.4963694972555 ], [ 7.687209810087528, 48.496368087558686 ], [ 7.687142197904762, 48.496366678368886 ], [ 7.687144275213731, 48.496321716081482 ], [ 7.687076676600173, 48.496320306307048 ], [ 7.687009064484122, 48.496318897039629 ], [ 7.687011142730079, 48.496273943730543 ], [ 7.686943544183209, 48.496272533878525 ], [ 7.686740734236645, 48.496268295655817 ], [ 7.686742812715956, 48.496223342350781 ], [ 7.686675214243222, 48.496221932342365 ], [ 7.686677279271952, 48.496176979584192 ], [ 7.686609680862183, 48.496175569537549 ], [ 7.686542082456136, 48.496174159451527 ], [ 7.68654414677771, 48.496129197718403 ], [ 7.686476548434641, 48.496127787594176 ], [ 7.686408950095291, 48.496126377430535 ], [ 7.686411015353758, 48.496081424675715 ], [ 7.686275818804716, 48.496078604232643 ], [ 7.686273753427761, 48.496123556985118 ], [ 7.686341351759665, 48.49612496722753 ], [ 7.686339272932148, 48.496169920526803 ], [ 7.686406871327021, 48.496171330731016 ], [ 7.686404806883295, 48.496216292461092 ], [ 7.686472405341147, 48.496217702627092 ], [ 7.68654000380272, 48.496219112753693 ], [ 7.686537938651864, 48.496264065508797 ], [ 7.686605537176407, 48.496265475597205 ], [ 7.686603459396989, 48.496310437875785 ], [ 7.686671071490728, 48.496311847379609 ], [ 7.686668992944889, 48.496356800682065 ], [ 7.686736591595374, 48.496358210694048 ], [ 7.686804190249579, 48.496359620666638 ], [ 7.686802126146898, 48.496404582401027 ], [ 7.686869724864083, 48.496405992335411 ], [ 7.686937323584986, 48.496407402230375 ], [ 7.686935258775105, 48.496452354989813 ], [ 7.687002857558979, 48.496453764846599 ], [ 7.687070456346568, 48.496455174663964 ], [ 7.687068378967415, 48.496500136948093 ], [ 7.687135991324245, 48.496501546180859 ], [ 7.687203590178534, 48.496502955920633 ], [ 7.687201512092121, 48.496547909229825 ], [ 7.68726912451565, 48.496549318384972 ], [ 7.687336723436626, 48.496550728047126 ], [ 7.68733464628724, 48.496595690334637 ], [ 7.687402245271193, 48.496597099958606 ], [ 7.687469857765149, 48.496598508996719 ], [ 7.687467779908459, 48.496643462309287 ], [ 7.687535378959096, 48.496644871855644 ], [ 7.687602978013452, 48.496646281362615 ], [ 7.687600914600136, 48.496691243107016 ], [ 7.687668513717469, 48.49669265257576 ], [ 7.687736112838526, 48.496694062005119 ], [ 7.687734048717865, 48.496739014774576 ], [ 7.687869247089623, 48.496741833517476 ], [ 7.687867183906099, 48.496786795265216 ], [ 7.687934783156815, 48.496788204578763 ], [ 7.687932705700314, 48.496833157896873 ], [ 7.688000305013996, 48.496834567172215 ], [ 7.687998241119448, 48.496879519944301 ], [ 7.688065840496097, 48.49688092918143 ], [ 7.688133440698777, 48.496882347355779 ], [ 7.688131376919104, 48.496927300129549 ], [ 7.688198976362454, 48.496928709289065 ], [ 7.688196899132028, 48.496973662609847 ], [ 7.688264512144716, 48.496975071184622 ], [ 7.688266575809515, 48.496930118409189 ], [ 7.688334175260296, 48.49693152748992 ], [ 7.688332111654746, 48.496976480266532 ], [ 7.688399711168491, 48.496977889309044 ], [ 7.688397634934545, 48.497022851609337 ], [ 7.68846524801766, 48.497024260067072 ], [ 7.688463171016963, 48.497069213391221 ], [ 7.688530770656653, 48.497070622357327 ], [ 7.688528708040361, 48.497115584112009 ], [ 7.688596307743032, 48.497116993039917 ], [ 7.688663907449419, 48.497118401928404 ], [ 7.688661844125616, 48.49716335470815 ], [ 7.688729443894968, 48.49716476355843 ], [ 7.688727367942785, 48.497209725861879 ], [ 7.688794981281547, 48.49721113412734 ], [ 7.688792904562559, 48.497256087454666 ], [ 7.688860504457852, 48.497257496228528 ], [ 7.688858442123371, 48.497302457986343 ], [ 7.688926042081643, 48.497303866721992 ], [ 7.688923965473879, 48.497348820050306 ], [ 7.68899156549512, 48.497350228747749 ], [ 7.688989502449439, 48.497395181529932 ], [ 7.689057102533646, 48.497396590189162 ], [ 7.689055040366076, 48.497441551948427 ], [ 7.68912264051326, 48.497442960569465 ], [ 7.689190240664159, 48.497444369151076 ], [ 7.689188164282486, 48.49748932248206 ], [ 7.689255778002852, 48.497490730478823 ], [ 7.689251626169618, 48.497580646117683 ], [ 7.689319240012234, 48.497582054077419 ], [ 7.689317164560686, 48.497627016385302 ], [ 7.689384764959759, 48.497628424853474 ], [ 7.689382702247833, 48.49767337763857 ], [ 7.68945030270987, 48.497674786068536 ], [ 7.689446164709648, 48.497764701162296 ], [ 7.689513765293913, 48.497766109555229 ], [ 7.689581365881894, 48.497767517908791 ], [ 7.689579303336851, 48.497812470695337 ], [ 7.689646903987802, 48.497813879010678 ], [ 7.689642766321341, 48.497903794107366 ], [ 7.68971036709452, 48.497905202385681 ], [ 7.689708305479713, 48.497950164149088 ], [ 7.689775906315867, 48.497951572389198 ], [ 7.689771768042047, 48.498041478509847 ], [ 7.68983936900042, 48.498042886712916 ], [ 7.689837293986615, 48.498087849023356 ], [ 7.68990490851462, 48.498089256641485 ], [ 7.689902832733811, 48.498134209975809 ], [ 7.689970433818128, 48.498135618102459 ], [ 7.690038034906159, 48.498137026189703 ], [ 7.690033897899971, 48.498226941290874 ], [ 7.69010151261692, 48.498228348794342 ], [ 7.69009736220804, 48.498318264441863 ], [ 7.690164977047242, 48.498319671908298 ], [ 7.690160840249069, 48.498409587008638 ], [ 7.69022844170379, 48.498410994984816 ], [ 7.690226366193792, 48.498455948320206 ], [ 7.690293967711481, 48.498457356258172 ], [ 7.690287769996387, 48.498592233123389 ], [ 7.690355371695571, 48.498593641025501 ], [ 7.690351234386659, 48.498683547147991 ], [ 7.690418836208064, 48.498684955013083 ], [ 7.69041469982588, 48.498774870111767 ], [ 7.690482301769515, 48.498776277939832 ], [ 7.690480240797036, 48.498821239704199 ], [ 7.690547842803648, 48.498822647494059 ], [ 7.690543706636736, 48.49891256259329 ], [ 7.690611308765583, 48.498913970346116 ], [ 7.690607171879892, 48.499003876468343 ], [ 7.690674774130959, 48.499005284184143 ], [ 7.690670638172048, 48.499095199282536 ], [ 7.690738240545348, 48.499096606961302 ], [ 7.690734104690442, 48.499186522059297 ], [ 7.690801707185976, 48.499187929701037 ], [ 7.690797571435072, 48.499277844798605 ], [ 7.690865174052838, 48.499279252403319 ], [ 7.690861038405939, 48.499369167500468 ], [ 7.690928654652917, 48.499370574521315 ], [ 7.690924505603046, 48.499460490164893 ], [ 7.690992121972281, 48.499461897148699 ], [ 7.690987985710563, 48.499551803268425 ], [ 7.691055588695018, 48.499553210762045 ], [ 7.691051453360159, 48.499643125857943 ], [ 7.691119056466851, 48.499644533314552 ], [ 7.691112847273028, 48.499779410718439 ], [ 7.691180450561225, 48.499780818139207 ], [ 7.691176314604219, 48.499870724256283 ], [ 7.691243931521745, 48.49987213109312 ], [ 7.691239796491665, 48.499962046186376 ], [ 7.69130740002432, 48.499963453533063 ], [ 7.691303265098251, 48.500053368625885 ], [ 7.691370868753142, 48.50005477593556 ], [ 7.69136673393108, 48.50014469102797 ], [ 7.691434337708211, 48.500146098300604 ], [ 7.691432263185932, 48.5001910516321 ], [ 7.69149988053322, 48.500192458319624 ], [ 7.691495732419236, 48.500282373959493 ], [ 7.691563349888787, 48.500283780609976 ], [ 7.691559215386031, 48.500373695702514 ], [ 7.691626819470604, 48.500375102862868 ], [ 7.691624745107933, 48.500420056194464 ], [ 7.691692349255474, 48.500421463316627 ], [ 7.691690289278673, 48.500466425078329 ], [ 7.691757893489194, 48.500467832162272 ], [ 7.69175583274504, 48.500512784947887 ], [ 7.691688214967986, 48.500511378409698 ], [ 7.691684080665992, 48.500601293499997 ], [ 7.691751685054298, 48.5006027005875 ], [ 7.691749624299272, 48.500647653371026 ], [ 7.691817229573568, 48.500649069396879 ], [ 7.691813094663849, 48.500738975511155 ], [ 7.691880699237367, 48.500740382523411 ], [ 7.691876565254685, 48.500830297613838 ], [ 7.691944169950441, 48.500831704589054 ], [ 7.691937975469175, 48.500966572461245 ], [ 7.692005580346426, 48.500967979400613 ], [ 7.692001446564539, 48.50105789448881 ], [ 7.69206905156403, 48.501059301391152 ], [ 7.692064917886162, 48.501149216478915 ], [ 7.692132523007895, 48.501150623344223 ], [ 7.692128389434046, 48.501240538431567 ], [ 7.692195994678022, 48.501241945259842 ], [ 7.692191861208193, 48.501331860346767 ], [ 7.692259466574408, 48.501333267138023 ], [ 7.69225740623551, 48.501378219919822 ], [ 7.692325011664697, 48.501379626672851 ], [ 7.692320878410178, 48.501469541760322 ], [ 7.692388483961606, 48.501470948476324 ], [ 7.69238435081111, 48.501560863563355 ], [ 7.69245195648478, 48.501562270242346 ], [ 7.692447823438306, 48.501652185328965 ], [ 7.692515429234221, 48.5016535919709 ], [ 7.692511296291773, 48.501743507057085 ], [ 7.69257890220993, 48.501744913662009 ], [ 7.692574768548335, 48.50183481977119 ], [ 7.692642388096333, 48.501836225792026 ], [ 7.692638255361959, 48.501926140877373 ], [ 7.69270586152459, 48.501927547408222 ], [ 7.692701728894241, 48.502017462493136 ], [ 7.692769335179117, 48.502018868986944 ], [ 7.692767261752332, 48.502063822314781 ], [ 7.69283488160785, 48.502065228223309 ], [ 7.69282660325557, 48.502245058938506 ], [ 7.692894223351913, 48.502246464812352 ], [ 7.69289007751867, 48.502336380441683 ], [ 7.69295769773728, 48.502337786278495 ], [ 7.692953565515807, 48.502427701360318 ], [ 7.693021172348922, 48.502429107707179 ], [ 7.69301704023148, 48.502519022788569 ], [ 7.693084647186842, 48.502520429098396 ], [ 7.693082574016414, 48.502565382424493 ], [ 7.693150194542546, 48.502566788149011 ], [ 7.69314604913261, 48.502656703778037 ], [ 7.69321366978101, 48.502658109465521 ], [ 7.693209537982929, 48.50274802454701 ], [ 7.693277145245756, 48.502749430744558 ], [ 7.693270940533649, 48.502884299150409 ], [ 7.693338547977988, 48.502885705312103 ], [ 7.69333441638071, 48.502975620391354 ], [ 7.693402037455198, 48.502977025968889 ], [ 7.693397892454052, 48.503066941594831 ], [ 7.693465513650811, 48.503068347135326 ], [ 7.693461367930333, 48.503158253784306 ], [ 7.693528989249352, 48.503159659287761 ], [ 7.693524857964204, 48.503249574365711 ], [ 7.693592465897522, 48.503250980379278 ], [ 7.693588334716415, 48.503340895456802 ], [ 7.693655942771983, 48.503342301433328 ], [ 7.693651811694912, 48.50343221651044 ], [ 7.69371941987273, 48.50343362244994 ], [ 7.693717360730343, 48.503478575226737 ], [ 7.693715288899699, 48.503523537526597 ], [ 7.693782897199766, 48.503524943429071 ], [ 7.693780838109404, 48.503569896205654 ], [ 7.693778766330775, 48.503614858505294 ], [ 7.693846374753091, 48.503616264370734 ], [ 7.693844315714758, 48.503661217147112 ], [ 7.693842243164715, 48.503706170469982 ], [ 7.693909851709276, 48.503707576298382 ], [ 7.693907793546401, 48.503752538051096 ], [ 7.693903662878252, 48.503842453125067 ], [ 7.693971271604338, 48.503843858917612 ], [ 7.693967141040231, 48.503933773991143 ], [ 7.694034749888568, 48.503935179746669 ], [ 7.694032691002702, 48.503980132521697 ], [ 7.694100299914009, 48.503981538238989 ], [ 7.694098227575622, 48.504026491561703 ], [ 7.694165836549907, 48.504027897240782 ], [ 7.694161706312428, 48.504117812315826 ], [ 7.694229328917165, 48.50411921741064 ], [ 7.694227257509919, 48.504164179710187 ], [ 7.694225185275536, 48.504209133032475 ], [ 7.694292808002546, 48.504210538090248 ], [ 7.69429073582381, 48.504255491413026 ], [ 7.694286605787184, 48.504345406485804 ], [ 7.694354215187495, 48.504346812054955 ], [ 7.694352157388915, 48.504391773806134 ], [ 7.694419766852211, 48.504393179337072 ], [ 7.694417694777483, 48.504438132659438 ], [ 7.694485317812031, 48.504439537604888 ], [ 7.694481174593768, 48.504529453226418 ], [ 7.694548797750598, 48.504530858134842 ], [ 7.694546725783518, 48.504575811457471 ], [ 7.694544668144687, 48.504620773208678 ], [ 7.694612277915466, 48.504622178627322 ], [ 7.694610206000394, 48.504667131949745 ], [ 7.694608148413606, 48.504712093700732 ], [ 7.694675758306638, 48.504713499082328 ], [ 7.694671628085244, 48.504803405178762 ], [ 7.694739238100519, 48.504804810523339 ], [ 7.69473510880676, 48.504894725595882 ], [ 7.694802718944292, 48.504896130903411 ], [ 7.694800661517258, 48.504941092654441 ], [ 7.694868271717778, 48.504942497923757 ], [ 7.694866200014371, 48.504987451246024 ], [ 7.694864142639382, 48.505032412996826 ], [ 7.694931752962156, 48.505033818229116 ], [ 7.69492968131076, 48.505078771551155 ], [ 7.694927623164179, 48.505123724325195 ], [ 7.694995233609198, 48.505125129520437 ], [ 7.694993162833456, 48.505170091818826 ], [ 7.695060786849927, 48.505171496428517 ], [ 7.695056658090952, 48.505261411501685 ], [ 7.695124268721216, 48.505262816621673 ], [ 7.695120139242624, 48.505352722717845 ], [ 7.695187749995131, 48.5053541278008 ], [ 7.695183621444268, 48.505444042873087 ], [ 7.695251232319032, 48.505445447919001 ], [ 7.695249175263562, 48.505490409669875 ], [ 7.695247103872227, 48.505535362990862 ], [ 7.69531471486925, 48.505536767999743 ], [ 7.695312657865826, 48.505581729750375 ], [ 7.695380268925837, 48.505583134721036 ], [ 7.695376139870681, 48.50567304081688 ], [ 7.695443751052939, 48.505674445750493 ], [ 7.695439622925566, 48.505764360822432 ], [ 7.69550723423008, 48.505765765719012 ], [ 7.695503106206767, 48.505855680790525 ], [ 7.69557071763354, 48.505857085650078 ], [ 7.695568660018172, 48.505902038423983 ], [ 7.69556658971429, 48.505947000721136 ], [ 7.695634201263323, 48.505948405543634 ], [ 7.695630073448132, 48.506038320614259 ], [ 7.695697685119423, 48.506039725399745 ], [ 7.695693556584509, 48.506129631493394 ], [ 7.695761181886757, 48.506131035694409 ], [ 7.695759111742587, 48.506175997991605 ], [ 7.695757040770979, 48.506220951311576 ], [ 7.695824666195515, 48.506222355475551 ], [ 7.695820538692537, 48.506312270544868 ], [ 7.695818468593132, 48.506357232840436 ], [ 7.695886080690478, 48.50635863751598 ], [ 7.695879895918277, 48.506493505354157 ], [ 7.695947508197156, 48.506494909993833 ], [ 7.695945437377969, 48.50653986331244 ], [ 7.695939252740153, 48.506674731145743 ], [ 7.696006865259832, 48.506676135750752 ], [ 7.696002738040074, 48.50676605081312 ], [ 7.696070350682016, 48.506767455381102 ], [ 7.696066223566325, 48.506857370443036 ], [ 7.696133836330529, 48.506858774973956 ], [ 7.696131779169047, 48.506903727743072 ], [ 7.696123511607893, 48.507083558407928 ], [ 7.696191124672191, 48.50708496290536 ], [ 7.696184940615363, 48.507219830727585 ], [ 7.696176686698853, 48.507399660830075 ], [ 7.696244300181798, 48.507401065296385 ], [ 7.696242229586417, 48.507446018606899 ], [ 7.696236046444454, 48.507580895392358 ], [ 7.696303660168227, 48.507582299823994 ], [ 7.696301589617605, 48.507627253132895 ], [ 7.696233975834561, 48.507625848700073 ], [ 7.696229848936905, 48.507715763742453 ], [ 7.696297462838507, 48.507717168177635 ], [ 7.696293336044924, 48.507807083219568 ], [ 7.696283011831021, 48.508031866597605 ], [ 7.696350639660493, 48.50803327045417 ], [ 7.69634856913287, 48.508078223757238 ], [ 7.69628095475333, 48.508076819352013 ], [ 7.696274757304014, 48.508211687682497 ], [ 7.696342371861392, 48.508213092091268 ], [ 7.696338245106682, 48.508303007120126 ], [ 7.696405873295602, 48.508304410944376 ], [ 7.696405131597246, 48.508320519074573 ], [ 7.696397242084458, 48.508394233240168 ], [ 7.69633411833748, 48.508392922146172 ], [ 7.696329991553799, 48.508482837169424 ], [ 7.696327934499223, 48.508527789917984 ], [ 7.696317610291886, 48.508752573245772 ], [ 7.696358797949249, 48.508753428722152 ], [ 7.69575436, 48.51440088 ], [ 7.69703531, 48.51705436 ], [ 7.69470311, 48.52031419 ], [ 7.69168139, 48.52705163 ], [ 7.688456045016168, 48.526604220475519 ], [ 7.688456751730215, 48.526588824743278 ], [ 7.688389113127355, 48.526587415747763 ], [ 7.688388767874828, 48.526594888005981 ], [ 7.68533789, 48.52617168 ], [ 7.67527755, 48.52367732 ], [ 7.65488199, 48.52393863 ], [ 7.654922903757301, 48.52431008438387 ], [ 7.654439179040052, 48.524299858063166 ], [ 7.654371544402852, 48.524298429243224 ], [ 7.65383043959651, 48.52428698937306 ], [ 7.653832548100548, 48.524242037077187 ], [ 7.653764912739907, 48.524240598926923 ], [ 7.653359078527937, 48.524232024143316 ], [ 7.653291443193819, 48.524230585717149 ], [ 7.652885608323915, 48.524222000301194 ], [ 7.652887717654608, 48.524177048021514 ], [ 7.652820083222902, 48.52417561829742 ], [ 7.652481883276653, 48.524168461193703 ], [ 7.652414248867618, 48.524167031233119 ], [ 7.652211332149244, 48.5241627416572 ], [ 7.652213441252894, 48.524117780412105 ], [ 7.652145806918286, 48.524116350295046 ], [ 7.651807607457691, 48.524109191226422 ], [ 7.651739973145758, 48.524107760872873 ], [ 7.651469421605571, 48.52410203063004 ], [ 7.651471532174397, 48.524057078374305 ], [ 7.651403897940677, 48.524055647824895 ], [ 7.651200980932002, 48.524051347505612 ], [ 7.651133333199494, 48.524049917340754 ], [ 7.650930430566389, 48.524045624983017 ], [ 7.650932527275862, 48.524000664301639 ], [ 7.650864893131701, 48.523999233438104 ], [ 7.650661977208, 48.523994941153184 ], [ 7.650594343078962, 48.523993510132001 ], [ 7.650459074016075, 48.523990638994569 ], [ 7.650461171953254, 48.523945687297662 ], [ 7.650393537894872, 48.523944256159425 ], [ 7.650190621412418, 48.523939954073548 ], [ 7.650122987369169, 48.523938522777655 ], [ 7.649987705780119, 48.523935660609709 ], [ 7.649989816826604, 48.523890699401619 ], [ 7.649922182854016, 48.523889267988686 ], [ 7.649786901406298, 48.52388640558663 ], [ 7.649719267445051, 48.523884974055456 ], [ 7.649583998717914, 48.523882101898039 ], [ 7.649586097418736, 48.523837150215321 ], [ 7.649518463528152, 48.523835718567113 ], [ 7.649315547549275, 48.523831414951154 ], [ 7.649247913673825, 48.523829983145276 ], [ 7.649180279802161, 48.523828551299971 ], [ 7.649182378855151, 48.523783599623769 ], [ 7.649114744230669, 48.52378215876346 ], [ 7.648979476624888, 48.523779294878203 ], [ 7.648911829313805, 48.52377786341841 ], [ 7.648776561730719, 48.523774999296656 ], [ 7.648778660320025, 48.523730038650136 ], [ 7.648711026593473, 48.523728606531336 ], [ 7.648575759151715, 48.523725742175515 ], [ 7.648508111922658, 48.523724310480389 ], [ 7.64844047739545, 48.523722869227129 ], [ 7.648442590607302, 48.523677917020812 ], [ 7.648374943445139, 48.523676485248053 ], [ 7.648239675344096, 48.523673611523662 ], [ 7.648172041707138, 48.523672179090752 ], [ 7.648104394560118, 48.523670747160303 ], [ 7.648106508064819, 48.523625794959315 ], [ 7.648038874494731, 48.523624362448786 ], [ 7.647903593036388, 48.523621488874511 ], [ 7.647835959477663, 48.523620056245733 ], [ 7.647768325922724, 48.523618623577541 ], [ 7.647770426206434, 48.523573671923735 ], [ 7.64770279189893, 48.523572230240511 ], [ 7.647567524926609, 48.523569364709473 ], [ 7.647499877932301, 48.523567932426623 ], [ 7.647432244455601, 48.523566499562563 ], [ 7.647434357730367, 48.523521538395428 ], [ 7.647366724316769, 48.523520105493176 ], [ 7.647231443987113, 48.52351724011217 ], [ 7.64716381058487, 48.523515807091663 ], [ 7.647096176370867, 48.523514365054915 ], [ 7.64709827724027, 48.523469413411703 ], [ 7.647030643904913, 48.523467980313562 ], [ 7.646963010573343, 48.523466547176021 ], [ 7.646895363731754, 48.523465114540791 ], [ 7.646827729592253, 48.523463672347582 ], [ 7.646829844208991, 48.523418720166752 ], [ 7.646762210948094, 48.523417286912164 ], [ 7.646626930108399, 48.523414411849615 ], [ 7.64655929685887, 48.523412978476792 ], [ 7.646491663613129, 48.523411545064548 ], [ 7.646493765008915, 48.523366593430737 ], [ 7.646426131826264, 48.523365159980294 ], [ 7.646358497831982, 48.52336371751359 ], [ 7.646290851143132, 48.523362284525966 ], [ 7.646223217971851, 48.523360850957268 ], [ 7.646225333114949, 48.523315898785896 ], [ 7.646157700006759, 48.523314465178998 ], [ 7.646090052573216, 48.523313023097479 ], [ 7.645887153282763, 48.523308721922049 ], [ 7.645889254389595, 48.523263761320798 ], [ 7.645821621359669, 48.523262327518033 ], [ 7.645753988333524, 48.523260893675847 ], [ 7.645686341797413, 48.523259460335844 ], [ 7.645618708778846, 48.523258026414837 ], [ 7.645620823633016, 48.523213065276096 ], [ 7.645553190677554, 48.523211631316883 ], [ 7.645485544212128, 48.523210197859804 ], [ 7.645417911264241, 48.523208763821764 ], [ 7.645350278320141, 48.523207329744302 ], [ 7.645352393407875, 48.523162368609711 ], [ 7.645284747013142, 48.523160935035584 ], [ 7.645149481262513, 48.523158066686008 ], [ 7.645081848392882, 48.5231566324521 ], [ 7.645014201198123, 48.523155189743427 ], [ 7.645016317393926, 48.523110237591027 ], [ 7.644948684591188, 48.523108803279491 ], [ 7.644881038278507, 48.523107369470033 ], [ 7.644813404668203, 48.523105926102836 ], [ 7.644745771876843, 48.523104491673053 ], [ 7.644747888306163, 48.523059539524795 ], [ 7.644680242064177, 48.523058105598281 ], [ 7.644612609339696, 48.523056671090878 ], [ 7.644544975803909, 48.523055227567205 ], [ 7.644477343087019, 48.523053792980996 ], [ 7.644479446236148, 48.523008841378292 ], [ 7.644411813582352, 48.523007406753862 ], [ 7.644276533957369, 48.523004528951333 ], [ 7.644208901314951, 48.523003094208647 ], [ 7.644141268676321, 48.523001659426569 ], [ 7.644143385631988, 48.522956707287783 ], [ 7.644075738727748, 48.522955264032035 ], [ 7.644008106156011, 48.522953829172323 ], [ 7.643940473588067, 48.522952394273197 ], [ 7.643872841023913, 48.522950959334665 ], [ 7.643874943884433, 48.522905998764536 ], [ 7.643807311383385, 48.522904563787783 ], [ 7.64367203287897, 48.522901694257406 ], [ 7.643604400389291, 48.522900259162405 ], [ 7.643606516997069, 48.522855298055042 ], [ 7.643538884570497, 48.522853862921856 ], [ 7.643471238634041, 48.522852428290584 ], [ 7.643403606215047, 48.522850993078563 ], [ 7.643268327059896, 48.522848114100718 ], [ 7.643270444775423, 48.522803161975546 ], [ 7.64320281242712, 48.522801726646492 ], [ 7.643135180082608, 48.522800291278031 ], [ 7.64306753422822, 48.522798856411434 ], [ 7.642999901076471, 48.522797411987277 ], [ 7.643002019025509, 48.52275245986624 ], [ 7.642934373238032, 48.522751024922009 ], [ 7.642866740967996, 48.52274958939708 ], [ 7.642799107886974, 48.522748144855896 ], [ 7.642731475624537, 48.522746709252154 ], [ 7.64273358029344, 48.522701757676494 ], [ 7.642665948094097, 48.522700322034552 ], [ 7.642598315083802, 48.522698877376321 ], [ 7.642530682892055, 48.522697441655552 ], [ 7.642463037190454, 48.522696006436568 ], [ 7.642465155606519, 48.522651054323809 ], [ 7.642397523481661, 48.522649618525421 ], [ 7.642262244914995, 48.522646738374718 ], [ 7.642194612801523, 48.522645302458074 ], [ 7.642126980691844, 48.522643866502015 ], [ 7.642129085072438, 48.522598905958922 ], [ 7.642061453025866, 48.522597469964666 ], [ 7.641926188944098, 48.522594597857903 ], [ 7.641858543395282, 48.522593162286555 ], [ 7.641860661523062, 48.522548201206419 ], [ 7.641793029550978, 48.522546765055722 ], [ 7.641657752104571, 48.522543893177193 ], [ 7.641590120143865, 48.522542456908255 ], [ 7.641592238505197, 48.522497495832262 ], [ 7.641524593093998, 48.522496060066217 ], [ 7.641389329310183, 48.522493187333673 ], [ 7.641321696609446, 48.522491741931418 ], [ 7.641323802505256, 48.522446790377515 ], [ 7.641256170682149, 48.522445353913916 ], [ 7.640985629099601, 48.522439599229571 ], [ 7.640917997295475, 48.522438162568911 ], [ 7.640920103543415, 48.522393211021523 ], [ 7.640852470987952, 48.52239176534578 ], [ 7.640784839250726, 48.522390328607507 ], [ 7.640717207517297, 48.522388891829806 ], [ 7.640719313939447, 48.522343940285332 ], [ 7.640651681454718, 48.522342494492555 ], [ 7.640516418125462, 48.522339620742521 ], [ 7.640448772952954, 48.522338184349358 ], [ 7.640381141297816, 48.52233674737581 ], [ 7.640383260711997, 48.522291786318796 ], [ 7.640315629119968, 48.522290349307056 ], [ 7.64018035243373, 48.522287475706257 ], [ 7.640112720853086, 48.522286038576254 ], [ 7.640045088461946, 48.522284592429962 ], [ 7.640047195469733, 48.522239640896125 ], [ 7.639979563955993, 48.522238203688509 ], [ 7.639911932446052, 48.522236766441495 ], [ 7.639844286612095, 48.522235320719069 ], [ 7.639709023611213, 48.522232446027935 ], [ 7.639711144425363, 48.52218749395854 ], [ 7.639643498662158, 48.52218604811906 ], [ 7.639575867230517, 48.522184610676177 ], [ 7.639508235802676, 48.522183173193881 ], [ 7.639440590865092, 48.522181736213028 ], [ 7.639442711098565, 48.522136775170871 ], [ 7.639375079737634, 48.522135337610962 ], [ 7.639239803513623, 48.522132462913717 ], [ 7.639172172164081, 48.522131025235566 ], [ 7.63910454000421, 48.522129578541112 ], [ 7.639106647831147, 48.522084627022025 ], [ 7.639039016548509, 48.522083189266255 ], [ 7.63897138526967, 48.52208175147107 ], [ 7.638903753994629, 48.522080313636479 ], [ 7.63883610839579, 48.522078867326357 ], [ 7.638838229969751, 48.522033915270598 ], [ 7.638770598761619, 48.522032477358387 ], [ 7.638702967557281, 48.522031039406762 ], [ 7.638635322029195, 48.522029592979585 ], [ 7.638500059639537, 48.52202671687926 ], [ 7.638502181506296, 48.521981764828865 ], [ 7.638434536048958, 48.521980318284655 ], [ 7.63836690492294, 48.521978880137162 ], [ 7.638299273800718, 48.52197744195027 ], [ 7.638163998054166, 48.521974565998953 ], [ 7.638166119399775, 48.521929604977018 ], [ 7.63809848834826, 48.521928166673092 ], [ 7.637895580889113, 48.521923843088629 ], [ 7.637827949852803, 48.521922404627055 ], [ 7.637692674278098, 48.521919528126318 ], [ 7.63769479684907, 48.52187457608909 ], [ 7.6376271650696, 48.521873128533578 ], [ 7.637221351515058, 48.521864488338608 ], [ 7.637153720576072, 48.521863049484104 ], [ 7.63715584361775, 48.521818097455863 ], [ 7.637088198414629, 48.521816650126851 ], [ 7.636885292296336, 48.52181233375282 ], [ 7.636682398912021, 48.521808007506614 ], [ 7.63661475454929, 48.521806568878546 ], [ 7.636547123703832, 48.521805129670533 ], [ 7.636549246461858, 48.521760168675641 ], [ 7.636211078261073, 48.521752963614055 ], [ 7.63607580322476, 48.521750085228568 ], [ 7.635534728631518, 48.521738551075202 ], [ 7.635399467184755, 48.521735671360979 ], [ 7.634790748695455, 48.521722694363199 ], [ 7.6345202116578, 48.521716924606267 ], [ 7.633370434322686, 48.521692407189811 ], [ 7.633368307963717, 48.521737359150627 ], [ 7.632827234115081, 48.521725812374626 ], [ 7.632759603482783, 48.521724370959475 ] ], [ [ 7.736443497857425, 48.543462671107854 ], [ 7.73644553460834, 48.543417717627484 ], [ 7.736513196757656, 48.543419098610372 ], [ 7.736511173584224, 48.543464051539743 ], [ 7.736443497857425, 48.543462671107854 ] ], [ [ 7.734569467862531, 48.673241154444874 ], [ 7.735332311872393, 48.674380425460761 ], [ 7.735332259062824, 48.674381588143376 ], [ 7.735264423403184, 48.6743802065374 ], [ 7.735254222680187, 48.674604971653928 ], [ 7.735186373173019, 48.674603590554582 ], [ 7.735182301371111, 48.674693501647482 ], [ 7.735180258271611, 48.674738452980861 ], [ 7.735112422141963, 48.674737071286479 ], [ 7.735108336646269, 48.674826982924195 ], [ 7.735106293476312, 48.674871934254007 ], [ 7.735038457171323, 48.674870552516602 ], [ 7.735034371534703, 48.674960464147162 ], [ 7.734966535114043, 48.674959082367906 ], [ 7.734962449343686, 48.675048993992903 ], [ 7.734894612807352, 48.675047612171781 ], [ 7.734892569440405, 48.675092563494047 ], [ 7.734824719295084, 48.675091182184154 ], [ 7.734822676698252, 48.675136142480184 ], [ 7.734754840049915, 48.675134760577642 ], [ 7.734752796556428, 48.675179711895971 ], [ 7.734684959852093, 48.675178329952743 ], [ 7.734682916295339, 48.675223281269105 ], [ 7.734615065981986, 48.675221899837084 ], [ 7.734613036748351, 48.675266859575281 ], [ 7.734409499204284, 48.675262714486585 ], [ 7.734407455401639, 48.675307665796659 ], [ 7.734136080857631, 48.675302138085584 ], [ 7.734134036812698, 48.675347089390186 ], [ 7.7339304989877, 48.675342943464138 ], [ 7.733862662088756, 48.675341561041833 ], [ 7.733864706372387, 48.675296609741892 ], [ 7.733796855983727, 48.675295227833033 ], [ 7.733729005598745, 48.675293845884603 ], [ 7.733661168770486, 48.675292463344853 ], [ 7.733663212396354, 48.675247503071901 ], [ 7.733595362078407, 48.675246121045561 ], [ 7.733527525317178, 48.675244738427907 ], [ 7.733459675006578, 48.675243356322497 ], [ 7.733461719641058, 48.675198405027956 ], [ 7.733393869393808, 48.675197022884156 ], [ 7.73332603270327, 48.675195640149063 ], [ 7.733328077453494, 48.675150688856071 ], [ 7.733260227273274, 48.67514930663436 ], [ 7.733262271246461, 48.675104346365984 ], [ 7.733194421129604, 48.675102964105896 ], [ 7.733196465991988, 48.675058012813622 ], [ 7.733128615938481, 48.675056630515158 ], [ 7.733130660023854, 48.675011670247514 ], [ 7.733062823586701, 48.675010287358937 ], [ 7.733064855008251, 48.674965336619117 ], [ 7.732997018634438, 48.674963953692185 ], [ 7.732999063665044, 48.674919002400991 ], [ 7.732931213801607, 48.674917619987397 ], [ 7.732933258055233, 48.674872659720847 ], [ 7.732937334664871, 48.674782757688504 ], [ 7.73286949853708, 48.674781374687164 ], [ 7.732871542839599, 48.674736414419357 ], [ 7.732877663838743, 48.674601552114304 ], [ 7.732809814400438, 48.674600169629791 ], [ 7.732820025049774, 48.674375395751404 ], [ 7.732887875022709, 48.674376787205837 ], [ 7.732900129535883, 48.674107053022453 ], [ 7.732967964768621, 48.674108436006307 ], [ 7.732972054808855, 48.674018533394914 ], [ 7.733039889925942, 48.67401991633691 ], [ 7.733043978999386, 48.673930004744221 ], [ 7.733046023947236, 48.673885053434546 ], [ 7.733113858888992, 48.673886436333504 ], [ 7.73311590294051, 48.673841476046121 ], [ 7.733117947821496, 48.67379652473366 ], [ 7.733185782647584, 48.67379790759076 ], [ 7.73318782746531, 48.673752956276331 ], [ 7.733255662235409, 48.673754339092731 ], [ 7.733257706156775, 48.673709378800581 ], [ 7.733325554423515, 48.673710761024523 ], [ 7.733329630249665, 48.67362085893874 ], [ 7.733397478400724, 48.673622241120796 ], [ 7.733399522191933, 48.673577280823935 ], [ 7.733467356734378, 48.673578663517048 ], [ 7.733469401295433, 48.673533712193944 ], [ 7.733537249334481, 48.673535094294579 ], [ 7.733539280279682, 48.673490143521285 ], [ 7.733607128262728, 48.67349152558122 ], [ 7.733609171864097, 48.673446565278439 ], [ 7.733677006238559, 48.673447947849461 ], [ 7.733744854169265, 48.673449329829147 ], [ 7.733746884928295, 48.673404379050751 ], [ 7.733814732802995, 48.673405760989745 ], [ 7.733816777051318, 48.673360809657574 ], [ 7.733884611317476, 48.673362192107668 ], [ 7.733952459139845, 48.673363573966412 ], [ 7.733954502432022, 48.673318613655361 ], [ 7.73409018441588, 48.67332137780371 ], [ 7.734092228418331, 48.673276426465272 ], [ 7.734160062579842, 48.673277808754889 ], [ 7.734431426367645, 48.673283336414322 ], [ 7.734433470068158, 48.673238385069254 ], [ 7.734501317740871, 48.673239766608148 ], [ 7.734569467862531, 48.673241154444874 ] ], [ [ 7.740726368265313, 48.58967268800069 ], [ 7.740720278126751, 48.589807554923155 ], [ 7.7406525544958, 48.589806176414129 ], [ 7.740646464146699, 48.589941043326348 ], [ 7.740714187956066, 48.589942421838856 ], [ 7.740712167467642, 48.589987383091483 ], [ 7.740779891340145, 48.589988761565671 ], [ 7.740847614383232, 48.58999013102445 ], [ 7.740845594010217, 48.590035092278626 ], [ 7.740913317949484, 48.590036470675038 ], [ 7.740981055422788, 48.590037848479334 ], [ 7.740979020801711, 48.590082801311766 ], [ 7.741046744807749, 48.590084179630423 ], [ 7.741114482347836, 48.590085557356922 ], [ 7.741108393183541, 48.590220424279991 ], [ 7.74109012633109, 48.590625033984608 ], [ 7.741157851058126, 48.590626412238244 ], [ 7.741225588486209, 48.590627780923761 ], [ 7.741223554889732, 48.590672742727044 ], [ 7.741359018011542, 48.590675498486583 ], [ 7.741426742812648, 48.590676876583494 ], [ 7.741422687830106, 48.590766781690164 ], [ 7.741490412753802, 48.590768159749928 ], [ 7.741488392915135, 48.590813121002888 ], [ 7.741556117901963, 48.590814499024347 ], [ 7.741554097286029, 48.590859451301739 ], [ 7.741552063135935, 48.59090440413113 ], [ 7.741619788245353, 48.590905782115449 ], [ 7.741615734417225, 48.590995696197503 ], [ 7.741683459649246, 48.590997074144646 ], [ 7.741681808989364, 48.591033820465633 ], [ 7.73633354, 48.5886004 ], [ 7.73627498, 48.58857691 ], [ 7.73573879, 48.58834229 ], [ 7.7355906, 48.58828066 ], [ 7.7354641, 48.5882325 ], [ 7.73492434, 48.58803479 ], [ 7.73473657, 48.58792785 ], [ 7.73468308, 48.58789803 ], [ 7.73394797, 48.58749362 ], [ 7.7338872, 48.58745545 ], [ 7.73386034, 48.5874387 ], [ 7.73304355, 48.58693454 ], [ 7.73278672, 48.58675838 ], [ 7.73268629, 48.58669206 ], [ 7.73174055, 48.5860869 ], [ 7.73170423, 48.58606392 ], [ 7.73099616, 48.58562193 ], [ 7.73040003, 48.58524351 ], [ 7.7296685, 48.58478021 ], [ 7.72936569, 48.58456207 ], [ 7.72927687, 48.58448751 ], [ 7.72907503, 48.58430475 ], [ 7.7288475, 48.58408582 ], [ 7.728807, 48.58404238 ], [ 7.72872808, 48.58392961 ], [ 7.72858614, 48.58371747 ], [ 7.72856404, 48.58368512 ], [ 7.7285270239358, 48.583631724365972 ], [ 7.728529630960257, 48.583574227589402 ], [ 7.728486553721065, 48.583573346123394 ], [ 7.728463408492418, 48.583539959155196 ], [ 7.728468037627843, 48.583437975397999 ], [ 7.728400309232265, 48.583436590297183 ], [ 7.728406430264045, 48.583301714742532 ], [ 7.728338715579292, 48.583300329054559 ], [ 7.728309325057706, 48.583299731847909 ], [ 7.72826824, 48.58322769 ], [ 7.72826406, 48.58322053 ], [ 7.72823792, 48.5831751 ], [ 7.72821711, 48.58311748 ], [ 7.72817927, 48.58300786 ], [ 7.72809038, 48.58274062 ], [ 7.728045310043292, 48.582529369337401 ], [ 7.728102520031882, 48.582530540228959 ], [ 7.728108642571126, 48.582395673623047 ], [ 7.728040929093821, 48.58239428776109 ], [ 7.728045006101232, 48.582304373880781 ], [ 7.728012212895049, 48.582303702697459 ], [ 7.72800047, 48.5821976 ], [ 7.72799976, 48.58200285 ], [ 7.72801662, 48.58162066 ], [ 7.72802342, 48.58147475 ], [ 7.72804531, 48.58137335 ], [ 7.72806601, 48.58130098 ], [ 7.72810088, 48.5811588 ], [ 7.72811313, 48.58109867 ], [ 7.72811848, 48.58107696 ], [ 7.72821195, 48.58080563 ], [ 7.72823829, 48.58074476 ], [ 7.72826361, 48.58068935 ], [ 7.72832223, 48.58060761 ], [ 7.72832652, 48.58060172 ], [ 7.728453885649168, 48.580422836476338 ], [ 7.728536984018845, 48.580424536998471 ], [ 7.728539029189256, 48.580379584231281 ], [ 7.72860674001322, 48.580380969803969 ], [ 7.728608784289831, 48.580336008058794 ], [ 7.728676495058011, 48.580337393590845 ], [ 7.728678540102338, 48.580292440819811 ], [ 7.728813975058744, 48.580295211211961 ], [ 7.728816005621859, 48.580250250013037 ], [ 7.72888372981006, 48.580251634873115 ], [ 7.728885761140941, 48.580206682648338 ], [ 7.728953485273354, 48.580208067467787 ], [ 7.728955515710394, 48.58016310626504 ], [ 7.729023239787003, 48.580164491043853 ], [ 7.729025270991831, 48.580119538815282 ], [ 7.729160705509251, 48.580122308803432 ], [ 7.729162750119484, 48.580077356020496 ], [ 7.729230460560302, 48.580078741229855 ], [ 7.729232504276638, 48.580033779468927 ], [ 7.729300214661671, 48.580035164637657 ], [ 7.729302259145826, 48.579990211850884 ], [ 7.729369969475078, 48.579991596978999 ], [ 7.729372013065315, 48.579946635214249 ], [ 7.729439723338778, 48.579948020301728 ], [ 7.729441767696862, 48.57990306751114 ], [ 7.729577188135895, 48.57990583756537 ], [ 7.729579231540575, 48.57986087579561 ], [ 7.729714665403181, 48.579863645138325 ], [ 7.729716695988485, 48.579818692892921 ], [ 7.729852129746853, 48.579821462075437 ], [ 7.729854173737479, 48.57977650927559 ], [ 7.730057316629272, 48.5797806540495 ], [ 7.730059346910184, 48.5797357017968 ], [ 7.730262490487588, 48.579739855188116 ], [ 7.730264534114355, 48.579694902379771 ], [ 7.730467676715326, 48.579699046436339 ], [ 7.730469720160157, 48.579654093623738 ], [ 7.730537430076122, 48.579655478071686 ], [ 7.730740573373764, 48.579659630627269 ], [ 7.730738530166721, 48.579704583444546 ], [ 7.730806253684552, 48.579705967184331 ], [ 7.730798096248376, 48.579885795851325 ], [ 7.730865820007719, 48.579887179556295 ], [ 7.730863776901649, 48.5799321323722 ], [ 7.730931487196292, 48.579933516590366 ], [ 7.730929457673905, 48.579978468855188 ], [ 7.73092741545127, 48.580023430646825 ], [ 7.730995125868477, 48.580024814827858 ], [ 7.730993096398393, 48.580069767092361 ], [ 7.730991054228043, 48.580114728883657 ], [ 7.731058777464502, 48.580116103499996 ], [ 7.731056735350033, 48.580161065291733 ], [ 7.731054692400789, 48.580206018106658 ], [ 7.731122416591007, 48.580207401661916 ], [ 7.731120374528828, 48.580252363453326 ], [ 7.731118345159776, 48.5802973157164 ], [ 7.731186055944669, 48.580298699786056 ], [ 7.731184013103571, 48.58034365260108 ], [ 7.731179941769762, 48.58043356665344 ], [ 7.731247652736669, 48.58043495068712 ], [ 7.73124358150745, 48.58052486473882 ], [ 7.731311292596925, 48.58052624873536 ], [ 7.731309263384776, 48.580571200997461 ], [ 7.731376974537361, 48.580572584955704 ], [ 7.731372903524495, 48.580662499007587 ], [ 7.731440614799646, 48.580663882928718 ], [ 7.731438585695679, 48.580708835190897 ], [ 7.731434501252217, 48.580798749792187 ], [ 7.731502226237431, 48.580800133125791 ], [ 7.731498141898539, 48.580890047726427 ], [ 7.731565867006346, 48.580891431022899 ], [ 7.731561795468832, 48.580981336095256 ], [ 7.731629507171125, 48.580982719906153 ], [ 7.731625436569495, 48.581072633953923 ], [ 7.731693148394359, 48.581074017727687 ], [ 7.73168907789732, 48.581163931774789 ], [ 7.731756789844756, 48.58116531551142 ], [ 7.731752719452316, 48.581255229557875 ], [ 7.731820431522323, 48.581256613257381 ], [ 7.731816360403146, 48.58134651832713 ], [ 7.731884072595711, 48.581347901989503 ], [ 7.731882044685651, 48.581392863224679 ], [ 7.731949756941337, 48.581394246848745 ], [ 7.731947728255811, 48.581439199108274 ], [ 7.7319456860385, 48.581484151918673 ], [ 7.732013398416746, 48.581485535505614 ], [ 7.732011370614899, 48.581530496740854 ], [ 7.732009328449869, 48.581575449550932 ], [ 7.732077040950688, 48.58157683310074 ], [ 7.732075013201159, 48.581621794335661 ], [ 7.732070942500356, 48.581711699402781 ], [ 7.732138655183196, 48.581713082916622 ], [ 7.732134585418381, 48.581802996959134 ], [ 7.732202298223791, 48.581804380435841 ], [ 7.732200256215609, 48.581849333244946 ], [ 7.732198228563579, 48.581894294477692 ], [ 7.732265941491562, 48.581895677917267 ], [ 7.732263899535666, 48.581940630726052 ], [ 7.732261871104529, 48.581985582982419 ], [ 7.732329584155072, 48.581986966384868 ], [ 7.732325514704071, 48.582076880425404 ], [ 7.732393227877187, 48.582078263790713 ], [ 7.732391200385693, 48.58212322502321 ], [ 7.732389158530791, 48.582168177830603 ], [ 7.732456871826481, 48.582169561158771 ], [ 7.732452802584691, 48.582259475198001 ], [ 7.732520529531374, 48.582260857937364 ], [ 7.732516446034297, 48.582350763551567 ], [ 7.732584173103569, 48.582352146253783 ], [ 7.732580090542547, 48.582442060843377 ], [ 7.732647817734414, 48.58244344350846 ], [ 7.732643748806471, 48.582533357545707 ], [ 7.732711462592446, 48.582534740725336 ], [ 7.732709421002561, 48.582579693531841 ], [ 7.732777148380153, 48.582581076121478 ], [ 7.732773066140066, 48.582670990710596 ], [ 7.732840793640257, 48.582672373263094 ], [ 7.732838752158531, 48.582717326069684 ], [ 7.73290646619331, 48.582718709135605 ], [ 7.732904439127547, 48.582763670366916 ], [ 7.73297215322545, 48.582765053394532 ], [ 7.73296808401046, 48.582854958456927 ], [ 7.733035798230929, 48.582856341447396 ], [ 7.733033771273389, 48.582901302678806 ], [ 7.733101485556981, 48.582902685630984 ], [ 7.733099444295161, 48.582947638438512 ], [ 7.733097416558359, 48.582992590693543 ], [ 7.733165130964515, 48.582993973608588 ], [ 7.733163090586583, 48.583038935391812 ], [ 7.73323081858448, 48.583040317716808 ], [ 7.733228777430827, 48.583085270524428 ], [ 7.733296505491848, 48.583086652811112 ], [ 7.733292424124328, 48.583176567402461 ], [ 7.733360152307953, 48.583177949652004 ], [ 7.733358111262464, 48.583222902459724 ], [ 7.733425825980549, 48.583224285222734 ], [ 7.733423798519603, 48.583269237479087 ], [ 7.733491513300801, 48.583270620203812 ], [ 7.733489486727402, 48.583315581436601 ], [ 7.73355720157173, 48.583316964123 ], [ 7.733555160693859, 48.583361916931985 ], [ 7.733622889129997, 48.583363299028285 ], [ 7.733618808314114, 48.583453213622349 ], [ 7.733686536872853, 48.583454595681523 ], [ 7.733684496103153, 48.583499548490593 ], [ 7.733752211196284, 48.58350093106327 ], [ 7.733750184842909, 48.583545892296961 ], [ 7.733817899167438, 48.583547265855316 ], [ 7.733815872869966, 48.583592227089419 ], [ 7.733883588089333, 48.583593609585492 ], [ 7.733879521242116, 48.583683523629588 ], [ 7.73394723658406, 48.583684906088521 ], [ 7.733945196034281, 48.583729858898522 ], [ 7.734012924968131, 48.583731240767328 ], [ 7.73401088447423, 48.583776193577741 ], [ 7.734078613471206, 48.583777575408227 ], [ 7.734076573864957, 48.58382253719509 ], [ 7.734144289396257, 48.583823919539135 ], [ 7.734142262542929, 48.583868871798522 ], [ 7.734277693735418, 48.583871636370532 ], [ 7.734345422865975, 48.583873018045473 ], [ 7.734343382658621, 48.583917970859481 ], [ 7.734411098323468, 48.583919353047996 ], [ 7.734409072532664, 48.583964314286547 ], [ 7.735153999025022, 48.583979504584569 ], [ 7.735156024993612, 48.583934552309273 ], [ 7.735359198356511, 48.583938687255696 ], [ 7.735357159869457, 48.583983649062489 ], [ 7.735424875648639, 48.583985030660195 ], [ 7.735422849914311, 48.58402998293937 ], [ 7.735490565756604, 48.58403136449877 ], [ 7.735558281602553, 48.584032746018721 ], [ 7.735556255983576, 48.584077698299467 ], [ 7.735623971892637, 48.584079079781105 ], [ 7.735691687805356, 48.584080461223287 ], [ 7.735689663133787, 48.584125422481605 ], [ 7.735757379109634, 48.584126803885489 ], [ 7.7357553536619, 48.58417175616821 ], [ 7.735823069700855, 48.584173137533796 ], [ 7.735821030780115, 48.584218090368978 ], [ 7.735888760411084, 48.584219471144195 ], [ 7.735886722378324, 48.58426443295582 ], [ 7.735954438543516, 48.584265814244787 ], [ 7.735952413263456, 48.584310766528731 ], [ 7.736020129491757, 48.584312147779414 ], [ 7.736016066343043, 48.584402061875487 ], [ 7.736083782693926, 48.58440344308903 ], [ 7.736081757522086, 48.584448395373045 ], [ 7.736149473936082, 48.58444977654829 ], [ 7.736147435291167, 48.584494729384822 ], [ 7.736143372351729, 48.584584643479545 ], [ 7.736211102476754, 48.584586024066695 ], [ 7.736207026112962, 48.58467593871287 ], [ 7.736274756360593, 48.584677319262887 ], [ 7.736270680101419, 48.584767233908401 ], [ 7.736338410471651, 48.584768614421257 ], [ 7.736322145522661, 48.585128262350324 ], [ 7.736254414676638, 48.58512688182816 ], [ 7.736250351875039, 48.585216795906589 ], [ 7.736240186795673, 48.585441567901611 ], [ 7.73623612394407, 48.585531481969554 ], [ 7.736168392566446, 48.585530101397445 ], [ 7.736166368256524, 48.585575062641091 ], [ 7.736234086164375, 48.585576443766463 ], [ 7.736232061078182, 48.585621396034519 ], [ 7.736227984668716, 48.585711310648591 ], [ 7.736295716287905, 48.585712691185876 ], [ 7.736293677721179, 48.58575764400495 ], [ 7.736361395874187, 48.585759025056042 ], [ 7.736359370892653, 48.585803977323415 ], [ 7.736427089108779, 48.585805358336216 ], [ 7.736423026556826, 48.585895272399164 ], [ 7.736490744895537, 48.585896653374803 ], [ 7.736488720022231, 48.585941605642248 ], [ 7.736556438424056, 48.585942986579603 ], [ 7.73655440090953, 48.585987948375596 ], [ 7.736622132903845, 48.585989328722498 ], [ 7.736620094612964, 48.586034281542908 ], [ 7.736687826670409, 48.58603566185149 ], [ 7.736685788435416, 48.586080614672326 ], [ 7.736753507026601, 48.586081995494773 ], [ 7.736749445026478, 48.586171909560342 ], [ 7.736817163740251, 48.586173290345641 ], [ 7.736815139975152, 48.586218251590381 ], [ 7.736882857919752, 48.586219623361387 ], [ 7.736880820681136, 48.586264585158709 ], [ 7.736948553050587, 48.586265965315228 ], [ 7.736946515035559, 48.586310918136959 ], [ 7.73701424746813, 48.586312298255152 ], [ 7.737010172378604, 48.586402212874738 ], [ 7.737077904933787, 48.586403592955776 ], [ 7.737075867026959, 48.586448545777614 ], [ 7.737143586115794, 48.586449926372573 ], [ 7.737141562626683, 48.586494887618599 ], [ 7.737209280946281, 48.586496259199237 ], [ 7.737207257513086, 48.586541220445667 ], [ 7.737274976728164, 48.586542600964002 ], [ 7.737270915608148, 48.58663251503318 ], [ 7.737338634945814, 48.586633895514382 ], [ 7.737336597258956, 48.586678848337137 ], [ 7.737404330189276, 48.586680228227792 ], [ 7.737402292558304, 48.586725181050944 ], [ 7.737470025551754, 48.586726560903287 ], [ 7.737467988809089, 48.586771522702854 ], [ 7.737535708336121, 48.586772903069146 ], [ 7.737531646823724, 48.586862808164135 ], [ 7.737599366473331, 48.586864188493266 ], [ 7.737597343368479, 48.586909149740642 ], [ 7.737665063081213, 48.586910530031489 ], [ 7.737663025670219, 48.586955482855572 ], [ 7.737730758975672, 48.58695686255583 ], [ 7.737726698623984, 48.58704677662778 ], [ 7.737794418522423, 48.58704815684316 ], [ 7.737792381219633, 48.587093109667322 ], [ 7.737860114710827, 48.587094489292113 ], [ 7.737858077463932, 48.587139442116687 ], [ 7.737925797488604, 48.587140822255478 ], [ 7.737923774659754, 48.587185783504147 ], [ 7.737991494747555, 48.587187163604625 ], [ 7.737989471142106, 48.587232115877725 ], [ 7.738057191293027, 48.587233495939905 ], [ 7.738053131493214, 48.587323410014456 ], [ 7.738120851766724, 48.587324790039474 ], [ 7.738118814739807, 48.587369742864972 ], [ 7.738186548606143, 48.587371122299345 ], [ 7.73818451163512, 48.587416075125269 ], [ 7.738252245564586, 48.587417454521351 ], [ 7.738250209482024, 48.587462416323653 ], [ 7.738317929944891, 48.587463796233763 ], [ 7.738315906615394, 48.587508748508149 ], [ 7.738313869752583, 48.58755370133413 ], [ 7.738381590338031, 48.587555081207107 ], [ 7.738379567893461, 48.587600042457126 ], [ 7.738377531082965, 48.58764499528278 ], [ 7.738445265320784, 48.587646374566248 ], [ 7.738441192640606, 48.587736289193614 ], [ 7.738508927001042, 48.587737668439921 ], [ 7.738506890298756, 48.58778262126566 ], [ 7.738574611192504, 48.58778400102603 ], [ 7.73857258807593, 48.587828953299791 ], [ 7.738640309032797, 48.58783033302187 ], [ 7.738638273274931, 48.587875294824407 ], [ 7.738706007824764, 48.587876673955797 ], [ 7.738703971290155, 48.587921626782752 ], [ 7.738771705903119, 48.587923005875822 ], [ 7.738839426989887, 48.58792438548182 ], [ 7.738837390570636, 48.587969338310366 ], [ 7.738905125250382, 48.587970717325646 ], [ 7.738903089719717, 48.588015679130592 ], [ 7.73897081093273, 48.588017058659979 ], [ 7.738966751844111, 48.588106963765561 ], [ 7.739034486709598, 48.588108342705368 ], [ 7.739032451287175, 48.588153304510399 ], [ 7.739100172685899, 48.588154683964333 ], [ 7.739098150016565, 48.588199636241349 ], [ 7.739165871478405, 48.588201015656963 ], [ 7.739161813550797, 48.588290929739507 ], [ 7.73922953513523, 48.588292309117982 ], [ 7.739227512574149, 48.588337261395068 ], [ 7.739295234221701, 48.588338640735245 ], [ 7.739293198186563, 48.588383593565204 ], [ 7.7393609334272, 48.588384972314593 ], [ 7.739356862297915, 48.588474886950564 ], [ 7.739350782220814, 48.588609753305946 ], [ 7.739283046682767, 48.588608374550738 ], [ 7.739281024988983, 48.588653335799705 ], [ 7.739484204732467, 48.588657473055321 ], [ 7.739551926810923, 48.58865885224575 ], [ 7.739549890988646, 48.588703805075106 ], [ 7.739617626660266, 48.58870518367474 ], [ 7.739615590893884, 48.588750136504508 ], [ 7.739683326628636, 48.58875151506583 ], [ 7.739681291750993, 48.588796476871977 ], [ 7.739749014018813, 48.58879785594749 ], [ 7.739746991894304, 48.588842808225579 ], [ 7.739814714225242, 48.588844187262787 ], [ 7.739812678626552, 48.588889140093812 ], [ 7.7398804145507, 48.588890518540175 ], [ 7.739878379840784, 48.588935480347565 ], [ 7.739946114995186, 48.58893684977965 ], [ 7.739944080341183, 48.588981811587466 ], [ 7.740011802861486, 48.588983190509744 ], [ 7.740007746358943, 48.58907310459692 ], [ 7.740075469001844, 48.589074483482058 ], [ 7.740073447153317, 48.589119435761432 ], [ 7.740141169859337, 48.589120814608258 ], [ 7.740139134536558, 48.589165767440591 ], [ 7.74020687083586, 48.58916714569655 ], [ 7.740204836401919, 48.589212107505254 ], [ 7.740272571931412, 48.589213476746934 ], [ 7.740270537553386, 48.589258438556044 ], [ 7.740338260448771, 48.589259817287974 ], [ 7.740334204498197, 48.58934973137773 ], [ 7.740401941046386, 48.589351109519889 ], [ 7.740399905943641, 48.589396062353146 ], [ 7.740467629024741, 48.589397441009595 ], [ 7.740465607508115, 48.589442393290639 ], [ 7.740533330652334, 48.58944377190879 ], [ 7.740531296494379, 48.589488733718809 ], [ 7.74059903239896, 48.589490102770071 ], [ 7.740596998296919, 48.589535064580502 ], [ 7.740664735097643, 48.589536442569411 ], [ 7.740660666168791, 48.589626357214385 ], [ 7.740728403092136, 48.58962773516614 ], [ 7.740726368265313, 48.58967268800069 ] ], [ [ 7.72803680154629, 48.582485206262895 ], [ 7.728023334020135, 48.582393927855307 ], [ 7.728040929093821, 48.58239428776109 ], [ 7.72803680154629, 48.582485206262895 ] ], [ [ 7.741262107896738, 48.589818579916496 ], [ 7.741533028801306, 48.589824082213511 ], [ 7.741530995507049, 48.58986904403497 ], [ 7.741598719244918, 48.589870422032064 ], [ 7.741666456516768, 48.589871799436942 ], [ 7.74166442250471, 48.589916752284033 ], [ 7.741732146309342, 48.589918130203344 ], [ 7.741799883647968, 48.589919507530439 ], [ 7.741867607459904, 48.589920885370802 ], [ 7.741865587153043, 48.589965837667862 ], [ 7.741933311028092, 48.589967215469926 ], [ 7.742001034906789, 48.589968593232527 ], [ 7.741999014715316, 48.590013545531129 ], [ 7.74206673865713, 48.590014923255431 ], [ 7.742134462602594, 48.590016300940242 ], [ 7.742202200082073, 48.59001767803278 ], [ 7.742200167368391, 48.590062639862872 ], [ 7.742267904077696, 48.590064007941152 ], [ 7.742335628093573, 48.590065385508716 ], [ 7.742403352113102, 48.590066763036823 ], [ 7.742401333104689, 48.59011172431682 ], [ 7.742469057187344, 48.590113101806601 ], [ 7.742536781273644, 48.590114479256926 ], [ 7.742604518893982, 48.590115856114927 ], [ 7.742602485696702, 48.590160808974545 ], [ 7.742670223380172, 48.590162185794227 ], [ 7.742672242154199, 48.590117224510372 ], [ 7.742807703882699, 48.59011997858186 ], [ 7.742805671697246, 48.590164940420905 ], [ 7.742873409391657, 48.590166317122161 ], [ 7.742871376428702, 48.59021126998568 ], [ 7.742939100655829, 48.590212647201504 ], [ 7.743006838417014, 48.59021402382497 ], [ 7.74300480556944, 48.590258976690045 ], [ 7.743072543393749, 48.590260353275184 ], [ 7.743140267691287, 48.590261730373761 ], [ 7.743207991992472, 48.590263107432868 ], [ 7.743205972850179, 48.59030805974777 ], [ 7.743341421582425, 48.590310813749902 ], [ 7.743339403389027, 48.590355775042298 ], [ 7.7434071278201, 48.590357151985302 ], [ 7.743474865785267, 48.590358528335912 ], [ 7.743542589390096, 48.590359896224037 ], [ 7.743540557841151, 48.590404858072127 ], [ 7.743608295873087, 48.590406234344925 ], [ 7.743676020378216, 48.590407611131212 ], [ 7.743743744886993, 48.59040898787805 ], [ 7.743741726209824, 48.590453940199936 ], [ 7.743877188887719, 48.590456693024507 ], [ 7.743944913466903, 48.590458069654083 ], [ 7.743942881434132, 48.590503022531685 ], [ 7.744010619606908, 48.590504398569948 ], [ 7.744078344252852, 48.590505775121741 ], [ 7.744076312335459, 48.59055072800092 ], [ 7.744144050575009, 48.590552103961386 ], [ 7.744347238254552, 48.590556232711975 ], [ 7.744414962978191, 48.590557609067595 ], [ 7.744412944885102, 48.590602561398761 ], [ 7.74448066967186, 48.590603937716061 ], [ 7.744548394462263, 48.590605313993898 ], [ 7.744616132786807, 48.59060668967917 ], [ 7.74461410217182, 48.590651651542075 ], [ 7.7446818405595, 48.590653027189035 ], [ 7.74474956458656, 48.590654394373686 ], [ 7.744747534086983, 48.590699356238147 ], [ 7.744815272541437, 48.590700731807317 ], [ 7.744813241264009, 48.590745684696266 ], [ 7.744811210816784, 48.590790646560393 ], [ 7.744946673610244, 48.59079338916213 ], [ 7.745014412194591, 48.590794764615168 ], [ 7.74501238192227, 48.590839726482038 ], [ 7.745283295108572, 48.590845220587603 ], [ 7.74535103377062, 48.590846595844411 ], [ 7.745342925698268, 48.591026424822552 ], [ 7.74533887840602, 48.591116339030521 ], [ 7.745271152917656, 48.591114963213599 ], [ 7.745269122024474, 48.591159916103926 ], [ 7.745201396480283, 48.591158540246347 ], [ 7.745133657409096, 48.591157164902462 ], [ 7.745131640757868, 48.591202126212487 ], [ 7.745063901630832, 48.591200750827973 ], [ 7.744996176038089, 48.591199374850838 ], [ 7.74499414489986, 48.591244327735005 ], [ 7.744926419251289, 48.591242951717248 ], [ 7.744790954434413, 48.591240200116424 ], [ 7.74478893747864, 48.591285161419179 ], [ 7.744721198250841, 48.591283785834946 ], [ 7.744653472557363, 48.591282409658156 ], [ 7.744651441114623, 48.591327362535004 ], [ 7.74451599045338, 48.591324619036619 ], [ 7.744513958888126, 48.591369571910391 ], [ 7.744378493758066, 48.591366819828927 ], [ 7.744310767963855, 48.59136544345246 ], [ 7.744308737050291, 48.591410405297935 ], [ 7.744105545980362, 48.591406276481258 ], [ 7.744103514051106, 48.591451229346568 ], [ 7.744035788152515, 48.591449852809895 ], [ 7.744033756993856, 48.591494814649216 ], [ 7.743966031039431, 48.591493438071915 ], [ 7.743963998984085, 48.591538390933394 ], [ 7.74389627297383, 48.591537014315463 ], [ 7.743828546967223, 48.591535637658069 ], [ 7.743830565610777, 48.591490685351907 ], [ 7.743762839667288, 48.5914893086562 ], [ 7.743764871063897, 48.59144434682154 ], [ 7.743832596947903, 48.591445723516088 ], [ 7.743840697700144, 48.59126590419902 ], [ 7.743908436880575, 48.591267280296449 ], [ 7.743916536504287, 48.591087451986787 ], [ 7.74384881109245, 48.591086075340975 ], [ 7.743781072153625, 48.5910846992087 ], [ 7.743779054316189, 48.591129660496392 ], [ 7.743643589861135, 48.591126907558099 ], [ 7.74364155753694, 48.591171860419784 ], [ 7.743573832020733, 48.591170483613773 ], [ 7.743571813997725, 48.591215444896498 ], [ 7.743504074895011, 48.591214068602824 ], [ 7.74350205597541, 48.591259020907728 ], [ 7.743298852041372, 48.591254891233412 ], [ 7.74330088467008, 48.591209938379045 ], [ 7.743233159112619, 48.591208561374529 ], [ 7.743029955400778, 48.591204431229997 ], [ 7.743031988263827, 48.591159478379538 ], [ 7.742964262780426, 48.591158101218298 ], [ 7.74249014390676, 48.59114846164308 ], [ 7.742492177242047, 48.591103508801176 ], [ 7.742424438316648, 48.591102131878159 ], [ 7.742356712925548, 48.591100754362863 ], [ 7.742358746376213, 48.591055801522522 ], [ 7.742291007517593, 48.59105442452173 ], [ 7.742223282193262, 48.59105304692865 ], [ 7.742155543341934, 48.591051669848902 ], [ 7.742157576967465, 48.591006717011297 ], [ 7.742089851709901, 48.591005339340427 ], [ 7.742022112925357, 48.591003962182867 ], [ 7.742024145832983, 48.590959000370901 ], [ 7.742026179570318, 48.590914047534113 ], [ 7.742093904705277, 48.590915425242144 ], [ 7.742097957686407, 48.590825511140849 ], [ 7.742030232670396, 48.590824133435142 ], [ 7.742034285756231, 48.590734219333171 ], [ 7.741966561696096, 48.590732850566269 ], [ 7.741970614886626, 48.590642936463603 ], [ 7.741902890115811, 48.590641558683608 ], [ 7.74190490958332, 48.590596597420721 ], [ 7.741837185708877, 48.590595228578358 ], [ 7.741841239115953, 48.590505314475813 ], [ 7.741773514530855, 48.590503936620365 ], [ 7.741777568042629, 48.59041402251713 ], [ 7.741709843580131, 48.590412644624536 ], [ 7.741715917650884, 48.590277778231872 ], [ 7.741648193370458, 48.590276400303296 ], [ 7.741650227411087, 48.590231447462209 ], [ 7.741582489663352, 48.590230070048044 ], [ 7.741584522926693, 48.590185108231445 ], [ 7.741516798772516, 48.590183730226222 ], [ 7.741520853543402, 48.590093825097703 ], [ 7.74145311598142, 48.590092447608065 ], [ 7.741455149353018, 48.590047485791523 ], [ 7.741387425384563, 48.590046107710862 ], [ 7.741389446114855, 48.590001155423401 ], [ 7.741321722209518, 48.589999777304406 ], [ 7.741325776475582, 48.589909863200873 ], [ 7.741258052692846, 48.589908485044759 ], [ 7.74126008706174, 48.589863532204646 ], [ 7.741262107896738, 48.589818579916496 ] ], [ [ 7.7310949690868, 48.57782196531344 ], [ 7.73108478365666, 48.578046746417549 ], [ 7.731017062327804, 48.578045362839305 ], [ 7.73101299088347, 48.578135276958314 ], [ 7.731008918593678, 48.578225182098301 ], [ 7.730941210558034, 48.578223797924416 ], [ 7.730939168415773, 48.578268759743949 ], [ 7.730924910577285, 48.578583454900986 ], [ 7.730857188542263, 48.578582071229825 ], [ 7.730851087233015, 48.578716937609649 ], [ 7.730783365023286, 48.578715553895528 ], [ 7.730781335419066, 48.578760506176984 ], [ 7.730779293114863, 48.578805467985219 ], [ 7.730711584317401, 48.578804083677824 ], [ 7.730703425861147, 48.578983903419015 ], [ 7.730697310570998, 48.579118770323241 ], [ 7.73062960136108, 48.579117385968225 ], [ 7.730621443397776, 48.579297214659945 ], [ 7.730617371158456, 48.579387128725621 ], [ 7.730549661595507, 48.579385744324149 ], [ 7.730547618231643, 48.579430697142385 ], [ 7.730141333518879, 48.579422391000676 ], [ 7.730143377239431, 48.579377438189454 ], [ 7.729533937425031, 48.579364976874956 ], [ 7.729531907528044, 48.579409938100419 ], [ 7.729396474876505, 48.579407168544243 ], [ 7.729394430498438, 48.579452121341859 ], [ 7.729281014102641, 48.579449801185568 ], [ 7.72930366, 48.57942652 ], [ 7.72953776, 48.57920936 ], [ 7.72988012, 48.57889175 ], [ 7.73004446, 48.57872742 ], [ 7.73006571, 48.57870427 ], [ 7.73028995, 48.57849204 ], [ 7.73052931, 48.5782734 ], [ 7.73089744, 48.5779361 ], [ 7.731168643251851, 48.577691789829345 ], [ 7.731162676594774, 48.577823349397896 ], [ 7.7310949690868, 48.57782196531344 ] ], [ [ 7.630853105108755, 48.521953673605232 ], [ 7.630920735990178, 48.521955116131245 ], [ 7.630918621796437, 48.522000076480289 ], [ 7.630715714659421, 48.521995740343272 ], [ 7.630713585957772, 48.522040692250869 ], [ 7.630578323984394, 48.522037806918085 ], [ 7.630576195160401, 48.522082758822521 ], [ 7.630508564120126, 48.522081316095793 ], [ 7.630506435233101, 48.522126267998317 ], [ 7.630504307154953, 48.522171228877063 ], [ 7.63036904403601, 48.522168334323545 ], [ 7.630301412888566, 48.522166891476139 ], [ 7.630299283816161, 48.522211843373576 ], [ 7.630164007900452, 48.522208958097863 ], [ 7.630028745513635, 48.522206072124746 ], [ 7.630026616200277, 48.522251024016576 ], [ 7.629891352897586, 48.522248128906419 ], [ 7.629823721658229, 48.522246685780686 ], [ 7.62982159297573, 48.522291646645108 ], [ 7.629686316063669, 48.522288751835738 ], [ 7.62968419996, 48.522333703180351 ], [ 7.629548923757073, 48.522330817187836 ], [ 7.629413661083079, 48.52232793049798 ], [ 7.629411531224782, 48.522372882376693 ], [ 7.629276267635024, 48.522369986549776 ], [ 7.629208622738384, 48.522368543605353 ], [ 7.629206507024534, 48.522413503917001 ], [ 7.629003598394569, 48.52240916478727 ], [ 7.62900146817297, 48.522454116657258 ], [ 7.628798560211793, 48.522449786146062 ], [ 7.628796443322276, 48.522494737472073 ], [ 7.628593534405212, 48.522490397625532 ], [ 7.628591404632601, 48.522535358463735 ], [ 7.628388509085723, 48.52253101771921 ], [ 7.628320864001404, 48.52252957425744 ], [ 7.628318746689309, 48.522574525573525 ], [ 7.628251101549489, 48.522573082071105 ], [ 7.628115837496612, 48.52257018489194 ], [ 7.628113707301313, 48.522615145720174 ], [ 7.628046075627395, 48.522613701558733 ], [ 7.627843166302595, 48.522609360400494 ], [ 7.627841035054131, 48.522654312246189 ], [ 7.627705771622049, 48.522651423566145 ], [ 7.627638139099608, 48.522649970190045 ], [ 7.627636008481615, 48.522694931008324 ], [ 7.627500744141718, 48.522692033112406 ], [ 7.627433098869751, 48.522690589133269 ], [ 7.627430981583882, 48.522735549407706 ], [ 7.62729570363449, 48.522732651812326 ], [ 7.627228071828469, 48.522731207174274 ], [ 7.627225940035047, 48.522776159006838 ], [ 7.627023030136127, 48.522771816414981 ], [ 7.627020912486904, 48.52281677668072 ], [ 7.626885634346158, 48.522813878607444 ], [ 7.62681800244444, 48.522812433730472 ], [ 7.626815870287707, 48.522857385554282 ], [ 7.626612974427544, 48.522853050683224 ], [ 7.626545328967932, 48.522851606186741 ], [ 7.626543210084104, 48.522896557465586 ], [ 7.626340299766063, 48.522892213680286 ], [ 7.626338167998616, 48.522937174471103 ], [ 7.626270535137635, 48.522935720298193 ], [ 7.626067625499413, 48.522931385013202 ], [ 7.626065506192993, 48.522976336282134 ], [ 7.625930228496684, 48.522973446072399 ], [ 7.625928095554026, 48.523018397877465 ], [ 7.625657552672111, 48.523012607463833 ], [ 7.6256554330024, 48.523057558724055 ], [ 7.625520155114695, 48.523054668036423 ], [ 7.625384889944448, 48.523051767674914 ], [ 7.6253827573316, 48.523096728445779 ], [ 7.625247478544109, 48.523093828463367 ], [ 7.625179846318927, 48.52309238263193 ], [ 7.625177726226623, 48.523137333882239 ], [ 7.625042448155159, 48.523134442637883 ], [ 7.62483953702194, 48.523130096229124 ], [ 7.624837416629379, 48.523175047472662 ], [ 7.624634506164292, 48.523170709682482 ], [ 7.624566860340925, 48.523169264033008 ], [ 7.624564739707406, 48.523214215270976 ], [ 7.624361828298671, 48.523209868027145 ], [ 7.624158916924387, 48.523205520428576 ], [ 7.624156796742827, 48.523250480635525 ], [ 7.623953885225041, 48.523246132678551 ], [ 7.623886252835252, 48.523244686093371 ], [ 7.623884118087228, 48.523289637856806 ], [ 7.623748839686513, 48.523286745104798 ], [ 7.623410662399809, 48.523279493772463 ], [ 7.623408528044284, 48.523324454503602 ], [ 7.623070351368097, 48.52331721115678 ], [ 7.622799807230968, 48.523311414082222 ], [ 7.622797671526547, 48.523356365824661 ], [ 7.622527127213444, 48.523350568114552 ], [ 7.622121317210086, 48.523341865608977 ], [ 7.622119181720025, 48.52338682631548 ], [ 7.621848637322834, 48.523381027023845 ], [ 7.619684284351764, 48.523334609987081 ], [ 7.619682145911776, 48.52337956167181 ], [ 7.619546881025149, 48.523376663483667 ], [ 7.619549005258975, 48.523331703362906 ], [ 7.619007917690739, 48.523320092166458 ], [ 7.619005792982375, 48.523365052277484 ], [ 7.618599969949011, 48.523356337998074 ], [ 7.618602109337896, 48.523311386332942 ], [ 7.618534476202729, 48.523309927652143 ], [ 7.61853660213311, 48.523264976525944 ], [ 7.618942424431729, 48.523273691027192 ], [ 7.618944549191934, 48.52322873091596 ], [ 7.619079827978416, 48.523231638244788 ], [ 7.61908196613027, 48.523186677591902 ], [ 7.619149599118261, 48.523188135953724 ], [ 7.619217231299448, 48.5231895852991 ], [ 7.619219370139578, 48.523144633620099 ], [ 7.619287002265292, 48.523146082924832 ], [ 7.619354634394831, 48.523147532190173 ], [ 7.619356773112599, 48.523102580507995 ], [ 7.619559683670991, 48.52310693650233 ], [ 7.619561807882389, 48.523061976377292 ], [ 7.619629453422619, 48.52306342494397 ], [ 7.619764718297344, 48.523066332013222 ], [ 7.619766856651778, 48.52302138032227 ], [ 7.619902120612483, 48.52302427825439 ], [ 7.620037398913256, 48.523027184467296 ], [ 7.620039536215923, 48.522982223793719 ], [ 7.620242432841562, 48.522986579133175 ], [ 7.620244570773365, 48.522941627432218 ], [ 7.620447479958683, 48.522945972897638 ], [ 7.620449604194883, 48.522901021730952 ], [ 7.620720159411849, 48.522906823746034 ], [ 7.62072228340709, 48.52286187257377 ], [ 7.620857560514474, 48.52286476885385 ], [ 7.620925192316949, 48.522866217204111 ], [ 7.62092732964445, 48.522821265488787 ], [ 7.620994961391445, 48.522822713798419 ], [ 7.6211302257079, 48.522825619276453 ], [ 7.62113236204276, 48.522780658579727 ], [ 7.621267639769818, 48.522783563358928 ], [ 7.621335271476651, 48.522785011470255 ], [ 7.621402903187306, 48.522786459542189 ], [ 7.621405040092182, 48.522741507816875 ], [ 7.621540304217415, 48.52274441281704 ], [ 7.621607949394134, 48.522745860230728 ], [ 7.621610072603474, 48.522700909039813 ], [ 7.621812980950896, 48.522705252118278 ], [ 7.621815117492447, 48.522660300384189 ], [ 7.622018012993651, 48.522664652620058 ], [ 7.62202014854241, 48.522619691904588 ], [ 7.62215542589464, 48.522622595649167 ], [ 7.622290688937179, 48.522625490797907 ], [ 7.622292825056108, 48.522580539053827 ], [ 7.622428087995341, 48.522583434042474 ], [ 7.622495733795738, 48.522584889915805 ], [ 7.622497855407965, 48.522539929729234 ], [ 7.622633132576592, 48.52254283291709 ], [ 7.62270076400412, 48.522544280232829 ], [ 7.622702899759731, 48.522499328479974 ], [ 7.622838162507654, 48.522502222990781 ], [ 7.62304107098332, 48.522506572899466 ], [ 7.623043206438666, 48.522461621139811 ], [ 7.623178469106227, 48.522464515254036 ], [ 7.62331374611423, 48.522467417648642 ], [ 7.623315867003472, 48.522422457445359 ], [ 7.62345114390817, 48.522425359679843 ], [ 7.623453278188814, 48.52238039893443 ], [ 7.623723817481728, 48.522386194487531 ], [ 7.623725938819044, 48.522341243252519 ], [ 7.623861214721002, 48.522344136032139 ], [ 7.62386333593598, 48.522299184793987 ], [ 7.623930980590251, 48.522300630853934 ], [ 7.623928846732304, 48.522345591609337 ], [ 7.623996477935972, 48.522347038170132 ], [ 7.623998612546086, 48.522302086390496 ], [ 7.624066243694272, 48.522303532910648 ], [ 7.624269151487018, 48.522307880672564 ], [ 7.624271285044646, 48.522262919910332 ], [ 7.624474179180164, 48.522267267852939 ], [ 7.624476313367669, 48.522222316063328 ], [ 7.624611588997873, 48.52222520796844 ], [ 7.624679220061849, 48.522226654131437 ], [ 7.624814483012883, 48.52222955531618 ], [ 7.624816616088506, 48.52218459454275 ], [ 7.62488424791627, 48.522186049563281 ], [ 7.625087154501315, 48.52219038691824 ], [ 7.625089288147597, 48.522145435116208 ], [ 7.625359826384386, 48.522151226856174 ], [ 7.625361946276039, 48.52210627558776 ], [ 7.62549722164974, 48.522109166460716 ], [ 7.62570012879386, 48.522113511721109 ], [ 7.625702247573494, 48.522068551468927 ], [ 7.626108061609126, 48.522077240918208 ], [ 7.626110193542787, 48.522032280118722 ], [ 7.626380731297261, 48.522038069479144 ], [ 7.626583624721007, 48.522042413734354 ], [ 7.626585757047657, 48.521997461902608 ], [ 7.626856294671958, 48.522003250154533 ], [ 7.626858425945674, 48.521958289340205 ], [ 7.627805300931085, 48.521978547996767 ], [ 7.62780743137065, 48.521933587164646 ], [ 7.627942693724753, 48.521936484703865 ], [ 7.628416137081206, 48.521946601328089 ], [ 7.628418267795446, 48.521901649461249 ], [ 7.629094604060046, 48.521916104011275 ], [ 7.629365141537972, 48.52192188641515 ], [ 7.629367271418231, 48.521876934530503 ], [ 7.630043621137765, 48.521891383010548 ], [ 7.630719957725304, 48.521905828088826 ], [ 7.630787588539795, 48.521907270692452 ], [ 7.630785474231142, 48.521952231039812 ], [ 7.630853105108755, 48.521953673605232 ] ], [ [ 7.618532337565083, 48.523354888293071 ], [ 7.618464705184982, 48.523353438548675 ], [ 7.618466830367884, 48.523308478447376 ], [ 7.618534476202729, 48.523309927652143 ], [ 7.618532337565083, 48.523354888293071 ] ], [ [ 7.618196286798492, 48.523302670641847 ], [ 7.618263919103947, 48.52330412054269 ], [ 7.618266058785609, 48.52325916888298 ], [ 7.618401337613972, 48.523262077002599 ], [ 7.618399198050929, 48.523307028664767 ], [ 7.618331565737799, 48.523305578842759 ], [ 7.618329426111692, 48.523350530502981 ], [ 7.618194160567841, 48.523347621761253 ], [ 7.618196286798492, 48.523302670641847 ] ], [ [ 7.630984124276545, 48.522046470880589 ], [ 7.630986252740983, 48.522001518968104 ], [ 7.631053883689339, 48.522002961416504 ], [ 7.631051755284202, 48.522047913330198 ], [ 7.630984124276545, 48.522046470880589 ] ], [ [ 7.631119400621987, 48.522049364177484 ], [ 7.631121514641502, 48.522004403825498 ], [ 7.631189159111058, 48.522005845655187 ], [ 7.631187031637273, 48.522050806548272 ], [ 7.631119400621987, 48.522049364177484 ] ], [ [ 7.631326550011378, 48.521963787333782 ], [ 7.631328663845509, 48.521918826976744 ], [ 7.63146393987326, 48.521921719872175 ], [ 7.631461811831411, 48.521966671794601 ], [ 7.631326550011378, 48.521963787333782 ] ], [ [ 7.742632414197421, 48.591466338383597 ], [ 7.743153265747749, 48.591476918277536 ], [ 7.743151233812173, 48.591521880100998 ], [ 7.743218959782328, 48.591523257153106 ], [ 7.743216940599924, 48.59156820944812 ], [ 7.743284666633203, 48.591569586461908 ], [ 7.743352392670123, 48.591570963436219 ], [ 7.743350373603115, 48.591615915732795 ], [ 7.743418099703156, 48.591617292668801 ], [ 7.743416067994825, 48.591662254494643 ], [ 7.743483807688785, 48.591663630839392 ], [ 7.743551533855604, 48.591665007697628 ], [ 7.743541837502291, 48.591880118858441 ], [ 7.742632414197421, 48.591466338383597 ] ], [ [ 7.728335290934775, 48.583345262507251 ], [ 7.728336670946828, 48.583345290748106 ], [ 7.728336570388798, 48.583347506004941 ], [ 7.728335290934775, 48.583345262507251 ] ], [ [ 7.729033434697323, 48.579939710287555 ], [ 7.72896571174883, 48.579938334490649 ], [ 7.72896775569225, 48.57989337273218 ], [ 7.728900045503898, 48.579891987369642 ], [ 7.728901973992342, 48.579849310383985 ], [ 7.72893349, 48.57981354 ], [ 7.72901305, 48.57972627 ], [ 7.729044598541909, 48.579693607789466 ], [ 7.729033434697323, 48.579939710287555 ] ], [ [ 7.729257911246918, 48.579473552148613 ], [ 7.729256967600683, 48.579494312844808 ], [ 7.729238092664519, 48.579493926704203 ], [ 7.729257911246918, 48.579473552148613 ] ], [ [ 7.732849076588685, 48.675230913387381 ], [ 7.732916926866218, 48.675232295848673 ], [ 7.732914882583813, 48.675277256108792 ], [ 7.733050569716226, 48.675280021466826 ], [ 7.733118420064477, 48.675281403810651 ], [ 7.733116375124433, 48.675326355097731 ], [ 7.733184211982968, 48.67532773795493 ], [ 7.733182180652076, 48.675372688690643 ], [ 7.733317868052573, 48.675375453737018 ], [ 7.73345355546777, 48.675378218625227 ], [ 7.733521392404341, 48.675379601285911 ], [ 7.733519362201399, 48.675424561002352 ], [ 7.733655049758008, 48.675427325655662 ], [ 7.733722886765277, 48.675428708198901 ], [ 7.733790737329312, 48.675430090150812 ], [ 7.733788692975215, 48.675475041447164 ], [ 7.733924380680558, 48.6754778057865 ], [ 7.73399223131529, 48.675479187620958 ], [ 7.734195756135319, 48.675483333990719 ], [ 7.734197800131373, 48.675438382687354 ], [ 7.73440133835853, 48.675442528145908 ], [ 7.734672713677421, 48.675448055238334 ], [ 7.734674757252153, 48.675403103926008 ], [ 7.73474259425485, 48.675404485875063 ], [ 7.73474055073978, 48.675449437188561 ], [ 7.734808401358899, 48.675450818547326 ], [ 7.734876251981689, 48.675452199866548 ], [ 7.734874208582386, 48.675497151181574 ], [ 7.734942045715428, 48.675498533014363 ], [ 7.734925728475467, 48.675858169338241 ], [ 7.734921656114522, 48.675948080379129 ], [ 7.734853804831533, 48.675946699086623 ], [ 7.734847688890831, 48.676081561426535 ], [ 7.734845645441192, 48.676126512730299 ], [ 7.73477779392314, 48.676125131393604 ], [ 7.734773721280392, 48.676215042420175 ], [ 7.734771677760292, 48.67625999372035 ], [ 7.734703826066853, 48.676258612340618 ], [ 7.734699753283206, 48.676348523360033 ], [ 7.73476760509602, 48.676349904742104 ], [ 7.734765561565136, 48.676394856039856 ], [ 7.734697709692639, 48.676393474656621 ], [ 7.734693636887463, 48.676483385671219 ], [ 7.734625784899261, 48.676482004246104 ], [ 7.734615581778304, 48.676706778102655 ], [ 7.734613538099293, 48.676751729391654 ], [ 7.734545699310082, 48.676750347368092 ], [ 7.73454365640117, 48.676795307630826 ], [ 7.734475817555945, 48.676793925566578 ], [ 7.734473773750396, 48.676838876851633 ], [ 7.734338082398168, 48.67683611315406 ], [ 7.734336038469668, 48.676881064435975 ], [ 7.734268185962652, 48.676879682802657 ], [ 7.734266142804188, 48.676924643058292 ], [ 7.734198303794633, 48.676923260832403 ], [ 7.734196259739579, 48.67696821211036 ], [ 7.734128420674026, 48.676966829843771 ], [ 7.734132494513105, 48.676876918865517 ], [ 7.734064655570578, 48.676875536561717 ], [ 7.734066686184328, 48.676830585836314 ], [ 7.733998847305146, 48.676829203494144 ], [ 7.734000890695165, 48.676784243241556 ], [ 7.733933038325889, 48.676782861412853 ], [ 7.733935082605266, 48.676737910136339 ], [ 7.733937126881042, 48.676692958859022 ], [ 7.733869274634803, 48.676691576993107 ], [ 7.733871318133418, 48.676646616740427 ], [ 7.733803465950544, 48.676645234836123 ], [ 7.733807554722831, 48.676555332282135 ], [ 7.733739702662997, 48.676553950340633 ], [ 7.733741746270201, 48.676508990087868 ], [ 7.733673907827111, 48.676507607556189 ], [ 7.733677983263152, 48.676417705553838 ], [ 7.733610131389721, 48.676416323536735 ], [ 7.733612175105511, 48.676371363283891 ], [ 7.733544336848793, 48.676369980676618 ], [ 7.733548411668807, 48.676280069698379 ], [ 7.733480573535114, 48.676278687053909 ], [ 7.733482618192657, 48.676233735776712 ], [ 7.733414766568997, 48.676232353645652 ], [ 7.733416811282619, 48.676187402368818 ], [ 7.733348959722316, 48.67618602019936 ], [ 7.733353048424973, 48.676096108669917 ], [ 7.73328519698772, 48.676094726463241 ], [ 7.733289285795349, 48.676004814932902 ], [ 7.733221434481142, 48.676003432689029 ], [ 7.733225524226867, 48.675913530133514 ], [ 7.733157673035696, 48.675912147852451 ], [ 7.733161762053273, 48.675822236320329 ], [ 7.733093910985145, 48.675820854002033 ], [ 7.733098000107694, 48.675730942469031 ], [ 7.733030149162613, 48.675729560113524 ], [ 7.733034238390131, 48.67563964857964 ], [ 7.732966387568095, 48.675638266186922 ], [ 7.732970477733658, 48.67554836362789 ], [ 7.732902627034655, 48.675546981197968 ], [ 7.732904671338652, 48.675502020942666 ], [ 7.732906716472111, 48.675457069662315 ], [ 7.732838865896156, 48.675455687195175 ], [ 7.732840911085694, 48.675410735915172 ], [ 7.732849076588685, 48.675230913387381 ] ], [ [ 7.752030128010317, 48.574962930195575 ], [ 7.752030640996311, 48.574951538462081 ], [ 7.752191751509653, 48.574966204260051 ], [ 7.752165550116471, 48.574965673374145 ], [ 7.752030128010317, 48.574962930195575 ] ], [ [ 7.73485323, 48.57440162 ], [ 7.73484354, 48.57439585 ], [ 7.73486702, 48.57435977 ], [ 7.73485323, 48.57440162 ] ] ], [ [ [ 7.674674974105249, 48.487960904451356 ], [ 7.6747425613506, 48.487962321456671 ], [ 7.674740487004283, 48.488007283098312 ], [ 7.67487566162467, 48.488010116993145 ], [ 7.674883987162107, 48.487830287276438 ], [ 7.674816400086974, 48.487828870353482 ], [ 7.674824725802911, 48.487649040630508 ], [ 7.674757138968439, 48.487647623672927 ], [ 7.674759227609463, 48.487602670457541 ], [ 7.674765465682698, 48.487467802920435 ], [ 7.674697879088875, 48.487466385928236 ], [ 7.674630292498788, 48.48746496889666 ], [ 7.674631105807341, 48.487447457016756 ], [ 7.674596818718927, 48.487446164755738 ], [ 7.674563551855948, 48.487445209726452 ], [ 7.674556453802098, 48.487598419897033 ], [ 7.674624040566131, 48.487599836971583 ], [ 7.674617802104657, 48.487734704495338 ], [ 7.674685389050116, 48.487736121534063 ], [ 7.674674974105249, 48.487960904451356 ] ] ], [ [ [ 7.67478517014992, 48.488503218523682 ], [ 7.674852758113522, 48.48850463546453 ], [ 7.674850670337634, 48.488549597645246 ], [ 7.674846506639485, 48.488639503506157 ], [ 7.674914109108705, 48.488640928842948 ], [ 7.674905769221036, 48.488820750082972 ], [ 7.674973371111116, 48.48882216640839 ], [ 7.674971283428111, 48.488867128586683 ], [ 7.675038871876796, 48.488868545418896 ], [ 7.675051359511175, 48.488598800896931 ], [ 7.674983771417892, 48.488597384071859 ], [ 7.674987934051943, 48.488507469228061 ], [ 7.674996273600332, 48.488327647963928 ], [ 7.674928672361936, 48.488326231651627 ], [ 7.674932835070631, 48.488236316801931 ], [ 7.674865247458674, 48.488234899907631 ], [ 7.674869410271227, 48.488144985057552 ], [ 7.674801822781474, 48.48814356812624 ], [ 7.674803911403512, 48.488098614917241 ], [ 7.674736323156899, 48.488097188971018 ], [ 7.674721745283358, 48.48841188670643 ], [ 7.674789333124759, 48.488413303684283 ], [ 7.67478517014992, 48.488503218523682 ] ] ], [ [ [ 7.67508564708556, 48.489319527394933 ], [ 7.675153236134052, 48.489320944160305 ], [ 7.675159486884004, 48.489186076131858 ], [ 7.675091884508749, 48.489184659915082 ], [ 7.675093972098879, 48.489139697739247 ], [ 7.675026383291063, 48.489138280939258 ], [ 7.675020132196654, 48.489273148962624 ], [ 7.67508772118217, 48.489274565766202 ], [ 7.67508564708556, 48.489319527394933 ] ] ], [ [ [ 7.675324779553528, 48.489999542209404 ], [ 7.67532061738929, 48.490089457021902 ], [ 7.675388207459727, 48.49009087364999 ], [ 7.675381970706076, 48.490225741106244 ], [ 7.675449560957957, 48.490227157698513 ], [ 7.675443311664403, 48.4903620346739 ], [ 7.675510915602506, 48.490363450685315 ], [ 7.675506739410505, 48.490453357062229 ], [ 7.675574343470831, 48.490454773036625 ], [ 7.675566006424708, 48.490634603195325 ], [ 7.675633610725773, 48.490636019135103 ], [ 7.675629449051702, 48.490725933940162 ], [ 7.675697039970137, 48.490727350387978 ], [ 7.675692878399941, 48.490817265192653 ], [ 7.675760469440589, 48.490818681603471 ], [ 7.675754220073141, 48.490953549593065 ], [ 7.675821811295241, 48.490954965968065 ], [ 7.675817649925477, 48.491044880770588 ], [ 7.675885241269787, 48.491046297108603 ], [ 7.675879005707936, 48.491181164549857 ], [ 7.675946597233695, 48.491182580852048 ], [ 7.675942436064396, 48.491272495652417 ], [ 7.67601002771237, 48.491273911917602 ], [ 7.676003778946194, 48.491408779900738 ], [ 7.676071384280656, 48.491410195584983 ], [ 7.676069297455597, 48.491455157745357 ], [ 7.676136889348001, 48.491456573936539 ], [ 7.676132728490338, 48.49154648873575 ], [ 7.676200320504962, 48.491547904889913 ], [ 7.676198246472369, 48.491592857528744 ], [ 7.676265838549961, 48.491594273644715 ], [ 7.676263751888017, 48.491639235805891 ], [ 7.676331357533692, 48.491640651338521 ], [ 7.676329270107178, 48.491685604523489 ], [ 7.676396862310727, 48.491687020563049 ], [ 7.676394789265084, 48.491731982180092 ], [ 7.676390628017391, 48.49182188800382 ], [ 7.676323022130985, 48.491820472505836 ], [ 7.676320949015158, 48.49186543411961 ], [ 7.676388541455668, 48.491866850163937 ], [ 7.676384381006239, 48.491956764960221 ], [ 7.676451973568966, 48.491958180967551 ], [ 7.676447812403232, 48.492048086786731 ], [ 7.676515405908366, 48.492049511733775 ], [ 7.676582998597048, 48.492050927664692 ], [ 7.676580924879783, 48.492095880303033 ], [ 7.676648517631435, 48.492097296195766 ], [ 7.676646430464544, 48.492142249379803 ], [ 7.676714037604629, 48.492143673665858 ], [ 7.676711950493321, 48.492188626850385 ], [ 7.676644357619453, 48.492187210994665 ], [ 7.67663811041136, 48.492322078972045 ], [ 7.67670571696822, 48.492323494286154 ], [ 7.676703630662534, 48.492368456444616 ], [ 7.676771223777106, 48.492369872265719 ], [ 7.676767063138048, 48.492459778084346 ], [ 7.676834657195093, 48.492461202845149 ], [ 7.676832583681984, 48.492506155482012 ], [ 7.676900176981749, 48.492507571227897 ], [ 7.676896017378029, 48.492597486023847 ], [ 7.676963610800013, 48.492598901732727 ], [ 7.676961523889101, 48.492643854915123 ], [ 7.677029130879412, 48.492645270040569 ], [ 7.677027044844388, 48.492690232200168 ], [ 7.677094638392328, 48.49269164783265 ], [ 7.677092565097956, 48.492736600470806 ], [ 7.677160158708868, 48.492738016065083 ], [ 7.677158072785033, 48.492782978225669 ], [ 7.677225666458929, 48.492784393781761 ], [ 7.677223593275746, 48.492829346420898 ], [ 7.677291187012617, 48.492830761938784 ], [ 7.677289114705383, 48.492875723555116 ], [ 7.677356708505233, 48.492877139034803 ], [ 7.677354621927829, 48.492922092220212 ], [ 7.677422215790651, 48.492923507661686 ], [ 7.677420143594631, 48.492968469279013 ], [ 7.677487737520437, 48.492969884682282 ], [ 7.677493981751022, 48.492835007710788 ], [ 7.677426388002953, 48.492833592311094 ], [ 7.677428461008413, 48.492788639668376 ], [ 7.677360867323315, 48.49278722423049 ], [ 7.6773650261268, 48.492697309423384 ], [ 7.677297432563923, 48.492695893948486 ], [ 7.677299505676933, 48.492650941306081 ], [ 7.677231912177028, 48.492649525792977 ], [ 7.677236071195606, 48.492559610986483 ], [ 7.677168477817919, 48.492558195436359 ], [ 7.677170563723476, 48.492513233272305 ], [ 7.677102956903455, 48.492511818229225 ], [ 7.677105043684921, 48.49246686504236 ], [ 7.677037450433189, 48.492465449415846 ], [ 7.677041609778034, 48.492375534610971 ], [ 7.676974016648521, 48.492374118947453 ], [ 7.676978176097252, 48.492284204142173 ], [ 7.676910583089959, 48.492282788441642 ], [ 7.676914742642579, 48.492192873635993 ], [ 7.676847149757505, 48.492191457898443 ], [ 7.676851309414011, 48.492101543092403 ], [ 7.676783703145943, 48.492100127863054 ], [ 7.67678787641155, 48.492010212511431 ], [ 7.676720270265723, 48.492008797245077 ], [ 7.676724430950259, 48.491918891414961 ], [ 7.676656837611605, 48.491917466589683 ], [ 7.676660998400015, 48.491827560759198 ], [ 7.6765934060038, 48.491826144873613 ], [ 7.676595492384118, 48.491781182709218 ], [ 7.676527900050886, 48.491779766785442 ], [ 7.676532060234129, 48.491689851978848 ], [ 7.676464454518007, 48.491688436563244 ], [ 7.676466541826045, 48.491643483375874 ], [ 7.676398949678, 48.491642067376887 ], [ 7.676405183927554, 48.491507199927817 ], [ 7.67633759196096, 48.491505783893018 ], [ 7.67634591293618, 48.491325954274757 ], [ 7.676278321210281, 48.491324538205326 ], [ 7.67621072948812, 48.491323122096517 ], [ 7.676143137769691, 48.491321705948316 ], [ 7.676155620189338, 48.491051961521606 ], [ 7.676088028830082, 48.491050545341167 ], [ 7.676094277330854, 48.490915677337831 ], [ 7.676026672648135, 48.490914261666695 ], [ 7.676028760308667, 48.490869308475929 ], [ 7.675961168373742, 48.490867883244768 ], [ 7.675965330297404, 48.490777977408662 ], [ 7.675897739304777, 48.490776561117201 ], [ 7.675901900512232, 48.490686646303985 ], [ 7.675834309641821, 48.490685229975533 ], [ 7.675842632249871, 48.490505400345576 ], [ 7.675775041620148, 48.490503983982492 ], [ 7.6757771159799, 48.490459031335369 ], [ 7.675709525413144, 48.490457614934087 ], [ 7.675711612513234, 48.490412652765656 ], [ 7.675779203020745, 48.490414069165752 ], [ 7.675781277373206, 48.490369116517257 ], [ 7.675848867825221, 48.490370532876774 ], [ 7.675850954799515, 48.490325570704556 ], [ 7.675783364406739, 48.490324154346233 ], [ 7.675785438751911, 48.490279201696367 ], [ 7.675717848422106, 48.490277785299838 ], [ 7.675650258096039, 48.490276368863938 ], [ 7.675652345240747, 48.490231406693937 ], [ 7.675584741472926, 48.490229990764902 ], [ 7.675590991198155, 48.490095122752862 ], [ 7.67552340111651, 48.490093706242938 ], [ 7.675527562925302, 48.490003791423291 ], [ 7.675459972965866, 48.490002374876362 ], [ 7.675464134878528, 48.489912460056331 ], [ 7.675396545041302, 48.489911043472411 ], [ 7.67539861970906, 48.48986609082344 ], [ 7.675402781718298, 48.489776176001648 ], [ 7.675335192062512, 48.489774759381902 ], [ 7.675337280283172, 48.489729806186993 ], [ 7.675341442388967, 48.489639891363439 ], [ 7.675273852914619, 48.489638474707895 ], [ 7.675275926859015, 48.489593513080415 ], [ 7.675208337447649, 48.489592096386666 ], [ 7.675212500588422, 48.48950219054047 ], [ 7.675144910479328, 48.489500764832975 ], [ 7.675146985351199, 48.489455812182541 ], [ 7.675079396125006, 48.489454395413581 ], [ 7.675068982559138, 48.489679178241424 ], [ 7.675136585586098, 48.489680594471324 ], [ 7.67513449801132, 48.489725556640053 ], [ 7.675130334715557, 48.489815462476962 ], [ 7.675197924419366, 48.489816879216058 ], [ 7.675195850397493, 48.489861840838898 ], [ 7.675263440164279, 48.489863257539803 ], [ 7.675257189605301, 48.489998125544304 ], [ 7.675324779553528, 48.489999542209404 ] ] ], [ [ [ 7.677350463087842, 48.493012007020361 ], [ 7.677352548852198, 48.492967044859633 ], [ 7.677284941428433, 48.492965629922836 ], [ 7.677282869110266, 48.4930105915371 ], [ 7.677350463087842, 48.493012007020361 ] ] ], [ [ [ 7.677555331449979, 48.492971300046172 ], [ 7.677487737520437, 48.492969884682282 ], [ 7.677485664559647, 48.4930148373234 ], [ 7.677553258548425, 48.493016252688477 ], [ 7.677555331449979, 48.492971300046172 ] ] ], [ [ [ 7.677551172137774, 48.493061205875378 ], [ 7.677618767009935, 48.493062630178962 ], [ 7.677620852540937, 48.493017668014168 ], [ 7.677553258548425, 48.493016252688477 ], [ 7.677551172137774, 48.493061205875378 ] ] ], [ [ [ 7.677483578089759, 48.493059790509115 ], [ 7.677485664559647, 48.4930148373234 ], [ 7.677350463087842, 48.493012007020361 ], [ 7.677348390004926, 48.493056959658411 ], [ 7.677415984045474, 48.493058375103452 ], [ 7.677413898333064, 48.493103337263989 ], [ 7.677481492436596, 48.493104752670838 ], [ 7.677479419464867, 48.493149705309868 ], [ 7.677547013631375, 48.493151120678533 ], [ 7.677551172137774, 48.493061205875378 ], [ 7.677483578089759, 48.493059790509115 ] ] ], [ [ [ 7.677614607801615, 48.493152536007784 ], [ 7.677547013631375, 48.493151120678533 ], [ 7.677544928030153, 48.493196082840051 ], [ 7.677612535765138, 48.493197497625211 ], [ 7.677614607801615, 48.493152536007784 ] ] ], [ [ [ 7.677608377355349, 48.493287412426568 ], [ 7.677675971707061, 48.493288827720008 ], [ 7.677680129998362, 48.49319891291627 ], [ 7.677612535765138, 48.493197497625211 ], [ 7.677608377355349, 48.493287412426568 ] ] ], [ [ [ 7.677675971707061, 48.493288827720008 ], [ 7.677673885392964, 48.493333780905154 ], [ 7.677741479807648, 48.493335196160388 ], [ 7.677743566062507, 48.493290242974062 ], [ 7.677675971707061, 48.493288827720008 ] ] ], [ [ [ 7.678069077752184, 48.493567053568846 ], [ 7.678136672485492, 48.493568468593679 ], [ 7.678134587384661, 48.49361343075973 ], [ 7.678269790486568, 48.493616260148237 ], [ 7.678273947762491, 48.493526345332761 ], [ 7.678206353080962, 48.493524930387892 ], [ 7.678208425430177, 48.493479977741345 ], [ 7.67814083081162, 48.493478562758277 ], [ 7.678144988302654, 48.493388647943412 ], [ 7.67807739380632, 48.49338723292334 ], [ 7.678079465442597, 48.493342271300378 ], [ 7.678011871009248, 48.493340856242106 ], [ 7.67801395702714, 48.493295903050999 ], [ 7.677946362656761, 48.493294487954522 ], [ 7.677948434404257, 48.493249526332541 ], [ 7.677880840096863, 48.493248111197857 ], [ 7.677882912720434, 48.493203158553094 ], [ 7.677815318476005, 48.493201743380205 ], [ 7.677817404660662, 48.493156790190589 ], [ 7.677749809658772, 48.49315536600281 ], [ 7.677751882393537, 48.493110413359027 ], [ 7.677684288275068, 48.493108998109747 ], [ 7.677686374570891, 48.493064044921141 ], [ 7.677618767009935, 48.493062630178962 ], [ 7.677614607801615, 48.493152536007784 ], [ 7.677682201975586, 48.49315395129765 ], [ 7.677680129998362, 48.49319891291627 ], [ 7.677747724235318, 48.49320032816793 ], [ 7.677745651493271, 48.493245280810342 ], [ 7.677813245793199, 48.493246696023789 ], [ 7.677811160421685, 48.49329165818871 ], [ 7.677878754784596, 48.493293073363986 ], [ 7.677876682153743, 48.493338026007365 ], [ 7.67794427657963, 48.493339441144435 ], [ 7.67793803265231, 48.493474309141384 ], [ 7.678005641585707, 48.493475732673978 ], [ 7.678003555553196, 48.493520685862315 ], [ 7.678071150223527, 48.493522100925361 ], [ 7.678069077752184, 48.493567053568846 ] ] ], [ [ [ 7.677807002352773, 48.493381572994451 ], [ 7.677809087731593, 48.493336610830909 ], [ 7.677741479807648, 48.493335196160388 ], [ 7.677739407054668, 48.493380148800703 ], [ 7.677807002352773, 48.493381572994451 ] ] ], [ [ [ 7.677804916149844, 48.493426526180599 ], [ 7.677872524196035, 48.493427940814101 ], [ 7.677874596834173, 48.493382988172094 ], [ 7.677807002352773, 48.493381572994451 ], [ 7.677804916149844, 48.493426526180599 ] ] ], [ [ [ 7.678533940836205, 48.49375678701454 ], [ 7.67860153583262, 48.493758201768379 ], [ 7.678605693358553, 48.493668295921857 ], [ 7.678538098480618, 48.493666881170391 ], [ 7.678540169723977, 48.493621919543287 ], [ 7.678472574909025, 48.493620504753615 ], [ 7.678474660534151, 48.493575551558294 ], [ 7.678339457528341, 48.493572722408544 ], [ 7.67833738529032, 48.493617675056086 ], [ 7.678404980097804, 48.49361908992455 ], [ 7.678402908735944, 48.493664051549267 ], [ 7.678470503606416, 48.493665466379525 ], [ 7.678468417973982, 48.493710419573461 ], [ 7.678536012907426, 48.49371183436552 ], [ 7.678533940836205, 48.49375678701454 ] ] ], [ [ [ 7.678667059696994, 48.49380457811025 ], [ 7.67866913165337, 48.493759625459546 ], [ 7.67860153583262, 48.493758201768379 ], [ 7.678599451131955, 48.493803163940022 ], [ 7.678667059696994, 48.49380457811025 ] ] ], [ [ [ 7.678662903088278, 48.493894492931688 ], [ 7.678798093455251, 48.49389732224958 ], [ 7.678800164479799, 48.49385236062119 ], [ 7.678732569353699, 48.493850945983127 ], [ 7.678734654760125, 48.493805992786498 ], [ 7.678667059696994, 48.49380457811025 ], [ 7.678662903088278, 48.493894492931688 ] ] ], [ [ [ 7.679051065448152, 48.592270820255813 ], [ 7.678644672833955, 48.592262325656172 ], [ 7.678642596865523, 48.592307276801741 ], [ 7.678439407607531, 48.592303033180968 ], [ 7.67843313937216, 48.592437897214936 ], [ 7.678500878320636, 48.592439311434653 ], [ 7.678502954418988, 48.592394360293746 ], [ 7.678706157576769, 48.592398603257877 ], [ 7.678708233493043, 48.592353652112635 ], [ 7.678979161830181, 48.592359309204333 ], [ 7.678981251036564, 48.592314357508172 ], [ 7.679048976304914, 48.592315771953935 ], [ 7.679051065448152, 48.592270820255813 ] ] ], [ [ [ 7.677755830461619, 48.592423740598001 ], [ 7.677753753705403, 48.592468691725095 ], [ 7.677956943564654, 48.592472936544347 ], [ 7.677959033674143, 48.592427984868365 ], [ 7.677755830461619, 48.592423740598001 ] ] ], [ [ [ 7.677616198896873, 48.592510813499253 ], [ 7.677683937919334, 48.592512228195083 ], [ 7.677686014738678, 48.592467277069936 ], [ 7.677279634321916, 48.592458777152444 ], [ 7.67727754443596, 48.592503737792121 ], [ 7.677142092681288, 48.592500897820379 ], [ 7.677137911838506, 48.592590810116285 ], [ 7.677408842080208, 48.592596479844552 ], [ 7.677410918322797, 48.592551519749243 ], [ 7.6776141228364, 48.592555773598868 ], [ 7.677616198896873, 48.592510813499253 ] ] ], [ [ [ 7.676323058629383, 48.592618765648744 ], [ 7.676320967074163, 48.592663717292247 ], [ 7.676050050950413, 48.592658053459438 ], [ 7.67604795915363, 48.592703005097398 ], [ 7.675844768538833, 48.592698756941026 ], [ 7.675840584577392, 48.592788660207518 ], [ 7.676043776370763, 48.592792917347488 ], [ 7.676045867353166, 48.592747956734613 ], [ 7.676316798306275, 48.592753629008278 ], [ 7.676318876337049, 48.592708677911418 ], [ 7.676657532022373, 48.592715756411465 ], [ 7.676659623283897, 48.592670804762726 ], [ 7.676795088171682, 48.592673635775 ], [ 7.676797165778823, 48.592628684668313 ], [ 7.676932630562655, 48.592631515520324 ], [ 7.676934721578939, 48.592586563865304 ], [ 7.676460601261542, 48.592576645951858 ], [ 7.676458523360697, 48.592621597053366 ], [ 7.676323058629383, 48.592618765648744 ] ] ], [ [ [ 7.675434201913768, 48.592780153838284 ], [ 7.675432110392318, 48.59282511443962 ], [ 7.675499849770633, 48.592826530408267 ], [ 7.675501928522412, 48.59278157932718 ], [ 7.675434201913768, 48.592780153838284 ] ] ], [ [ [ 7.675226826818369, 48.592865816827334 ], [ 7.675228918521952, 48.59282085623034 ], [ 7.675161192690487, 48.59281943955876 ], [ 7.675159100927421, 48.592864400154568 ], [ 7.675226826818369, 48.592865816827334 ] ] ], [ [ [ 7.674547433537159, 48.592896592589945 ], [ 7.67447969409242, 48.592895176066214 ], [ 7.674475521247131, 48.592985078732355 ], [ 7.674610987667888, 48.592987921266456 ], [ 7.674613066386, 48.592942961227422 ], [ 7.674883998213203, 48.592948636840759 ], [ 7.674886090221561, 48.592903676251247 ], [ 7.675157008339097, 48.592909351773208 ], [ 7.675159100927421, 48.592864400154568 ], [ 7.674549512307427, 48.592851632550584 ], [ 7.674547433537159, 48.592896592589945 ] ] ], [ [ [ 7.673184442338223, 48.593048035907003 ], [ 7.673182348827996, 48.593092996463568 ], [ 7.673114622692857, 48.593091578599548 ], [ 7.673112528298246, 48.593136530177723 ], [ 7.672570677459661, 48.593125178492855 ], [ 7.672568582585567, 48.593170130060699 ], [ 7.672229923636847, 48.593163030670716 ], [ 7.67222784281473, 48.593207990663601 ], [ 7.672160103021817, 48.593206572788077 ], [ 7.672155926073516, 48.593296475360958 ], [ 7.672223652453408, 48.593297893783529 ], [ 7.672221558088295, 48.593342854318792 ], [ 7.672560218226635, 48.593349953732691 ], [ 7.672562312294313, 48.593304993191431 ], [ 7.672765505866056, 48.593309256062007 ], [ 7.672767599751592, 48.593264295516406 ], [ 7.672970793178747, 48.593268558028157 ], [ 7.672972886882144, 48.5932235974782 ], [ 7.673176080164711, 48.593227859631092 ], [ 7.673178173685969, 48.593182899076801 ], [ 7.673245900765051, 48.593184325880181 ], [ 7.673247994223146, 48.593139365323914 ], [ 7.673383460163063, 48.593142200312208 ], [ 7.673387634940896, 48.593052297690285 ], [ 7.673319908853965, 48.593050879945885 ], [ 7.673184442338223, 48.593048035907003 ] ] ], [ [ [ 7.679531273674809, 48.49413767147032 ], [ 7.679396081812524, 48.494134834030483 ], [ 7.679393997793693, 48.494179796210886 ], [ 7.679529202459456, 48.494182624130907 ], [ 7.679531273674809, 48.49413767147032 ] ] ], [ [ [ 7.679529202459456, 48.494182624130907 ], [ 7.679527117734725, 48.494227577336304 ], [ 7.679594713379577, 48.494228991511172 ], [ 7.679596798045067, 48.494184038304567 ], [ 7.679529202459456, 48.494182624130907 ] ] ], [ [ [ 7.680129268235146, 48.494375179452888 ], [ 7.680131352437638, 48.494330226238809 ], [ 7.6799961473492, 48.494327399020811 ], [ 7.679994076533988, 48.49437235168692 ], [ 7.680129268235146, 48.494375179452888 ] ] ], [ [ [ 7.680194794271078, 48.49442155492244 ], [ 7.680196864091318, 48.494376593276783 ], [ 7.680129268235146, 48.494375179452888 ], [ 7.680127197534784, 48.494420132120666 ], [ 7.680194794271078, 48.49442155492244 ] ] ], [ [ [ 7.68032998611312, 48.494424382454426 ], [ 7.680194794271078, 48.49442155492244 ], [ 7.680192710120528, 48.49446650813632 ], [ 7.68032791558685, 48.494469335125075 ], [ 7.68032998611312, 48.494424382454426 ] ] ], [ [ [ 7.680325831551135, 48.494514288340653 ], [ 7.680393428417153, 48.494515711026622 ], [ 7.680395511572706, 48.494470748833173 ], [ 7.68032791558685, 48.494469335125075 ], [ 7.680325831551135, 48.494514288340653 ] ] ], [ [ [ 7.680596230080673, 48.494519951372475 ], [ 7.680528634024375, 48.494518537781381 ], [ 7.680393428417153, 48.494515711026622 ], [ 7.680391357942847, 48.494560663697072 ], [ 7.680458954050929, 48.494562077368144 ], [ 7.680456870126397, 48.494607030584724 ], [ 7.680592075978069, 48.494609857265445 ], [ 7.680596230080673, 48.494519951372475 ] ] ], [ [ [ 7.681931588773053, 48.494907872936992 ], [ 7.681929519632265, 48.494952825629142 ], [ 7.681997116300088, 48.494954238403686 ], [ 7.68199919888753, 48.494909285164525 ], [ 7.681931588773053, 48.494907872936992 ] ] ], [ [ [ 7.682265434981702, 48.495004850781996 ], [ 7.682130241501456, 48.495002025506302 ], [ 7.682128159025205, 48.495046978746444 ], [ 7.68226336612987, 48.4950498034787 ], [ 7.682265434981702, 48.495004850781996 ] ] ], [ [ [ 7.682398560564786, 48.495052637575867 ], [ 7.682330962934825, 48.495051216058641 ], [ 7.68226336612987, 48.4950498034787 ], [ 7.68226128458972, 48.49509476569721 ], [ 7.68232888145393, 48.495096178278359 ], [ 7.682326812654069, 48.495141130974858 ], [ 7.68239440958125, 48.49514254351778 ], [ 7.682398560564786, 48.495052637575867 ] ] ], [ [ [ 7.682933131189891, 48.495198803580337 ], [ 7.682865534173645, 48.495197391351361 ], [ 7.682863452334505, 48.495242344601877 ], [ 7.682931063737348, 48.495243765262764 ], [ 7.682933131189891, 48.495198803580337 ] ] ], [ [ [ 7.682928981953816, 48.49528871851377 ], [ 7.683266981189418, 48.495295778533659 ], [ 7.683269062676719, 48.495250825276678 ], [ 7.682931063737348, 48.495243765262764 ], [ 7.682928981953816, 48.49528871851377 ] ] ], [ [ [ 7.683465637875283, 48.495389928804101 ], [ 7.683467705686136, 48.495344976090934 ], [ 7.68340010846233, 48.495343564173552 ], [ 7.683402175507341, 48.495298602484219 ], [ 7.683266981189418, 48.495295778533659 ], [ 7.683264900519898, 48.495340740766565 ], [ 7.683332511242251, 48.495342152216779 ], [ 7.683330429806902, 48.495387105473547 ], [ 7.683465637875283, 48.495389928804101 ] ] ], [ [ [ 7.683869155014331, 48.495443361184471 ], [ 7.683871235157812, 48.495398398942207 ], [ 7.683736027044731, 48.495395576084427 ], [ 7.683733960288745, 48.495440537778286 ], [ 7.683869155014331, 48.495443361184471 ] ] ], [ [ [ 7.683664281785134, 48.495484079277468 ], [ 7.68366636293154, 48.495439126016116 ], [ 7.683598752072041, 48.495437714760541 ], [ 7.68360083245256, 48.495392752523053 ], [ 7.683465637875283, 48.495389928804101 ], [ 7.683463557376254, 48.49543489103921 ], [ 7.683531154722282, 48.495436302919579 ], [ 7.683529086963406, 48.495481255632548 ], [ 7.683664281785134, 48.495484079277468 ] ] ], [ [ [ 7.683867087551688, 48.495488313903358 ], [ 7.683934684979311, 48.495489725548545 ], [ 7.683932604887796, 48.495534687790602 ], [ 7.684067813378768, 48.495537510419119 ], [ 7.684069879845729, 48.495492548720733 ], [ 7.684002282410656, 48.495491137154325 ], [ 7.68400436326083, 48.495446183887033 ], [ 7.683869155014331, 48.495443361184471 ], [ 7.683867087551688, 48.495488313903358 ] ] ], [ [ [ 7.684065732580549, 48.495582463686226 ], [ 7.684133330137845, 48.495583875215608 ], [ 7.684135410876818, 48.495538921947308 ], [ 7.684067813378768, 48.495537510419119 ], [ 7.684065732580549, 48.495582463686226 ] ] ], [ [ [ 7.684266458967158, 48.495631659856741 ], [ 7.684268538769665, 48.495586697610115 ], [ 7.684200927698866, 48.495585286705591 ], [ 7.684198861343153, 48.495630248404971 ], [ 7.684266458967158, 48.495631659856741 ] ] ], [ [ [ 7.684870718897922, 48.49573427504761 ], [ 7.68473550984353, 48.495731453355141 ], [ 7.684737589238516, 48.495686491101559 ], [ 7.684669991529205, 48.49568507992435 ], [ 7.684672058295424, 48.495640127194044 ], [ 7.684604460649082, 48.495638715978629 ], [ 7.684536863006462, 48.495637304723822 ], [ 7.684538929065882, 48.495592343018536 ], [ 7.684336136338132, 48.495588109021305 ], [ 7.684334056594881, 48.495633071269125 ], [ 7.684266458967158, 48.495631659856741 ], [ 7.684264391845459, 48.495676612579949 ], [ 7.684331989532428, 48.495678023993527 ], [ 7.684399587223122, 48.495679435367705 ], [ 7.684397507531838, 48.495724397615326 ], [ 7.684532716548996, 48.495727219701777 ], [ 7.684600314310118, 48.495728630958965 ], [ 7.684598233971291, 48.495773584232815 ], [ 7.684665845301479, 48.495774994905666 ], [ 7.684733443129292, 48.495776406085255 ], [ 7.684731363727019, 48.495821368337445 ], [ 7.684934170916677, 48.495825601097238 ], [ 7.684938316677657, 48.495735686107814 ], [ 7.684870718897922, 48.49573427504761 ] ] ], [ [ [ 7.685003847983869, 48.495782049863458 ], [ 7.685071445830296, 48.49578346084607 ], [ 7.685069366724321, 48.495828423104221 ], [ 7.685204576052965, 48.495831244407448 ], [ 7.685206642356103, 48.495786291669745 ], [ 7.685139043680445, 48.495784871789276 ], [ 7.685141123545288, 48.49573991850589 ], [ 7.685005914461117, 48.495737097128618 ], [ 7.685003847983869, 48.495782049863458 ] ] ], [ [ [ 7.685337705702118, 48.495879018838636 ], [ 7.685339771890391, 48.49583406609927 ], [ 7.685204576052965, 48.495831244407448 ], [ 7.685202496240083, 48.495876197690635 ], [ 7.685337705702118, 48.495879018838636 ] ] ], [ [ [ 7.685603953060878, 48.495974576763309 ], [ 7.685606032525558, 48.49592962347436 ], [ 7.685538434471594, 48.495928212803349 ], [ 7.685470822915219, 48.495926802639168 ], [ 7.685472901672922, 48.495881840375247 ], [ 7.685337705702118, 48.495879018838636 ], [ 7.685335626825901, 48.495923981100162 ], [ 7.685403224868698, 48.495925391889365 ], [ 7.685401158732411, 48.495970344628525 ], [ 7.685603953060878, 48.495974576763309 ] ] ], [ [ [ 7.685808826709782, 48.495933855251025 ], [ 7.685741228644653, 48.495932444698191 ], [ 7.685743307987196, 48.495887491406165 ], [ 7.685675696478915, 48.49588608136137 ], [ 7.685671551177811, 48.495975987396108 ], [ 7.68580676175087, 48.495978816973924 ], [ 7.685808826709782, 48.495933855251025 ] ] ], [ [ [ 7.685872280647645, 48.496025180781572 ], [ 7.685874359878981, 48.495980227488545 ], [ 7.68580676175087, 48.495978816973924 ], [ 7.68580468246029, 48.496023770265765 ], [ 7.685872280647645, 48.496025180781572 ] ] ], [ [ [ 7.685872280647645, 48.496025180781572 ], [ 7.685870214918825, 48.496070133527631 ], [ 7.686005411423194, 48.496072954443427 ], [ 7.686007490539671, 48.496028001148716 ], [ 7.685872280647645, 48.496025180781572 ] ] ], [ [ [ 7.68620407615356, 48.496167100000186 ], [ 7.6862061415934, 48.496122147249615 ], [ 7.686138543268934, 48.496120736928404 ], [ 7.686140622270555, 48.496075783631994 ], [ 7.686005411423194, 48.496072954443427 ], [ 7.68600334663117, 48.496117916167805 ], [ 7.686070944948192, 48.496119326567801 ], [ 7.686068865883676, 48.496164279862299 ], [ 7.68620407615356, 48.496167100000186 ] ] ], [ [ [ 7.688460907310901, 48.526498909994466 ], [ 7.688458829933804, 48.526543871857477 ], [ 7.688526468481071, 48.526545280812385 ], [ 7.688528545798841, 48.526500318948173 ], [ 7.688460907310901, 48.526498909994466 ] ] ], [ [ [ 7.685148067510271, 48.530794776296723 ], [ 7.685145987050019, 48.530839738035631 ], [ 7.685281288830154, 48.530842559216815 ], [ 7.68528543681667, 48.53075264525625 ], [ 7.685293732746001, 48.530572817326529 ], [ 7.685361377350369, 48.53057423710051 ], [ 7.685371754052221, 48.530349456381494 ], [ 7.685439411056517, 48.530350866587341 ], [ 7.685441477724068, 48.530305905382015 ], [ 7.6853061908683, 48.530303083840842 ], [ 7.685304110566864, 48.530348045590003 ], [ 7.685236467085235, 48.530346634759098 ], [ 7.685230237851553, 48.530481501499459 ], [ 7.685162594195664, 48.530480090625552 ], [ 7.685156364751185, 48.530614957355915 ], [ 7.685148067510271, 48.530794776296723 ] ] ], [ [ [ 7.684954642965065, 48.532050724702984 ], [ 7.684886997243748, 48.532049313669241 ], [ 7.684880766882462, 48.532184180313628 ], [ 7.684948412781782, 48.532185591350945 ], [ 7.684946344783095, 48.532230543542553 ], [ 7.684942196081411, 48.532320457446318 ], [ 7.685009842162459, 48.532321868447774 ], [ 7.685003612091573, 48.532456735086392 ], [ 7.684935965832526, 48.532455324081361 ], [ 7.684933885118561, 48.532500285791357 ], [ 7.685069191274845, 48.532503107218197 ], [ 7.685071259176693, 48.532458155028522 ], [ 7.685138905443209, 48.532459565954703 ], [ 7.685136837600694, 48.532504518145565 ], [ 7.685204483930264, 48.532505929033505 ], [ 7.685212794766063, 48.532326109645965 ], [ 7.685145134335733, 48.532324690332416 ], [ 7.685147215679426, 48.532279737592511 ], [ 7.685079569650255, 48.532278326671083 ], [ 7.685081637533915, 48.532233374477833 ], [ 7.685083718107296, 48.532188412761158 ], [ 7.685016072200524, 48.532187001802683 ], [ 7.685022288690108, 48.532052135697306 ], [ 7.685089947934545, 48.532053546106056 ], [ 7.68511693391484, 48.531469118239137 ], [ 7.685129379671088, 48.531199385399837 ], [ 7.685131460160535, 48.531154423666656 ], [ 7.685199104706378, 48.531155834558383 ], [ 7.685211563468989, 48.530886101135671 ], [ 7.685143905763777, 48.530884690797265 ], [ 7.685139757518041, 48.530974604748785 ], [ 7.685072113213246, 48.53097319382239 ], [ 7.68506173506963, 48.53119797446751 ], [ 7.685049275441885, 48.531467707845856 ], [ 7.684981630488171, 48.531466296866967 ], [ 7.684973332495686, 48.531646115743833 ], [ 7.684956724464855, 48.532005771962353 ], [ 7.684954642965065, 48.532050724702984 ] ] ], [ [ [ 7.684933885118561, 48.532500285791357 ], [ 7.684866238803899, 48.53249887474572 ], [ 7.684864157204623, 48.532543827477269 ], [ 7.68493181709441, 48.532545237977942 ], [ 7.684933885118561, 48.532500285791357 ] ] ], [ [ [ 7.684580241018683, 48.534292876387546 ], [ 7.684571927642148, 48.534472695610646 ], [ 7.684504278731583, 48.534471284355014 ], [ 7.684493897386097, 48.534696064684624 ], [ 7.684487665667314, 48.534830931187656 ], [ 7.684481434737989, 48.534965806660757 ], [ 7.684413784356132, 48.534964386376096 ], [ 7.684384707185672, 48.535593775044582 ], [ 7.68431705679905, 48.535592363680387 ], [ 7.684312906719874, 48.53568227745977 ], [ 7.684380557225181, 48.535683688826332 ], [ 7.68437640642784, 48.535773593628676 ], [ 7.684370175090708, 48.53590846905292 ], [ 7.684437825896456, 48.535909880386001 ], [ 7.684433675181337, 48.53599978518352 ], [ 7.684366024256912, 48.535998373848066 ], [ 7.684363942898466, 48.536043335494135 ], [ 7.684359792042791, 48.536133240284975 ], [ 7.684292140944067, 48.536131828906512 ], [ 7.684290059515317, 48.536176790549227 ], [ 7.684222408360974, 48.536175379130157 ], [ 7.684218257246065, 48.536265283911931 ], [ 7.684150592459991, 48.536263872997104 ], [ 7.684136058735874, 48.536578566904922 ], [ 7.684068407054904, 48.536577155396301 ], [ 7.684058023368832, 48.536801935527137 ], [ 7.683990357877938, 48.53680052451918 ], [ 7.683963356227943, 48.537384951073506 ], [ 7.683895703486219, 48.537383539464635 ], [ 7.683868700448276, 48.537967965881748 ], [ 7.683801046938777, 48.537966554217988 ], [ 7.683778193770888, 48.538461066824894 ], [ 7.683710539612298, 48.538459655108632 ], [ 7.683693919678091, 48.538819301343025 ], [ 7.683761574311472, 48.538820713068816 ], [ 7.683753270841846, 48.539000531412185 ], [ 7.683685602453564, 48.538999120227651 ], [ 7.683660679109166, 48.539538593673292 ], [ 7.683593023529919, 48.539537181889052 ], [ 7.683568084608045, 48.54007664678597 ], [ 7.683500428320317, 48.540075234948041 ], [ 7.683473419350376, 48.540659660740566 ], [ 7.68340576229479, 48.540658248847755 ], [ 7.683376668675685, 48.541287627074738 ], [ 7.68330901079288, 48.541286215125844 ], [ 7.683286151390299, 48.541780727079612 ], [ 7.683218479340067, 48.541779315624154 ], [ 7.683203938320418, 48.542094008827469 ], [ 7.683136279376668, 48.542092596778303 ], [ 7.68313004318101, 48.542227462870855 ], [ 7.683062384062927, 48.542226050778694 ], [ 7.683054064066655, 48.542405869410345 ], [ 7.682986404714879, 48.542404457273989 ], [ 7.682982251746402, 48.542494370798394 ], [ 7.682914578761202, 48.542492959166147 ], [ 7.682912508560284, 48.54253791116485 ], [ 7.682844835519446, 48.542536499491987 ], [ 7.682840682291618, 48.542626413007284 ], [ 7.682773022654252, 48.542625000746689 ], [ 7.682768869293117, 48.542714914256727 ], [ 7.68270119602226, 48.542713502500206 ], [ 7.682699125625057, 48.542758454491747 ], [ 7.68263145229857, 48.54275704269461 ], [ 7.682627298678074, 48.542846956195532 ], [ 7.682559638755111, 48.542845543810714 ], [ 7.682557554709721, 48.542890496343574 ], [ 7.682489894731141, 48.542889083918112 ], [ 7.682485740851306, 48.542978997409953 ], [ 7.682418067239163, 48.542977585488536 ], [ 7.68241599658267, 48.543022537470996 ], [ 7.682348322914895, 48.543021125508957 ], [ 7.682344168775694, 48.54311103899169 ], [ 7.68227650851152, 48.543109626441989 ], [ 7.682274424206763, 48.543154578965755 ], [ 7.682206763886967, 48.543153166375419 ], [ 7.682200525113343, 48.543288032369453 ], [ 7.682132864619205, 48.543286619736136 ], [ 7.682128710080042, 48.543376533203045 ], [ 7.68206103595223, 48.543375121073723 ], [ 7.68205688045773, 48.543465025558852 ], [ 7.681989219733628, 48.543463612841911 ], [ 7.681985051409071, 48.543553526844072 ], [ 7.68191739056998, 48.543552114085315 ], [ 7.681906996024321, 48.543776893492257 ], [ 7.681839334892164, 48.543775480688119 ], [ 7.681831010347985, 48.543955299137416 ], [ 7.681763348982124, 48.543953886289074 ], [ 7.681732162797397, 48.544628224321997 ], [ 7.681799825053687, 48.54462963718818 ], [ 7.681789429773008, 48.544854416502197 ], [ 7.681857092329849, 48.544855829334892 ], [ 7.681855007585693, 48.544900781824417 ], [ 7.681922683724715, 48.544902194073082 ], [ 7.681955952196612, 48.544182903550265 ], [ 7.68196426282008, 48.544003085651731 ], [ 7.682031924256512, 48.544004498382954 ], [ 7.682040247280962, 48.543824670945732 ], [ 7.682042331818634, 48.543779718436426 ], [ 7.682109992961995, 48.543781131122266 ], [ 7.682118302979162, 48.543601313188127 ], [ 7.682185977407564, 48.543602725283968 ], [ 7.682190131864504, 48.543512811821913 ], [ 7.682192216257865, 48.543467859305146 ], [ 7.682259876993181, 48.543469271903788 ], [ 7.682264031309495, 48.543379358435018 ], [ 7.682331691929822, 48.54338077099186 ], [ 7.682335859631483, 48.543290856971964 ], [ 7.682403520136821, 48.543292269486997 ], [ 7.682407675008535, 48.543202364984204 ], [ 7.682475348917534, 48.543203776911554 ], [ 7.682479502833859, 48.543113863426953 ], [ 7.682547163109234, 48.543115275858355 ], [ 7.682549247172903, 48.543070323329104 ], [ 7.682616907392658, 48.543071735719892 ], [ 7.682621061049641, 48.542981822226196 ], [ 7.682688734672984, 48.542983234029293 ], [ 7.682690805088402, 48.542938282041362 ], [ 7.682758465137548, 48.542939694349727 ], [ 7.68276263205373, 48.542849780301019 ], [ 7.68283029198789, 48.542851192567568 ], [ 7.682832375792197, 48.542806240029215 ], [ 7.682900035670735, 48.542807652255128 ], [ 7.68290418880902, 48.542717738743242 ], [ 7.682971848572572, 48.542719150927354 ], [ 7.682973932247204, 48.542674198384439 ], [ 7.683041591955136, 48.54267561052793 ], [ 7.683045758352554, 48.542585696461011 ], [ 7.683113417945501, 48.542587108562692 ], [ 7.683115501490446, 48.542542156015202 ], [ 7.683183161027769, 48.542543568076262 ], [ 7.68318731364737, 48.542453654546186 ], [ 7.683189397122001, 48.542408701995342 ], [ 7.683257056484984, 48.542410114013407 ], [ 7.683263292368285, 48.542275247922404 ], [ 7.68333095155693, 48.542276659897468 ], [ 7.683337187229309, 48.542141793796368 ], [ 7.683339269737444, 48.542096832261556 ], [ 7.683406928692389, 48.542098244192438 ], [ 7.683415233880958, 48.541918426062686 ], [ 7.683417316311463, 48.541873464523078 ], [ 7.683484974973356, 48.541874876408571 ], [ 7.68349952854365, 48.541560191577183 ], [ 7.683507832497463, 48.541380364431461 ], [ 7.683575504028322, 48.541381775718456 ], [ 7.683594195169156, 48.540977177779368 ], [ 7.683600429989781, 48.540842311604656 ], [ 7.683668087293982, 48.540843723383936 ], [ 7.68368885963856, 48.540394163789053 ], [ 7.683695094138809, 48.540259297582608 ], [ 7.683762764192989, 48.540260708761004 ], [ 7.683779384111505, 48.539901062692337 ], [ 7.683787686813225, 48.539721235425411 ], [ 7.683855343463318, 48.539722656072641 ], [ 7.683882347579211, 48.539138230005712 ], [ 7.683890663313072, 48.538958402138945 ], [ 7.683958318135693, 48.53895981374999 ], [ 7.683970785334389, 48.5386900811706 ], [ 7.683977018884477, 48.538555214871167 ], [ 7.684044673176689, 48.53855662643209 ], [ 7.684067523813371, 48.538062113788726 ], [ 7.68407167451639, 48.537972200090415 ], [ 7.68413932804081, 48.537973611596485 ], [ 7.684162177503049, 48.537479098836954 ], [ 7.684164259097045, 48.537434137216309 ], [ 7.684231911913034, 48.537435548668668 ], [ 7.684252678746443, 48.536985997430705 ], [ 7.684256829037062, 48.536896083693065 ], [ 7.684324494661588, 48.536897494545656 ], [ 7.684341109542576, 48.536537847987262 ], [ 7.684343177424334, 48.536492886895189 ], [ 7.684410829823832, 48.536494307220259 ], [ 7.684419143272111, 48.536314479154839 ], [ 7.684423293215964, 48.536224565390867 ], [ 7.684490944440837, 48.536225976692847 ], [ 7.684497176320777, 48.536091110253132 ], [ 7.684505490222625, 48.535911291133559 ], [ 7.684511721203645, 48.535776415702202 ], [ 7.684444057055552, 48.535775004958211 ], [ 7.684450289004105, 48.535640138500462 ], [ 7.684475202953548, 48.535100673150858 ], [ 7.684542866211351, 48.535102083877042 ], [ 7.684555315052592, 48.534832342452788 ], [ 7.684561546593358, 48.534697475946182 ], [ 7.68456986004285, 48.534517656737435 ], [ 7.684637509016484, 48.534519067954832 ], [ 7.684647889695626, 48.534294287598982 ], [ 7.684715538376296, 48.534295698771004 ], [ 7.684744611565312, 48.533666318720655 ], [ 7.684752909866126, 48.533486491005903 ], [ 7.684759140722642, 48.53335162442751 ], [ 7.684826788160948, 48.533353035535143 ], [ 7.684837167772768, 48.533128255074047 ], [ 7.684843398363761, 48.532993388474829 ], [ 7.684845479999539, 48.532948435750477 ], [ 7.684777818757045, 48.532947016223133 ], [ 7.684775751400142, 48.532991977376703 ], [ 7.684708104440255, 48.532990566239157 ], [ 7.684685262253537, 48.533485079855275 ], [ 7.684676950199281, 48.533664908111405 ], [ 7.684609302353065, 48.533663496916589 ], [ 7.684594771364035, 48.533978182181393 ], [ 7.684580241018683, 48.534292876387546 ] ] ], [ [ [ 7.689079946699889, 48.551261317770759 ], [ 7.689073725047994, 48.551396183760538 ], [ 7.689141396453324, 48.551397592345246 ], [ 7.689147617927079, 48.551262726351915 ], [ 7.689079946699889, 48.551261317770759 ] ] ], [ [ [ 7.688929325433137, 48.553058136356398 ], [ 7.68886165101483, 48.553056718672465 ], [ 7.68885542939283, 48.553191593544028 ], [ 7.688923103165943, 48.553193002255078 ], [ 7.688929325433137, 48.553058136356398 ] ] ], [ [ [ 7.688847141487757, 48.553371411370748 ], [ 7.688779453959589, 48.553370003162101 ], [ 7.688775310278092, 48.553459916556932 ], [ 7.688842984403776, 48.553461325314544 ], [ 7.688847141487757, 48.553371411370748 ] ] ], [ [ [ 7.680161454939006, 48.553685211547133 ], [ 7.680229129125067, 48.553686625324239 ], [ 7.680233301359532, 48.553596711696294 ], [ 7.680165613770837, 48.553595298467165 ], [ 7.680161454939006, 48.553685211547133 ] ] ], [ [ [ 7.680093780756677, 48.553683797730578 ], [ 7.680085448468345, 48.553863615446062 ], [ 7.680017774052229, 48.553862201585304 ], [ 7.680007369070077, 48.554086980030469 ], [ 7.680075043783112, 48.554088393897167 ], [ 7.680083376144594, 48.553908576196307 ], [ 7.680151050623838, 48.553909990018809 ], [ 7.680161454939006, 48.553685211547133 ], [ 7.680093780756677, 48.553683797730578 ] ] ], [ [ [ 7.679939680839242, 48.55408556666989 ], [ 7.679931361465687, 48.554265383803958 ], [ 7.679863673001011, 48.55426397039917 ], [ 7.679855354153204, 48.554443796493288 ], [ 7.679787678976306, 48.554442382498728 ], [ 7.679781432452208, 48.554577247842602 ], [ 7.679849107807256, 48.554578661840729 ], [ 7.679851193885588, 48.554533700559453 ], [ 7.679918870006786, 48.554535123493451 ], [ 7.679929275468711, 48.554310345090805 ], [ 7.679996950474934, 48.554311759002921 ], [ 7.680007369070077, 48.554086980030469 ], [ 7.679939680839242, 48.55408556666989 ] ] ], [ [ [ 7.679847020903471, 48.554623614144759 ], [ 7.679779345489041, 48.554622200145431 ], [ 7.679777258522207, 48.554667152447543 ], [ 7.679844948339498, 48.554668574879003 ], [ 7.679847020903471, 48.554623614144759 ] ] ], [ [ [ 7.679703336294991, 48.554800603736901 ], [ 7.679697090326687, 48.554935478036143 ], [ 7.679764766153083, 48.554936892083255 ], [ 7.679771012764994, 48.554802026756938 ], [ 7.679703336294991, 48.554800603736901 ] ] ], [ [ [ 7.679684596647791, 48.555205208661874 ], [ 7.679695003274836, 48.554980430331945 ], [ 7.679627327392798, 48.554979016244204 ], [ 7.679616920468817, 48.555203794568179 ], [ 7.679684596647791, 48.555205208661874 ] ] ], [ [ [ 7.679549244293587, 48.555202380435048 ], [ 7.679534662555796, 48.555517063304755 ], [ 7.679530502459361, 48.555606976302798 ], [ 7.679528415233813, 48.555651928585227 ], [ 7.679596092002908, 48.555653342730274 ], [ 7.679594019176801, 48.555698303444146 ], [ 7.679661696009032, 48.555699717550951 ], [ 7.679659608894929, 48.55574466983429 ], [ 7.679727299312264, 48.55574608335732 ], [ 7.67973354612166, 48.55561121807051 ], [ 7.67966585588253, 48.555609804551061 ], [ 7.679672102837205, 48.555474939261252 ], [ 7.679604426301914, 48.555473525160416 ], [ 7.679616920468817, 48.555203794568179 ], [ 7.679549244293587, 48.555202380435048 ] ] ], [ [ [ 7.679725213075671, 48.555791044617635 ], [ 7.67979289003416, 48.555792458647922 ], [ 7.679794976211356, 48.55574749738642 ], [ 7.679727299312264, 48.55574608335732 ], [ 7.679725213075671, 48.555791044617635 ] ] ], [ [ [ 7.681187146415475, 48.556406580971057 ], [ 7.681119468606397, 48.556405167753539 ], [ 7.681117382743922, 48.55645012005219 ], [ 7.681185074134532, 48.556451532725191 ], [ 7.681187146415475, 48.556406580971057 ] ] ], [ [ [ 7.686735493972741, 48.574161811190528 ], [ 7.686803195425597, 48.574163221126703 ], [ 7.686799046586889, 48.574253133803758 ], [ 7.686731331488376, 48.574251724411553 ], [ 7.686729263355855, 48.574296675986417 ], [ 7.686796964987004, 48.574298085926159 ], [ 7.686774124547878, 48.574792592943595 ], [ 7.686841826836512, 48.574794002856954 ], [ 7.686835596422938, 48.574928867628742 ], [ 7.686903298893602, 48.574930277506212 ], [ 7.686892919878606, 48.575155054926938 ], [ 7.68696062265017, 48.575156464770885 ], [ 7.686954392505614, 48.575291329531964 ], [ 7.68702210980965, 48.575292747770028 ], [ 7.687015879810585, 48.575427612527974 ], [ 7.687083582946226, 48.575429022300142 ], [ 7.687091893326707, 48.575249196450251 ], [ 7.687024176901755, 48.57524778722923 ], [ 7.687032488284979, 48.575067970348584 ], [ 7.686964785628542, 48.575066560546468 ], [ 7.686973082840748, 48.574886735228674 ], [ 7.686905380425779, 48.574885325391833 ], [ 7.686915759331312, 48.574660547948795 ], [ 7.686848057217242, 48.574659138078459 ], [ 7.686872978411683, 48.574119678897617 ], [ 7.686805277014525, 48.574118269002078 ], [ 7.686737562094337, 48.574116859613447 ], [ 7.686735493972741, 48.574161811190528 ] ] ], [ [ [ 7.687151286085597, 48.575430432032867 ], [ 7.687083582946226, 48.575429022300142 ], [ 7.687077353092613, 48.575563887054955 ], [ 7.68714505641029, 48.575565296791225 ], [ 7.687151286085597, 48.575430432032867 ] ] ], [ [ [ 7.687276328470138, 48.575658028248938 ], [ 7.687208611498971, 48.575656619135621 ], [ 7.687212773258829, 48.575566705941647 ], [ 7.68714505641029, 48.575565296791225 ], [ 7.687138826702138, 48.575700161542905 ], [ 7.687206543729018, 48.575701570696893 ], [ 7.687200314166359, 48.575836435445432 ], [ 7.6872680178481, 48.575837845109916 ], [ 7.687261788430908, 48.575972709855343 ], [ 7.687329492294685, 48.575974119483938 ], [ 7.687325344234083, 48.576064032122858 ], [ 7.687393048220468, 48.57606544171437 ], [ 7.687399277302934, 48.575930576966293 ], [ 7.687331573494856, 48.575929167378334 ], [ 7.687337802722789, 48.575794302627131 ], [ 7.687270099096745, 48.575792893003289 ], [ 7.687276328470138, 48.575658028248938 ] ] ], [ [ [ 7.687458685469061, 48.576111811802114 ], [ 7.687460765737847, 48.576066850720004 ], [ 7.687393048220468, 48.57606544171437 ], [ 7.687390981419502, 48.576110402248872 ], [ 7.687458685469061, 48.576111811802114 ] ] ], [ [ [ 7.68752638952235, 48.576113221315907 ], [ 7.687458685469061, 48.576111811802114 ], [ 7.687454536800882, 48.576201715464933 ], [ 7.687522241796514, 48.576203133957478 ], [ 7.68752638952235, 48.576113221315907 ] ] ], [ [ [ 7.687520160752733, 48.576248086062172 ], [ 7.687587878515371, 48.576249494993625 ], [ 7.687589945972409, 48.576204543434187 ], [ 7.687522241796514, 48.576203133957478 ], [ 7.687520160752733, 48.576248086062172 ] ] ], [ [ [ 7.687651435244487, 48.576340817073905 ], [ 7.687655582754429, 48.576250904432065 ], [ 7.687587878515371, 48.576249494993625 ], [ 7.68758371735922, 48.576339408179543 ], [ 7.687651435244487, 48.576340817073905 ] ] ], [ [ [ 7.68771913960615, 48.576342226475262 ], [ 7.687651435244487, 48.576340817073905 ], [ 7.687649354308625, 48.576385769178763 ], [ 7.68771705872972, 48.5763871785813 ], [ 7.68771913960615, 48.576342226475262 ] ] ], [ [ [ 7.687714992200507, 48.576432139116513 ], [ 7.687782696684779, 48.576433548480793 ], [ 7.687784776681895, 48.576388587397922 ], [ 7.68771705872972, 48.5763871785813 ], [ 7.687714992200507, 48.576432139116513 ] ] ], [ [ [ 7.687846253166767, 48.576524861472237 ], [ 7.687848333935284, 48.576479909366064 ], [ 7.687780615860479, 48.576478500586532 ], [ 7.687778548559904, 48.57652345214504 ], [ 7.687846253166767, 48.576524861472237 ] ] ], [ [ [ 7.687846253166767, 48.576524861472237 ], [ 7.687844173218142, 48.57656982255407 ], [ 7.687911891415579, 48.576571231296505 ], [ 7.687913958600921, 48.576526279736363 ], [ 7.687846253166767, 48.576524861472237 ] ] ], [ [ [ 7.687975449122778, 48.576662553189259 ], [ 7.687977515432399, 48.576617592653044 ], [ 7.687909810699194, 48.576616183402379 ], [ 7.687907730802714, 48.5766611444839 ], [ 7.687975449122778, 48.576662553189259 ] ] ], [ [ [ 7.688043153919158, 48.576663962401639 ], [ 7.687975449122778, 48.576662553189259 ], [ 7.687971287790625, 48.576752457399692 ], [ 7.68803900705689, 48.576753875044325 ], [ 7.688043153919158, 48.576663962401639 ] ] ], [ [ [ 7.688297386683866, 48.577029240471056 ], [ 7.688301533114348, 48.576939327827837 ], [ 7.688233827946426, 48.576937918766149 ], [ 7.688237975304829, 48.576848015098676 ], [ 7.688170269435902, 48.576846597023547 ], [ 7.688172349932794, 48.576801644916621 ], [ 7.688104631423192, 48.5768002363261 ], [ 7.688106711975877, 48.576755284219622 ], [ 7.68803900705689, 48.576753875044325 ], [ 7.688034845829002, 48.576843779254148 ], [ 7.688102564394317, 48.576845187885333 ], [ 7.688098404094288, 48.576935101070916 ], [ 7.688166122782237, 48.576936509665011 ], [ 7.688161962586487, 48.577026422850011 ], [ 7.688229681397067, 48.577027831407001 ], [ 7.688227600941351, 48.577072783511397 ], [ 7.6882255213056, 48.577117744591412 ], [ 7.68829324023881, 48.577119153111319 ], [ 7.688295306287585, 48.577074192576632 ], [ 7.688363025988713, 48.577075610032267 ], [ 7.688365091974396, 48.577030649495669 ], [ 7.688297386683866, 48.577029240471056 ] ] ], [ [ [ 7.688141201147666, 48.577475978114414 ], [ 7.688147441133574, 48.577341103869955 ], [ 7.688079721910573, 48.577339695265195 ], [ 7.688073494450337, 48.577474559983202 ], [ 7.688141201147666, 48.577475978114414 ] ] ], [ [ [ 7.68799748105103, 48.577652976564138 ], [ 7.688065200686459, 48.577654385216682 ], [ 7.688073494450337, 48.577474559983202 ], [ 7.688005788580349, 48.57747315078889 ], [ 7.68799748105103, 48.577652976564138 ] ] ], [ [ [ 7.687896555175328, 48.578370851789082 ], [ 7.687902782387551, 48.578235978146559 ], [ 7.68797049008788, 48.578237396376892 ], [ 7.68799748105103, 48.577652976564138 ], [ 7.687929774947008, 48.577651567325624 ], [ 7.68790901039052, 48.578101113473686 ], [ 7.687841303695834, 48.578099704183842 ], [ 7.687830914631391, 48.578324481985405 ], [ 7.687763207643228, 48.578323072650171 ], [ 7.687756979228864, 48.578457937304712 ], [ 7.687689272066109, 48.578456527926456 ], [ 7.687685110908642, 48.578546441046491 ], [ 7.687752818190282, 48.578547850427128 ], [ 7.68775489829962, 48.5785028893781 ], [ 7.687822606349116, 48.57850430769448 ], [ 7.687828847300414, 48.578369433515739 ], [ 7.687896555175328, 48.578370851789082 ] ] ], [ [ [ 7.68761117480496, 48.578679896262628 ], [ 7.687609093738573, 48.578724848329912 ], [ 7.687676801254244, 48.578726257754774 ], [ 7.687678882261197, 48.578681305686295 ], [ 7.68761117480496, 48.578679896262628 ] ] ], [ [ [ 7.687535157178732, 48.578858303489334 ], [ 7.687602864869, 48.578859712957204 ], [ 7.687607012668527, 48.578769800396451 ], [ 7.687539305097148, 48.578768390930961 ], [ 7.687535157178732, 48.578858303489334 ] ] ], [ [ [ 7.687530995717714, 48.578948216591186 ], [ 7.687535157178732, 48.578858303489334 ], [ 7.687467435964195, 48.57885689452845 ], [ 7.68746328791229, 48.578946807081479 ], [ 7.687530995717714, 48.578948216591186 ] ] ], [ [ [ 7.687237298603347, 48.579437076736255 ], [ 7.687241461443822, 48.57934717263673 ], [ 7.687309169773036, 48.579348582275507 ], [ 7.687315399476407, 48.579213717687082 ], [ 7.687383107631024, 48.579215127282836 ], [ 7.68738933712322, 48.579080262684144 ], [ 7.687457058631302, 48.579081671690446 ], [ 7.68746328791229, 48.578946807081479 ], [ 7.687395580110596, 48.578945397532301 ], [ 7.687391417573666, 48.579035301650038 ], [ 7.687323709656829, 48.579033892059037 ], [ 7.687317479997265, 48.579168756656394 ], [ 7.687249758377745, 48.579167347568784 ], [ 7.687243528506968, 48.579302212155874 ], [ 7.687175820240936, 48.579300802478826 ], [ 7.687171671640492, 48.579390715007435 ], [ 7.687103949731153, 48.579389305834958 ], [ 7.687093570693118, 48.57961408292249 ], [ 7.687161279371534, 48.579615492647321 ], [ 7.687169590158984, 48.579435667055641 ], [ 7.687237298603347, 48.579437076736255 ] ] ], [ [ [ 7.687093570693118, 48.57961408292249 ], [ 7.687025848490232, 48.579612673704595 ], [ 7.687017549873536, 48.579792489752059 ], [ 7.687085258785991, 48.579793899521086 ], [ 7.687093570693118, 48.57961408292249 ] ] ], [ [ [ 7.686931135125633, 48.58019567409422 ], [ 7.686863425685645, 48.580194264235573 ], [ 7.686857194671295, 48.580329128753327 ], [ 7.686924904289619, 48.580330538615542 ], [ 7.68692698602255, 48.580285586585859 ], [ 7.686994695585164, 48.580286996407416 ], [ 7.68701338742676, 48.579882402805886 ], [ 7.68694567839915, 48.579880992995008 ], [ 7.686931135125633, 48.58019567409422 ] ] ], [ [ [ 7.684104733888184, 48.591476340712212 ], [ 7.684102663573714, 48.591521300944066 ], [ 7.683831738286583, 48.591515646817939 ], [ 7.683829666907452, 48.59156059806795 ], [ 7.68376192897562, 48.591559186953653 ], [ 7.683757773379122, 48.591649098971402 ], [ 7.684096423899357, 48.591656164774498 ], [ 7.684098494224771, 48.591611204544904 ], [ 7.684369420047588, 48.59161685804898 ], [ 7.684371503662823, 48.591571897267826 ], [ 7.684439228096909, 48.591573308572919 ], [ 7.684441312472185, 48.591528356766162 ], [ 7.684509036850537, 48.591529768030604 ], [ 7.684511121162685, 48.591484816221907 ], [ 7.684714307673136, 48.591489049228741 ], [ 7.684716391803207, 48.591444097415717 ], [ 7.684377742601535, 48.5914370334186 ], [ 7.68437565899728, 48.591481994202034 ], [ 7.684104733888184, 48.591476340712212 ] ] ], [ [ [ 7.68335138492411, 48.591640620827931 ], [ 7.683080473442357, 48.59163497338114 ], [ 7.683078387866654, 48.591679925161785 ], [ 7.68294292526355, 48.591677101472136 ], [ 7.682940853096683, 48.59172205270373 ], [ 7.682669927697465, 48.591716404846018 ], [ 7.682667841757599, 48.591761356617994 ], [ 7.682396929711794, 48.591755707578066 ], [ 7.682399015889543, 48.59171075581088 ], [ 7.682263552419488, 48.591707922353038 ], [ 7.6822614669456, 48.591752883094216 ], [ 7.682058278767325, 48.591748636823105 ], [ 7.682056193111321, 48.591793597559949 ], [ 7.681853004788339, 48.591789350930014 ], [ 7.681850918950214, 48.591834311662531 ], [ 7.681783194241972, 48.59183289884929 ], [ 7.681781107517977, 48.591877850603481 ], [ 7.682119759279723, 48.591884922165782 ], [ 7.682121844883572, 48.591839961429244 ], [ 7.682731408978118, 48.591852680890312 ], [ 7.682733494865837, 48.591807729118656 ], [ 7.68300442075585, 48.591813376828 ], [ 7.683006492870546, 48.591768425596733 ], [ 7.683074231058661, 48.591769837151247 ], [ 7.683076303110232, 48.591724885918026 ], [ 7.683144041242602, 48.591726297431869 ], [ 7.683146125939532, 48.591681336674441 ], [ 7.683417038497132, 48.591686992944453 ], [ 7.683419123775479, 48.591642041157854 ], [ 7.68335138492411, 48.591640620827931 ] ] ], [ [ [ 7.681442455849889, 48.591870778054385 ], [ 7.681440383179048, 48.591915738232501 ], [ 7.681237194421954, 48.59191149052613 ], [ 7.681235108037481, 48.591956451245636 ], [ 7.681099644803765, 48.59195362540779 ], [ 7.681095483672216, 48.592043528341343 ], [ 7.681298672942115, 48.592047776295274 ], [ 7.681300745742886, 48.592002816121784 ], [ 7.681368484194349, 48.592004228670362 ], [ 7.68137057128617, 48.591959276925593 ], [ 7.681776948413235, 48.591967762540214 ], [ 7.681781107517977, 48.591877850603481 ], [ 7.681442455849889, 48.591870778054385 ] ] ], [ [ [ 7.680071189002719, 48.592202135002744 ], [ 7.680073276420428, 48.592157174308042 ], [ 7.680411929795543, 48.592164250846039 ], [ 7.68041400420306, 48.592119299666621 ], [ 7.680481742784305, 48.592120712731969 ], [ 7.680483817128695, 48.592075761550596 ], [ 7.680280627815308, 48.592071512172097 ], [ 7.680278554114968, 48.592116472326289 ], [ 7.679939901074683, 48.592109395399532 ], [ 7.679937812719268, 48.592154347116207 ], [ 7.679802349033084, 48.592151519766468 ], [ 7.679800260555048, 48.592196471480001 ], [ 7.680071189002719, 48.592202135002744 ] ] ], [ [ [ 7.679051065448152, 48.592270820255813 ], [ 7.679118790660778, 48.592272234660932 ], [ 7.67912087974088, 48.592227282960856 ], [ 7.679053140233838, 48.592225860126 ], [ 7.679051065448152, 48.592270820255813 ] ] ], [ [ [ 7.692527517928519, 48.560242793148973 ], [ 7.692529579575916, 48.560197832275271 ], [ 7.692394213308975, 48.560195019023745 ], [ 7.692392137195657, 48.560239971465712 ], [ 7.692527517928519, 48.560242793148973 ] ] ], [ [ [ 7.692591062768847, 48.560334104058569 ], [ 7.692794127090112, 48.560338331961702 ], [ 7.692798264267699, 48.560248418636377 ], [ 7.692730581058079, 48.560247012186942 ], [ 7.692732642527244, 48.560202051309695 ], [ 7.692597276237981, 48.560199238294835 ], [ 7.692595201126974, 48.560244199716756 ], [ 7.692527517928519, 48.560242793148973 ], [ 7.692525441930354, 48.560287745592589 ], [ 7.69259312518821, 48.560289152161552 ], [ 7.692591062768847, 48.560334104058569 ] ] ], [ [ [ 7.706205910126826, 48.564846108893668 ], [ 7.706273599788924, 48.564847507488302 ], [ 7.706271536506124, 48.564892469081585 ], [ 7.706339239755446, 48.564893867089324 ], [ 7.706337175701853, 48.564938819706768 ], [ 7.706404865490176, 48.564940218224855 ], [ 7.706402815843106, 48.564985179270394 ], [ 7.706470505694549, 48.564986577750219 ], [ 7.706468455276672, 48.565031529819905 ], [ 7.706536145191223, 48.565032928261445 ], [ 7.706534081304994, 48.565077880880231 ], [ 7.706601784806809, 48.565079278734842 ], [ 7.706599721803025, 48.565124240330341 ], [ 7.7066674118438, 48.565125638695356 ], [ 7.70666536159333, 48.56517059076635 ], [ 7.706733051697212, 48.565171989093088 ], [ 7.70673098880503, 48.565216950689468 ], [ 7.706798692496221, 48.565218348429255 ], [ 7.70679662883316, 48.565263301049818 ], [ 7.70686431906327, 48.565264699300002 ], [ 7.706862268980204, 48.56530965137231 ], [ 7.706929959273422, 48.565311049584217 ], [ 7.706927896548649, 48.565356011181962 ], [ 7.706925846517775, 48.565400963253957 ], [ 7.706993536933519, 48.565402361428788 ], [ 7.706991487785177, 48.56544732247751 ], [ 7.707059178264042, 48.565448720614057 ], [ 7.707057114820523, 48.56549367323565 ], [ 7.707124818886757, 48.565495070785211 ], [ 7.70712275549903, 48.565540023407259 ], [ 7.707190446104116, 48.565541421467266 ], [ 7.707188397123216, 48.565586382517289 ], [ 7.707256087791416, 48.565587780539019 ], [ 7.707254024515275, 48.565632733161955 ], [ 7.707251975586583, 48.565677694211665 ], [ 7.707319666377312, 48.565679092196326 ], [ 7.707317603153338, 48.565724044818943 ], [ 7.707385307531494, 48.565725442216575 ], [ 7.707383244363318, 48.565770394839632 ], [ 7.707381182018311, 48.565815356438257 ], [ 7.70744888651902, 48.565816753798778 ], [ 7.707446823403017, 48.565861706421551 ], [ 7.707514514442491, 48.565863104292553 ], [ 7.707512465733457, 48.56590806534328 ], [ 7.707580156836051, 48.565909463176034 ], [ 7.707578107356007, 48.565954415250907 ], [ 7.707576044347973, 48.565999367873836 ], [ 7.707643735573083, 48.566000765669479 ], [ 7.707641686972082, 48.56604572672034 ], [ 7.70763962401622, 48.56609067934297 ], [ 7.707707315363862, 48.566092077101516 ], [ 7.707705266815069, 48.566137038152078 ], [ 7.707772958225831, 48.566138435872347 ], [ 7.707770895381554, 48.566183388495858 ], [ 7.707768846058099, 48.56622834056985 ], [ 7.70783653759138, 48.566229738253021 ], [ 7.707834475626162, 48.566274699852514 ], [ 7.707832426354904, 48.5663196519262 ], [ 7.707900118010715, 48.566321049572281 ], [ 7.707898068795269, 48.566366001646387 ], [ 7.707896006878626, 48.566410963244856 ], [ 7.707963698656968, 48.566412360853839 ], [ 7.707961649493719, 48.566457312927653 ], [ 7.708029341335172, 48.566458710498353 ], [ 7.708027279530139, 48.56650367209771 ], [ 7.708025230419089, 48.566548624171212 ], [ 7.708092922383071, 48.566550021704835 ], [ 7.708090859803295, 48.566594974327614 ], [ 7.708088811571379, 48.56663993537709 ], [ 7.708156503657894, 48.566641332873608 ], [ 7.708154441130293, 48.56668628549609 ], [ 7.708152392950587, 48.566731246545267 ], [ 7.708220085159636, 48.566732644004688 ], [ 7.708218022684211, 48.566777596626871 ], [ 7.708285728480953, 48.566778993499177 ], [ 7.708281604465051, 48.566868907719979 ], [ 7.708349310384351, 48.56687030455516 ], [ 7.7083472480169, 48.566915257177484 ], [ 7.708345199997447, 48.566960218226491 ], [ 7.708412892514671, 48.566961615573447 ], [ 7.708410830199399, 48.567006568195502 ], [ 7.708408781405161, 48.567051520267924 ], [ 7.708476474044907, 48.567052917577769 ], [ 7.708474412608823, 48.56709787917579 ], [ 7.708472363866787, 48.567142831247907 ], [ 7.708540056629068, 48.567144228520675 ], [ 7.708537995245175, 48.567189190118391 ], [ 7.708605701595267, 48.567190586803981 ], [ 7.708603639440153, 48.56723553942588 ], [ 7.708601577281417, 48.56728049204704 ], [ 7.708669283754056, 48.567281888695526 ], [ 7.708667222478168, 48.567326850293384 ], [ 7.708665173896349, 48.567371802365329 ], [ 7.708732866966809, 48.567373199525633 ], [ 7.708730804916053, 48.567418152146914 ], [ 7.708798511574371, 48.567419548720032 ], [ 7.70879645040649, 48.567464510318032 ], [ 7.708794388407916, 48.567509462939029 ], [ 7.708862095188794, 48.567510859475028 ], [ 7.708860034073104, 48.567555821072744 ], [ 7.708927727392331, 48.567557218119383 ], [ 7.708925679030145, 48.56760217019233 ], [ 7.708923617139555, 48.567647122813476 ], [ 7.708991310581304, 48.567648519823031 ], [ 7.708989263098433, 48.567693480871945 ], [ 7.708987201260022, 48.567738433492792 ], [ 7.709054894824309, 48.56773983046525 ], [ 7.709052847393653, 48.567784791513837 ], [ 7.709120541021064, 48.567786188448025 ], [ 7.7091184928191, 48.567831140520788 ], [ 7.709116431088676, 48.567876093141777 ], [ 7.709184124838609, 48.56787749003886 ], [ 7.709182077515999, 48.567922451087583 ], [ 7.709249771329056, 48.567923847946396 ], [ 7.709247709710228, 48.567968800568281 ], [ 7.709245662439837, 48.568013761616683 ], [ 7.70931335637543, 48.568015158438399 ], [ 7.709311294808783, 48.568060111059971 ], [ 7.709309246763437, 48.568105063131831 ], [ 7.709376940821557, 48.568106459916443 ], [ 7.709374880134278, 48.568151421513974 ], [ 7.70944258778046, 48.568152817711322 ], [ 7.709440526321798, 48.568197770333043 ], [ 7.70950822050615, 48.568199167041108 ], [ 7.709506172628247, 48.568244119114269 ], [ 7.709504112048978, 48.568289080711935 ], [ 7.709571819880843, 48.568290476833894 ], [ 7.709569758530169, 48.568335429455765 ], [ 7.709567698003099, 48.568380391053125 ], [ 7.709635405957528, 48.56838178713798 ], [ 7.709633344659039, 48.568426739759545 ], [ 7.709701039151583, 48.568428136355145 ], [ 7.70969899143391, 48.568473088428114 ], [ 7.709696931014852, 48.568518050025631 ], [ 7.709764625629936, 48.568519446584126 ], [ 7.70976257796447, 48.56856439865679 ], [ 7.709760517597609, 48.568609360254015 ], [ 7.709828212335229, 48.568610756775406 ], [ 7.709826164721973, 48.568655708847771 ], [ 7.709893859522706, 48.568657105330878 ], [ 7.70989181196527, 48.568702057403698 ], [ 7.709889751706427, 48.568747019001044 ], [ 7.709957446629701, 48.568748415447054 ], [ 7.709955399124471, 48.568793367519554 ], [ 7.709953338917829, 48.568838329116609 ], [ 7.710021033963644, 48.568839725525528 ], [ 7.710018986510625, 48.568884677597708 ], [ 7.710016925528868, 48.568929630218221 ], [ 7.710084620697214, 48.56893102659005 ], [ 7.710082574123726, 48.568975987638161 ], [ 7.710150269355189, 48.568977383971699 ], [ 7.710146161136441, 48.569067288664677 ], [ 7.710213856490436, 48.56906868496111 ], [ 7.710209749203433, 48.569158598629706 ], [ 7.710207689205593, 48.569203560225574 ], [ 7.710275398266765, 48.569204955937003 ], [ 7.71027333749738, 48.569249908557047 ], [ 7.71027127672438, 48.569294861176367 ], [ 7.710338985908106, 48.569296256850691 ], [ 7.710336926018282, 48.569341218446681 ], [ 7.710334865297468, 48.569386171065702 ], [ 7.71040257460376, 48.569387566702908 ], [ 7.710400514766139, 48.569432528298606 ], [ 7.710468210610298, 48.569433924446635 ], [ 7.710535919983419, 48.569435320006114 ], [ 7.710533859433645, 48.569480272627182 ], [ 7.710601555344613, 48.569481668697499 ], [ 7.710597448705757, 48.569571582366883 ], [ 7.710665158264566, 48.569572977850974 ], [ 7.710663097822788, 48.56961793047217 ], [ 7.710661038204829, 48.56966289206887 ], [ 7.710728747886202, 48.569664287515842 ], [ 7.710726687496618, 48.569709240136767 ], [ 7.710724627103413, 48.569754192756932 ], [ 7.710792336907343, 48.569755588166799 ], [ 7.710790277397408, 48.569800549763634 ], [ 7.710788217056389, 48.569845502383501 ], [ 7.710855926982889, 48.56984689775625 ], [ 7.710853866697686, 48.569891850376571 ], [ 7.710851807236332, 48.569936811972369 ], [ 7.7109195172854, 48.569938207308006 ], [ 7.710917457052387, 48.569983159928022 ], [ 7.710915411168658, 48.570028120974357 ], [ 7.710983107814876, 48.570029516822053 ], [ 7.710981047634055, 48.570074469441771 ], [ 7.710979000975054, 48.570119421511556 ], [ 7.711046697743805, 48.570120817322156 ], [ 7.711044638442684, 48.570165778917804 ], [ 7.711042591835903, 48.570210730987277 ], [ 7.711110288727197, 48.570212126760786 ], [ 7.711108229478282, 48.570257088356122 ], [ 7.711106182923713, 48.570302040425297 ], [ 7.711173879937559, 48.570303436161694 ], [ 7.711169774238496, 48.570393349825601 ], [ 7.711237471374885, 48.570394745524901 ], [ 7.711233364952699, 48.570484650211945 ], [ 7.711231305800971, 48.570529611805199 ], [ 7.711299016644873, 48.570531006919367 ], [ 7.711292851216768, 48.570665873196546 ], [ 7.711360548717089, 48.570667268823989 ], [ 7.711358488842203, 48.570712221440395 ], [ 7.711356443316873, 48.570757182483092 ], [ 7.711424140939744, 48.570758578073431 ], [ 7.711422081117052, 48.570803530689552 ], [ 7.711420035643953, 48.570848491731937 ], [ 7.711487733389371, 48.570849887285171 ], [ 7.711485687144512, 48.570894839351752 ], [ 7.711483627370407, 48.570939791966829 ], [ 7.711551325238363, 48.570941187482958 ], [ 7.711549279873335, 48.570986148525456 ], [ 7.711616977804415, 48.570987544003309 ], [ 7.711614918141929, 48.571032496619267 ], [ 7.711682629661802, 48.571033891509586 ], [ 7.711680570055124, 48.571078844125978 ], [ 7.711678511272471, 48.57112380571786 ], [ 7.711746222914914, 48.571125200571082 ], [ 7.711744163360436, 48.571170153187147 ], [ 7.711811861540297, 48.571171548551355 ], [ 7.711809816395008, 48.571216509594834 ], [ 7.711877514637997, 48.571217904920758 ], [ 7.711875468720873, 48.571262856988433 ], [ 7.711943167026974, 48.571264252276066 ], [ 7.711941107639935, 48.57130920489346 ], [ 7.711939062602717, 48.571354165937059 ], [ 7.712006761031367, 48.571355561187595 ], [ 7.712004701696523, 48.57140051380469 ], [ 7.712072413714059, 48.571401908467656 ], [ 7.712140112209516, 48.571403303640459 ], [ 7.712138053817635, 48.571448265235396 ], [ 7.712205765901999, 48.571449659820594 ], [ 7.712273464464278, 48.57145105491567 ], [ 7.712271405359915, 48.571496007535998 ], [ 7.712339117511099, 48.571497402043462 ], [ 7.712337058462554, 48.571542354664224 ], [ 7.712404757151059, 48.571543749682739 ], [ 7.712472469369057, 48.571545144112463 ], [ 7.712470411263538, 48.57159010571106 ], [ 7.712538110018861, 48.571591500651841 ], [ 7.712536064667187, 48.571636452725308 ], [ 7.712603763485625, 48.571637847627798 ], [ 7.712601705491754, 48.571682809227269 ], [ 7.712669417899159, 48.571684203542134 ], [ 7.712737116784416, 48.571685598366898 ], [ 7.712735071603825, 48.571730550442396 ], [ 7.712802770552196, 48.571731945228876 ], [ 7.712870469504259, 48.571733339975907 ], [ 7.712868424438921, 48.571778292053004 ], [ 7.712936123454099, 48.571779686761744 ], [ 7.713003822472969, 48.571781081431055 ], [ 7.713071535021387, 48.57178247551149 ], [ 7.713069477432763, 48.571827437116973 ], [ 7.713137176518448, 48.571828831708537 ], [ 7.713204889133691, 48.571830225711231 ], [ 7.71320283083242, 48.571875178342118 ], [ 7.713270529984908, 48.571876572855956 ], [ 7.713338242666971, 48.571877966780896 ], [ 7.713336185308883, 48.571922928389611 ], [ 7.713403884528191, 48.571924322825708 ], [ 7.713471597277077, 48.571925716672887 ], [ 7.713469539206292, 48.571970669307007 ], [ 7.713537238492405, 48.571972063665378 ], [ 7.713604951308111, 48.571973457434815 ], [ 7.713602893352568, 48.572018410070534 ], [ 7.713670606231399, 48.572019803801695 ], [ 7.713738305588003, 48.572021198042869 ], [ 7.713806004948299, 48.572022592244586 ], [ 7.713803961521377, 48.572067553309822 ], [ 7.713871660944798, 48.572068947473255 ], [ 7.713939360371911, 48.572070341597239 ], [ 7.71393731623222, 48.572115293687851 ], [ 7.714005015722446, 48.572116687773566 ], [ 7.714072715216358, 48.572118081819816 ], [ 7.714070671191926, 48.572163033912034 ], [ 7.714138370748953, 48.572164427919994 ], [ 7.714206070309669, 48.572165821888511 ], [ 7.714273783400023, 48.572167215268031 ], [ 7.714271726852438, 48.572212176888776 ], [ 7.714407139637145, 48.572214964081311 ], [ 7.714474839272055, 48.572216357893197 ], [ 7.71447278207103, 48.572261310540512 ], [ 7.714608194996731, 48.57226409749866 ], [ 7.714675894702128, 48.572265491193342 ], [ 7.714673852029941, 48.572310452270074 ], [ 7.714741551798465, 48.572311845926471 ], [ 7.714809251570679, 48.572313239543419 ], [ 7.714807208185569, 48.572358191645534 ], [ 7.714874908020892, 48.572359585224191 ], [ 7.714942621385894, 48.57236097821378 ], [ 7.714940564590056, 48.572405930867127 ], [ 7.715008264492181, 48.572407324368058 ], [ 7.715012377961395, 48.57231741905828 ], [ 7.714944664652141, 48.572316026109327 ], [ 7.714876964872555, 48.572314632571278 ], [ 7.714879007366418, 48.572269671491064 ], [ 7.714811307649956, 48.572268277914738 ], [ 7.714743607937184, 48.572266884298969 ], [ 7.714745651374525, 48.572221932196541 ], [ 7.714677951724862, 48.572220538542489 ], [ 7.714610252078889, 48.572219144848972 ], [ 7.714612295631488, 48.57217419274815 ], [ 7.71454459604863, 48.572172799016364 ], [ 7.714476896469461, 48.572171405245115 ], [ 7.714478939309175, 48.572126444169683 ], [ 7.71441123979313, 48.572125050360157 ], [ 7.714343540280771, 48.572123656511181 ], [ 7.714345584063886, 48.572078704413535 ], [ 7.714277884614643, 48.572077310526282 ], [ 7.714210185169089, 48.572075916599566 ], [ 7.714212228239366, 48.572030955527325 ], [ 7.714144528856939, 48.572029561562331 ], [ 7.714076829478199, 48.572028167557889 ], [ 7.714078873491829, 48.57198321546344 ], [ 7.7140111741762, 48.571981821420714 ], [ 7.713943474864263, 48.571980427338538 ], [ 7.713945518993151, 48.571935475245702 ], [ 7.713877819744329, 48.571934081125235 ], [ 7.713810120499193, 48.571932686965312 ], [ 7.713812163915315, 48.571887725897852 ], [ 7.713744464733304, 48.571886331699659 ], [ 7.713676752029105, 48.5718849380115 ], [ 7.713678809914384, 48.571839985372371 ], [ 7.71361111079918, 48.571838591096444 ], [ 7.713543398161796, 48.571837197330524 ], [ 7.713545455334344, 48.571792235716799 ], [ 7.713477756285955, 48.571790841363139 ], [ 7.713410043715396, 48.571789447519471 ], [ 7.713412101831167, 48.571744494883568 ], [ 7.713344402849577, 48.57174310045216 ], [ 7.713276690345837, 48.571741706530752 ], [ 7.713278748576849, 48.571696753896461 ], [ 7.713211049662065, 48.571695359387341 ], [ 7.713143337225137, 48.571693965388178 ], [ 7.713145394743492, 48.571649003779285 ], [ 7.713077695895525, 48.571647609192411 ], [ 7.713009983525427, 48.571646215115507 ], [ 7.713012041986922, 48.57160126248445 ], [ 7.71294432967995, 48.571599868369255 ], [ 7.712876630902481, 48.571598473665198 ], [ 7.712878688651365, 48.571553512059523 ], [ 7.712810976411219, 48.571552117866581 ], [ 7.712743277700564, 48.571550723084783 ], [ 7.712745336392548, 48.571505770456966 ], [ 7.712677624219218, 48.571504376186269 ], [ 7.71260992557537, 48.571502981326738 ], [ 7.71261198438259, 48.571458028700519 ], [ 7.712544272276081, 48.571456634352074 ], [ 7.712546330311326, 48.571411672750088 ], [ 7.71247863179372, 48.571410277814003 ], [ 7.712410919754035, 48.571408883387818 ], [ 7.712412978732314, 48.571363930763653 ], [ 7.712345280281514, 48.571362535749834 ], [ 7.7123473249621, 48.571317574699229 ], [ 7.712279626574423, 48.571316179647127 ], [ 7.712211928190439, 48.571314784555582 ], [ 7.712213973814034, 48.571269832482791 ], [ 7.712146275493165, 48.57126843735297 ], [ 7.712148321172588, 48.571223485280605 ], [ 7.712080622914829, 48.571222090112499 ], [ 7.712082681348082, 48.571177128515039 ], [ 7.712014969627742, 48.571175733857949 ], [ 7.712017028944519, 48.571130781237159 ], [ 7.711949330813001, 48.571129385992506 ], [ 7.711951376659895, 48.571084433921413 ], [ 7.711953435201185, 48.571039472324095 ], [ 7.711885737192216, 48.571038077042338 ], [ 7.71188778309133, 48.57099312497094 ], [ 7.71182008514548, 48.570991729650899 ], [ 7.71182214379841, 48.570946768054448 ], [ 7.711754432390036, 48.570945373245401 ], [ 7.711756491926441, 48.570900420625613 ], [ 7.711758551459229, 48.570855468005085 ], [ 7.711690840173413, 48.57085407315892 ], [ 7.71169289893438, 48.570809111562603 ], [ 7.711694944993762, 48.570764159491034 ], [ 7.71162724735612, 48.570762764058507 ], [ 7.711629306169295, 48.570717802461893 ], [ 7.711561595069188, 48.570716407540324 ], [ 7.711565714458792, 48.570626502299675 ], [ 7.711567759795003, 48.570581541251258 ], [ 7.711500062402454, 48.570580145744536 ], [ 7.711502122147643, 48.570535193123526 ], [ 7.711504168363678, 48.570490241051033 ], [ 7.71143647026608, 48.570488836530956 ], [ 7.711440576331717, 48.570398931836856 ], [ 7.711442635294294, 48.570353970237846 ], [ 7.711374924680759, 48.570352575207309 ], [ 7.71137904436908, 48.570262669961892 ], [ 7.711311333878104, 48.570261274894243 ], [ 7.711315452843253, 48.570171360671985 ], [ 7.711317498381181, 48.570126399620854 ], [ 7.711249801597658, 48.570125003968052 ], [ 7.711251861544395, 48.570080051344377 ], [ 7.711253907962097, 48.570035099269163 ], [ 7.711186211301106, 48.57003370357927 ], [ 7.711188270472504, 48.569988741979046 ], [ 7.711190316942422, 48.569943789903526 ], [ 7.711122620403974, 48.569942394176529 ], [ 7.711124666102196, 48.569897433125206 ], [ 7.71112672614971, 48.569852480500181 ], [ 7.711059029733809, 48.569851084736086 ], [ 7.711061076311765, 48.569806132660688 ], [ 7.711063135583965, 48.569761171059127 ], [ 7.710995439290605, 48.569759775257928 ], [ 7.710997485920779, 48.569714823182224 ], [ 7.710999546072676, 48.569669870556602 ], [ 7.710931849901849, 48.569668474718299 ], [ 7.710933895756752, 48.569623513666038 ], [ 7.710935955960842, 48.569578561040117 ], [ 7.710868259912557, 48.569577165164731 ], [ 7.710870305819689, 48.569532204112157 ], [ 7.710872366075971, 48.569487251485938 ], [ 7.710804656624953, 48.569485856122583 ], [ 7.710806716937044, 48.569440903496798 ], [ 7.710739021074413, 48.569439507546015 ], [ 7.710743127453884, 48.569349593867486 ], [ 7.710675431713796, 48.569348197879606 ], [ 7.710677477781216, 48.569303236826869 ], [ 7.710609782104252, 48.569301840800705 ], [ 7.710613889527203, 48.569211936098689 ], [ 7.710546193972768, 48.569210540035428 ], [ 7.710548253673438, 48.56916557843369 ], [ 7.710550300672714, 48.569120626356558 ], [ 7.710482605240821, 48.569119230256199 ], [ 7.710484652295917, 48.569074278179507 ], [ 7.710416956927135, 48.569072882040871 ], [ 7.710419016735828, 48.569027920439268 ], [ 7.710421063843136, 48.56898296836227 ], [ 7.710353368596895, 48.56898157218653 ], [ 7.710355428457786, 48.568936610584622 ], [ 7.710357475617308, 48.568891658507326 ], [ 7.710289780493608, 48.568890262294481 ], [ 7.710291841234056, 48.568845309668518 ], [ 7.710224132648354, 48.568843913966504 ], [ 7.71022619261727, 48.568798952364737 ], [ 7.710228253409907, 48.568753999738462 ], [ 7.710160544946771, 48.568752603999336 ], [ 7.710162604967885, 48.568707642397264 ], [ 7.710164652287645, 48.568662690319769 ], [ 7.710096957472135, 48.568661293994481 ], [ 7.710099018372768, 48.56861634136834 ], [ 7.710031310095314, 48.568614945553826 ], [ 7.710033370224447, 48.568569983951896 ], [ 7.710035431177267, 48.568525031325478 ], [ 7.709967723022373, 48.568523635473845 ], [ 7.709969783203708, 48.568478673871617 ], [ 7.70997184420871, 48.568433721244894 ], [ 7.709904136176382, 48.56843232535617 ], [ 7.709906197237196, 48.568387372729887 ], [ 7.709838502792985, 48.568385976253829 ], [ 7.709840549557339, 48.568341015200787 ], [ 7.709842610670334, 48.568296062574191 ], [ 7.709774916348662, 48.568294666061036 ], [ 7.709776963992492, 48.568249713983938 ], [ 7.709709269733929, 48.568248317432506 ], [ 7.70971337782732, 48.568158403753145 ], [ 7.709645683691293, 48.568157007164622 ], [ 7.709647730615918, 48.568112046111402 ], [ 7.709649791889091, 48.56806709348465 ], [ 7.709582097875602, 48.568065696859023 ], [ 7.709584145679665, 48.568020744781741 ], [ 7.709586206177802, 48.567975783178461 ], [ 7.709518512286852, 48.567974386515722 ], [ 7.709520560143123, 48.567929434438142 ], [ 7.709452866315281, 48.567928037737133 ], [ 7.709454926925041, 48.56788307613472 ], [ 7.709456974833518, 48.567838124056827 ], [ 7.709389281128212, 48.567836727318728 ], [ 7.709391342617348, 48.567791774692267 ], [ 7.709323635450311, 48.567790378464892 ], [ 7.70932569616808, 48.567745416862643 ], [ 7.709327744184577, 48.56770046478487 ], [ 7.709260050664922, 48.567699067971375 ], [ 7.709262111434884, 48.567654106368821 ], [ 7.709194404453543, 48.567652710066042 ], [ 7.709196466106468, 48.567607757440179 ], [ 7.709198527755773, 48.567562804813569 ], [ 7.709130820896976, 48.567561408473686 ], [ 7.709132881774948, 48.567516446871274 ], [ 7.709065188504058, 48.567515049944149 ], [ 7.709067236740196, 48.567470097867385 ], [ 7.709069298497481, 48.567425145240925 ], [ 7.709001605349115, 48.567423748276703 ], [ 7.709003652810349, 48.567378787223369 ], [ 7.709005714619815, 48.567333834596617 ], [ 7.70893800806926, 48.567332438144227 ], [ 7.708940069107434, 48.567287476541672 ], [ 7.708872376144724, 48.567286079502075 ], [ 7.708876486458532, 48.567196174798525 ], [ 7.708808793618344, 48.567194777721845 ], [ 7.708810841239837, 48.567149816668334 ], [ 7.708812903209464, 48.567104864041418 ], [ 7.708745210491809, 48.567103466927627 ], [ 7.708747258165517, 48.567058505873824 ], [ 7.708749320187324, 48.567013553246618 ], [ 7.708681627592203, 48.567012156095728 ], [ 7.70868367614517, 48.566967204017885 ], [ 7.70861598361316, 48.566965806828733 ], [ 7.708618044919525, 48.566920845226143 ], [ 7.708620093524693, 48.566875893147987 ], [ 7.708552401115215, 48.566874495921738 ], [ 7.708554462473772, 48.566829534318856 ], [ 7.708556511131141, 48.566784582240395 ], [ 7.708488818844195, 48.566783184977041 ], [ 7.708490867557376, 48.566738232899006 ], [ 7.708492928964511, 48.566693271295101 ], [ 7.708425236800099, 48.566691873994657 ], [ 7.708427285565481, 48.566646921916323 ], [ 7.708359593464177, 48.566645524577609 ], [ 7.70836370380051, 48.566555610895932 ], [ 7.708296011821736, 48.566554213520128 ], [ 7.708300122262458, 48.566464299837847 ], [ 7.708232430406216, 48.566462902424952 ], [ 7.708234492856301, 48.566417949797597 ], [ 7.708236541778282, 48.566372997718346 ], [ 7.708168850044561, 48.566371600268347 ], [ 7.70817089819541, 48.566326639213273 ], [ 7.708172960694058, 48.566281686584887 ], [ 7.708105269082866, 48.566280289097783 ], [ 7.708107317285926, 48.566235328042403 ], [ 7.708039625737856, 48.566233930517029 ], [ 7.708041688348089, 48.566188977889524 ], [ 7.70804373743028, 48.566144025810111 ], [ 7.707976046004726, 48.566142628247654 ], [ 7.707978107840229, 48.566097666643572 ], [ 7.707980156974616, 48.566052714563853 ], [ 7.707912465671595, 48.566051316964291 ], [ 7.707914527559284, 48.566006355359939 ], [ 7.707916576745869, 48.565961403279907 ], [ 7.707848885565376, 48.565960005643241 ], [ 7.707850934807772, 48.565915053563685 ], [ 7.707783243690385, 48.565913655888735 ], [ 7.707785305686071, 48.565868694284504 ], [ 7.707717601107455, 48.565867297120114 ], [ 7.707719663985808, 48.565822344492602 ], [ 7.707721726860534, 48.565777391864366 ], [ 7.707654021577613, 48.565775985686578 ], [ 7.70765608450814, 48.565731033058775 ], [ 7.707588393639511, 48.565729635270216 ], [ 7.707592505257383, 48.565639721587267 ], [ 7.707524814511283, 48.565638323761604 ], [ 7.707526864025484, 48.565593371682724 ], [ 7.707528927060353, 48.565548419054345 ], [ 7.70746123643677, 48.565547021191591 ], [ 7.70746328517636, 48.565502060136126 ], [ 7.707395594615894, 48.565500662235095 ], [ 7.7073976442381, 48.565455710156357 ], [ 7.707329953740742, 48.565454312217042 ], [ 7.707332016116206, 48.565409350613713 ], [ 7.707264312157728, 48.565407953184881 ], [ 7.707266375415775, 48.565363000558271 ], [ 7.70719868504464, 48.565361602542417 ], [ 7.707200734834254, 48.565316650464972 ], [ 7.70713304452623, 48.565315252410855 ], [ 7.707135107069104, 48.565270290808861 ], [ 7.707137156910913, 48.565225338731111 ], [ 7.707069466725415, 48.565223940639896 ], [ 7.707071529320473, 48.565178979037604 ], [ 7.707003825673918, 48.56517758145683 ], [ 7.707005889151506, 48.565132628831257 ], [ 7.706938199092233, 48.565131230663511 ], [ 7.706940249101448, 48.565086278587067 ], [ 7.706872559105282, 48.565084880381036 ], [ 7.706804869112817, 48.565083482135563 ], [ 7.706806918410563, 48.565038521084468 ], [ 7.706739228481212, 48.565037122800717 ], [ 7.706741278661448, 48.564992170726335 ], [ 7.706673588795207, 48.564990772404315 ], [ 7.706675651728709, 48.564945810805412 ], [ 7.706607948401465, 48.564944412993789 ], [ 7.706610012217418, 48.564899460371606 ], [ 7.706542322477404, 48.564898061973039 ], [ 7.706544372825042, 48.564853109899971 ], [ 7.706476683148135, 48.564851711463149 ], [ 7.706478746249039, 48.564806749865568 ], [ 7.706411043111167, 48.564805351939121 ], [ 7.706413107094487, 48.564760399318274 ], [ 7.706345417543805, 48.564759000804898 ], [ 7.706277714472746, 48.564757602800704 ], [ 7.706279777744684, 48.564712641205197 ], [ 7.706144385256592, 48.564709844532175 ], [ 7.706142335389883, 48.564754805576705 ], [ 7.706210024929462, 48.564756204208429 ], [ 7.706205910126826, 48.564846108893668 ] ] ], [ [ [ 7.711393638204259, 48.529899265230149 ], [ 7.711395696406512, 48.529854311985559 ], [ 7.711397741090362, 48.529809359289501 ], [ 7.711330097605272, 48.529807963664247 ], [ 7.711332155032726, 48.529763001443065 ], [ 7.711334199768711, 48.529718048746737 ], [ 7.711266556405972, 48.529716653084414 ], [ 7.711268600370797, 48.529671691412197 ], [ 7.711200957071084, 48.529670295711604 ], [ 7.711203015433282, 48.529625342467 ], [ 7.711135372196582, 48.529623946728172 ], [ 7.711125108736167, 48.529848729792526 ], [ 7.71119275226952, 48.529850125537223 ], [ 7.71119069388928, 48.529895078778281 ], [ 7.711258351000462, 48.529896473935509 ], [ 7.711256293502838, 48.529941436153365 ], [ 7.711391594340141, 48.529944226901129 ], [ 7.711393638204259, 48.529899265230149 ] ] ], [ [ [ 7.711791310681412, 48.530087467472278 ], [ 7.711723666818216, 48.5300860720765 ], [ 7.711725724738249, 48.53004111882889 ], [ 7.711658067423223, 48.530039723944128 ], [ 7.711660124572015, 48.529994761720637 ], [ 7.711524837101386, 48.529991970736681 ], [ 7.711522779833917, 48.53003693295782 ], [ 7.711590423626726, 48.530038328470688 ], [ 7.711588379102883, 48.530083281166689 ], [ 7.711656022958708, 48.530084676641309 ], [ 7.71165396497573, 48.530129629887014 ], [ 7.71178926633196, 48.530132420171078 ], [ 7.711791310681412, 48.530087467472278 ] ] ], [ [ [ 7.71178926633196, 48.530132420171078 ], [ 7.711787209291034, 48.530177382394783 ], [ 7.711854866791462, 48.530178777204206 ], [ 7.711852808979268, 48.530223730452015 ], [ 7.711988110594971, 48.530226520504215 ], [ 7.71199015477362, 48.530181567803325 ], [ 7.711922510780697, 48.53018017252348 ], [ 7.711924554188063, 48.530135210846709 ], [ 7.71178926633196, 48.530132420171078 ] ] ], [ [ [ 7.712123398710526, 48.530229310947988 ], [ 7.711988110594971, 48.530226520504215 ], [ 7.711986052897828, 48.530271473753679 ], [ 7.712121354646945, 48.530274263650497 ], [ 7.712123398710526, 48.530229310947988 ] ] ], [ [ [ 7.712119297891914, 48.530319225877939 ], [ 7.712186942073886, 48.530320621043053 ], [ 7.712188998769578, 48.530275658814439 ], [ 7.712121354646945, 48.530274263650497 ], [ 7.712119297891914, 48.530319225877939 ] ] ], [ [ [ 7.7123201865561, 48.53036836395961 ], [ 7.712322243963807, 48.530323410705684 ], [ 7.712186942073886, 48.530320621043053 ], [ 7.712184898062442, 48.530365573745307 ], [ 7.7123201865561, 48.53036836395961 ] ] ], [ [ [ 7.712519032710986, 48.530462463375805 ], [ 7.71252107643297, 48.530417510669146 ], [ 7.712453432113902, 48.530416115698792 ], [ 7.712455488579432, 48.530371153466888 ], [ 7.7123201865561, 48.53036836395961 ], [ 7.712318143486815, 48.530413325639827 ], [ 7.712385787798517, 48.530414720689024 ], [ 7.712383730442927, 48.530459673942694 ], [ 7.712519032710986, 48.530462463375805 ] ] ], [ [ [ 7.712519032710986, 48.530462463375805 ], [ 7.712516975470456, 48.530507416631117 ], [ 7.712584619911867, 48.530508811564381 ], [ 7.712582577069164, 48.530553773247135 ], [ 7.712717866081721, 48.530556562997774 ], [ 7.712719922320708, 48.530511600763305 ], [ 7.712652277871924, 48.530510205908868 ], [ 7.712654321478838, 48.530465253200596 ], [ 7.712519032710986, 48.530462463375805 ] ] ], [ [ [ 7.712785524108503, 48.53055795726457 ], [ 7.712717866081721, 48.530556562997774 ], [ 7.712715822526946, 48.530601515705811 ], [ 7.712783467098083, 48.530602910523164 ], [ 7.712785524108503, 48.53055795726457 ] ] ], [ [ [ 7.712781423599049, 48.530647863231643 ], [ 7.712916712871032, 48.530650652750438 ], [ 7.712918769766393, 48.530605699490216 ], [ 7.712783467098083, 48.530602910523164 ], [ 7.712781423599049, 48.530647863231643 ] ] ], [ [ [ 7.710887268046231, 48.530608806781707 ], [ 7.710819623518979, 48.530607410859353 ], [ 7.710817564780725, 48.53065236408235 ], [ 7.710885222882323, 48.530653759456712 ], [ 7.710887268046231, 48.530608806781707 ] ] ], [ [ [ 7.712984357512552, 48.530652047450701 ], [ 7.712916712871032, 48.530650652750438 ], [ 7.712914656799263, 48.530695614986293 ], [ 7.712982315015126, 48.530697009138315 ], [ 7.712984357512552, 48.530652047450701 ] ] ], [ [ [ 7.712980258171886, 48.530741962398302 ], [ 7.713115561218335, 48.530744751135835 ], [ 7.713117604427898, 48.530699798422923 ], [ 7.712982315015126, 48.530697009138315 ], [ 7.712980258171886, 48.530741962398302 ] ] ], [ [ [ 7.713181150147965, 48.530791107959296 ], [ 7.713183205989576, 48.530746145720173 ], [ 7.713115561218335, 48.530744751135835 ], [ 7.713113505317384, 48.530789713373792 ], [ 7.713181150147965, 48.530791107959296 ] ] ], [ [ [ 7.713179106990541, 48.530836060671959 ], [ 7.71331439678142, 48.530838849727068 ], [ 7.713316453335215, 48.530793896462633 ], [ 7.713181150147965, 48.530791107959296 ], [ 7.713179106990541, 48.530836060671959 ] ] ], [ [ [ 7.713449700102074, 48.530841638075032 ], [ 7.713382055197422, 48.53084024364604 ], [ 7.713379998699358, 48.530885196910937 ], [ 7.713447643663336, 48.530886591341108 ], [ 7.713449700102074, 48.530841638075032 ] ] ], [ [ [ 7.713513246590351, 48.530932947425256 ], [ 7.713515302146051, 48.530887985182389 ], [ 7.713447643663336, 48.530886591341108 ], [ 7.713445601563349, 48.530931553033334 ], [ 7.713513246590351, 48.530932947425256 ] ] ], [ [ [ 7.713513246590351, 48.530932947425256 ], [ 7.713511190203735, 48.530977900691077 ], [ 7.713646493902528, 48.530980688809535 ], [ 7.713648550170472, 48.530935735541348 ], [ 7.713513246590351, 48.530932947425256 ] ] ], [ [ [ 7.713712096302769, 48.531027035803497 ], [ 7.71371413899991, 48.530982083084361 ], [ 7.713646493902528, 48.530980688809535 ], [ 7.713644437630974, 48.531025642076983 ], [ 7.713712096302769, 48.531027035803497 ] ] ], [ [ [ 7.713847386627247, 48.531029824237244 ], [ 7.713712096302769, 48.531027035803497 ], [ 7.713710040914291, 48.531071998047743 ], [ 7.713845344872547, 48.531074785934337 ], [ 7.713847386627247, 48.531029824237244 ] ] ], [ [ [ 7.713843288771786, 48.531119739203881 ], [ 7.713910934058219, 48.531121133363982 ], [ 7.713912990099654, 48.531076180093244 ], [ 7.713845344872547, 48.531074785934337 ], [ 7.713843288771786, 48.531119739203881 ] ] ], [ [ [ 7.713910934058219, 48.531121133363982 ], [ 7.713908892355678, 48.531166095060804 ], [ 7.713976537705141, 48.531167489182643 ], [ 7.713974481715828, 48.531212442453118 ], [ 7.71410978605959, 48.531215230031343 ], [ 7.714111827587691, 48.531170268331721 ], [ 7.714044182230878, 48.531168874288717 ], [ 7.714046238157247, 48.531123921016345 ], [ 7.713910934058219, 48.531121133363982 ] ] ], [ [ [ 7.714177431479428, 48.531216624036077 ], [ 7.71410978605959, 48.531215230031343 ], [ 7.714107730185341, 48.531260183303452 ], [ 7.71417538917965, 48.531261576759825 ], [ 7.714177431479428, 48.531216624036077 ] ] ], [ [ [ 7.714376284341353, 48.53131072024388 ], [ 7.714308638791794, 48.531309326355064 ], [ 7.71431068014904, 48.531264364653374 ], [ 7.71417538917965, 48.531261576759825 ], [ 7.714173334188568, 48.531306539008725 ], [ 7.714240979730761, 48.531307932976389 ], [ 7.714238937483132, 48.531352885699874 ], [ 7.71437422869723, 48.531355673519279 ], [ 7.714376284341353, 48.53131072024388 ] ] ], [ [ [ 7.714507477912163, 48.531403413908443 ], [ 7.714509533441221, 48.531358460631417 ], [ 7.71437422869723, 48.531355673519279 ], [ 7.714372186564676, 48.531400626244384 ], [ 7.714507477912163, 48.531403413908443 ] ] ], [ [ [ 7.714505436722176, 48.531448375611504 ], [ 7.714573082460785, 48.531449769385567 ], [ 7.714575137106606, 48.531404807131743 ], [ 7.714507477912163, 48.531403413908443 ], [ 7.714505436722176, 48.531448375611504 ] ] ], [ [ [ 7.714972832969344, 48.531592998378876 ], [ 7.714905187030635, 48.531591604837828 ], [ 7.714903131839566, 48.53163655811835 ], [ 7.714970777837603, 48.531637951660571 ], [ 7.714972832969344, 48.531592998378876 ] ] ], [ [ [ 7.714970777837603, 48.531637951660571 ], [ 7.714968737045078, 48.531682913368222 ], [ 7.715036383106141, 48.531684306872187 ], [ 7.715038423839325, 48.531639345163384 ], [ 7.714970777837603, 48.531637951660571 ] ] ], [ [ [ 7.715171675239315, 48.531687093761867 ], [ 7.715104029170888, 48.531685700336737 ], [ 7.715101987665864, 48.531730653069694 ], [ 7.715169633793622, 48.531732046495989 ], [ 7.715171675239315, 48.531687093761867 ] ] ], [ [ [ 7.715370530927697, 48.531781179275249 ], [ 7.715372585714238, 48.531736225988652 ], [ 7.71523727992506, 48.531733439882856 ], [ 7.715235238535113, 48.531778392617433 ], [ 7.715370530927697, 48.531781179275249 ] ] ], [ [ [ 7.715368490480476, 48.531826140987775 ], [ 7.715503783006477, 48.531828927490238 ], [ 7.715505836850274, 48.531783965225678 ], [ 7.715370530927697, 48.531781179275249 ], [ 7.715368490480476, 48.531826140987775 ] ] ], [ [ [ 7.715571429274997, 48.531830320682353 ], [ 7.715569388174536, 48.531875273421335 ], [ 7.715704680841282, 48.531878059689618 ], [ 7.715706735338357, 48.531833106398565 ], [ 7.715571429274997, 48.531830320682353 ] ] ], [ [ [ 7.718402490919644, 48.532113558685836 ], [ 7.718267197483939, 48.532110775562053 ], [ 7.718265146051765, 48.53215573787049 ], [ 7.718400453121495, 48.532158520446572 ], [ 7.718402490919644, 48.532113558685836 ] ] ], [ [ [ 7.718468099904205, 48.532159911950501 ], [ 7.718466061333622, 48.532204864735398 ], [ 7.718601355028738, 48.53220764762731 ], [ 7.718603406995988, 48.532162694290008 ], [ 7.718468099904205, 48.532159911950501 ] ] ], [ [ [ 7.715211377746686, 48.572411504084478 ], [ 7.715213434304808, 48.572366551426413 ], [ 7.715078021074984, 48.572363765173833 ], [ 7.715075977923997, 48.572408717279885 ], [ 7.715211377746686, 48.572411504084478 ] ] ], [ [ [ 7.715346791110123, 48.572414290181563 ], [ 7.715211377746686, 48.572411504084478 ], [ 7.715209335539238, 48.572456465168308 ], [ 7.71534473549555, 48.572459251817428 ], [ 7.715346791110123, 48.572414290181563 ] ] ], [ [ [ 7.715342692575089, 48.572504203926677 ], [ 7.715478092665, 48.572506990420308 ], [ 7.715480148992626, 48.572462037759031 ], [ 7.71534473549555, 48.572459251817428 ], [ 7.715342692575089, 48.572504203926677 ] ] ], [ [ [ 7.715478092665, 48.572506990420308 ], [ 7.715476050688125, 48.572551951507336 ], [ 7.71561145091166, 48.572554737845508 ], [ 7.715613506295685, 48.572509776206431 ], [ 7.715478092665, 48.572506990420308 ] ] ], [ [ [ 7.715746864675979, 48.572557523476149 ], [ 7.715679164554995, 48.572556130405687 ], [ 7.715677108398446, 48.572601083069017 ], [ 7.715744808578858, 48.572602476140645 ], [ 7.715746864675979, 48.572557523476149 ] ] ], [ [ [ 7.715742766004181, 48.57264742825469 ], [ 7.715945880271868, 48.572651606686584 ], [ 7.715947936194298, 48.572606654019296 ], [ 7.715744808578858, 48.572602476140645 ], [ 7.715742766004181, 48.57264742825469 ] ] ], [ [ [ 7.716079239332028, 48.572699353572403 ], [ 7.716081294310773, 48.572654391927301 ], [ 7.715945880271868, 48.572651606686584 ], [ 7.71594382517423, 48.572696568329327 ], [ 7.716079239332028, 48.572699353572403 ] ] ], [ [ [ 7.716680376164764, 48.572891705174612 ], [ 7.716678335229081, 48.572936666276739 ], [ 7.7167460358808, 48.572938058764734 ], [ 7.716813750062329, 48.572939450663441 ], [ 7.716811694887242, 48.572984403340818 ], [ 7.717014810579982, 48.572988579903381 ], [ 7.717082511309552, 48.572989972195295 ], [ 7.717080469894722, 48.573034924326763 ], [ 7.717351286613703, 48.573040492554597 ], [ 7.717353341316949, 48.572995539868558 ], [ 7.717285627046504, 48.57299414828438 ], [ 7.717150225568942, 48.572991363897856 ], [ 7.717152266920746, 48.572946411764484 ], [ 7.717084566246918, 48.572945019513213 ], [ 7.717016865576772, 48.572943627222479 ], [ 7.717018906215239, 48.572898666114519 ], [ 7.716951205608218, 48.572897273785507 ], [ 7.716815790879124, 48.572894489558969 ], [ 7.716817846046998, 48.572849536880106 ], [ 7.716750131984356, 48.572848144983759 ], [ 7.716614730922335, 48.57284535997298 ], [ 7.716616771910269, 48.572800398870534 ], [ 7.716549071444225, 48.572799006307136 ], [ 7.7164136569971, 48.572796221611782 ], [ 7.716415712514348, 48.572751268938489 ], [ 7.716348012118784, 48.572749876257902 ], [ 7.716280298200831, 48.572748484087654 ], [ 7.71628235383333, 48.572703531415961 ], [ 7.716079239332028, 48.572699353572403 ], [ 7.716077183521237, 48.572744306240551 ], [ 7.716144897428134, 48.572745698529204 ], [ 7.716212597812638, 48.572747091328161 ], [ 7.716210542117099, 48.572792043997921 ], [ 7.716278256090807, 48.572793436208805 ], [ 7.716345956542111, 48.572794828930014 ], [ 7.716343901790309, 48.572839790577596 ], [ 7.716411615830838, 48.572841182710725 ], [ 7.71647931634895, 48.572842575354201 ], [ 7.716477260883917, 48.572887528027188 ], [ 7.716612675576167, 48.572890312648312 ], [ 7.716680376164764, 48.572891705174612 ] ] ], [ [ [ 7.717484647999076, 48.573088237820656 ], [ 7.717486701758372, 48.57304327615681 ], [ 7.717351286613703, 48.573040492554597 ], [ 7.717349232735516, 48.573085454216091 ], [ 7.717484647999076, 48.573088237820656 ] ] ], [ [ [ 7.718159657014445, 48.573147106724527 ], [ 7.717956540598914, 48.573142932163748 ], [ 7.717958581248327, 48.573097980018602 ], [ 7.717484647999076, 48.573088237820656 ], [ 7.71748259340748, 48.573133190507569 ], [ 7.717618008804638, 48.573135973956639 ], [ 7.71768570974566, 48.573137365896969 ], [ 7.717683668854927, 48.573182318036714 ], [ 7.717886785404554, 48.573186493074502 ], [ 7.71795448641974, 48.573187884858157 ], [ 7.717952446591915, 48.573232845978019 ], [ 7.718494082373856, 48.573243977736333 ], [ 7.718496135252316, 48.573199016057082 ], [ 7.71842843420767, 48.573197624589064 ], [ 7.718225317569654, 48.573193450498287 ], [ 7.71822735798493, 48.573148498349198 ], [ 7.718159657014445, 48.573147106724527 ] ] ], [ [ [ 7.718386780574368, 48.594930715047219 ], [ 7.718319050763855, 48.594929323526131 ], [ 7.718316996857409, 48.594974284857919 ], [ 7.718249266991091, 48.594972893296166 ], [ 7.718181537128458, 48.594971501694957 ], [ 7.718179482270259, 48.595016454047553 ], [ 7.718111738819881, 48.595015062955689 ], [ 7.718109697430539, 48.595060014756349 ], [ 7.718041953924363, 48.595058623623835 ], [ 7.718039913301083, 48.595103584398672 ], [ 7.717972169739085, 48.595102193225514 ], [ 7.717970128223586, 48.595147145022331 ], [ 7.717902384605788, 48.595145753808509 ], [ 7.717900343856326, 48.595190714579509 ], [ 7.717832600182708, 48.59518932332503 ], [ 7.717830558541051, 48.595234275118003 ], [ 7.717898288742153, 48.595235666923621 ], [ 7.717966018946938, 48.595237058689762 ], [ 7.717968074001633, 48.595192106344477 ], [ 7.718035804150627, 48.595193498069975 ], [ 7.718037858313092, 48.595148536746649 ], [ 7.718105588406281, 48.595149928431518 ], [ 7.718107643334792, 48.595104976082354 ], [ 7.71817538690416, 48.595106367176555 ], [ 7.718243116945245, 48.595107758781303 ], [ 7.718245170921998, 48.595062797452933 ], [ 7.718312900907274, 48.595064189017016 ], [ 7.718314955650116, 48.595019236662836 ], [ 7.718382685579603, 48.595020628186283 ], [ 7.718450415512772, 48.59502201967026 ], [ 7.718452470133043, 48.594977067312968 ], [ 7.71852020001042, 48.594978458756287 ], [ 7.718522253738381, 48.594933497420982 ], [ 7.718589983559951, 48.594934888823666 ], [ 7.718592038054043, 48.594889936462501 ], [ 7.718659767819823, 48.594891327824556 ], [ 7.718661822250823, 48.594846375461465 ], [ 7.718729565492708, 48.594847766232796 ], [ 7.718731605499467, 48.594802805441759 ], [ 7.718799348685531, 48.594804196172433 ], [ 7.718801389458467, 48.594759244355565 ], [ 7.718869132588731, 48.594760635045589 ], [ 7.719004591796562, 48.5947634174074 ], [ 7.719006645919329, 48.594718465036173 ], [ 7.719074375469293, 48.594719856156694 ], [ 7.719076428699653, 48.59467489480744 ], [ 7.719144171725659, 48.594676285337194 ], [ 7.719146212190398, 48.594631333512233 ], [ 7.719213955160602, 48.594632724001343 ], [ 7.719215994732926, 48.594587763198355 ], [ 7.719283737647309, 48.594589153646815 ], [ 7.719285777985896, 48.59454420181801 ], [ 7.719353520844477, 48.594545592225806 ], [ 7.719355561119991, 48.59450064039509 ], [ 7.719423303922762, 48.594502030762236 ], [ 7.719425343305822, 48.594457069953492 ], [ 7.719493086052781, 48.594458460280002 ], [ 7.719495126202141, 48.594413508445413 ], [ 7.719359667894439, 48.594410726654992 ], [ 7.719291925214342, 48.594409336250699 ], [ 7.719289884886537, 48.594454288081764 ], [ 7.719222142150632, 48.59445289763682 ], [ 7.719220102589091, 48.594497858442075 ], [ 7.719152359797371, 48.594496467956489 ], [ 7.719150319343416, 48.59454141978371 ], [ 7.719082576495889, 48.594540029257466 ], [ 7.719080522447031, 48.594584981632885 ], [ 7.719012793075524, 48.594583590515875 ], [ 7.719010739792885, 48.594628551865462 ], [ 7.718943010365573, 48.594627160707809 ], [ 7.718940956190536, 48.594672113079376 ], [ 7.718873226707431, 48.59467072188108 ], [ 7.71880549722801, 48.594669330643313 ], [ 7.718803443759682, 48.594714291987877 ], [ 7.718735714224454, 48.594712900709474 ], [ 7.718667971161052, 48.594711509941661 ], [ 7.718665916740874, 48.594756462307011 ], [ 7.718598187153542, 48.594755070948487 ], [ 7.718596132670271, 48.594800023311898 ], [ 7.718528403027145, 48.594798631912717 ], [ 7.718526349310011, 48.59484359325031 ], [ 7.718458619611081, 48.594842201810501 ], [ 7.718456565001629, 48.59488715417006 ], [ 7.718388835246905, 48.594885762689593 ], [ 7.718386780574368, 48.594930715047219 ] ] ], [ [ [ 7.717828503363783, 48.595279227460182 ], [ 7.717830558541051, 48.595234275118003 ], [ 7.717762814811629, 48.595232883822888 ], [ 7.717760759574872, 48.595277836163895 ], [ 7.717828503363783, 48.595279227460182 ] ] ], [ [ [ 7.717688933079478, 48.595366357381707 ], [ 7.717756663451653, 48.595367749269784 ], [ 7.717760759574872, 48.595277836163895 ], [ 7.717693029321664, 48.595276444278156 ], [ 7.717688933079478, 48.595366357381707 ] ] ], [ [ [ 7.717686877772413, 48.595411309719275 ], [ 7.717688933079478, 48.595366357381707 ], [ 7.717621189178946, 48.595364966004105 ], [ 7.717619147344445, 48.595409917790555 ], [ 7.717686877772413, 48.595411309719275 ] ] ], [ [ [ 7.717551403388105, 48.595408526372296 ], [ 7.717549362319588, 48.595453487132929 ], [ 7.717617092803359, 48.595454879102284 ], [ 7.717619147344445, 48.595409917790555 ], [ 7.717551403388105, 48.595408526372296 ] ] ], [ [ [ 7.717479576346771, 48.595497047456618 ], [ 7.717547306886335, 48.595498439466617 ], [ 7.717549362319588, 48.595453487132929 ], [ 7.717481618307433, 48.595452095674013 ], [ 7.717479576346771, 48.595497047456618 ] ] ], [ [ [ 7.717479576346771, 48.595497047456618 ], [ 7.717411832278811, 48.595495655957038 ], [ 7.717409790255068, 48.595540607737725 ], [ 7.717477520850428, 48.595541999788388 ], [ 7.717479576346771, 48.595497047456618 ] ] ], [ [ [ 7.717339991341404, 48.595584177502282 ], [ 7.71740773552467, 48.595585569043678 ], [ 7.717409790255068, 48.595540607737725 ], [ 7.717342046131306, 48.595539216197515 ], [ 7.717339991341404, 48.595584177502282 ] ] ], [ [ [ 7.71733794925098, 48.59562912928029 ], [ 7.717339991341404, 48.595584177502282 ], [ 7.717272260693928, 48.595582785371498 ], [ 7.717270205011904, 48.595627737698244 ], [ 7.71733794925098, 48.59562912928029 ] ] ], [ [ [ 7.717202474308638, 48.595626345526803 ], [ 7.717200419392527, 48.595671306827718 ], [ 7.717268163687415, 48.595672698450429 ], [ 7.717270205011904, 48.595627737698244 ], [ 7.717202474308638, 48.595626345526803 ] ] ], [ [ [ 7.717130632825244, 48.595714866938529 ], [ 7.717198377175938, 48.595716258601875 ], [ 7.717200419392527, 48.595671306827718 ], [ 7.717132688633454, 48.595669914615648 ], [ 7.717130632825244, 48.595714866938529 ] ] ], [ [ [ 7.717062902010382, 48.595713474685809 ], [ 7.717060846139078, 48.595758427006757 ], [ 7.717128590545576, 48.595759818710761 ], [ 7.717130632825244, 48.595714866938529 ], [ 7.717062902010382, 48.595713474685809 ] ] ], [ [ [ 7.715371550852192, 48.597118619959083 ], [ 7.715373608263125, 48.597073667689827 ], [ 7.715305862163913, 48.597072274963566 ], [ 7.715303818226019, 48.597117226681995 ], [ 7.715371550852192, 48.597118619959083 ] ] ], [ [ [ 7.715303818226019, 48.597117226681995 ], [ 7.715236072070999, 48.597115833915083 ], [ 7.715234028898698, 48.597160794607696 ], [ 7.71530176158068, 48.597162187925441 ], [ 7.715303818226019, 48.597117226681995 ] ] ], [ [ [ 7.715229913820814, 48.597250699137753 ], [ 7.715231971361566, 48.597205746873108 ], [ 7.715164238623796, 48.597204353514712 ], [ 7.715162181023562, 48.597249305778185 ], [ 7.715229913820814, 48.597250699137753 ] ] ], [ [ [ 7.715094448229996, 48.597247912379139 ], [ 7.71509239139532, 48.597292873616809 ], [ 7.715160124248378, 48.59729426701702 ], [ 7.715162181023562, 48.597249305778185 ], [ 7.715094448229996, 48.597247912379139 ] ] ], [ [ [ 7.715020543918108, 48.597381393671675 ], [ 7.715088290419063, 48.597382786564069 ], [ 7.715090333728367, 48.597337825877581 ], [ 7.715022600819516, 48.597336432436713 ], [ 7.715020543918108, 48.597381393671675 ] ] ], [ [ [ 7.715020543918108, 48.597381393671675 ], [ 7.714952810124817, 48.597379991214055 ], [ 7.714948695363525, 48.597469904703232 ], [ 7.715016441979777, 48.597471297637455 ], [ 7.715020543918108, 48.597381393671675 ] ] ], [ [ [ 7.714878905252342, 48.597513472410256 ], [ 7.714946651924415, 48.597514865385122 ], [ 7.714948695363525, 48.597469904703232 ], [ 7.71488096228359, 48.597468511179898 ], [ 7.714878905252342, 48.597513472410256 ] ] ], [ [ [ 7.714874803054408, 48.597603376366798 ], [ 7.714878905252342, 48.597513472410256 ], [ 7.714811172116607, 48.597512078846265 ], [ 7.714807069799703, 48.597601982800462 ], [ 7.714874803054408, 48.597603376366798 ] ] ], [ [ [ 7.714739323016023, 48.597600589744275 ], [ 7.714737279387607, 48.597645550420374 ], [ 7.714805012698119, 48.597646944027353 ], [ 7.714807069799703, 48.597601982800462 ], [ 7.714739323016023, 48.597600589744275 ] ] ], [ [ [ 7.714665429971597, 48.597734061268504 ], [ 7.714733163397383, 48.597735454917306 ], [ 7.714737279387607, 48.597645550420374 ], [ 7.714669532548112, 48.597644157323522 ], [ 7.714665429971597, 48.597734061268504 ] ] ], [ [ [ 7.714597683016798, 48.597732668129822 ], [ 7.714595639258574, 48.597777628801317 ], [ 7.714663372740164, 48.597779022490769 ], [ 7.714665429971597, 48.597734061268504 ], [ 7.714597683016798, 48.597732668129822 ] ] ], [ [ [ 7.708422550806394, 48.602285211862359 ], [ 7.708420500608925, 48.602330163375861 ], [ 7.708488239952522, 48.60233156066149 ], [ 7.708490303624471, 48.602286608597943 ], [ 7.708422550806394, 48.602285211862359 ] ] ], [ [ [ 7.71880021986867, 48.532301736225129 ], [ 7.718935513837902, 48.532304518727486 ], [ 7.719003174343401, 48.532305909369427 ], [ 7.719001122721375, 48.532350862711624 ], [ 7.719204077407199, 48.532355035504601 ], [ 7.719206114507519, 48.532310073732731 ], [ 7.71913846833469, 48.532308691635237 ], [ 7.719070821337207, 48.532307300522035 ], [ 7.719072858552639, 48.532262338751778 ], [ 7.719005211618177, 48.532260947600328 ], [ 7.718869917760279, 48.532258165179165 ], [ 7.718871955978435, 48.532213212387973 ], [ 7.718669001881811, 48.532209039014134 ], [ 7.718666963485648, 48.532253991801824 ], [ 7.718734610401732, 48.532255383150392 ], [ 7.718802257321491, 48.532256774459533 ], [ 7.71880021986867, 48.532301736225129 ] ] ], [ [ [ 7.719339371539209, 48.532357817536202 ], [ 7.719204077407199, 48.532355035504601 ], [ 7.719202025959584, 48.532399988849598 ], [ 7.719337333725647, 48.532402770333405 ], [ 7.719339371539209, 48.532357817536202 ] ] ], [ [ [ 7.719335283221461, 48.532447732656344 ], [ 7.719470591120925, 48.532450513984791 ], [ 7.719472627991022, 48.532405552209674 ], [ 7.719337333725647, 48.532402770333405 ], [ 7.719335283221461, 48.532447732656344 ] ] ], [ [ [ 7.719603847936305, 48.532498248506123 ], [ 7.719605884691289, 48.5324532867294 ], [ 7.719470591120925, 48.532450513984791 ], [ 7.719468539903466, 48.53249546733305 ], [ 7.719603847936305, 48.532498248506123 ] ] ], [ [ [ 7.719603847936305, 48.532498248506123 ], [ 7.719601796833921, 48.532543201856029 ], [ 7.719737105000145, 48.532545982873728 ], [ 7.71973914246844, 48.532501030071678 ], [ 7.719603847936305, 48.532498248506123 ] ] ], [ [ [ 7.720138915633903, 48.532644241223487 ], [ 7.720071268165944, 48.532642850693463 ], [ 7.720003620701656, 48.532641460124012 ], [ 7.720005657111296, 48.532596498342436 ], [ 7.719938009710027, 48.532595107734736 ], [ 7.719870363140885, 48.532593726063887 ], [ 7.71987239966564, 48.532548764283931 ], [ 7.719737105000145, 48.532545982873728 ], [ 7.719735054841265, 48.532590945201555 ], [ 7.719802702231521, 48.532592335927539 ], [ 7.719800664815392, 48.532637288729319 ], [ 7.719868312268657, 48.532638679417062 ], [ 7.719935959725596, 48.532640070065355 ], [ 7.719933922424557, 48.532685022868762 ], [ 7.720001569944505, 48.532686413478814 ], [ 7.720069217468129, 48.532687804049431 ], [ 7.720067181110666, 48.532732765830744 ], [ 7.720134828697309, 48.532734156363105 ], [ 7.720202476287625, 48.532735546856067 ], [ 7.720200439216767, 48.532780499662699 ], [ 7.72026808687009, 48.532781890117391 ], [ 7.720335734527087, 48.532783280532655 ], [ 7.72033369757132, 48.532828233340901 ], [ 7.72040134529133, 48.532829623717916 ], [ 7.720468993015007, 48.532831014055503 ], [ 7.720466957002894, 48.532875975841662 ], [ 7.720602252579964, 48.532878756400912 ], [ 7.720604301988876, 48.532833794062107 ], [ 7.72053664074236, 48.532832404353677 ], [ 7.720538691035601, 48.532787450991634 ], [ 7.720471043367582, 48.53278606069464 ], [ 7.720403395703237, 48.532784670358211 ], [ 7.720405431767535, 48.53273970857181 ], [ 7.72033778416621, 48.532738318197133 ], [ 7.720270137397081, 48.532736936759314 ], [ 7.720272173576491, 48.532691974974519 ], [ 7.720204526041848, 48.532690584522172 ], [ 7.720136878510878, 48.53268919403039 ], [ 7.720138915633903, 48.532644241223487 ] ] ], [ [ [ 7.720737560858622, 48.532881527275869 ], [ 7.720602252579964, 48.532878756400912 ], [ 7.720600215854382, 48.53292370921239 ], [ 7.720735511564816, 48.532926489616266 ], [ 7.720737560858622, 48.532881527275869 ] ] ], [ [ [ 7.720733474954327, 48.532971442429371 ], [ 7.720868770798121, 48.532974222677908 ], [ 7.720870820805451, 48.532929269312135 ], [ 7.720735511564816, 48.532926489616266 ], [ 7.720733474954327, 48.532971442429371 ] ] ], [ [ [ 7.721067642781671, 48.533068307367017 ], [ 7.721065592941566, 48.53311326073414 ], [ 7.721200902693681, 48.533116040045087 ], [ 7.721202938899555, 48.533071087225977 ], [ 7.721135290838776, 48.533069697316201 ], [ 7.721137339787262, 48.533024734970901 ], [ 7.721069678273972, 48.533023345573241 ], [ 7.721002030279881, 48.533021955585795 ], [ 7.721004080172131, 48.532977002218395 ], [ 7.720868770798121, 48.532974222677908 ], [ 7.720866735131357, 48.533019184468891 ], [ 7.72093438311811, 48.533020574535193 ], [ 7.720932333162929, 48.533065527900689 ], [ 7.720999994728235, 48.533066917378392 ], [ 7.721067642781671, 48.533068307367017 ] ] ], [ [ [ 7.721397726284137, 48.53325507753155 ], [ 7.721533022913453, 48.533257857005637 ], [ 7.721535072348965, 48.533212903632439 ], [ 7.72146742409181, 48.533211513916278 ], [ 7.721469459238754, 48.53316655211767 ], [ 7.721401811044614, 48.533165162363254 ], [ 7.721334162854149, 48.533163772569416 ], [ 7.721336198944926, 48.533118819748694 ], [ 7.721200902693681, 48.533116040045087 ], [ 7.721198853797358, 48.533161002390131 ], [ 7.721266501980492, 48.533162392262817 ], [ 7.721264465826787, 48.533207345081649 ], [ 7.721332114072929, 48.53320873491608 ], [ 7.721399762322742, 48.53321012471109 ], [ 7.721397726284137, 48.53325507753155 ] ] ], [ [ [ 7.721668333073044, 48.53326063577159 ], [ 7.721533022913453, 48.533257857005637 ], [ 7.721530987818696, 48.533302818803982 ], [ 7.721598636198206, 48.533304208483045 ], [ 7.721596600330456, 48.53334916130558 ], [ 7.721664248772977, 48.533350550946381 ], [ 7.721731897219168, 48.533351940547774 ], [ 7.721729847950889, 48.533396893922351 ], [ 7.721865158488584, 48.533399672458756 ], [ 7.721867207638177, 48.533354719081835 ], [ 7.721799545669032, 48.53335333010974 ], [ 7.721801594045576, 48.533308367757016 ], [ 7.72173394565506, 48.533306978196222 ], [ 7.721666283752614, 48.533305589146423 ], [ 7.721668333073044, 48.53326063577159 ] ] ], [ [ [ 7.721865158488584, 48.533399672458756 ], [ 7.721863110164205, 48.533444634811225 ], [ 7.721930772255729, 48.53344602374623 ], [ 7.721932807005126, 48.533401061943039 ], [ 7.721865158488584, 48.533399672458756 ] ] ], [ [ [ 7.725518527724367, 48.570778212816734 ], [ 7.725520574331102, 48.570733250974911 ], [ 7.725452862832925, 48.570731864149977 ], [ 7.725450829692202, 48.570776825439779 ], [ 7.725518527724367, 48.570778212816734 ] ] ], [ [ [ 7.725450829692202, 48.570776825439779 ], [ 7.725315420113423, 48.570774051118349 ], [ 7.725313372494749, 48.5708190039798 ], [ 7.725448782192381, 48.570821778303568 ], [ 7.725450829692202, 48.570776825439779 ] ] ], [ [ [ 7.725038485300927, 48.570903368444547 ], [ 7.725036437433768, 48.570948321299085 ], [ 7.725104149207117, 48.570949708366634 ], [ 7.725106183489348, 48.570904756061736 ], [ 7.725038485300927, 48.570903368444547 ] ] ], [ [ [ 7.725098020117882, 48.571084575354647 ], [ 7.72510005441086, 48.571039623051959 ], [ 7.72503235604416, 48.571038235431281 ], [ 7.725030308166218, 48.571083188283595 ], [ 7.725098020117882, 48.571084575354647 ] ] ], [ [ [ 7.724587323118516, 48.571884081867807 ], [ 7.724519623648365, 48.571882693948723 ], [ 7.724509410512653, 48.572107474942342 ], [ 7.724441710749026, 48.572106086977975 ], [ 7.724433531324662, 48.572285906699612 ], [ 7.724501231326006, 48.572287294668669 ], [ 7.724488983142102, 48.572557027897879 ], [ 7.724556683503701, 48.572558415834472 ], [ 7.724554635976894, 48.572603377630728 ], [ 7.724622349927558, 48.572604764978287 ], [ 7.724628480452769, 48.572469898086851 ], [ 7.724632562666351, 48.572379984013736 ], [ 7.724665248569713, 48.571660688172848 ], [ 7.724732947750061, 48.571662076007172 ], [ 7.724739077040853, 48.571527200089434 ], [ 7.724806776046576, 48.571528587880806 ], [ 7.724814954038084, 48.5713487680854 ], [ 7.724882652809768, 48.571350155832633 ], [ 7.724884699998171, 48.571305194010968 ], [ 7.724952398714094, 48.571306581717572 ], [ 7.724956481095587, 48.571216676572746 ], [ 7.725024193221912, 48.571218063686757 ], [ 7.725030308166218, 48.571083188283595 ], [ 7.724962609743764, 48.571081800622281 ], [ 7.72495852821377, 48.571171714747685 ], [ 7.724890816150565, 48.571170327595375 ], [ 7.724888782498516, 48.571215288868466 ], [ 7.724821083905113, 48.571213901124736 ], [ 7.724819035834514, 48.571258853970583 ], [ 7.724751337185363, 48.571257466186239 ], [ 7.724745207129269, 48.571392333141162 ], [ 7.724677494779875, 48.571390945864621 ], [ 7.724671378038806, 48.571525812258621 ], [ 7.724603665514763, 48.571524424939113 ], [ 7.724587323118516, 48.571884081867807 ] ] ], [ [ [ 7.724429448768814, 48.572375820768691 ], [ 7.724294035013521, 48.572373045258281 ], [ 7.724291986433453, 48.572417998076666 ], [ 7.724224286264839, 48.572416609985744 ], [ 7.724218154680548, 48.572551476858358 ], [ 7.724150454337313, 48.572550088724476 ], [ 7.724148406453853, 48.572595050513684 ], [ 7.724080706054854, 48.572593662339166 ], [ 7.724078657278515, 48.572638615150332 ], [ 7.724010956823761, 48.572637226935207 ], [ 7.724006873497248, 48.572727140978408 ], [ 7.72393915940131, 48.572725753272159 ], [ 7.72393712402132, 48.572770705528072 ], [ 7.723869410699423, 48.572769326757331 ], [ 7.723861242683642, 48.572949145846415 ], [ 7.723996657940231, 48.572951921860721 ], [ 7.723998693275123, 48.572906969606606 ], [ 7.724066407612515, 48.572908357278074 ], [ 7.724068442054552, 48.572863396045904 ], [ 7.724136156336163, 48.572864783676735 ], [ 7.724138191545025, 48.572819831418805 ], [ 7.724205905770869, 48.572821219009001 ], [ 7.724207940086853, 48.572776257773029 ], [ 7.724275654256922, 48.572777645322581 ], [ 7.724279737944983, 48.572687740247645 ], [ 7.72434743847387, 48.572689128306131 ], [ 7.72435356890398, 48.572554252457039 ], [ 7.724421269258231, 48.572555640472551 ], [ 7.724429448768814, 48.572375820768691 ] ] ], [ [ [ 7.723512493642391, 48.573166985667619 ], [ 7.72351454293733, 48.573122032874728 ], [ 7.72344682833211, 48.573120644881712 ], [ 7.72344479250384, 48.573165597122824 ], [ 7.723512493642391, 48.573166985667619 ] ] ], [ [ [ 7.72344479250384, 48.573165597122824 ], [ 7.723377091368967, 48.573164208538557 ], [ 7.723375042781289, 48.573209170304494 ], [ 7.723307341590648, 48.573207781679606 ], [ 7.723305292110221, 48.573252734467509 ], [ 7.723169876094972, 48.573249957647633 ], [ 7.723167840018221, 48.573294909881838 ], [ 7.723100125193602, 48.573293521686836 ], [ 7.723098089883511, 48.573338482895274 ], [ 7.72303037500311, 48.573337094659635 ], [ 7.723028338800326, 48.573382046890039 ], [ 7.722960623864163, 48.573380658613765 ], [ 7.722958588428011, 48.573425619818394 ], [ 7.722890873436069, 48.573424231501498 ], [ 7.722888837107247, 48.573469183728086 ], [ 7.723024240161291, 48.573471961425909 ], [ 7.723026289897441, 48.573427008646412 ], [ 7.723093991370546, 48.573428397434959 ], [ 7.723096040213992, 48.573383435677428 ], [ 7.723163741631333, 48.573384824425354 ], [ 7.723165791241422, 48.573339871642041 ], [ 7.723233492603009, 48.573341260349345 ], [ 7.723235541320368, 48.573296298587962 ], [ 7.723370957461836, 48.573299075331256 ], [ 7.723372993360289, 48.573254123093569 ], [ 7.723440708140171, 48.573255511129531 ], [ 7.72344479250384, 48.573165597122824 ] ] ], [ [ [ 7.722888837107247, 48.573469183728086 ], [ 7.722821122059543, 48.573467795370547 ], [ 7.7228190856677, 48.573512747595224 ], [ 7.722886787248636, 48.573514136504485 ], [ 7.722888837107247, 48.573469183728086 ] ] ], [ [ [ 7.724332633417008, 48.592397837228475 ], [ 7.724330584068757, 48.592442789730782 ], [ 7.724195130717987, 48.592440013573984 ], [ 7.724193082077361, 48.592484975049274 ], [ 7.724057615091113, 48.592482199282962 ], [ 7.724055579028978, 48.592527151228396 ], [ 7.723920111938475, 48.592524375301849 ], [ 7.723918063052696, 48.592569336770929 ], [ 7.723782609389152, 48.592566560133491 ], [ 7.723780559550693, 48.592611512623407 ], [ 7.723645092251659, 48.592608736376391 ], [ 7.723643042290636, 48.592653688863209 ], [ 7.72357531535279, 48.592652300403998 ], [ 7.72350758841862, 48.592650911905316 ], [ 7.723505539165106, 48.592695873365116 ], [ 7.723437812175128, 48.592694484825792 ], [ 7.723435762028477, 48.592739437307586 ], [ 7.723300294409317, 48.592736660658801 ], [ 7.723298258501428, 48.592781621562963 ], [ 7.723162790777998, 48.592778844753951 ], [ 7.723160740386228, 48.592823797229542 ], [ 7.723093013236206, 48.592822408489354 ], [ 7.723025272558548, 48.592821020260274 ], [ 7.723023235575543, 48.592865972182217 ], [ 7.722955494842076, 48.592864583912487 ], [ 7.722953458625971, 48.592909544808563 ], [ 7.722885717836687, 48.59290815649819 ], [ 7.722817990582418, 48.592906767597789 ], [ 7.722815939882453, 48.592951720065251 ], [ 7.722748212572389, 48.5929503311242 ], [ 7.72268047173465, 48.592948942694221 ], [ 7.722678435273409, 48.592993903584151 ], [ 7.722610694379848, 48.592992515113508 ], [ 7.722542967021336, 48.592991126052873 ], [ 7.722540916076253, 48.593036078514139 ], [ 7.722473188661943, 48.593034689412875 ], [ 7.72247113765378, 48.593079641872215 ], [ 7.722403410183675, 48.593078252730301 ], [ 7.722335682717251, 48.59307686354893 ], [ 7.722333632416397, 48.593121824981239 ], [ 7.722265904894162, 48.593120435759218 ], [ 7.722198163844207, 48.593119047048205 ], [ 7.722196126122337, 48.593163998950864 ], [ 7.722128385016573, 48.593162610199208 ], [ 7.722126347231635, 48.593207562099956 ], [ 7.722058606070068, 48.593206173307635 ], [ 7.721990878443604, 48.593204783925394 ], [ 7.721988827834489, 48.593249745349588 ], [ 7.721921100152216, 48.593248355926697 ], [ 7.721853358942187, 48.593246967014771 ], [ 7.721851320912152, 48.593291918909358 ], [ 7.721783579646313, 48.593290529956789 ], [ 7.721781542382977, 48.593335490825524 ], [ 7.721713801061323, 48.593334101832312 ], [ 7.721646073274813, 48.5933327122492 ], [ 7.721644021527684, 48.593377664689172 ], [ 7.721576293685378, 48.593376275065417 ], [ 7.721574241875172, 48.593421227503477 ], [ 7.721506513977071, 48.593419837839079 ], [ 7.721438772551162, 48.593418448685597 ], [ 7.721436734979597, 48.593463409546253 ], [ 7.721368993497871, 48.593462020352121 ], [ 7.721366955033526, 48.593506972234771 ], [ 7.721299213495989, 48.593505583 ], [ 7.721231485493649, 48.593504193175356 ], [ 7.72122943420491, 48.593549154581382 ], [ 7.721161706146765, 48.593547764716114 ], [ 7.721093978092301, 48.593546374811375 ], [ 7.721091925851322, 48.593591327238201 ], [ 7.721024184209525, 48.593589937843156 ], [ 7.721020093958983, 48.593679851117955 ], [ 7.720952365733438, 48.59367846113075 ], [ 7.720950313362691, 48.593723413552972 ], [ 7.720814843272124, 48.593720634008143 ], [ 7.720812804310393, 48.593765585876945 ], [ 7.720745062445357, 48.593764196319306 ], [ 7.720677334115593, 48.593762806171881 ], [ 7.720675282329291, 48.593807767563987 ], [ 7.720607553943722, 48.59380637737592 ], [ 7.720605501264757, 48.593851329789992 ], [ 7.720537772823392, 48.593849939561295 ], [ 7.720470030854094, 48.593848549843386 ], [ 7.720467992413729, 48.593893510680189 ], [ 7.720400250388616, 48.59389212092163 ], [ 7.72033252189881, 48.593890730573335 ], [ 7.720330468974709, 48.593935682981204 ], [ 7.720262740429109, 48.593934292592273 ], [ 7.720260687441926, 48.593979244998224 ], [ 7.720192958840534, 48.593977854568649 ], [ 7.720190906619762, 48.594022815948748 ], [ 7.720123177962565, 48.594021425478523 ], [ 7.72012112484921, 48.59406637788063 ], [ 7.720053396136218, 48.594064987369769 ], [ 7.719985653895232, 48.594063597369647 ], [ 7.719983614190989, 48.594108549218411 ], [ 7.719915871894199, 48.594107159177661 ], [ 7.719913832956339, 48.594152120000587 ], [ 7.719846090603729, 48.594150729919164 ], [ 7.719844050773339, 48.594195681764091 ], [ 7.719776308364924, 48.594194291642033 ], [ 7.71977426847146, 48.594239243485035 ], [ 7.719706526007239, 48.594237853322319 ], [ 7.719704486880122, 48.594282814139504 ], [ 7.719636744360086, 48.594281423936124 ], [ 7.719634704340472, 48.594326375775296 ], [ 7.71956696176463, 48.594324985531273 ], [ 7.719564922511341, 48.594369946344614 ], [ 7.719497179879677, 48.594368556059941 ], [ 7.719495126202141, 48.594413508445413 ], [ 7.71956286889329, 48.594414898731273 ], [ 7.719630598056349, 48.594416289527814 ], [ 7.719632651614923, 48.594371337139982 ], [ 7.719700380722187, 48.59437272789588 ], [ 7.719702433388248, 48.594327766530022 ], [ 7.719770162439709, 48.594329157245276 ], [ 7.719772215872108, 48.594284204853587 ], [ 7.719839944867774, 48.594285595528198 ], [ 7.719907687398859, 48.594286985613131 ], [ 7.719909726347499, 48.594242024792443 ], [ 7.719977468822772, 48.594243414836725 ], [ 7.719979508537794, 48.594198462990214 ], [ 7.720114979848688, 48.59420124350823 ], [ 7.720117032972863, 48.594156291108405 ], [ 7.720184761808501, 48.594157681582139 ], [ 7.720252504179522, 48.594159071466159 ], [ 7.720254542819917, 48.594114110637378 ], [ 7.720322285135122, 48.594115500480747 ], [ 7.720324324541957, 48.594070548626149 ], [ 7.720392066801353, 48.594071938428868 ], [ 7.720394106145118, 48.594026986572338 ], [ 7.720461848348712, 48.594028376334414 ], [ 7.720463886799852, 48.593983415499885 ], [ 7.720531628947623, 48.593984805221297 ], [ 7.720533681696881, 48.593939852810649 ], [ 7.720601410257211, 48.593941243041698 ], [ 7.720603449411755, 48.593896291179412 ], [ 7.720671191447914, 48.593897680819531 ], [ 7.720673243241417, 48.593852719428931 ], [ 7.720740971690147, 48.5938541095787 ], [ 7.720808700142556, 48.593855499688992 ], [ 7.720810752643082, 48.593810547271381 ], [ 7.720878481039696, 48.593811937341044 ], [ 7.720880532647524, 48.593766975945414 ], [ 7.721016002864411, 48.593769755413632 ], [ 7.721018041647705, 48.593724803541342 ], [ 7.721085783467981, 48.59372619293989 ], [ 7.721087835719766, 48.59368124051533 ], [ 7.721155563952668, 48.593682630423572 ], [ 7.721291033961082, 48.593685409571293 ], [ 7.721293071669581, 48.593640448716748 ], [ 7.721360813385588, 48.59364183795504 ], [ 7.721362851860709, 48.593596886074643 ], [ 7.721364903863772, 48.593551933643141 ], [ 7.72143263193296, 48.593553323389983 ], [ 7.721500372707629, 48.593554703570895 ], [ 7.721502411056608, 48.593509751686668 ], [ 7.721570152605185, 48.593511140803017 ], [ 7.721572190891095, 48.593466188916857 ], [ 7.721639932383862, 48.593467577992548 ], [ 7.721641983308441, 48.593422616577996 ], [ 7.721709711213903, 48.59342400616346 ], [ 7.721777439123048, 48.593425395709438 ], [ 7.721779490754815, 48.593380443267861 ], [ 7.721847218608162, 48.593381832773204 ], [ 7.721849270176854, 48.593336880329687 ], [ 7.721984739307097, 48.593339658669187 ], [ 7.721986776391963, 48.593294697796949 ], [ 7.722054517668838, 48.593296086631085 ], [ 7.722122245417944, 48.5932974759762 ], [ 7.722124296741508, 48.593252523526495 ], [ 7.722192024434815, 48.593253912830981 ], [ 7.722259765663243, 48.593255301545504 ], [ 7.722261802502964, 48.593210340667092 ], [ 7.72232954367557, 48.593211729340979 ], [ 7.722331581282073, 48.593166777436721 ], [ 7.722399322398873, 48.593168166069965 ], [ 7.72246704998794, 48.593169555214203 ], [ 7.722469101003298, 48.593124602756376 ], [ 7.722536828536569, 48.593125991859985 ], [ 7.722604556073522, 48.593127380924123 ], [ 7.722606606136416, 48.593082419487111 ], [ 7.722674347148944, 48.593083807960085 ], [ 7.722676384447285, 48.593038856047748 ], [ 7.722811852833031, 48.593041633423447 ], [ 7.722813903540192, 48.592996680957498 ], [ 7.722881630913426, 48.592998069860244 ], [ 7.722949357460362, 48.592999449747438 ], [ 7.722951408044969, 48.592954497278392 ], [ 7.723019135366068, 48.592955886101031 ], [ 7.723021185887597, 48.592910933630023 ], [ 7.723156653953223, 48.592913710603966 ], [ 7.723158703522182, 48.592868749153808 ], [ 7.72322643073536, 48.592870137855684 ], [ 7.723294157952211, 48.592871526518088 ], [ 7.723296208228621, 48.592826574040899 ], [ 7.723363935389675, 48.592827962662675 ], [ 7.723431676085723, 48.592829350694359 ], [ 7.723433712708273, 48.592784398764699 ], [ 7.723501453348508, 48.592785786755734 ], [ 7.723569180461123, 48.592787175257925 ], [ 7.723571229662346, 48.592742213798466 ], [ 7.723638956719152, 48.592743602260015 ], [ 7.723706683779636, 48.592744990682093 ], [ 7.72370873368838, 48.592700038195609 ], [ 7.723776474224342, 48.592701426026387 ], [ 7.723778509708628, 48.592656465112576 ], [ 7.723913977141321, 48.592659241204032 ], [ 7.723916026864432, 48.592614288712518 ], [ 7.723983753761189, 48.59261567697321 ], [ 7.724051480661625, 48.592617065194425 ], [ 7.724053530262179, 48.592572112699813 ], [ 7.724121257106821, 48.592573500880384 ], [ 7.72418899748637, 48.592574888470786 ], [ 7.724191032602961, 48.592529927547723 ], [ 7.724258772926692, 48.592531315097474 ], [ 7.724326499722874, 48.592532703158483 ], [ 7.724328549078318, 48.592487750657675 ], [ 7.724464016093977, 48.592490526108179 ], [ 7.724466050965434, 48.592445565178956 ], [ 7.724533791184886, 48.592446952568451 ], [ 7.724535826823509, 48.592402000613376 ], [ 7.724671293623282, 48.592404775822367 ], [ 7.724673342670541, 48.59235982331343 ], [ 7.724741069250872, 48.592361211132918 ], [ 7.724745152854219, 48.592271297685187 ], [ 7.724609699935143, 48.592268522011402 ], [ 7.724607650835601, 48.592313474520665 ], [ 7.724539924322105, 48.592312086623409 ], [ 7.724537875989725, 48.592357048106791 ], [ 7.724402409323615, 48.592354272742256 ], [ 7.724400373569627, 48.592399224695761 ], [ 7.724332633417008, 48.592397837228475 ] ] ], [ [ [ 7.722269552745814, 48.655576376942435 ], [ 7.722201742415039, 48.655574987714701 ], [ 7.722199688656784, 48.65561993914384 ], [ 7.722267512595139, 48.655621327822288 ], [ 7.722269552745814, 48.655576376942435 ] ] ], [ [ [ 7.721866902429498, 48.656963020180442 ], [ 7.721799090268765, 48.656961630718797 ], [ 7.721797036100393, 48.657006582117482 ], [ 7.721932674093128, 48.657009360453195 ], [ 7.721940875888774, 48.65682954641882 ], [ 7.722008701426288, 48.656830935247484 ], [ 7.722023049586652, 48.656516249566351 ], [ 7.722090861162178, 48.656517638897732 ], [ 7.722103169238878, 48.656247913011839 ], [ 7.722170994008464, 48.656249301746215 ], [ 7.722175087243512, 48.656159390483907 ], [ 7.72203945149469, 48.656156612429875 ], [ 7.722029197046047, 48.656381386905714 ], [ 7.721961385653085, 48.656379997538338 ], [ 7.721949076795845, 48.656649723395894 ], [ 7.721881265048817, 48.656648333981956 ], [ 7.721866902429498, 48.656963020180442 ] ] ], [ [ [ 7.72161012852542, 48.658127665754883 ], [ 7.721677942229121, 48.658129055326043 ], [ 7.721686144270546, 48.657949232409237 ], [ 7.721550503795302, 48.657946453787176 ], [ 7.721534097869713, 48.658306090613443 ], [ 7.721601925356919, 48.658307479678427 ], [ 7.72161012852542, 48.658127665754883 ] ] ], [ [ [ 7.721532043414054, 48.658351041984808 ], [ 7.721464229419586, 48.658349652328759 ], [ 7.721460121208938, 48.65843956404261 ], [ 7.721527948871383, 48.658440953150624 ], [ 7.721532043414054, 48.658351041984808 ] ] ], [ [ [ 7.721441673482328, 48.658844151600682 ], [ 7.721373845286787, 48.658842762442575 ], [ 7.721367695800703, 48.658977624944121 ], [ 7.721435510626318, 48.658979014656104 ], [ 7.721441673482328, 48.658844151600682 ] ] ], [ [ [ 7.721363587369608, 48.65906753663338 ], [ 7.721295772428412, 48.659066146879525 ], [ 7.721293717732431, 48.659111098233858 ], [ 7.721361532733249, 48.659112487988871 ], [ 7.721363587369608, 48.65906753663338 ] ] ], [ [ [ 7.721053330017654, 48.659916105114441 ], [ 7.721051275904821, 48.659961065426003 ], [ 7.72111909202761, 48.65996245532186 ], [ 7.721121146080798, 48.659917495009118 ], [ 7.721053330017654, 48.659916105114441 ] ] ], [ [ [ 7.72081292200639, 48.660721120781176 ], [ 7.720810866818851, 48.660766072099037 ], [ 7.720878697553337, 48.660767461584257 ], [ 7.720880752681227, 48.660722510265245 ], [ 7.72081292200639, 48.660721120781176 ] ] ], [ [ [ 7.720508797542373, 48.661434824942376 ], [ 7.720500589965174, 48.66161463856487 ], [ 7.720432758115825, 48.661613248859723 ], [ 7.72042660581111, 48.661748111171129 ], [ 7.720358773786502, 48.661746721422922 ], [ 7.720350566461613, 48.661926543989608 ], [ 7.720282747751738, 48.661925153646955 ], [ 7.720274539299868, 48.66210496722033 ], [ 7.720342358248294, 48.662106357567694 ], [ 7.720344413902125, 48.662061406280763 ], [ 7.720412232794608, 48.662062796587428 ], [ 7.72042043992427, 48.661882974025609 ], [ 7.720488272131522, 48.661884363737812 ], [ 7.720498535297442, 48.661659598837971 ], [ 7.720566353660562, 48.661660989055036 ], [ 7.72057456018301, 48.661481166455175 ], [ 7.720642391860797, 48.661482556077736 ], [ 7.720650598917521, 48.66130274243632 ], [ 7.720582781027813, 48.661301352268147 ], [ 7.720576615607303, 48.661436215153572 ], [ 7.720508797542373, 48.661434824942376 ] ] ], [ [ [ 7.720272483582786, 48.662149918505271 ], [ 7.72026631724045, 48.662284781331216 ], [ 7.72033414997718, 48.662286171133019 ], [ 7.720340302590847, 48.662151308853801 ], [ 7.720272483582786, 48.662149918505271 ] ] ], [ [ [ 7.720188234276047, 48.662508164736103 ], [ 7.720120401248439, 48.662506774849362 ], [ 7.720112192131499, 48.662686588371933 ], [ 7.720044372418834, 48.662685197890752 ], [ 7.720036163836121, 48.662865020371754 ], [ 7.719968330338674, 48.662863630396558 ], [ 7.719943701866662, 48.663403079797213 ], [ 7.719875867657068, 48.663401689768421 ], [ 7.719762967612402, 48.665874171049907 ], [ 7.719695130125369, 48.665872780917063 ], [ 7.719664328869431, 48.666547092225038 ], [ 7.719732167251376, 48.666548482375482 ], [ 7.719738321968311, 48.666413620344812 ], [ 7.719806160174968, 48.666415010452198 ], [ 7.719839002172806, 48.665695748406826 ], [ 7.719906839428596, 48.665697138455897 ], [ 7.720023843248078, 48.663134745368559 ], [ 7.720091677107135, 48.663136135311241 ], [ 7.720108094741589, 48.662776499341263 ], [ 7.720175914577228, 48.662777889785247 ], [ 7.720186178466773, 48.662553116012695 ], [ 7.720254012388346, 48.662554514836941 ], [ 7.720264275889278, 48.662329741038597 ], [ 7.720196443096583, 48.662328351196088 ], [ 7.720188234276047, 48.662508164736103 ] ] ], [ [ [ 7.719290327649053, 48.668789235395018 ], [ 7.719306753575125, 48.668429609281326 ], [ 7.719374594448175, 48.668430999639199 ], [ 7.719384863001072, 48.668206226416828 ], [ 7.719249195406662, 48.668203445123211 ], [ 7.719234812487051, 48.668518120651832 ], [ 7.719166985053481, 48.668516729662443 ], [ 7.719140275675034, 48.669101138415201 ], [ 7.719208117435691, 48.669102528869729 ], [ 7.719222486302376, 48.668787844988238 ], [ 7.719290327649053, 48.668789235395018 ] ] ], [ [ [ 7.719068333352338, 48.669189649660318 ], [ 7.719060120286962, 48.669369471630873 ], [ 7.719127962401926, 48.669370862131991 ], [ 7.719136175228623, 48.669191040156733 ], [ 7.719068333352338, 48.669189649660318 ] ] ], [ [ [ 7.718988177447287, 48.669457982817455 ], [ 7.718982020382278, 48.669592844653181 ], [ 7.719049849240181, 48.669594235749777 ], [ 7.71905601967789, 48.669459373360439 ], [ 7.718988177447287, 48.669457982817455 ] ] ], [ [ [ 7.718975849733009, 48.669727707031775 ], [ 7.71890802069983, 48.66972631589212 ], [ 7.718903907073065, 48.669816227130127 ], [ 7.718971749777322, 48.669817617722046 ], [ 7.718975849733009, 48.669727707031775 ] ] ], [ [ [ 7.718897749742299, 48.669951088943101 ], [ 7.718829906862729, 48.669949698308123 ], [ 7.718825806632251, 48.670039608985682 ], [ 7.71889363607934, 48.670041000173072 ], [ 7.718897749742299, 48.669951088943101 ] ] ], [ [ [ 7.73015615784137, 48.492350544676306 ], [ 7.730088563293528, 48.492349159965393 ], [ 7.730086523825352, 48.492394123072913 ], [ 7.730154131937169, 48.492395507233553 ], [ 7.73015615784137, 48.492350544676306 ] ] ], [ [ [ 7.726275498000209, 48.570523726597592 ], [ 7.726478604695527, 48.570527886617803 ], [ 7.726480650448577, 48.570482924755126 ], [ 7.726277543931574, 48.570478764738425 ], [ 7.726275498000209, 48.570523726597592 ] ] ], [ [ [ 7.726273464760453, 48.570568678928915 ], [ 7.726275498000209, 48.570523726597592 ], [ 7.7260724048633, 48.570519565671333 ], [ 7.726070357919886, 48.570564518550114 ], [ 7.726273464760453, 48.570568678928915 ] ] ], [ [ [ 7.725863171213701, 48.570650271989713 ], [ 7.725865204817173, 48.570605319666839 ], [ 7.726068311803025, 48.570609480404265 ], [ 7.726070357919886, 48.570564518550114 ], [ 7.725799553358976, 48.570558970642345 ], [ 7.725797507004365, 48.570603932491828 ], [ 7.725662097864354, 48.570601158574313 ], [ 7.725660064082605, 48.570646110893698 ], [ 7.725592352695968, 48.570644724150029 ], [ 7.725590319681283, 48.570689685443632 ], [ 7.725522608238867, 48.570688298659334 ], [ 7.725520574331102, 48.570733250974911 ], [ 7.725655970287581, 48.570736025608134 ], [ 7.725658017601933, 48.570691072739343 ], [ 7.725725715526255, 48.570692459995605 ], [ 7.725727761947492, 48.570647498148787 ], [ 7.725863171213701, 48.570650271989713 ] ] ], [ [ [ 7.728098443107536, 48.582620454104116 ], [ 7.72809436616886, 48.582710367976297 ], [ 7.728162080066022, 48.582711753806969 ], [ 7.728166156885786, 48.58262183993245 ], [ 7.728098443107536, 48.582620454104116 ] ] ], [ [ [ 7.72816003447111, 48.582756706530652 ], [ 7.728155957629838, 48.582846620400687 ], [ 7.728223671709033, 48.582848006195391 ], [ 7.728227761959992, 48.582758091771844 ], [ 7.72816003447111, 48.582756706530652 ] ] ], [ [ [ 7.728287321872021, 48.582939296295081 ], [ 7.728219594141612, 48.582937911088692 ], [ 7.728215517390589, 48.58302782495506 ], [ 7.72828323171127, 48.583029210714983 ], [ 7.728287321872021, 48.582939296295081 ] ] ], [ [ [ 7.728346869508096, 48.58312051030348 ], [ 7.728279155064831, 48.583119124580712 ], [ 7.728277109556508, 48.583164077300005 ], [ 7.728344837587931, 48.583165462472763 ], [ 7.728346869508096, 48.58312051030348 ] ] ], [ [ [ 7.727770254185906, 48.591343280243414 ], [ 7.727702528871398, 48.591341894188631 ], [ 7.727700482527391, 48.591386846767179 ], [ 7.727768221432254, 48.591388232271996 ], [ 7.727770254185906, 48.591343280243414 ] ] ], [ [ [ 7.730468327686807, 48.623031482309258 ], [ 7.730536108605256, 48.623032866185071 ], [ 7.730532018360242, 48.623122770416828 ], [ 7.730599799401477, 48.623124154255464 ], [ 7.730597755164931, 48.623169115347295 ], [ 7.73066552273014, 48.623170499699057 ], [ 7.730681853126042, 48.622810856916104 ], [ 7.730690017821909, 48.622631031018138 ], [ 7.730757784676191, 48.622632415316417 ], [ 7.730767993968163, 48.62240763727084 ], [ 7.730772070201837, 48.622317733558837 ], [ 7.730839850182003, 48.622319117257973 ], [ 7.730850045511519, 48.622094339731035 ], [ 7.730854120744059, 48.622004427029978 ], [ 7.730921900310971, 48.622005810681451 ], [ 7.730934139935933, 48.621736080977179 ], [ 7.730936184651105, 48.621691128831934 ], [ 7.731003950265914, 48.621692512987217 ], [ 7.731016188551021, 48.621422774267657 ], [ 7.731020277808385, 48.621332869963211 ], [ 7.731088042950496, 48.621334254069687 ], [ 7.731100280706052, 48.621064515306095 ], [ 7.731104369786841, 48.620974610986998 ], [ 7.731172134456263, 48.620975995044645 ], [ 7.731182328056637, 48.620751217378718 ], [ 7.731184371682281, 48.620706256237064 ], [ 7.731252149536703, 48.620707639696697 ], [ 7.731262343563567, 48.620482870977767 ], [ 7.731264387108095, 48.620437909830308 ], [ 7.731332151070321, 48.620439293794973 ], [ 7.731352550098428, 48.619989737776557 ], [ 7.731284787563506, 48.619988362799482 ], [ 7.731278668901592, 48.620123227759251 ], [ 7.731210891821376, 48.620121844314781 ], [ 7.73120681653464, 48.620211748113988 ], [ 7.73113903933899, 48.620210364627681 ], [ 7.731132920265952, 48.620345229568919 ], [ 7.731128845656112, 48.62043514233401 ], [ 7.731061068166358, 48.620433758802371 ], [ 7.731050874096048, 48.620658536483617 ], [ 7.731046799316911, 48.620748449235592 ], [ 7.73097902141393, 48.620747065656289 ], [ 7.730970857203923, 48.620926882721925 ], [ 7.730966782262637, 48.621016795462324 ], [ 7.730899017544686, 48.621015411285036 ], [ 7.730888809106985, 48.62124018945601 ], [ 7.730882689250419, 48.621375054333562 ], [ 7.730814924059772, 48.621373670107431 ], [ 7.730804715180707, 48.621598448241734 ], [ 7.730800639893626, 48.621688360954352 ], [ 7.730732860750956, 48.621686977232045 ], [ 7.730722664155553, 48.621911745806109 ], [ 7.730716544611998, 48.622046619617876 ], [ 7.73064876499653, 48.622045235846734 ], [ 7.730642644410196, 48.622180100672139 ], [ 7.730638567959844, 48.62227000438412 ], [ 7.730570788050262, 48.622268620567645 ], [ 7.730562636531881, 48.622448445929514 ], [ 7.73055651567001, 48.622583310730597 ], [ 7.73048873534717, 48.622581926866445 ], [ 7.730480569119206, 48.622761743777573 ], [ 7.730476493169158, 48.622851656440744 ], [ 7.730408726031817, 48.62285027197867 ], [ 7.73040259117649, 48.622985137303317 ], [ 7.730470372031698, 48.62298652121747 ], [ 7.730468327686807, 48.623031482309258 ] ] ], [ [ [ 7.730454040091598, 48.623346163947701 ], [ 7.730452009257283, 48.623391124481877 ], [ 7.730384227866011, 48.623389740557236 ], [ 7.730359741890759, 48.623929199497219 ], [ 7.730427510457308, 48.623930583987303 ], [ 7.730445887990612, 48.623525989230806 ], [ 7.730513656024877, 48.623527373670882 ], [ 7.730521821426971, 48.623347547831678 ], [ 7.730454040091598, 48.623346163947701 ] ] ], [ [ [ 7.730359741890759, 48.623929199497219 ], [ 7.730291959788412, 48.623927815519068 ], [ 7.730285838035146, 48.624062680233187 ], [ 7.730353620316183, 48.624064064214849 ], [ 7.730359741890759, 48.623929199497219 ] ] ], [ [ [ 7.730275639831691, 48.624287457549428 ], [ 7.730273594431695, 48.624332409640552 ], [ 7.730341377070116, 48.624333793629205 ], [ 7.73034340887098, 48.624288842088326 ], [ 7.730275639831691, 48.624287457549428 ] ] ], [ [ [ 7.730197658665519, 48.624510850813522 ], [ 7.730189491105291, 48.624690667577767 ], [ 7.730257274216553, 48.624692051615249 ], [ 7.730265427998905, 48.624512235397752 ], [ 7.730197658665519, 48.624510850813522 ] ] ], [ [ [ 7.730113554513209, 48.624869108672492 ], [ 7.730107432176435, 48.625003973330912 ], [ 7.730175202161232, 48.625005357967467 ], [ 7.730181324319345, 48.624870493305558 ], [ 7.730113554513209, 48.624869108672492 ] ] ], [ [ [ 7.730099264219962, 48.625183790056461 ], [ 7.730031494000627, 48.625182405375739 ], [ 7.730025357869947, 48.625317270565787 ], [ 7.73009314180779, 48.625318654698631 ], [ 7.730099264219962, 48.625183790056461 ] ] ], [ [ [ 7.729949419773832, 48.625495711512542 ], [ 7.729941251182838, 48.625675528194719 ], [ 7.730009035593543, 48.625676912376399 ], [ 7.730017203946273, 48.625497095689553 ], [ 7.729949419773832, 48.625495711512542 ] ] ], [ [ [ 7.729863266437192, 48.625898921121404 ], [ 7.729859189150972, 48.62598883366006 ], [ 7.729926973974981, 48.625990217889409 ], [ 7.729931051142063, 48.625900305348431 ], [ 7.729863266437192, 48.625898921121404 ] ] ], [ [ [ 7.729846942834421, 48.626258562832867 ], [ 7.729779157656673, 48.626257178557012 ], [ 7.72977712611299, 48.626302139031651 ], [ 7.729844896978489, 48.626303514884107 ], [ 7.729846942834421, 48.626258562832867 ] ] ], [ [ [ 7.729701171315, 48.626480571327555 ], [ 7.729695047696992, 48.626615435884879 ], [ 7.729762833347618, 48.626616820209598 ], [ 7.729768956786922, 48.626481955648757 ], [ 7.729701171315, 48.626480571327555 ] ] ], [ [ [ 7.729617060441002, 48.626838828569781 ], [ 7.729610936558116, 48.626973693105029 ], [ 7.729678722681627, 48.626975077478583 ], [ 7.729684846385809, 48.626840212939825 ], [ 7.729617060441002, 48.626838828569781 ] ] ], [ [ [ 7.729198534070125, 48.628585152186972 ], [ 7.729196488382368, 48.628630113164476 ], [ 7.729264263150967, 48.628631498330044 ], [ 7.729266308779151, 48.628586537351367 ], [ 7.729198534070125, 48.628585152186972 ] ] ], [ [ [ 7.72911441620884, 48.628943408789894 ], [ 7.729112369601105, 48.628988360784092 ], [ 7.729180144842519, 48.628989745998496 ], [ 7.729182191390693, 48.628944794003118 ], [ 7.72911441620884, 48.628943408789894 ] ] ], [ [ [ 7.72901599979696, 48.629616355001708 ], [ 7.728948210187999, 48.629614970243232 ], [ 7.728946163407176, 48.629659922223453 ], [ 7.729013953075709, 48.629661306983103 ], [ 7.72901599979696, 48.629616355001708 ] ] ], [ [ [ 7.728615796919719, 48.630958073438521 ], [ 7.728613750624284, 48.631003034366678 ], [ 7.728681542065462, 48.631004419319396 ], [ 7.728683574759954, 48.630959458941291 ], [ 7.728615796919719, 48.630958073438521 ] ] ], [ [ [ 7.728529624683517, 48.631361290229208 ], [ 7.728527577464549, 48.631406242173277 ], [ 7.728595369438268, 48.631407627176003 ], [ 7.728597416597657, 48.631362675230754 ], [ 7.728529624683517, 48.631361290229208 ] ] ], [ [ [ 7.728517370061908, 48.631631018731419 ], [ 7.728449577793961, 48.631629633683353 ], [ 7.728445497563224, 48.631719545983778 ], [ 7.72851327640878, 48.631720931585377 ], [ 7.728517370061908, 48.631631018731419 ] ] ], [ [ [ 7.728437322685505, 48.631899362150577 ], [ 7.72836954360535, 48.631897976504796 ], [ 7.728363415823899, 48.632032840724406 ], [ 7.728431195082764, 48.632034226373698 ], [ 7.728437322685505, 48.631899362150577 ] ] ], [ [ [ 7.728355241438797, 48.632212665840669 ], [ 7.728287448403632, 48.632211280698392 ], [ 7.728281320367957, 48.632346144898179 ], [ 7.728349113581867, 48.632347530043944 ], [ 7.728355241438797, 48.632212665840669 ] ] ], [ [ [ 7.728207398910953, 48.632479623902135 ], [ 7.728197189885582, 48.632704400343627 ], [ 7.72826497003066, 48.632705786089417 ], [ 7.728275192299938, 48.632481009090931 ], [ 7.728207398910953, 48.632479623902135 ] ] ], [ [ [ 7.732390041766045, 48.615061253562409 ], [ 7.732383926609772, 48.615196118821309 ], [ 7.732316169569383, 48.615194735466929 ], [ 7.732308010949648, 48.615374552988641 ], [ 7.732301895539477, 48.615509418227944 ], [ 7.732295780097042, 48.615644283460348 ], [ 7.732363551269994, 48.615645666274737 ], [ 7.732355393576955, 48.615825492746367 ], [ 7.732287622165815, 48.615824109927303 ], [ 7.732285592411038, 48.615869061640424 ], [ 7.732217820944028, 48.61586767878071 ], [ 7.732213748599309, 48.615957591729888 ], [ 7.732281506648075, 48.615958975143592 ], [ 7.732279476882566, 48.616003926854411 ], [ 7.732347234994524, 48.616005310229781 ], [ 7.732351307940247, 48.6159154062534 ], [ 7.732353350344399, 48.615870445012312 ], [ 7.732421121818747, 48.615871827793022 ], [ 7.732431308909362, 48.6156470496013 ], [ 7.732435381678677, 48.61555714561031 ], [ 7.732503152739884, 48.615558528343385 ], [ 7.732511296333363, 48.615378702395695 ], [ 7.732517411175445, 48.615243837138983 ], [ 7.732585181823512, 48.615245219824402 ], [ 7.732589253458178, 48.615155306839021 ], [ 7.732595368067877, 48.61502044156731 ], [ 7.732663138421889, 48.615021824207396 ], [ 7.732667209901646, 48.614931911212018 ], [ 7.732673324278961, 48.614797045925314 ], [ 7.732741094338925, 48.614798428520089 ], [ 7.732745165663781, 48.6147085155147 ], [ 7.732753322639515, 48.614528697918963 ], [ 7.732821078808945, 48.614530081018941 ], [ 7.732827192732261, 48.614395215704548 ], [ 7.732831263873568, 48.614305302683029 ], [ 7.73289903328591, 48.614306685185987 ], [ 7.732905146976852, 48.614171819856594 ], [ 7.732909217963264, 48.614081906825085 ], [ 7.732976987081563, 48.614083289282718 ], [ 7.732983100540136, 48.613948423938318 ], [ 7.732995327360512, 48.613678693228849 ], [ 7.733063082409892, 48.613680076188238 ], [ 7.733069195593114, 48.613545210819638 ], [ 7.733136964004272, 48.613546593184303 ], [ 7.733141034533169, 48.613456680124358 ], [ 7.733208789292242, 48.613458062998944 ], [ 7.73322102834115, 48.61318833166618 ], [ 7.733288782746728, 48.613189714494283 ], [ 7.733301006940694, 48.61291997470277 ], [ 7.733368760992772, 48.612921357484396 ], [ 7.733383027732994, 48.612606674297936 ], [ 7.733450781372068, 48.612608057031935 ], [ 7.73346708879993, 48.612248412480263 ], [ 7.733534841966464, 48.612249795165447 ], [ 7.733549106664849, 48.611935102906372 ], [ 7.733616859418374, 48.611936485543914 ], [ 7.733629082413815, 48.611666754571779 ], [ 7.733696848350055, 48.611668136611051 ], [ 7.73370907085931, 48.61139840560439 ], [ 7.733776822905896, 48.611399788148987 ], [ 7.733787016680795, 48.611175008923375 ], [ 7.73385476843343, 48.611176391422667 ], [ 7.733864948285083, 48.610951612723952 ], [ 7.733932713279766, 48.610952994626082 ], [ 7.7339408646472, 48.610773167727231 ], [ 7.734008615871459, 48.610774550137059 ], [ 7.734014726212956, 48.610639684577315 ], [ 7.73408247726232, 48.610641066944169 ], [ 7.734100807557699, 48.610236470213188 ], [ 7.734033057044013, 48.6102350878568 ], [ 7.733965306533993, 48.610233705460942 ], [ 7.733961224175522, 48.61032361920617 ], [ 7.733893473550123, 48.610322236768504 ], [ 7.733889390226077, 48.6104121415324 ], [ 7.733821639485308, 48.610410759052911 ], [ 7.733811459550934, 48.610635537791659 ], [ 7.733743694980311, 48.610634155818687 ], [ 7.733737583924502, 48.610769021364447 ], [ 7.733733514658755, 48.610858934532523 ], [ 7.733665749794131, 48.610857552514226 ], [ 7.733659638505994, 48.610992418045043 ], [ 7.73365761098156, 48.611037378836528 ], [ 7.733589845882461, 48.611035996774085 ], [ 7.733583734372758, 48.611170862292205 ], [ 7.733579664804449, 48.611260775441863 ], [ 7.733511912947426, 48.611259392782301 ], [ 7.733503759161515, 48.611439210643624 ], [ 7.733499689431189, 48.611529123781779 ], [ 7.733431923684542, 48.611527741627519 ], [ 7.733421741814253, 48.611752520241602 ], [ 7.733417657546384, 48.611842424942559 ], [ 7.733349904922902, 48.611841042188878 ], [ 7.733341751306487, 48.612020868977034 ], [ 7.733337681244923, 48.612110782090639 ], [ 7.733269928267955, 48.612109399290489 ], [ 7.733259732033181, 48.612334178394946 ], [ 7.73325361949742, 48.612469043832547 ], [ 7.73318586604792, 48.612467660983597 ], [ 7.733177710922463, 48.612647478743632 ], [ 7.733173640522501, 48.612737391831153 ], [ 7.733105873183038, 48.612736009487456 ], [ 7.733095689638493, 48.612960787974934 ], [ 7.733091619069324, 48.613050701049403 ], [ 7.73302385131676, 48.613049318658057 ], [ 7.733013666517092, 48.613274088136976 ], [ 7.733009582242074, 48.613364001750121 ], [ 7.732941827613053, 48.613362618759396 ], [ 7.732935714115652, 48.613497484130185 ], [ 7.732933672318492, 48.613542445420116 ], [ 7.732865917455021, 48.613541062385245 ], [ 7.73285980373602, 48.613675927743344 ], [ 7.732857761032923, 48.613720880053108 ], [ 7.732790005935015, 48.613719496974085 ], [ 7.732785921231029, 48.613809410564905 ], [ 7.732783891994407, 48.613854362319501 ], [ 7.732716123184806, 48.613852979749197 ], [ 7.732710009865346, 48.613987854060149 ], [ 7.73270593770403, 48.614077758111797 ], [ 7.732638182137229, 48.614076374944496 ], [ 7.732630025660673, 48.614256201537501 ], [ 7.732627982732335, 48.614301153833793 ], [ 7.732560226871556, 48.614299770621173 ], [ 7.732552070085133, 48.614479597194183 ], [ 7.732550027079319, 48.614524549485459 ], [ 7.732482270924558, 48.614523166227528 ], [ 7.732474113828264, 48.614702992780543 ], [ 7.732467998936645, 48.614837858061364 ], [ 7.732400242368834, 48.614836474755791 ], [ 7.732390041766045, 48.615061253562409 ] ] ], [ [ [ 7.73189580143303, 48.616986036862038 ], [ 7.731828028495699, 48.616984653775688 ], [ 7.731817837653818, 48.617209422829674 ], [ 7.731807634016504, 48.617434201391987 ], [ 7.731739874025105, 48.617432817702891 ], [ 7.73172559665442, 48.617747509113912 ], [ 7.731713362160794, 48.618017239292392 ], [ 7.731645601399081, 48.618015855548634 ], [ 7.731629279315738, 48.618375499093922 ], [ 7.731619088154542, 48.618600276993028 ], [ 7.731551313084447, 48.618598893746203 ], [ 7.73154112153586, 48.618823671620241 ], [ 7.731532959610427, 48.619003488851014 ], [ 7.731516649957432, 48.619363131699977 ], [ 7.731584412501658, 48.619364515518185 ], [ 7.731594603967705, 48.619139737684478 ], [ 7.731662379756084, 48.619141120905802 ], [ 7.731666454156206, 48.61905121705567 ], [ 7.731670541248218, 48.618961303674944 ], [ 7.731738303263919, 48.618962687403673 ], [ 7.731744420574209, 48.61882782236286 ], [ 7.731752580895788, 48.618647996129852 ], [ 7.731820342498373, 48.618649379810932 ], [ 7.731834620369614, 48.618334697467184 ], [ 7.7318529703839, 48.617930093240616 ], [ 7.731920744575409, 48.617931476311959 ], [ 7.731928891427726, 48.617751659535628 ], [ 7.731930935108741, 48.617706707307804 ], [ 7.731932977954217, 48.617661746103281 ], [ 7.731943167548041, 48.617436968100122 ], [ 7.732010941088179, 48.617438351119134 ], [ 7.732017057496745, 48.617303485989389 ], [ 7.732019087544624, 48.617258534304312 ], [ 7.732021130294652, 48.617213573090936 ], [ 7.73202929021706, 48.617033755709137 ], [ 7.732097049687312, 48.617035139229785 ], [ 7.732103165820452, 48.616900274075796 ], [ 7.732115397989916, 48.616630543747064 ], [ 7.732183170465545, 48.616631926666095 ], [ 7.732189285491259, 48.616497052511939 ], [ 7.732197431170347, 48.616317235623271 ], [ 7.732199474557869, 48.616272283367366 ], [ 7.732063944100441, 48.616269516956805 ], [ 7.732061914131283, 48.616314468658771 ], [ 7.73199414207982, 48.616313085668892 ], [ 7.731985982980749, 48.616492912071138 ], [ 7.731975792931433, 48.616717681179033 ], [ 7.731908033885267, 48.61671629758758 ], [ 7.731901918091252, 48.616851171716227 ], [ 7.73189580143303, 48.616986036862038 ] ] ], [ [ [ 7.731360712816005, 48.619809920622878 ], [ 7.731428475948306, 48.619811304531723 ], [ 7.731432563519705, 48.619721391184186 ], [ 7.731500326536588, 48.619722775051223 ], [ 7.731516649957432, 48.619363131699977 ], [ 7.73144887387863, 48.619361748393828 ], [ 7.731436638370291, 48.619631487361055 ], [ 7.731368875476152, 48.619630103456871 ], [ 7.731360712816005, 48.619809920622878 ] ] ], [ [ [ 7.73135662511114, 48.619899833965 ], [ 7.731288861863419, 48.619898450014318 ], [ 7.731286817530115, 48.619943402195069 ], [ 7.731354594375778, 48.619944785595379 ], [ 7.73135662511114, 48.619899833965 ] ] ], [ [ [ 7.73321950120456, 48.614718194762766 ], [ 7.733151744775024, 48.614716811895057 ], [ 7.733149703119163, 48.614761773168965 ], [ 7.73321745960824, 48.614763156037846 ], [ 7.73321950120456, 48.614718194762766 ] ] ], [ [ [ 7.733964889856364, 48.614733400942427 ], [ 7.733422784052165, 48.614722342577217 ], [ 7.73342075617148, 48.614767303304021 ], [ 7.73396284808276, 48.614778353254394 ], [ 7.733964889856364, 48.614733400942427 ] ] ], [ [ [ 7.735048122567338, 48.575832770474243 ], [ 7.735115827549578, 48.575834152256014 ], [ 7.735113802698271, 48.575879113634493 ], [ 7.735181507743611, 48.575880495377952 ], [ 7.735179482116358, 48.57592544778079 ], [ 7.735247187224791, 48.575926829485958 ], [ 7.735245148126683, 48.575971782441229 ], [ 7.73531286682494, 48.575973163556107 ], [ 7.735310828614559, 48.576018125487835 ], [ 7.73537853384919, 48.576019507116406 ], [ 7.735446251782331, 48.576020879177484 ], [ 7.735444213687276, 48.57606584111079 ], [ 7.735511918988658, 48.576067222661628 ], [ 7.735509893644331, 48.576112175067301 ], [ 7.735577599008804, 48.576113556579834 ], [ 7.735575573720354, 48.576158508985905 ], [ 7.735643279147923, 48.576159890460154 ], [ 7.735641241220486, 48.576204852394731 ], [ 7.735708960237943, 48.576206233278626 ], [ 7.735706921534452, 48.576251186237599 ], [ 7.735774627088216, 48.576252567635251 ], [ 7.735772601967386, 48.576297520042594 ], [ 7.735840307584242, 48.576298901401927 ], [ 7.735838283351248, 48.576343862785713 ], [ 7.735905989031211, 48.576345244106768 ], [ 7.735903950495306, 48.576390197067013 ], [ 7.735971669765189, 48.5763915777977 ], [ 7.735969631285152, 48.576436530758365 ], [ 7.736037337091298, 48.576437912002831 ], [ 7.736035313025963, 48.576482873387846 ], [ 7.736103018895219, 48.576484254594028 ], [ 7.736096918138419, 48.576619121900272 ], [ 7.73616463771654, 48.57662050251836 ], [ 7.736154474800656, 48.576845284161031 ], [ 7.736222181152754, 48.57684666529758 ], [ 7.73621811895208, 48.576936579636545 ], [ 7.736150398954122, 48.576935199049778 ], [ 7.736140235913157, 48.577159980666416 ], [ 7.73607252914861, 48.577158599482267 ], [ 7.736058302364927, 48.577473286414964 ], [ 7.735990581660825, 48.577471905735308 ], [ 7.735984481321835, 48.577606781965024 ], [ 7.735978393645862, 48.577741648659924 ], [ 7.735974316586428, 48.577831554538221 ], [ 7.735771180955503, 48.577827420106402 ], [ 7.735769155769301, 48.577872372488883 ], [ 7.736040000122562, 48.577877897142443 ], [ 7.736042037766177, 48.577832935227192 ], [ 7.736109745422375, 48.577834316428785 ], [ 7.73611178383499, 48.577789363487682 ], [ 7.736179491435406, 48.577790744648652 ], [ 7.736185592114234, 48.577655877393418 ], [ 7.736117884692153, 48.577654496235944 ], [ 7.736128047929566, 48.577429714660191 ], [ 7.736195755054424, 48.577431095811853 ], [ 7.736197779016266, 48.577386134438967 ], [ 7.73626549961242, 48.577387514997909 ], [ 7.736275662148199, 48.577162733388214 ], [ 7.736343368923699, 48.577164114454 ], [ 7.736363693132916, 48.576714551167221 ], [ 7.736295987783893, 48.576713179089118 ], [ 7.736304111861765, 48.576533350388686 ], [ 7.736236405922109, 48.576531969299715 ], [ 7.736242506300795, 48.576397101982046 ], [ 7.736174800543115, 48.576395720857128 ], [ 7.736107081262267, 48.576394340244846 ], [ 7.736109119619849, 48.576349387281105 ], [ 7.73604141392892, 48.576348006078426 ], [ 7.736043437983556, 48.576303044691166 ], [ 7.735975732355732, 48.576301663450195 ], [ 7.735977757298241, 48.576256711039377 ], [ 7.73591005173351, 48.576255329760102 ], [ 7.73591209025868, 48.576210376797633 ], [ 7.735844371230256, 48.576208996032143 ], [ 7.735846408979334, 48.576164034094049 ], [ 7.735778703540794, 48.576162652738198 ], [ 7.735780728650925, 48.576117700328638 ], [ 7.735713023275484, 48.576116318934467 ], [ 7.735715048441491, 48.576071366525319 ], [ 7.73564734312914, 48.576069985092872 ], [ 7.73564938104584, 48.576025023156049 ], [ 7.735581662269857, 48.576023642237352 ], [ 7.735583701074343, 48.575978689276987 ], [ 7.735515995888189, 48.57597730776795 ], [ 7.735518021221814, 48.575932355360059 ], [ 7.735450316098754, 48.575930973812717 ], [ 7.735452354183073, 48.575886011877166 ], [ 7.73538463559641, 48.575884630843561 ], [ 7.735386674568481, 48.575839677884481 ], [ 7.735318956044924, 48.575838296812556 ], [ 7.735251251051716, 48.575836915149175 ], [ 7.735253290139084, 48.57579196219168 ], [ 7.735185571682289, 48.575790581041993 ], [ 7.735187609993685, 48.575745619108886 ], [ 7.735119905126674, 48.575744237368909 ], [ 7.735121930799103, 48.575699284964244 ], [ 7.735054225995184, 48.575697903185976 ], [ 7.735056251723489, 48.575652950781738 ], [ 7.734988546982659, 48.575651568965178 ], [ 7.734990585461673, 48.575606607033315 ], [ 7.734922867257314, 48.575605225730428 ], [ 7.734924906623989, 48.575560272775064 ], [ 7.734857202009358, 48.575558890881908 ], [ 7.734859227905274, 48.575513938478913 ], [ 7.734791523353737, 48.575512556547459 ], [ 7.734793562000362, 48.575467594616903 ], [ 7.73472584398533, 48.575466213199107 ], [ 7.734658139500554, 48.575464831189905 ], [ 7.734660165567653, 48.5754198787889 ], [ 7.734592461145966, 48.575418496741406 ], [ 7.734524756727938, 48.575417114654456 ], [ 7.734526782910345, 48.575372162255029 ], [ 7.734391374204135, 48.575369397965083 ], [ 7.734389334376272, 48.575414350914087 ], [ 7.734457038786984, 48.575415733079964 ], [ 7.734455013373271, 48.575460694453533 ], [ 7.734522717847087, 48.575462076581097 ], [ 7.734520691657546, 48.575507028979047 ], [ 7.734588396194453, 48.575508411068313 ], [ 7.734586356534164, 48.575553364018589 ], [ 7.734654074660786, 48.57555474551765 ], [ 7.734652035888101, 48.575599707444411 ], [ 7.734719740551206, 48.575601089457102 ], [ 7.734717714529274, 48.575646041856295 ], [ 7.734785419255474, 48.575647423830681 ], [ 7.734783393289418, 48.575692376230293 ], [ 7.734851098078709, 48.575693758166395 ], [ 7.734849059473635, 48.575738720094407 ], [ 7.7349167778527, 48.575740101440267 ], [ 7.734914738471713, 48.575785054392661 ], [ 7.734982443387201, 48.57578643625218 ], [ 7.735050161833026, 48.575787817520258 ], [ 7.735048122567338, 48.575832770474243 ] ] ], [ [ [ 7.735289059163791, 48.577997579690653 ], [ 7.735291097472167, 48.577952617790473 ], [ 7.735426526591715, 48.577955380477285 ], [ 7.735430590264576, 48.577865466198084 ], [ 7.735362882585492, 48.577864084600726 ], [ 7.735360844343732, 48.577909046503564 ], [ 7.735225415350391, 48.577906283740148 ], [ 7.735223389681503, 48.577951236111879 ], [ 7.735155668367248, 48.577949854945807 ], [ 7.735153643467217, 48.577994816291664 ], [ 7.735018214258009, 48.57799205328682 ], [ 7.735016174876383, 48.578037006205562 ], [ 7.734948466981455, 48.578035624366777 ], [ 7.734946428368636, 48.578080586259631 ], [ 7.734540153664599, 48.578072295495275 ], [ 7.734538127386998, 48.578117247852433 ], [ 7.734131853289683, 48.578108964636506 ], [ 7.734129813124535, 48.578153917537833 ], [ 7.733994383549454, 48.578151153339768 ], [ 7.733992357620822, 48.578196114662212 ], [ 7.733856927941457, 48.578193350303962 ], [ 7.733854887531365, 48.578238303199129 ], [ 7.733922609192335, 48.578239685123229 ], [ 7.73392056883811, 48.578284638018829 ], [ 7.734055998762583, 48.578287402302806 ], [ 7.734123706966632, 48.578288784661531 ], [ 7.734121681146211, 48.578333745984054 ], [ 7.734189389413371, 48.578335128304481 ], [ 7.734257097684188, 48.578336510585444 ], [ 7.734255071147397, 48.578381462933507 ], [ 7.734390487818898, 48.578384227379395 ], [ 7.734392526932428, 48.578339265501072 ], [ 7.734460235214211, 48.578340647663666 ], [ 7.734462275096456, 48.57829569475949 ], [ 7.734529983322457, 48.578297076881448 ], [ 7.734532023141676, 48.578252123975339 ], [ 7.734667452181322, 48.578254878570611 ], [ 7.734669478350738, 48.578209926213354 ], [ 7.734804908117883, 48.578212689624486 ], [ 7.734806947692155, 48.578167736712231 ], [ 7.734874654926293, 48.578169109657367 ], [ 7.73487668091024, 48.578124157295157 ], [ 7.73501211046152, 48.57812692046484 ], [ 7.735014149850304, 48.578081967547604 ], [ 7.73508185780834, 48.57808334934807 ], [ 7.735083896302242, 48.578038387452885 ], [ 7.73521931211038, 48.578041150933124 ], [ 7.735221351313674, 48.577996198010887 ], [ 7.735289059163791, 48.577997579690653 ] ] ], [ [ [ 7.734641007593908, 48.578839308442696 ], [ 7.734708716544234, 48.578840690460254 ], [ 7.734704651525122, 48.578930604683443 ], [ 7.734700572964187, 48.579020519455597 ], [ 7.734632863776069, 48.579019137433384 ], [ 7.734630824014874, 48.579064090329169 ], [ 7.734698546789989, 48.579065471800597 ], [ 7.734696507916475, 48.579110433672831 ], [ 7.734764230754711, 48.579111815105975 ], [ 7.734762191105262, 48.579156768002591 ], [ 7.734829900479037, 48.579158149949357 ], [ 7.734827874413031, 48.579203102294457 ], [ 7.734895583849907, 48.579204484202926 ], [ 7.734893545144031, 48.579249446076432 ], [ 7.734961268171618, 48.579250827394638 ], [ 7.734959228689768, 48.579295780292533 ], [ 7.73502695178047, 48.579297161572441 ], [ 7.735024912354491, 48.579342114470755 ], [ 7.735022873756797, 48.579387076344332 ], [ 7.735090596970078, 48.579388457587115 ], [ 7.735088557596387, 48.579433410485102 ], [ 7.735086519050992, 48.579478372358373 ], [ 7.735154241554964, 48.579479744587971 ], [ 7.735152203065452, 48.579524706461662 ], [ 7.735150177268146, 48.579569658806584 ], [ 7.735217887198899, 48.579571040527071 ], [ 7.735215848761689, 48.579616002400442 ], [ 7.735213823016694, 48.57966095474503 ], [ 7.735281533070001, 48.579662336428378 ], [ 7.735279493853178, 48.579707289325391 ], [ 7.735277468992412, 48.579752250645697 ], [ 7.735345179168281, 48.579753632291897 ], [ 7.735343153531481, 48.579798584636578 ], [ 7.735341114363376, 48.579843537532518 ], [ 7.735408824661791, 48.5798449191416 ], [ 7.73540476079343, 48.579934833357598 ], [ 7.735472471214403, 48.579936214929546 ], [ 7.735468407450659, 48.580026129144883 ], [ 7.735536117994191, 48.580027510679699 ], [ 7.735532054335066, 48.580117424894382 ], [ 7.735599778528975, 48.580118805840016 ], [ 7.735597739573613, 48.580163758735402 ], [ 7.735589611604069, 48.580343578181477 ], [ 7.735657322571058, 48.580344959645501 ], [ 7.735655284489242, 48.58038992151436 ], [ 7.735645118586334, 48.580614702815296 ], [ 7.735712829913694, 48.580616084246842 ], [ 7.735708765686409, 48.580705989473103 ], [ 7.735700638852994, 48.580885817868705 ], [ 7.73576835054072, 48.580887199267764 ], [ 7.735766325230898, 48.580932151601921 ], [ 7.735762248376482, 48.581022066348133 ], [ 7.735829973774271, 48.581023447159161 ], [ 7.735827934985139, 48.581068400044309 ], [ 7.735895646917975, 48.581069781369102 ], [ 7.735889559427726, 48.581204656871456 ], [ 7.735957270710528, 48.581206029184244 ], [ 7.735955232858042, 48.581250991044755 ], [ 7.736022958564126, 48.581252371743204 ], [ 7.736016857027595, 48.581387238819623 ], [ 7.737235760403175, 48.581412082354731 ], [ 7.73737119878651, 48.58141484277148 ], [ 7.737438911219586, 48.58141622319679 ], [ 7.737436887356842, 48.581461175551681 ], [ 7.737572312352858, 48.581463936286212 ], [ 7.737640038384498, 48.581465316042021 ], [ 7.73763800116839, 48.581510268951916 ], [ 7.737773439833389, 48.581513028899728 ], [ 7.737775463402436, 48.581468076539785 ], [ 7.73770775089164, 48.581466696310628 ], [ 7.73770978804472, 48.581421743398806 ], [ 7.737642062068884, 48.581420363683634 ], [ 7.737644098445483, 48.58137540179623 ], [ 7.737576386060906, 48.58137402149049 ], [ 7.737578409797615, 48.581329069131762 ], [ 7.737510697476139, 48.581327688787717 ], [ 7.737442985158318, 48.581326308404215 ], [ 7.737445009010368, 48.581281356047072 ], [ 7.737377296755649, 48.58127997562525 ], [ 7.73676784604331, 48.581267551709814 ], [ 7.736700120297026, 48.581266171445556 ], [ 7.736632408082511, 48.581264790589657 ], [ 7.736634432644429, 48.581219838245666 ], [ 7.736566720493016, 48.581218457351447 ], [ 7.736160420605119, 48.581210172261827 ], [ 7.736162459107729, 48.581165219373098 ], [ 7.736094733513265, 48.581163838755934 ], [ 7.736098796266497, 48.581073924554616 ], [ 7.736031084322691, 48.581072543348213 ], [ 7.736033122933467, 48.58102759045957 ], [ 7.736037185784175, 48.580937676256113 ], [ 7.735969474022378, 48.580936295013736 ], [ 7.735971499153846, 48.580891342676111 ], [ 7.735979638563935, 48.580711513709829 ], [ 7.735911913575085, 48.580710132985885 ], [ 7.735915990973615, 48.580620227200583 ], [ 7.735922078324629, 48.580485351669154 ], [ 7.735854367164662, 48.580483970359474 ], [ 7.735858431118419, 48.580394065121112 ], [ 7.735864532122134, 48.580259189029903 ], [ 7.735796822095094, 48.580257816662609 ], [ 7.735800885299999, 48.580167902443094 ], [ 7.735806987260485, 48.580033035320227 ], [ 7.735739276702322, 48.580031653943266 ], [ 7.735743339990413, 48.57994173971862 ], [ 7.735675616027037, 48.579940358856575 ], [ 7.735679692947516, 48.579850444079241 ], [ 7.735611969106724, 48.579849063180042 ], [ 7.735616046131797, 48.57975914840204 ], [ 7.735548322413588, 48.579757767465722 ], [ 7.735552386847517, 48.579667862215139 ], [ 7.735484676779576, 48.579666480689639 ], [ 7.735488740486157, 48.579576566462379 ], [ 7.735421030540774, 48.579575184899731 ], [ 7.735425094351969, 48.579485270671817 ], [ 7.735357384529142, 48.579483889072037 ], [ 7.735359410140975, 48.579438936722156 ], [ 7.735291700381253, 48.579437555084077 ], [ 7.7352937395766, 48.579392602182601 ], [ 7.735295764408827, 48.579347640856348 ], [ 7.735228054771663, 48.579346259181136 ], [ 7.7352300940193, 48.579301306279326 ], [ 7.735232118903854, 48.579256344952746 ], [ 7.73516441022113, 48.57925497221644 ], [ 7.735168474457933, 48.579165057987389 ], [ 7.735100765065864, 48.579163676237918 ], [ 7.735102790058638, 48.579118714911424 ], [ 7.735035080729686, 48.579117333123655 ], [ 7.735037120137765, 48.579072380221625 ], [ 7.735039146014728, 48.57902742787082 ], [ 7.734971436808317, 48.579026046045918 ], [ 7.734973461909307, 48.578981084719494 ], [ 7.734905752766013, 48.578979702856287 ], [ 7.734907792282249, 48.578934749954364 ], [ 7.734909818267402, 48.578889797603644 ], [ 7.73484210924665, 48.578888415703304 ], [ 7.734844147983346, 48.578843453825023 ], [ 7.734846174020808, 48.578798501473969 ], [ 7.734778465122611, 48.578797119536503 ], [ 7.734780504743418, 48.578752166633933 ], [ 7.734712782380857, 48.578750785210111 ], [ 7.734714821225733, 48.578705823331916 ], [ 7.734647098926293, 48.578704441869782 ], [ 7.734641007593908, 48.578839308442696 ] ] ], [ [ [ 7.735210791784988, 48.608189232772688 ], [ 7.735278553154711, 48.608190613891793 ], [ 7.735284659837487, 48.608055748139819 ], [ 7.735352407497075, 48.608057129767914 ], [ 7.735364620408895, 48.607787398236383 ], [ 7.735296873106391, 48.60778601661525 ], [ 7.735290766488048, 48.607920882380959 ], [ 7.735223005475484, 48.607919501268846 ], [ 7.735218938216461, 48.60800940560523 ], [ 7.735151177088512, 48.608008024451294 ], [ 7.735138963830281, 48.608277764914952 ], [ 7.7352067253154, 48.608279146075859 ], [ 7.735210791784988, 48.608189232772688 ] ] ], [ [ [ 7.737161438577706, 48.544062295019899 ], [ 7.737229114284879, 48.544063666056921 ], [ 7.737233172932964, 48.543973759638511 ], [ 7.737165510031116, 48.543972379075463 ], [ 7.737161438577706, 48.544062295019899 ] ] ], [ [ [ 7.736825146452417, 48.544010438675727 ], [ 7.736823110011268, 48.544055392153687 ], [ 7.736890773013601, 48.544056772916242 ], [ 7.736886714589219, 48.544146688296259 ], [ 7.736954377713936, 48.544148069021702 ], [ 7.736952354899107, 48.544193021947621 ], [ 7.737020018086838, 48.544194402634787 ], [ 7.737017995327817, 48.544239355561153 ], [ 7.737085658578558, 48.544240736210043 ], [ 7.737089716660965, 48.544150820825948 ], [ 7.737022054360605, 48.544149449155491 ], [ 7.737024076280865, 48.544104487251573 ], [ 7.73695641321187, 48.544103106566723 ], [ 7.736960471510375, 48.544013191182934 ], [ 7.736892808563769, 48.544011810460987 ], [ 7.736894831423728, 48.543966857533334 ], [ 7.736827168540131, 48.543965476773096 ], [ 7.736829204974137, 48.5439205232937 ], [ 7.736761528635312, 48.54391914304739 ], [ 7.73675746999483, 48.544009058427093 ], [ 7.736825146452417, 48.544010438675727 ] ] ], [ [ [ 7.737081600481894, 48.544330651591245 ], [ 7.737149263855023, 48.544332032203023 ], [ 7.737153321832951, 48.544242116819497 ], [ 7.737085658578558, 48.544240736210043 ], [ 7.737081600481894, 48.544330651591245 ] ] ], [ [ [ 7.737489629330947, 48.544293971656792 ], [ 7.737421965998944, 48.544292591243341 ], [ 7.737426023494763, 48.544202675849071 ], [ 7.737358361116854, 48.544201304374639 ], [ 7.737362418717153, 48.544111388979815 ], [ 7.737294742111623, 48.544110009044388 ], [ 7.737296777309101, 48.544065046582872 ], [ 7.737229114284879, 48.544063666056921 ], [ 7.737223021190236, 48.544198543907463 ], [ 7.737290684392566, 48.544199924436896 ], [ 7.73728256807999, 48.544379746237119 ], [ 7.73735023152343, 48.544381126731764 ], [ 7.737342116223003, 48.54456095750119 ], [ 7.737409779907565, 48.544562337961047 ], [ 7.737411815021987, 48.544517375504427 ], [ 7.737479478650824, 48.54451875592369 ], [ 7.737481514534024, 48.544473802441296 ], [ 7.737549178107147, 48.544475182819959 ], [ 7.73755527037538, 48.544340304964997 ], [ 7.737487594293753, 48.544338934118201 ], [ 7.737489629330947, 48.544293971656792 ] ] ], [ [ [ 7.737539027652576, 48.544699967078195 ], [ 7.737541062658946, 48.544655004621411 ], [ 7.737473398848357, 48.544653624238101 ], [ 7.73747136378261, 48.544698586693698 ], [ 7.737539027652576, 48.544699967078195 ] ] ], [ [ [ 7.737539027652576, 48.544699967078195 ], [ 7.737537005329337, 48.544744920005854 ], [ 7.737604669262312, 48.54474630035206 ], [ 7.737606705044626, 48.544701346870959 ], [ 7.737539027652576, 48.544699967078195 ] ] ], [ [ [ 7.737992417547558, 48.545159186575859 ], [ 7.737988360970778, 48.545249101960657 ], [ 7.738056025582346, 48.545250482043585 ], [ 7.738053990172767, 48.54529543552416 ], [ 7.738121668365936, 48.545296815016499 ], [ 7.738117612005276, 48.545386730401589 ], [ 7.738185276802247, 48.545388110409135 ], [ 7.738183241500696, 48.54543306388986 ], [ 7.738250919879309, 48.545434443306796 ], [ 7.73824685021612, 48.545524359244524 ], [ 7.738314528717145, 48.545525738624335 ], [ 7.738312493523623, 48.545570692105237 ], [ 7.738380158569012, 48.545572071999146 ], [ 7.738376102640573, 48.545661987384818 ], [ 7.738443781327039, 48.545663366689226 ], [ 7.738441746241548, 48.54570832017027 ], [ 7.738509411472345, 48.545709699988784 ], [ 7.73851348152101, 48.545619793023633 ], [ 7.738445802890278, 48.545618413759826 ], [ 7.738451892932133, 48.545483535910314 ], [ 7.738384228833746, 48.545482165034301 ], [ 7.738386249610222, 48.545437203127044 ], [ 7.738521592874352, 48.545439962237175 ], [ 7.738523614360441, 48.545395009303014 ], [ 7.738455949545227, 48.545393629492636 ], [ 7.738457983773816, 48.545348667030396 ], [ 7.738390305503028, 48.545347287734124 ], [ 7.738388284733664, 48.545392249642816 ], [ 7.738252941602869, 48.545389490377246 ], [ 7.738254976009599, 48.545344527918502 ], [ 7.738187298581622, 48.545343157480012 ], [ 7.738191368335007, 48.545253241538816 ], [ 7.738123690197562, 48.545251862087085 ], [ 7.738129781876367, 48.545116993213753 ], [ 7.738062117439257, 48.545115613173735 ], [ 7.738066173875906, 48.5450256977823 ], [ 7.738133838194277, 48.545027077819995 ], [ 7.738135872691217, 48.54498211535779 ], [ 7.738068194913716, 48.544980735873601 ], [ 7.738072252160845, 48.544890829453919 ], [ 7.738004588024226, 48.544889449380271 ], [ 7.738006622629218, 48.54484448691823 ], [ 7.737938945037152, 48.544843107358631 ], [ 7.737932867238489, 48.544977984658324 ], [ 7.737865189471916, 48.544976605055808 ], [ 7.73786722420281, 48.544931642597547 ], [ 7.737799560017773, 48.544930262404435 ], [ 7.7378036177327, 48.544840355992612 ], [ 7.737735940151566, 48.544838976314679 ], [ 7.737737974990508, 48.544794013856574 ], [ 7.737670310990873, 48.544792633588081 ], [ 7.737672333198937, 48.544747680658823 ], [ 7.737604669262312, 48.54474630035206 ], [ 7.73760061203719, 48.544836215735934 ], [ 7.737668276092554, 48.544837596045028 ], [ 7.737666253877374, 48.544882548972836 ], [ 7.737733917995751, 48.544883929243646 ], [ 7.73772986098674, 48.544973844627826 ], [ 7.737797525227503, 48.544975224861524 ], [ 7.737795503120388, 48.545020177789489 ], [ 7.737863167424163, 48.545021557984917 ], [ 7.737859110631267, 48.545111473369396 ], [ 7.737926775057435, 48.545112853527733 ], [ 7.737924753058379, 48.545157806455819 ], [ 7.737992417547558, 48.545159186575859 ] ], [ [ 7.737928809739648, 48.54506789107046 ], [ 7.737930831731589, 48.545022938140917 ], [ 7.737998496042666, 48.545024318257482 ], [ 7.737996474110091, 48.545069271188183 ], [ 7.737928809739648, 48.54506789107046 ] ] ], [ [ [ 7.737611543255761, 48.555096014392831 ], [ 7.73760952141736, 48.555140976138048 ], [ 7.737607485222273, 48.555185929458709 ], [ 7.737539807487499, 48.555184549119083 ], [ 7.737537771229447, 48.555229502437868 ], [ 7.737470094270844, 48.555228131033722 ], [ 7.737468057949827, 48.555273084350596 ], [ 7.737466035146476, 48.555318037114503 ], [ 7.737398343719586, 48.555316657244745 ], [ 7.737396321685174, 48.555361618982843 ], [ 7.737390226854253, 48.555496487345088 ], [ 7.737382109931881, 48.555676317433758 ], [ 7.737449788312679, 48.55567769786505 ], [ 7.737437612346635, 48.555947434007031 ], [ 7.737429481997784, 48.556127264623392 ], [ 7.737497173665709, 48.556128635498517 ], [ 7.737489043497355, 48.556308466107843 ], [ 7.737480926793415, 48.556488296153212 ], [ 7.737548606250616, 48.556489676526539 ], [ 7.737542525208248, 48.556624544292212 ], [ 7.737538466932306, 48.556714459308445 ], [ 7.737606146690135, 48.556715839648142 ], [ 7.737604110429428, 48.556760792944416 ], [ 7.737671803771921, 48.556762172693553 ], [ 7.737669767567039, 48.556807125990275 ], [ 7.737737447450954, 48.55680850625339 ], [ 7.737735425655509, 48.556853467974342 ], [ 7.737803105602477, 48.55685484819918 ], [ 7.737813257307882, 48.556630064852747 ], [ 7.737745577657895, 48.556628684633701 ], [ 7.737755716049577, 48.556403901827082 ], [ 7.737765867873672, 48.556179118449904 ], [ 7.737698188821288, 48.55617773820304 ], [ 7.737708340853184, 48.555952954813421 ], [ 7.737714434068225, 48.555818077479543 ], [ 7.73764674280523, 48.555816706730909 ], [ 7.737654872341363, 48.555636876080136 ], [ 7.737662988299093, 48.55545704596998 ], [ 7.737595310204322, 48.555455665662805 ], [ 7.737601390968715, 48.555320797840189 ], [ 7.737669082406557, 48.555322177591592 ], [ 7.737671105031729, 48.555277224824223 ], [ 7.737673140342634, 48.55523226252776 ], [ 7.737740818144093, 48.555233642789659 ], [ 7.73774285422397, 48.555188689467386 ], [ 7.737810531969691, 48.555190069688692 ], [ 7.737812567154642, 48.555145107388419 ], [ 7.73808329145762, 48.555150627322277 ], [ 7.738085313712213, 48.555105674545054 ], [ 7.738220682527408, 48.555108433996828 ], [ 7.738491405848329, 48.555113944003288 ], [ 7.738493441264191, 48.555068990666015 ], [ 7.738561118871869, 48.555070370449975 ], [ 7.738696487619341, 48.555073129347186 ], [ 7.738698508500181, 48.555028167582002 ], [ 7.738833877143433, 48.555030926319098 ], [ 7.738969232280128, 48.555033685450844 ], [ 7.738971266440948, 48.554988723127856 ], [ 7.739038943955368, 48.554990102633411 ], [ 7.739174312516293, 48.554992860973726 ], [ 7.739176333806401, 48.554947908175066 ], [ 7.739244024793504, 48.554949287008668 ], [ 7.739246045188453, 48.554904325232044 ], [ 7.739313736119795, 48.554905704025032 ], [ 7.739381413533667, 48.554907083331038 ], [ 7.73938344815959, 48.554862129974957 ], [ 7.739451125517723, 48.554863509240377 ], [ 7.739453145727353, 48.554818547458829 ], [ 7.739520836550825, 48.554819926131138 ], [ 7.739522857529749, 48.554774973323774 ], [ 7.739590548297469, 48.554776351955475 ], [ 7.739658225547758, 48.554777731100245 ], [ 7.739660259093135, 48.554732768761255 ], [ 7.739727936287671, 48.554734147865418 ], [ 7.739729957081313, 48.554689195053122 ], [ 7.739797647741163, 48.554690573564152 ], [ 7.73986532488361, 48.554691952588271 ], [ 7.739867358243641, 48.554646990244322 ], [ 7.739935035330334, 48.554648369227834 ], [ 7.739937055938693, 48.554603416410629 ], [ 7.740004746490676, 48.55460479480098 ], [ 7.740072422692925, 48.554606164728376 ], [ 7.740074456699966, 48.554561211355555 ], [ 7.740142133678813, 48.554562590218431 ], [ 7.74014415410189, 48.55451763739628 ], [ 7.740211844546003, 48.55451901566596 ], [ 7.740213864073763, 48.554474053865867 ], [ 7.740281554462108, 48.554475432094954 ], [ 7.740349231333107, 48.55447681083718 ], [ 7.740351265091888, 48.554431857457509 ], [ 7.74041894107474, 48.554433227183061 ], [ 7.740420961249591, 48.554388274354096 ], [ 7.740488651530066, 48.554389652462511 ], [ 7.74055632829322, 48.554391031084087 ], [ 7.740558361034267, 48.554346068723405 ], [ 7.740626037741666, 48.55434744730438 ], [ 7.740628057731241, 48.554302494470498 ], [ 7.740695747903843, 48.554303872458242 ], [ 7.740697767830473, 48.554258919622484 ], [ 7.740765457114859, 48.554260288593539 ], [ 7.740833133714412, 48.554261667053872 ], [ 7.74083515351871, 48.554216714215066 ], [ 7.740902843583439, 48.554218092082138 ], [ 7.740904862492302, 48.554173130265362 ], [ 7.740972552501272, 48.554174508091833 ], [ 7.741040228992977, 48.55417588643153 ], [ 7.741042262132888, 48.554130933035125 ], [ 7.741109938568857, 48.5541323113342 ], [ 7.741111957292412, 48.554087349512521 ], [ 7.741179647193504, 48.554088727218321 ], [ 7.741247323577363, 48.554090105437353 ], [ 7.741249356531977, 48.554045152036004 ], [ 7.741317032860095, 48.554046530214436 ], [ 7.741319051398337, 48.554001568387825 ], [ 7.741386741191556, 48.554002945972961 ], [ 7.741454417467564, 48.554004324071357 ], [ 7.741456450236884, 48.553959370665048 ], [ 7.74152412645715, 48.553960748722851 ], [ 7.741526144810088, 48.553915786891309 ], [ 7.74159383449543, 48.553917164355781 ], [ 7.741595853618017, 48.55387221149843 ], [ 7.74166354324761, 48.553873588922293 ], [ 7.741731219360028, 48.553874966859453 ], [ 7.741733237527656, 48.553830005022981 ], [ 7.741800927105124, 48.553831382366781 ], [ 7.741802946042441, 48.553786429504505 ], [ 7.741870635564159, 48.553787806807698 ], [ 7.74193831073606, 48.553789175648141 ], [ 7.741940343071829, 48.553744222230044 ], [ 7.742008019020646, 48.553745600005961 ], [ 7.742010037772692, 48.553700647138754 ], [ 7.742077726353844, 48.553702015345216 ], [ 7.742145402250546, 48.55370339304109 ], [ 7.742147434401019, 48.553658439618047 ], [ 7.742215110241986, 48.553659817273321 ], [ 7.742217127976054, 48.553614855425138 ], [ 7.742284817282004, 48.553616232486988 ], [ 7.74228683578584, 48.553571279612996 ], [ 7.742354525036037, 48.55357265663423 ], [ 7.742422200769148, 48.553574034168854 ], [ 7.742424218317914, 48.553529072315754 ], [ 7.742491907515985, 48.55353044925694 ], [ 7.742493925834554, 48.553485496378023 ], [ 7.742561614976877, 48.553486873278587 ], [ 7.742629290602133, 48.553488250692595 ], [ 7.742631307965599, 48.553443288834565 ], [ 7.742698997055792, 48.553444665655086 ], [ 7.742701015189096, 48.553399712771238 ], [ 7.742768704223542, 48.553401089551159 ], [ 7.742836379740943, 48.553402466844503 ], [ 7.742838396919108, 48.553357504981548 ], [ 7.742906085901423, 48.553358881681405 ], [ 7.742908103849464, 48.553313928792647 ], [ 7.742975792776029, 48.553315305451896 ], [ 7.74297780982829, 48.553270343585183 ], [ 7.743045485178444, 48.553271720756747 ], [ 7.743113174052885, 48.553273097335946 ], [ 7.743115191815659, 48.553228144442251 ], [ 7.743182880634343, 48.553229520980835 ], [ 7.743184897501308, 48.553184559109205 ], [ 7.743252586264226, 48.553185935607182 ], [ 7.743320261510168, 48.553187312618647 ], [ 7.743322279087679, 48.553142359720034 ], [ 7.743389966965576, 48.553143727161917 ], [ 7.743391984480151, 48.553098774261414 ], [ 7.743459673135191, 48.553100150638727 ], [ 7.743527348273275, 48.553101527529556 ], [ 7.743529364832598, 48.553056565649968 ], [ 7.743597053435508, 48.55305794194723 ], [ 7.743599070764822, 48.553012989041818 ], [ 7.743666759311981, 48.553014365298473 ], [ 7.743668775745403, 48.552969403415126 ], [ 7.743736450716238, 48.552970780184154 ], [ 7.743740512160656, 48.552880873259078 ], [ 7.743808186183392, 48.552882241010302 ], [ 7.743804139211266, 48.552972156360745 ], [ 7.743871814189385, 48.552973533050896 ], [ 7.743867767321819, 48.553063448400749 ], [ 7.743935442422355, 48.553064825053774 ], [ 7.743933425386425, 48.553109777964231 ], [ 7.744001100549982, 48.553111154578986 ], [ 7.743997053898661, 48.553201069929095 ], [ 7.74406472918464, 48.553202446506717 ], [ 7.744060682637876, 48.553292361856222 ], [ 7.744128358046276, 48.553293738396718 ], [ 7.744124310771036, 48.553383644769582 ], [ 7.744191986301844, 48.553385021272973 ], [ 7.744189970311664, 48.553429983158985 ], [ 7.744257645905505, 48.553431359624085 ], [ 7.744253598846492, 48.553521265997212 ], [ 7.744321274562739, 48.553522642425172 ], [ 7.744317228441354, 48.553612557773761 ], [ 7.744384917800743, 48.553613933611544 ], [ 7.744382887617211, 48.553658887074391 ], [ 7.744450563518903, 48.553660263426956 ], [ 7.744448547745036, 48.553705225313223 ], [ 7.744444501832805, 48.553795140660604 ], [ 7.744512177083202, 48.553796508001149 ], [ 7.744510147837317, 48.553841470439473 ], [ 7.744508131275539, 48.553886423347933 ], [ 7.744575807481462, 48.553887799627397 ], [ 7.744573791808654, 48.553932761512328 ], [ 7.744571761778364, 48.553977714973577 ], [ 7.744639438106709, 48.553979091215929 ], [ 7.744637421653062, 48.554024044124503 ], [ 7.744635392508181, 48.554069006561498 ], [ 7.744703068958949, 48.554070382766739 ], [ 7.744701052557592, 48.554115335675 ], [ 7.744699022631833, 48.554160289135659 ], [ 7.744766712725873, 48.554161664750644 ], [ 7.744764683689115, 48.554206627187767 ], [ 7.744762667336508, 48.55425158009502 ], [ 7.744830344032108, 48.55425295622598 ], [ 7.744828314214451, 48.554297909686774 ], [ 7.744826298747312, 48.554342871569744 ], [ 7.744893975565337, 48.554344247663593 ], [ 7.744891945799949, 48.554389201124081 ], [ 7.744887900612603, 48.554479116465806 ], [ 7.744955591133381, 48.554480491970551 ], [ 7.744951532529668, 48.554570407864801 ], [ 7.745019223172897, 48.554571783332413 ], [ 7.745015177361506, 48.554661689696893 ], [ 7.745082854606181, 48.554663065680508 ], [ 7.745080825827269, 48.554708028115421 ], [ 7.745148516655983, 48.554709403507601 ], [ 7.745146487099681, 48.554754356966917 ], [ 7.745214164470418, 48.554755732873979 ], [ 7.745281855365806, 48.554757108188412 ], [ 7.745279825924723, 48.554802061649319 ], [ 7.745212148490959, 48.554800685780549 ], [ 7.745208103833627, 48.554890601120711 ], [ 7.745275781386179, 48.554891976991797 ], [ 7.745273751934414, 48.554936930450509 ], [ 7.745271736833421, 48.554981892331355 ], [ 7.7453394145084, 48.554983268165316 ], [ 7.745337398629988, 48.555028221070565 ], [ 7.74533537006022, 48.55507318350427 ], [ 7.745403047024331, 48.555074550325074 ], [ 7.745401032031507, 48.555119512206048 ], [ 7.745399002680726, 48.555164465663431 ], [ 7.745466694121665, 48.555165840869947 ], [ 7.74546466566003, 48.555210803303794 ], [ 7.745462649882665, 48.555255756207693 ], [ 7.745530327924912, 48.555257131930276 ], [ 7.745526283790491, 48.555347047267418 ], [ 7.745593961955166, 48.555348422952861 ], [ 7.745591932764768, 48.555393376410088 ], [ 7.745659624513642, 48.555394751504039 ], [ 7.745657595379082, 48.555439704961699 ], [ 7.745655580595499, 48.555484666841444 ], [ 7.745723258945627, 48.555486042451477 ], [ 7.74572122986334, 48.555530995908832 ], [ 7.745719214298709, 48.55557594881224 ], [ 7.745786892771255, 48.555577324385141 ], [ 7.745784878095842, 48.555622286265013 ], [ 7.745852556631425, 48.555623661799629 ], [ 7.745850527657248, 48.555668615257126 ], [ 7.745846484052851, 48.555758530592698 ], [ 7.745914162770254, 48.555759906091353 ], [ 7.745912147366066, 48.555804858994577 ], [ 7.745979826146496, 48.555806234454955 ], [ 7.745977810798157, 48.555851187358584 ], [ 7.746045489641615, 48.555852562780665 ], [ 7.746041446365203, 48.555942478117352 ], [ 7.746109125331089, 48.555943853502306 ], [ 7.7461071100909, 48.555988806406077 ], [ 7.746174789119814, 48.55599018175274 ], [ 7.746172761247578, 48.556035144186204 ], [ 7.746240453860875, 48.556036518941319 ], [ 7.746238425211032, 48.556081472399214 ], [ 7.746306104366019, 48.556082847669316 ], [ 7.746304089293369, 48.55612780057433 ], [ 7.746302061529269, 48.55617276300795 ], [ 7.746369754328058, 48.556174137687627 ], [ 7.746367725786333, 48.556219091145636 ], [ 7.746435405126775, 48.556220466340321 ], [ 7.746433390162275, 48.556265419245477 ], [ 7.746431362506317, 48.556310381679211 ], [ 7.746499041969191, 48.556311756836763 ], [ 7.746497027056992, 48.556356709741607 ], [ 7.746564706582891, 48.556358084860875 ], [ 7.746562691726543, 48.556403037766131 ], [ 7.746630371315471, 48.556404412847115 ], [ 7.746628343827062, 48.556449375282149 ], [ 7.746626329023014, 48.556494328187107 ], [ 7.746694008734374, 48.556495703230951 ], [ 7.746689966546508, 48.556585618570338 ], [ 7.746757646380299, 48.556586993577056 ], [ 7.746755631684406, 48.556631946482128 ], [ 7.746823311581226, 48.556633321450562 ], [ 7.746819269609659, 48.556723236790184 ], [ 7.746886949628911, 48.556724611721485 ], [ 7.746884935041173, 48.556769564626677 ], [ 7.746952615123452, 48.556770939519701 ], [ 7.746950587070033, 48.556815892978655 ], [ 7.747018280736879, 48.556817267280032 ], [ 7.747014239093319, 48.556907182620748 ], [ 7.747081919361063, 48.556908557438341 ], [ 7.747079891415759, 48.556953510897443 ], [ 7.747147585268105, 48.556954885123382 ], [ 7.747145558212273, 48.556999847558927 ], [ 7.747213238606089, 48.557001222299959 ], [ 7.747209196456876, 48.557091128665753 ], [ 7.747276890494718, 48.557092502816253 ], [ 7.747274863547037, 48.557137465251927 ], [ 7.74734254412631, 48.557138839917542 ], [ 7.747340529922436, 48.557183792824219 ], [ 7.74740821056474, 48.55718516745155 ], [ 7.747406182895079, 48.557230120912067 ], [ 7.747404169577189, 48.55727508279444 ], [ 7.747471850341926, 48.557276457384638 ], [ 7.747469836246213, 48.557321410291436 ], [ 7.747537517073978, 48.557322784843336 ], [ 7.747535489512444, 48.557367738303995 ], [ 7.74753347630274, 48.557412700186475 ], [ 7.74760115725294, 48.557414074701256 ], [ 7.747599143265389, 48.557459027608154 ], [ 7.747666824278618, 48.557460402084644 ], [ 7.747664796825211, 48.557505355545423 ], [ 7.747662783723694, 48.557550317428031 ], [ 7.747730464859359, 48.557551691867381 ], [ 7.747726423575295, 48.557641598234135 ], [ 7.747794104833384, 48.55764297263638 ], [ 7.747792091840054, 48.557687934519095 ], [ 7.747859773161183, 48.557689308883027 ], [ 7.747857745868188, 48.557734262343629 ], [ 7.74792544077412, 48.557735636115801 ], [ 7.747921400651826, 48.557825551459665 ], [ 7.747989082158425, 48.557826925748188 ], [ 7.747987054973556, 48.557871879208918 ], [ 7.748054750064989, 48.557873252905658 ], [ 7.748052722935969, 48.557918206366807 ], [ 7.748120404568624, 48.557919580578762 ], [ 7.748118391851082, 48.557964542462855 ], [ 7.74818607271295, 48.557965907660495 ], [ 7.748190113215143, 48.557876001287795 ], [ 7.748460852246993, 48.557881488049205 ], [ 7.748464904947715, 48.557791572134782 ], [ 7.748397210787179, 48.557790207653071 ], [ 7.748399236774683, 48.557745245207933 ], [ 7.748331541843324, 48.557743871711899 ], [ 7.748333568720533, 48.557698918243183 ], [ 7.748265887373972, 48.557697544155339 ], [ 7.74826992688093, 48.557607628795559 ], [ 7.748202245656804, 48.557606254670581 ], [ 7.748204259120413, 48.557561301755506 ], [ 7.748136577959317, 48.557559927592258 ], [ 7.748138591478781, 48.557514974677588 ], [ 7.748070910380713, 48.557513600476057 ], [ 7.748074950215704, 48.557423685117335 ], [ 7.748007269240072, 48.557422310878671 ], [ 7.748009296389375, 48.55737735741063 ], [ 7.747941601955096, 48.557375983687152 ], [ 7.747945642006405, 48.557286068328693 ], [ 7.747877961216235, 48.557284694014598 ], [ 7.747879988473665, 48.557239740546692 ], [ 7.747812294224883, 48.557238366747782 ], [ 7.747816334492508, 48.557148451389537 ], [ 7.747748653887799, 48.557147077000039 ], [ 7.747750681253358, 48.55710212353226 ], [ 7.747682987190068, 48.557100749657927 ], [ 7.747687041195587, 48.557010833746475 ], [ 7.747619347254759, 48.557009459834994 ], [ 7.747621374728443, 48.556964506367329 ], [ 7.747553680850652, 48.556963132417565 ], [ 7.747557735072448, 48.556873216506382 ], [ 7.747490041317111, 48.556871842519456 ], [ 7.747492068898923, 48.556826889051948 ], [ 7.747424375206626, 48.55682551502673 ], [ 7.747426402010603, 48.556780552583625 ], [ 7.747358721902883, 48.556779177966717 ], [ 7.747362763764785, 48.556689271586066 ], [ 7.747295083779482, 48.556687896932019 ], [ 7.747297097170109, 48.556642935042447 ], [ 7.747229417247849, 48.556641560350101 ], [ 7.747231431527978, 48.556596607436973 ], [ 7.747163751668745, 48.556595232706357 ], [ 7.747167793024996, 48.556505317350791 ], [ 7.747100113288194, 48.556503942583028 ], [ 7.747102127676477, 48.556458989670013 ], [ 7.747034448002704, 48.556457614863973 ], [ 7.747038489575256, 48.556367699508648 ], [ 7.746970810023913, 48.556366324665483 ], [ 7.746972838041758, 48.556321371199211 ], [ 7.746905145032033, 48.556319996871117 ], [ 7.746909186820886, 48.556230081516034 ], [ 7.746841507454999, 48.556228706597452 ], [ 7.746843535580965, 48.556183753131315 ], [ 7.746775842756733, 48.55618237872779 ], [ 7.746779884761883, 48.556092463372956 ], [ 7.746712205581452, 48.556091088378956 ], [ 7.746714233815535, 48.556046134912947 ], [ 7.746646541176795, 48.556044760433998 ], [ 7.746650596919551, 48.555954844526077 ], [ 7.746582904403263, 48.555953470009989 ], [ 7.74658493274546, 48.555908516544108 ], [ 7.746517240292214, 48.555907141989735 ], [ 7.746519268690251, 48.555862188524287 ], [ 7.746451589821333, 48.555860813378295 ], [ 7.746455632370742, 48.555770898024818 ], [ 7.746387953624253, 48.5557695228417 ], [ 7.746389968609138, 48.55572456992968 ], [ 7.746322289925676, 48.555723194708285 ], [ 7.746326332691373, 48.555633279355035 ], [ 7.746258654130338, 48.555631904096515 ], [ 7.74626269700062, 48.555541988742668 ], [ 7.746195005040807, 48.555540614000307 ], [ 7.746197033707346, 48.555495660534824 ], [ 7.746129355331766, 48.555494285200879 ], [ 7.746133398418332, 48.555404369847288 ], [ 7.746065720165181, 48.555402994476218 ], [ 7.746067735418656, 48.555358041564119 ], [ 7.746000057228531, 48.555356666154779 ], [ 7.746004100531379, 48.555266750801415 ], [ 7.74593642246368, 48.555265375354935 ], [ 7.745940465871112, 48.555175460001003 ], [ 7.745872775238097, 48.555174094046656 ], [ 7.745874803339756, 48.555129131605113 ], [ 7.745807125457507, 48.555127756083223 ], [ 7.745811169081218, 48.555037840729526 ], [ 7.74574349215475, 48.555036474146533 ], [ 7.745747535883036, 48.554946558792238 ], [ 7.745679844724573, 48.554945183749304 ], [ 7.745683888557466, 48.554855268394398 ], [ 7.745616211042482, 48.554853892761123 ], [ 7.745620254979954, 48.554763977405607 ], [ 7.745552577587395, 48.554762601735206 ], [ 7.745556622462758, 48.55467269535513 ], [ 7.745488945192611, 48.554671319647611 ], [ 7.745492989339239, 48.554581404290879 ], [ 7.745425312191521, 48.554580028546226 ], [ 7.74542935644272, 48.554490113188912 ], [ 7.745361665896484, 48.554488737960313 ], [ 7.745365723773201, 48.554398822049208 ], [ 7.745298034182674, 48.554397455759521 ], [ 7.74530207864305, 48.554307540400998 ], [ 7.745234401862588, 48.554306164544968 ], [ 7.745238446427538, 48.554216249185842 ], [ 7.745170769769497, 48.554214873292679 ], [ 7.745174814439023, 48.554124957932956 ], [ 7.745107137903408, 48.554123582002688 ], [ 7.745111183510724, 48.554033675618385 ], [ 7.745043507097521, 48.554032299650977 ], [ 7.745047551976184, 48.553942384290053 ], [ 7.744979862164603, 48.553941008838656 ], [ 7.744983907147865, 48.553851093477135 ], [ 7.7449162309795, 48.553849717435462 ], [ 7.744920276067331, 48.553759802073344 ], [ 7.744852600854562, 48.553758434970597 ], [ 7.744856646046964, 48.553668519607861 ], [ 7.74478897012343, 48.553667143491964 ], [ 7.744793015420399, 48.553577228128624 ], [ 7.744725339619291, 48.553575851975602 ], [ 7.744729385020823, 48.553485936611665 ], [ 7.744661695821449, 48.553484560974603 ], [ 7.744665755681371, 48.553394654033021 ], [ 7.744598066604428, 48.553393278358833 ], [ 7.744602112215121, 48.553303362993709 ], [ 7.744534436781255, 48.553301986729295 ], [ 7.744538482496513, 48.553212071363575 ], [ 7.744470807185066, 48.553210695062035 ], [ 7.744474853837987, 48.553120788671755 ], [ 7.744407178648951, 48.553119412333096 ], [ 7.744411224573335, 48.553029496966182 ], [ 7.744343549506715, 48.553028120590412 ], [ 7.744347595535661, 48.55293820522288 ], [ 7.744279907070918, 48.552936829363027 ], [ 7.744281937316259, 48.552891875890836 ], [ 7.74428396672497, 48.552846913441861 ], [ 7.744216278382666, 48.552845537544876 ], [ 7.744218308680273, 48.552800584072394 ], [ 7.744220325453812, 48.552755631152216 ], [ 7.74415265075443, 48.552754254665068 ], [ 7.744154680271262, 48.552709292216221 ], [ 7.74415872743983, 48.552619385821515 ], [ 7.744091039401791, 48.552618009851429 ], [ 7.744095099362346, 48.552528093927037 ], [ 7.74402741144675, 48.552526717919811 ], [ 7.744031457991427, 48.552436802547859 ], [ 7.743963783718682, 48.552435425950492 ], [ 7.743967830367915, 48.55234551057795 ], [ 7.743900157050571, 48.552344142919502 ], [ 7.743904203804361, 48.552254227546356 ], [ 7.743836529776436, 48.552252850874744 ], [ 7.743840576634783, 48.552162935500981 ], [ 7.743772889208928, 48.552161559345251 ], [ 7.743776949692174, 48.552071643417918 ], [ 7.743709262388761, 48.552070267225055 ], [ 7.743713323809485, 48.551980360273177 ], [ 7.743645636628496, 48.551978984043181 ], [ 7.743649683800532, 48.551889068667663 ], [ 7.743582010262252, 48.551887691847547 ], [ 7.743586057538841, 48.551797776471425 ], [ 7.743518384122974, 48.551796399614197 ], [ 7.743522431504117, 48.551706484237485 ], [ 7.74345475904356, 48.551705116319198 ], [ 7.743458806529254, 48.551615200941889 ], [ 7.743391133358204, 48.551613824010417 ], [ 7.743395180948449, 48.551523908632504 ], [ 7.743327494379631, 48.551522532216858 ], [ 7.743331542074452, 48.551432616838369 ], [ 7.743263869148223, 48.551431239832645 ], [ 7.743269948018432, 48.551296370974498 ], [ 7.743202261753878, 48.551294994485737 ], [ 7.74320632317079, 48.551205078551675 ], [ 7.743138637861503, 48.551203711001854 ], [ 7.74314268586287, 48.551113795620125 ], [ 7.743075013363243, 48.551112418504211 ], [ 7.743079061469157, 48.551022503121885 ], [ 7.743011389091942, 48.551021125968838 ], [ 7.743013420375371, 48.550976172489342 ], [ 7.742945734541139, 48.550974795850905 ], [ 7.742949782863268, 48.550884880468871 ], [ 7.742882110671482, 48.550883503240421 ], [ 7.742886159098156, 48.550793587857783 ], [ 7.742818487028781, 48.550792210592213 ], [ 7.742822536392767, 48.550702304185052 ], [ 7.742754864445788, 48.550700926882364 ], [ 7.742758913081549, 48.550611011498539 ], [ 7.74269124125698, 48.550609634158739 ], [ 7.742695289997284, 48.550519718774325 ], [ 7.742627604775205, 48.550518341950259 ], [ 7.742631653620074, 48.550428426565261 ], [ 7.742563982040321, 48.550427049151203 ], [ 7.74256803182245, 48.550337142741697 ], [ 7.742500360365095, 48.550335765290519 ], [ 7.742504409419044, 48.550245849904343 ], [ 7.742436738084097, 48.55024447241604 ], [ 7.742440787242585, 48.550154557029288 ], [ 7.742373116030045, 48.550153179503866 ], [ 7.74237513431977, 48.550108226575006 ], [ 7.742377166125754, 48.55006327309259 ], [ 7.742309481515805, 48.55006189608288 ], [ 7.74231151254494, 48.550016933624825 ], [ 7.742313544403173, 48.549971980142111 ], [ 7.742245859915656, 48.549970603095282 ], [ 7.742247891829709, 48.549925649613009 ], [ 7.742249909387782, 48.549880687706761 ], [ 7.742182238542449, 48.549879310069983 ], [ 7.742184270508752, 48.549834356587425 ], [ 7.742188320078291, 48.54974444119685 ], [ 7.742120649414739, 48.549743063524119 ], [ 7.742124699088812, 48.549653148132954 ], [ 7.742057015027969, 48.549651770975906 ], [ 7.742061065639216, 48.549561864560232 ], [ 7.741993395220464, 48.54956048681327 ], [ 7.741997445103629, 48.549470571420926 ], [ 7.74192977480728, 48.549469193636831 ], [ 7.741933824794978, 48.549379278243919 ], [ 7.741866154621034, 48.549377900422705 ], [ 7.741870204713264, 48.549287985029203 ], [ 7.741802534661725, 48.549286607170878 ], [ 7.741804553418372, 48.549241654238614 ], [ 7.741806585691053, 48.549196700752859 ], [ 7.741738902242323, 48.549195323410189 ], [ 7.741740933738269, 48.549150360948786 ], [ 7.741747016350263, 48.549015492065145 ], [ 7.74167933314274, 48.549014114687665 ], [ 7.741681365516358, 48.548969161200617 ], [ 7.74161369589139, 48.548967783232094 ], [ 7.741617746394638, 48.548877867834783 ], [ 7.741550063372575, 48.548876490381886 ], [ 7.741552095854253, 48.54883153689498 ], [ 7.741484426414705, 48.548830158851054 ], [ 7.741488477134135, 48.548740243454041 ], [ 7.741420807816988, 48.548738865373004 ], [ 7.741422826887266, 48.548693912438971 ], [ 7.741355157633135, 48.548692534319649 ], [ 7.741359208568747, 48.548602618922921 ], [ 7.741291539437018, 48.548601240766494 ], [ 7.741295590477153, 48.548511325369162 ], [ 7.741227907948423, 48.54850994772832 ], [ 7.741231973444941, 48.548420040753797 ], [ 7.741164291038619, 48.548418663075829 ], [ 7.74116834228783, 48.548328747677346 ], [ 7.741100673523289, 48.548327369409549 ], [ 7.741104724877022, 48.548237454010483 ], [ 7.741037056234881, 48.548236075705574 ], [ 7.741041107693137, 48.548146160305919 ], [ 7.740973440005799, 48.54814479094 ], [ 7.740977491568575, 48.548054875539755 ], [ 7.740909823171223, 48.548053497160623 ], [ 7.740913874838519, 48.547963581759802 ], [ 7.740846193044302, 48.547962203896212 ], [ 7.740840121703307, 48.548097072228494 ], [ 7.740907790156393, 48.548098450648219 ], [ 7.740905757970377, 48.548143413111205 ], [ 7.740770420949095, 48.548140656229982 ], [ 7.740774472868159, 48.548050740836707 ], [ 7.740706804481738, 48.548049362339242 ], [ 7.740710856505324, 48.547959446945384 ], [ 7.740643188241304, 48.547958068410829 ], [ 7.740647241201747, 48.547868161992469 ], [ 7.740579559540873, 48.547866783973426 ], [ 7.740581592002425, 48.547821821511924 ], [ 7.740513923923818, 48.547820442901958 ], [ 7.740517977100403, 48.54773053648389 ], [ 7.740450295624977, 48.54772915838943 ], [ 7.740454361592968, 48.547639242442088 ], [ 7.740386680239964, 48.547637864310516 ], [ 7.740388712861846, 48.547592901848873 ], [ 7.740321045923332, 48.547591532102501 ], [ 7.740323065081865, 48.547546570193887 ], [ 7.74039073279329, 48.547547948915195 ], [ 7.74039276624033, 48.547502995428189 ], [ 7.740460433896029, 48.547504374108904 ], [ 7.740464486309238, 48.547414458706918 ], [ 7.74039681877229, 48.547413080028527 ], [ 7.74040087129001, 48.547323164625958 ], [ 7.740333203875459, 48.547321785910455 ], [ 7.740335223844951, 48.547276832973587 ], [ 7.740267556493412, 48.547275454219822 ], [ 7.740271609227293, 48.54718553881753 ], [ 7.740203941998149, 48.547184160026639 ], [ 7.740207994836545, 48.547094244623779 ], [ 7.740140327729796, 48.547092865795769 ], [ 7.740142347859632, 48.547047912858737 ], [ 7.740074680815902, 48.547046533992457 ], [ 7.740078733870452, 48.546956618589896 ], [ 7.740011066949116, 48.546955239686504 ], [ 7.740009034020844, 48.54700020215131 ], [ 7.73987370007035, 48.546997444223884 ], [ 7.739875720430565, 48.546952491290028 ], [ 7.739808053520151, 48.546951112268317 ], [ 7.739803999158404, 48.547041018685512 ], [ 7.739871666187552, 48.547042397709525 ], [ 7.739867612762495, 48.547132313102239 ], [ 7.739935279914038, 48.547133692089155 ], [ 7.739931226593491, 48.547223607481293 ], [ 7.739998907386511, 48.547224985878536 ], [ 7.739996873604629, 48.547269939362906 ], [ 7.740064540941586, 48.547271318274426 ], [ 7.740060487837189, 48.547361233666848 ], [ 7.740128155296542, 48.547362612541257 ], [ 7.74012410229666, 48.547452527933096 ], [ 7.740191783397548, 48.547453906217804 ], [ 7.740187729669949, 48.547543812632973 ], [ 7.740255397374086, 48.547545191433144 ], [ 7.740251344583252, 48.547635106823826 ], [ 7.740319012409787, 48.547636485586878 ], [ 7.740316978892668, 48.547681439070551 ], [ 7.740384660301415, 48.54768281724273 ], [ 7.740380607726747, 48.547772732633703 ], [ 7.740448275738692, 48.547774111321374 ], [ 7.740444223268536, 48.547864026711764 ], [ 7.740511891402884, 48.547865405362309 ], [ 7.740507839037246, 48.547955320752116 ], [ 7.740575506461663, 48.547956690389462 ], [ 7.740573487508686, 48.548001652296158 ], [ 7.740641155828446, 48.548003030871314 ], [ 7.740637103678977, 48.54809294626142 ], [ 7.740704771288781, 48.548094315823377 ], [ 7.740700719243832, 48.548184231212872 ], [ 7.740768387808378, 48.548185609713812 ], [ 7.740764335867945, 48.548275525102738 ], [ 7.740832018074243, 48.548276903013885 ], [ 7.740827952718984, 48.548366818954889 ], [ 7.740895635047703, 48.548368196828918 ], [ 7.740891582483949, 48.548458103240598 ], [ 7.740959251415685, 48.548459481630175 ], [ 7.740955199788841, 48.548549397017354 ], [ 7.74102286884298, 48.548550775369804 ], [ 7.74101881732066, 48.5486406907564 ], [ 7.741086486497201, 48.548642069071747 ], [ 7.74109257077312, 48.548507200198991 ], [ 7.741160239775176, 48.548508578471413 ], [ 7.741158220481603, 48.548553531403719 ], [ 7.741225889546675, 48.548554909637872 ], [ 7.741221838380651, 48.548644825031424 ], [ 7.741289507568125, 48.548646203228451 ], [ 7.741285455674157, 48.548736109645333 ], [ 7.741353124984021, 48.548737487805248 ], [ 7.741349074027046, 48.548827403197642 ], [ 7.741213735173452, 48.548824646833729 ], [ 7.741217786367939, 48.548734731445997 ], [ 7.741150104378347, 48.54873336273598 ], [ 7.741139982412022, 48.548958146429719 ], [ 7.741207651179041, 48.548959515698208 ], [ 7.741199548704644, 48.549139346456286 ], [ 7.74126721854527, 48.549140724666081 ], [ 7.741263167405483, 48.549230640043071 ], [ 7.741330837368514, 48.549232018215733 ], [ 7.741326786333254, 48.549321933592154 ], [ 7.741394455586193, 48.549323302751631 ], [ 7.741392437298669, 48.549368264651584 ], [ 7.741460107447121, 48.54936964274885 ], [ 7.741456056628048, 48.549459558125548 ], [ 7.741523726066387, 48.549460927209623 ], [ 7.74151967535184, 48.549550842585717 ], [ 7.741587345745093, 48.54955222060876 ], [ 7.741583295135078, 48.549642135984278 ], [ 7.741650979170434, 48.549643513417458 ], [ 7.741646915145254, 48.549733429345132 ], [ 7.74171459930304, 48.549734806741178 ], [ 7.741708516520156, 48.549869675589953 ], [ 7.74177618734, 48.549871053502798 ], [ 7.741772137036481, 48.549960968875105 ], [ 7.741839820665929, 48.549962337221984 ], [ 7.741835756947163, 48.550052253146461 ], [ 7.741903441531615, 48.550053630432302 ], [ 7.741899391437188, 48.550143545803429 ], [ 7.741967062624243, 48.550144923604897 ], [ 7.74196301263435, 48.550234838975435 ], [ 7.742030683943812, 48.550236216739798 ], [ 7.742026633225835, 48.550326123133686 ], [ 7.742094304657694, 48.550327500860924 ], [ 7.742090254876875, 48.550417416230289 ], [ 7.742157926431143, 48.550418793920407 ], [ 7.742153876754863, 48.550508709289197 ], [ 7.742221561951462, 48.550510086389373 ], [ 7.742217498859798, 48.550600002310382 ], [ 7.742285183346158, 48.550601370397366 ], [ 7.742281133878978, 48.550691285764962 ], [ 7.742348805800461, 48.550692663343725 ], [ 7.742344756437823, 48.550782578710738 ], [ 7.742412428481716, 48.550783956252374 ], [ 7.74240837922362, 48.550873871618791 ], [ 7.742476051389922, 48.550875249123315 ], [ 7.742472001403658, 48.550965155513069 ], [ 7.742539673692361, 48.550966532980468 ], [ 7.742535624643348, 48.551056448345712 ], [ 7.742603310574522, 48.551057825223126 ], [ 7.742599248109993, 48.551147741140632 ], [ 7.742666934163603, 48.551149117980927 ], [ 7.742662885323703, 48.551239033344984 ], [ 7.742730557979639, 48.551240410701013 ], [ 7.742726508411521, 48.551330317088414 ], [ 7.742794181189859, 48.551331694407324 ], [ 7.742790132559047, 48.551421609770195 ], [ 7.742857805459797, 48.551422987051993 ], [ 7.742853756933532, 48.551512902414274 ], [ 7.742921443476873, 48.551514279106051 ], [ 7.742917380702179, 48.551604186044564 ], [ 7.742985067367944, 48.551605562699208 ], [ 7.742981019050799, 48.551695478060303 ], [ 7.743048692318776, 48.55169685523073 ], [ 7.743044644106179, 48.551786770591235 ], [ 7.743112317496571, 48.551788147724544 ], [ 7.743108269388523, 48.551878063084438 ], [ 7.743175942901329, 48.551879440180635 ], [ 7.743171894064982, 48.551969346563872 ], [ 7.743239567700189, 48.551970723622937 ], [ 7.743235519801246, 48.552060638981665 ], [ 7.743303207079188, 48.552062015450673 ], [ 7.743299145764474, 48.552151931361728 ], [ 7.743366833164856, 48.552153307793603 ], [ 7.743362784642151, 48.552243214175078 ], [ 7.743430458644593, 48.552244591122772 ], [ 7.743426411059328, 48.552334506479696 ], [ 7.743494085184186, 48.552335883390278 ], [ 7.743490037703476, 48.552425798746604 ], [ 7.743557711950749, 48.55242717562006 ], [ 7.743553664574597, 48.552517090975812 ], [ 7.743621338944286, 48.552518467812135 ], [ 7.743615274375326, 48.552653336079253 ], [ 7.743682948926814, 48.552654712879608 ], [ 7.743678900919724, 48.552744619256657 ], [ 7.74367687098354, 48.552789581696629 ], [ 7.74360919625389, 48.552788204892792 ], [ 7.743607178942328, 48.552833157801849 ], [ 7.743603118100426, 48.552923073699766 ], [ 7.743535443196254, 48.552921696853019 ], [ 7.743467768295726, 48.552920319966816 ], [ 7.743465738167107, 48.552965282400393 ], [ 7.743398063210824, 48.552963905473611 ], [ 7.743396032186331, 48.553008858929225 ], [ 7.743328357174306, 48.553007481961835 ], [ 7.743260682165924, 48.553006104955003 ], [ 7.743258651851983, 48.553051067383628 ], [ 7.743190976787846, 48.553049690336195 ], [ 7.74318894557807, 48.553094643786899 ], [ 7.743121270458191, 48.553093266698852 ], [ 7.743053596174801, 48.553091898547429 ], [ 7.743051564842692, 48.553136851995063 ], [ 7.742983889670699, 48.553135474826988 ], [ 7.742981858275638, 48.553180428272746 ], [ 7.742914183880729, 48.553179060040115 ], [ 7.742846508656626, 48.553177682792011 ], [ 7.742844477139232, 48.553222636234707 ], [ 7.742776801859383, 48.553221258945975 ], [ 7.742774771111836, 48.553266221362833 ], [ 7.742707095776239, 48.553264844033528 ], [ 7.742705064132938, 48.55330979747243 ], [ 7.742637388741596, 48.553308420102518 ], [ 7.742569713353898, 48.553307042693149 ], [ 7.742567682421027, 48.553352005105062 ], [ 7.742500006977576, 48.553350627655114 ], [ 7.742497975148983, 48.55339558108907 ], [ 7.742430299649791, 48.553394203598522 ], [ 7.742362624154242, 48.553392826068517 ], [ 7.742360593036047, 48.553437788475485 ], [ 7.742292917484744, 48.553436410904887 ], [ 7.742290885470859, 48.553481364333898 ], [ 7.742223209863815, 48.553479986722706 ], [ 7.742155534260416, 48.553478609072066 ], [ 7.742153502956893, 48.553523571474102 ], [ 7.742085827297738, 48.553522193782847 ], [ 7.742083795098564, 48.553567147206934 ], [ 7.742016119383669, 48.553565769475092 ], [ 7.741948443672418, 48.553564391703809 ], [ 7.741946412183567, 48.553609354100878 ], [ 7.74187873641656, 48.553607976289001 ], [ 7.741876704032094, 48.553652929708129 ], [ 7.741809028209349, 48.553651551855644 ], [ 7.741806996594566, 48.553696514248934 ], [ 7.741739320716064, 48.553695136355863 ], [ 7.741671644841211, 48.553693758423343 ], [ 7.741669612271449, 48.553738711837504 ], [ 7.741601937173457, 48.553737342840442 ], [ 7.741599904540743, 48.553782296252734 ], [ 7.741532228554391, 48.553780918239013 ], [ 7.741464552571689, 48.553779540185843 ], [ 7.741462520649211, 48.553824502571146 ], [ 7.741394844610756, 48.553823124477375 ], [ 7.741392811792742, 48.553868077884708 ], [ 7.741325135698543, 48.553866699750344 ], [ 7.741257459607993, 48.553865321576531 ], [ 7.741255427500184, 48.553910283956881 ], [ 7.74118775135388, 48.553908905742475 ], [ 7.741185718350566, 48.553953859144848 ], [ 7.741118042148521, 48.553952480889841 ], [ 7.741050365950121, 48.553951102595398 ], [ 7.741048333656981, 48.553996064970804 ], [ 7.740980657402825, 48.553994686635747 ], [ 7.740978624214216, 48.554039640033174 ], [ 7.740910947904324, 48.554038261657524 ], [ 7.740908915485247, 48.554083224029135 ], [ 7.7408412391196, 48.554081845612885 ], [ 7.740773562757599, 48.554080467157185 ], [ 7.74077152938369, 48.554125420549681 ], [ 7.740703852965951, 48.554124042053381 ], [ 7.740701820361538, 48.554169004420046 ], [ 7.740634143888044, 48.554167625883139 ], [ 7.740566467418197, 48.554166247306817 ], [ 7.740564433858986, 48.55421120069434 ], [ 7.740496757333401, 48.554209822077397 ], [ 7.740494724543649, 48.554254784439124 ], [ 7.740427047962311, 48.55425340578158 ], [ 7.740359371384617, 48.554252027084594 ], [ 7.740357337640107, 48.554296980467171 ], [ 7.740289661006674, 48.554295601729585 ], [ 7.740287628031584, 48.554340564086353 ], [ 7.740219951342402, 48.554339185308173 ], [ 7.740152274656862, 48.554337806490544 ], [ 7.74015024072705, 48.554382759868169 ], [ 7.740082563985771, 48.554381381009954 ], [ 7.740080530825344, 48.554426343361769 ], [ 7.740012854028313, 48.554424964462932 ], [ 7.740010819972581, 48.554469917836784 ], [ 7.739943143119812, 48.554468538897346 ], [ 7.739875467102999, 48.554467168894547 ], [ 7.739873432924921, 48.554512122265336 ], [ 7.739805756020046, 48.554510743245849 ], [ 7.73980372177901, 48.554555696614756 ], [ 7.739736045650682, 48.554554326530749 ], [ 7.739668368693704, 48.554552947431219 ], [ 7.73966633433032, 48.55459790079707 ], [ 7.739598657317602, 48.55459652165694 ], [ 7.739596622891257, 48.554641475020887 ], [ 7.739528946655053, 48.554640104816237 ], [ 7.739461269590231, 48.554638725596057 ], [ 7.739459235041539, 48.554683678956962 ], [ 7.739391557920976, 48.554682299696175 ], [ 7.739389524141554, 48.554727262031257 ], [ 7.739321846965241, 48.55472588272989 ], [ 7.739254169792576, 48.554724503389075 ], [ 7.739252135058577, 48.554769456744999 ], [ 7.739184457830173, 48.554768077363583 ], [ 7.739182423865406, 48.55481303969372 ], [ 7.739114746581251, 48.554811660271696 ], [ 7.739047069300743, 48.554810280810223 ], [ 7.739045034381435, 48.554855234161209 ], [ 7.738977357045187, 48.554853854659143 ], [ 7.738909666191485, 48.554852475670067 ], [ 7.738907645503079, 48.554897437441632 ], [ 7.738772277208912, 48.554894678790397 ], [ 7.738704599827861, 48.554893299129418 ], [ 7.738702564604453, 48.554938252473093 ], [ 7.73856721056661, 48.554935502006543 ], [ 7.738499519615975, 48.554934122778455 ], [ 7.738497497731961, 48.554979075565555 ], [ 7.738294451766034, 48.554974936536347 ], [ 7.738023729201599, 48.554969426070485 ], [ 7.738021693377142, 48.555014379401072 ], [ 7.737750969801498, 48.555008859323372 ], [ 7.737683292297, 48.555007479067271 ], [ 7.737681257003953, 48.555052441367394 ], [ 7.737679234396578, 48.555097394138414 ], [ 7.737611543255761, 48.555096014392831 ] ], [ [ 7.745283870449058, 48.554712146303928 ], [ 7.745351561288676, 48.55471352157776 ], [ 7.745349532743823, 48.554758484016595 ], [ 7.745281855365806, 48.554757108188412 ], [ 7.745283870449058, 48.554712146303928 ] ], [ [ 7.74715768243017, 48.556730101522909 ], [ 7.747155668913637, 48.556775063408722 ], [ 7.747087975298926, 48.556773689187402 ], [ 7.747090002396385, 48.556728726749363 ], [ 7.74715768243017, 48.556730101522909 ] ] ], [ [ [ 7.737784837217532, 48.557259452570172 ], [ 7.737852517702713, 48.557260832766033 ], [ 7.737854553765127, 48.557215879473148 ], [ 7.737860633223496, 48.5570810027425 ], [ 7.737862669271627, 48.55703604944668 ], [ 7.737794989083431, 48.55703466925663 ], [ 7.737727295377187, 48.557033289579415 ], [ 7.737725273563943, 48.557078251296709 ], [ 7.737657593323643, 48.557076871026609 ], [ 7.737655557093759, 48.557121824318223 ], [ 7.737653520860298, 48.557166777609076 ], [ 7.737721214741111, 48.557168157329215 ], [ 7.737719179395458, 48.557213119596604 ], [ 7.737786859817597, 48.557214499830749 ], [ 7.737784837217532, 48.557259452570172 ] ] ], [ [ [ 7.737686051234903, 48.587945891911154 ], [ 7.737618330150778, 48.587944511633054 ], [ 7.737616293489986, 48.58798947341586 ], [ 7.737548572350043, 48.587988093097124 ], [ 7.737546534793744, 48.588033045902044 ], [ 7.737411078875999, 48.588030285696114 ], [ 7.737409055559509, 48.588075246921676 ], [ 7.737341320781682, 48.58807386703446 ], [ 7.737339296569732, 48.588118819282137 ], [ 7.737271561736089, 48.588117439354278 ], [ 7.737269538293507, 48.588162400576053 ], [ 7.737201803404028, 48.588161020607551 ], [ 7.737199779066009, 48.588205972851398 ], [ 7.737132044120712, 48.588204592842288 ], [ 7.737127982617465, 48.58829450685365 ], [ 7.737060261086822, 48.588293126250498 ], [ 7.737056185920362, 48.58838304080875 ], [ 7.737327099600608, 48.588388561889374 ], [ 7.737329136531515, 48.588343600117973 ], [ 7.737464579744629, 48.588346360971386 ], [ 7.737466617385437, 48.588301408172882 ], [ 7.737534338938014, 48.588302788539217 ], [ 7.737536375683329, 48.588257826762813 ], [ 7.737671832210441, 48.588260586822486 ], [ 7.737673856135745, 48.588215634571284 ], [ 7.737741591110284, 48.588217014264615 ], [ 7.737743614140064, 48.588172053035485 ], [ 7.737811349058768, 48.588173432688187 ], [ 7.737813372858005, 48.588128480433156 ], [ 7.737881107720889, 48.5881298600452 ], [ 7.737883130624581, 48.588084898812284 ], [ 7.737950865431629, 48.588086278383685 ], [ 7.7379528891048, 48.588041326124845 ], [ 7.738088345081018, 48.588044085699252 ], [ 7.738090381329024, 48.587999123909029 ], [ 7.738158102498193, 48.588000503912021 ], [ 7.738160139515703, 48.587955551095853 ], [ 7.738227860629062, 48.587956931058223 ], [ 7.738229897583523, 48.587911978240165 ], [ 7.738297617808492, 48.587913349185911 ], [ 7.738299654699911, 48.587868396365913 ], [ 7.73836737570164, 48.587869776247025 ], [ 7.73837550863127, 48.587689956531307 ], [ 7.738240053577406, 48.587687197291274 ], [ 7.738238016640822, 48.587732150113098 ], [ 7.738102561482633, 48.587729390712859 ], [ 7.738100538785892, 48.587774351955247 ], [ 7.737965083523356, 48.587771592394802 ], [ 7.737963046341748, 48.587816545210465 ], [ 7.737895325421408, 48.587815165093716 ], [ 7.737893288176753, 48.587860117907439 ], [ 7.737825568033098, 48.587858746726063 ], [ 7.737823530725398, 48.58790369953789 ], [ 7.737688088665113, 48.587900939102411 ], [ 7.737686051234903, 48.587945891911154 ] ] ], [ [ [ 7.738324662411573, 48.545300954913884 ], [ 7.738322640754489, 48.545345907846034 ], [ 7.738390305503028, 48.545347287734124 ], [ 7.738394362213488, 48.545257381314414 ], [ 7.738326697583681, 48.545256001428648 ], [ 7.738259032957519, 48.545254621503446 ], [ 7.738256997726046, 48.545299574987524 ], [ 7.738324662411573, 48.545300954913884 ] ] ], [ [ [ 7.738587222803666, 48.545486295496282 ], [ 7.738519557866074, 48.545484915723023 ], [ 7.738517537204801, 48.545529877631857 ], [ 7.738585202201771, 48.545531257406282 ], [ 7.738587222803666, 48.545486295496282 ] ] ], [ [ [ 7.738575056087106, 48.545756041674245 ], [ 7.738577090225478, 48.545711079215465 ], [ 7.738509411472345, 48.545709699988784 ], [ 7.738507390793286, 48.545754661894001 ], [ 7.738575056087106, 48.545756041674245 ] ] ], [ [ [ 7.738573021113214, 48.545800995156171 ], [ 7.738640699988764, 48.54580237434574 ], [ 7.738642721384569, 48.54575742141504 ], [ 7.738575056087106, 48.545756041674245 ], [ 7.738573021113214, 48.545800995156171 ] ] ], [ [ [ 7.738644755463565, 48.545712458955109 ], [ 7.738712420705302, 48.54571383865531 ], [ 7.738704309978938, 48.545893669438314 ], [ 7.738771975461807, 48.545895049103727 ], [ 7.738767919364022, 48.545984955517092 ], [ 7.73897092970948, 48.545989093731265 ], [ 7.73897296434142, 48.54594414024524 ], [ 7.739040629898245, 48.545945519754078 ], [ 7.739042650116476, 48.545900557842501 ], [ 7.73897498461903, 48.545899178334807 ], [ 7.738977019243834, 48.545854224847353 ], [ 7.738909340290673, 48.545852845853851 ], [ 7.738911374971281, 48.545807892366803 ], [ 7.738843709599861, 48.54580651278259 ], [ 7.738847764718407, 48.545716597384988 ], [ 7.738780099469378, 48.545715217763657 ], [ 7.738782120739329, 48.545670264829212 ], [ 7.73864677685226, 48.545667506022966 ], [ 7.738644755463565, 48.545712458955109 ] ] ], [ [ [ 7.739432452984507, 48.546268485612735 ], [ 7.739434473703437, 48.546223532675405 ], [ 7.739366807768508, 48.546222153396222 ], [ 7.73936477347138, 48.546267106884876 ], [ 7.739432452984507, 48.546268485612735 ] ] ], [ [ [ 7.739430418743188, 48.546313439101851 ], [ 7.739498084800496, 48.546314818343923 ], [ 7.73950011898245, 48.546269864853649 ], [ 7.739432452984507, 48.546268485612735 ], [ 7.739430418743188, 48.546313439101851 ] ] ], [ [ [ 7.739293053107954, 48.546355642961558 ], [ 7.739225387002204, 48.546354263600016 ], [ 7.739223353407701, 48.546399226060274 ], [ 7.739291018740751, 48.54640059644688 ], [ 7.739293053107954, 48.546355642961558 ] ] ], [ [ [ 7.739563731086273, 48.546361159460872 ], [ 7.73949606496594, 48.546359780257077 ], [ 7.739494030776853, 48.546404733745895 ], [ 7.739561710475421, 48.546406112398358 ], [ 7.739563731086273, 48.546361159460872 ] ] ], [ [ [ 7.739358698428382, 48.54640197521767 ], [ 7.739291018740751, 48.54640059644688 ], [ 7.739288998720935, 48.546445558355124 ], [ 7.73935666494908, 48.546446937679534 ], [ 7.739358698428382, 48.54640197521767 ] ] ], [ [ [ 7.739352610666566, 48.546536853072524 ], [ 7.739420276184999, 48.546538223383735 ], [ 7.739424331180868, 48.546448316964536 ], [ 7.73935666494908, 48.546446937679534 ], [ 7.739352610666566, 48.546536853072524 ] ] ], [ [ [ 7.739485922686834, 48.546584564541128 ], [ 7.739487956058074, 48.546539602079115 ], [ 7.739420276184999, 48.546538223383735 ], [ 7.739418256273284, 48.546583185292107 ], [ 7.739485922686834, 48.546584564541128 ] ] ], [ [ [ 7.739485922686834, 48.546584564541128 ], [ 7.739483888479909, 48.546629518026343 ], [ 7.739551568475401, 48.546630896684597 ], [ 7.739553589104033, 48.546585943750742 ], [ 7.739485922686834, 48.546584564541128 ] ] ], [ [ [ 7.739742406256625, 48.546904771298827 ], [ 7.739740386613388, 48.546949733207178 ], [ 7.739808053520151, 48.546951112268317 ], [ 7.739812107035482, 48.546861196872129 ], [ 7.739744440247466, 48.546859817813299 ], [ 7.7397545814459, 48.546635033527764 ], [ 7.739686901439472, 48.546633654987822 ], [ 7.739684880926029, 48.546678607923276 ], [ 7.739549535156411, 48.546675859146347 ], [ 7.73954751452067, 48.54672081207876 ], [ 7.739615181119628, 48.5467221912524 ], [ 7.739611127269406, 48.546812106645973 ], [ 7.739678793990758, 48.546813485782508 ], [ 7.739674739412888, 48.546903392199404 ], [ 7.739742406256625, 48.546904771298827 ] ] ], [ [ [ 7.738515532792734, 48.575588457786964 ], [ 7.738447828043888, 48.575587077986235 ], [ 7.738457980633601, 48.575362296044098 ], [ 7.738390263491466, 48.575360925738103 ], [ 7.738400416289219, 48.575136143783212 ], [ 7.738332712142061, 48.575134763915194 ], [ 7.738338805995587, 48.57499988744555 ], [ 7.738271089336337, 48.574998517069936 ], [ 7.738279219725914, 48.574818687571238 ], [ 7.73821150247574, 48.57481730818477 ], [ 7.738215574531182, 48.574727393157112 ], [ 7.738147857403561, 48.57472601373351 ], [ 7.738155989015326, 48.57454619320233 ], [ 7.738020568772946, 48.574543433693705 ], [ 7.738018532166819, 48.574588386719363 ], [ 7.737815408415488, 48.574584246880811 ], [ 7.737809326757998, 48.574719122790306 ], [ 7.737877030340998, 48.57472050296353 ], [ 7.737874993601703, 48.574765455983886 ], [ 7.737942710774169, 48.574766835566507 ], [ 7.737934578377706, 48.574946656068896 ], [ 7.738002295791617, 48.574948035616693 ], [ 7.737998223343779, 48.575037950629941 ], [ 7.738065940880246, 48.575039330140605 ], [ 7.73806188206347, 48.575129244600873 ], [ 7.73812958619602, 48.57513062462673 ], [ 7.738125527483858, 48.575220539086359 ], [ 7.738193231738943, 48.575221919075076 ], [ 7.73818511367722, 48.575401739014048 ], [ 7.738252818173709, 48.575403118967948 ], [ 7.738244701125041, 48.575582947875702 ], [ 7.738312405862944, 48.575584327794807 ], [ 7.738279909330373, 48.576303626478264 ], [ 7.738212203641424, 48.576302246540578 ], [ 7.738202049785291, 48.576527028387311 ], [ 7.738134330275941, 48.576525648956697 ], [ 7.738116057486314, 48.576930250617004 ], [ 7.738048350972485, 48.576928870584133 ], [ 7.738038196272037, 48.577153652367222 ], [ 7.738105903083082, 48.577155032405905 ], [ 7.738095748590624, 48.577379814176226 ], [ 7.738163455702542, 48.577381194181257 ], [ 7.738153301418064, 48.577605975938795 ], [ 7.738085594008925, 48.577604595927951 ], [ 7.738079498345164, 48.577739463285326 ], [ 7.738147205932637, 48.577740843299644 ], [ 7.738214927050923, 48.577742222722158 ], [ 7.738212891320639, 48.577787184676929 ], [ 7.738280598974867, 48.577788564613492 ], [ 7.738348320159922, 48.577789943958244 ], [ 7.738346283712549, 48.577834896938569 ], [ 7.738414004960711, 48.577836276245002 ], [ 7.738481712685337, 48.577837656064361 ], [ 7.738479676353275, 48.577882609046263 ], [ 7.738615105459564, 48.577885368016524 ], [ 7.738621199728695, 48.577750500637961 ], [ 7.738553478588495, 48.577749121452236 ], [ 7.738559573003858, 48.577614254070433 ], [ 7.738491865572803, 48.577612874296364 ], [ 7.738495923830899, 48.577522959899241 ], [ 7.73842821652239, 48.57752158008801 ], [ 7.73843431124087, 48.577386712702058 ], [ 7.738366590587278, 48.577385333407236 ], [ 7.738372685451987, 48.577250466018057 ], [ 7.738304978507442, 48.577249086134898 ], [ 7.738313095608582, 48.5770692573278 ], [ 7.738245388905469, 48.577067877409839 ], [ 7.738255543510918, 48.576843104577875 ], [ 7.738323249084424, 48.576844475514044 ], [ 7.73833949733203, 48.57648482625811 ], [ 7.738407203266046, 48.576486206121523 ], [ 7.738417369739455, 48.57626142370129 ], [ 7.73848507537991, 48.576262803519434 ], [ 7.738515532792734, 48.575588457786964 ] ] ], [ [ [ 7.738615105459564, 48.577885368016524 ], [ 7.738613070075294, 48.57793032997602 ], [ 7.738680790624492, 48.577931700150913 ], [ 7.738682813254587, 48.577886747718651 ], [ 7.738615105459564, 48.577885368016524 ] ] ], [ [ [ 7.738680790624492, 48.577931700150913 ], [ 7.738678755296108, 48.577976662110849 ], [ 7.738746463213677, 48.577978041775843 ], [ 7.738748498482611, 48.577933079814748 ], [ 7.738680790624492, 48.577931700150913 ] ] ], [ [ [ 7.738877834138428, 48.578070705855211 ], [ 7.738810126094675, 48.578069326266814 ], [ 7.738808090874486, 48.578114288226843 ], [ 7.738875798977692, 48.578115667816391 ], [ 7.738877834138428, 48.578070705855211 ] ] ], [ [ [ 7.738873776508123, 48.578160620248426 ], [ 7.738941484674426, 48.578161999799669 ], [ 7.738943520611806, 48.578117046814086 ], [ 7.738875798977692, 48.578115667816391 ], [ 7.738873776508123, 48.578160620248426 ] ] ], [ [ [ 7.739070821428176, 48.578299625614257 ], [ 7.739072857257384, 48.57825467262856 ], [ 7.7390051354376, 48.578253293706354 ], [ 7.739003113076238, 48.578298246138445 ], [ 7.739070821428176, 48.578299625614257 ] ] ], [ [ [ 7.739068786427952, 48.578344587575231 ], [ 7.739136507537734, 48.578345957484302 ], [ 7.739138529783766, 48.578301005050641 ], [ 7.739070821428176, 48.578299625614257 ], [ 7.739068786427952, 48.578344587575231 ] ] ], [ [ [ 7.739267867419052, 48.578438630639184 ], [ 7.739200158877824, 48.578437251278253 ], [ 7.739198123985799, 48.578482213239312 ], [ 7.739265846113827, 48.578483592048926 ], [ 7.739267867419052, 48.578438630639184 ] ] ], [ [ [ 7.739265846113827, 48.578483592048926 ], [ 7.739263810445094, 48.578528545034395 ], [ 7.73933151910887, 48.5785299243582 ], [ 7.739333553885553, 48.578484962395557 ], [ 7.739265846113827, 48.578483592048926 ] ] ], [ [ [ 7.738864498675464, 48.588869841703342 ], [ 7.738796776336182, 48.588868462112416 ], [ 7.738794740674542, 48.58891342390119 ], [ 7.738862475770717, 48.588914793964882 ], [ 7.738864498675464, 48.588869841703342 ] ] ], [ [ [ 7.738312523609816, 48.589083586390942 ], [ 7.738109343100965, 48.58907945606343 ], [ 7.738107305994049, 48.589124408860812 ], [ 7.738310487513917, 48.5891285481678 ], [ 7.738312523609816, 48.589083586390942 ] ] ], [ [ [ 7.73812285085666, 48.605278743998284 ], [ 7.738393854174202, 48.605284262558975 ], [ 7.738395891673026, 48.605239310015477 ], [ 7.738124888593519, 48.605233791459447 ], [ 7.73812285085666, 48.605278743998284 ] ] ], [ [ [ 7.740657365116307, 48.547643378258037 ], [ 7.740589697271551, 48.547641999692161 ], [ 7.740587677511123, 48.547686952627849 ], [ 7.740655345415251, 48.547688331194884 ], [ 7.740657365116307, 48.547643378258037 ] ] ], [ [ [ 7.740720993677789, 48.547734662659764 ], [ 7.740653312191442, 48.547733284683645 ], [ 7.740651293315619, 48.547778246595129 ], [ 7.740718961342144, 48.547779625125052 ], [ 7.740720993677789, 48.547734662659764 ] ] ], [ [ [ 7.740714908514676, 48.547869531548628 ], [ 7.740782576663589, 48.547870910041432 ], [ 7.740786629372313, 48.54778100361554 ], [ 7.740718961342144, 48.547779625125052 ], [ 7.740714908514676, 48.547869531548628 ] ] ], [ [ [ 7.740846193044302, 48.547962203896212 ], [ 7.740850258335383, 48.547872287942148 ], [ 7.740782576663589, 48.547870910041432 ], [ 7.740778524772989, 48.547960825440519 ], [ 7.740846193044302, 48.547962203896212 ] ] ], [ [ [ 7.741154169196824, 48.548643446794969 ], [ 7.741086486497201, 48.548642069071747 ], [ 7.741082435079403, 48.548731984457753 ], [ 7.741150104378347, 48.54873336273598 ], [ 7.741154169196824, 48.548643446794969 ] ] ], [ [ [ 7.742118668673164, 48.587361141257219 ], [ 7.742186401802637, 48.587362509384313 ], [ 7.742188421724715, 48.587317557040265 ], [ 7.74212070135113, 48.587316179385574 ], [ 7.742118668673164, 48.587361141257219 ] ] ], [ [ [ 7.742114615169721, 48.58745104649352 ], [ 7.742118668673164, 48.587361141257219 ], [ 7.742050948243753, 48.587359763561899 ], [ 7.742046894621383, 48.587449668795891 ], [ 7.742114615169721, 48.58745104649352 ] ] ], [ [ [ 7.742046894621383, 48.587449668795891 ], [ 7.741979160547002, 48.587448291611565 ], [ 7.741975107624652, 48.587538205816216 ], [ 7.742042841817995, 48.587539583002844 ], [ 7.742046894621383, 48.587449668795891 ] ] ], [ [ [ 7.739818624130767, 48.605268264475093 ], [ 7.73975088004588, 48.605266885448245 ], [ 7.739748843737241, 48.605311838015027 ], [ 7.74001984740562, 48.605317352785164 ], [ 7.740021869941788, 48.605272400766268 ], [ 7.740360616711479, 48.60527928463511 ], [ 7.740362652480957, 48.605234332057066 ], [ 7.739820659543189, 48.605223302930447 ], [ 7.739818624130767, 48.605268264475093 ] ] ], [ [ [ 7.741249735329387, 48.6096170853994 ], [ 7.741181985443492, 48.609615707208654 ], [ 7.741179950219954, 48.609660659730224 ], [ 7.741247700165365, 48.609662037922121 ], [ 7.741249735329387, 48.6096170853994 ] ] ], [ [ [ 7.744877951380377, 48.578777692403136 ], [ 7.744607101310535, 48.578772188353391 ], [ 7.744605071157372, 48.578817150403758 ], [ 7.744875934158833, 48.578822644929055 ], [ 7.744877951380377, 48.578777692403136 ] ] ], [ [ [ 7.744479222844928, 48.584619263469143 ], [ 7.74447516101247, 48.584709178403784 ], [ 7.744542891526875, 48.584710554134617 ], [ 7.744546939711471, 48.584620639750717 ], [ 7.744479222844928, 48.584619263469143 ] ] ], [ [ [ 7.742836469202606, 48.586475779179217 ], [ 7.742904202012214, 48.586477155864308 ], [ 7.742910285995807, 48.586342288668618 ], [ 7.742978005101246, 48.586343665863659 ], [ 7.742982056165975, 48.586253751586113 ], [ 7.743049788685488, 48.586255128186465 ], [ 7.74305383961702, 48.586165213903612 ], [ 7.743121558491887, 48.586166591015086 ], [ 7.743125622819554, 48.586076676173988 ], [ 7.743057890534306, 48.586075299617754 ], [ 7.743055872258799, 48.586120260972585 ], [ 7.742988139917711, 48.586118884375701 ], [ 7.742984088874359, 48.586208798657744 ], [ 7.742916356417963, 48.586207422019079 ], [ 7.742912304408046, 48.586297327319841 ], [ 7.742844585365725, 48.586295950086502 ], [ 7.742840534055999, 48.586385864357915 ], [ 7.742772801368995, 48.586384487635662 ], [ 7.742768749926062, 48.586474401901754 ], [ 7.74270103065317, 48.586473024584841 ], [ 7.742696965547617, 48.586562939398497 ], [ 7.742629246159433, 48.58656156203979 ], [ 7.742623161408727, 48.586696429210321 ], [ 7.742555441845798, 48.586695051808661 ], [ 7.742551389996174, 48.58678496605733 ], [ 7.742483656788449, 48.586783589166728 ], [ 7.742479604805622, 48.586873503410082 ], [ 7.742411885012114, 48.586872125924863 ], [ 7.742407819366551, 48.586962040715711 ], [ 7.742340099457757, 48.586960663188705 ], [ 7.742336047208541, 48.587050577421415 ], [ 7.74240376723627, 48.587051954950738 ], [ 7.742405799651332, 48.587006993069203 ], [ 7.742473519623233, 48.587008370557911 ], [ 7.742477571627442, 48.586918456319069 ], [ 7.742545305013602, 48.58691983321313 ], [ 7.742549356884605, 48.586829918968981 ], [ 7.74261707662593, 48.5868312963741 ], [ 7.742621142726571, 48.586741390547729 ], [ 7.742688862352621, 48.586742767911062 ], [ 7.74269291395724, 48.586652853656275 ], [ 7.742760646997475, 48.586654230424969 ], [ 7.742764698468891, 48.586564316164853 ], [ 7.742832417864363, 48.586565693444626 ], [ 7.742836469202606, 48.586475779179217 ] ] ], [ [ [ 7.745346091525593, 48.589451578848809 ], [ 7.745352169424001, 48.58931671166718 ], [ 7.745419892533379, 48.589318087437789 ], [ 7.745425970221313, 48.589183220245921 ], [ 7.745493693155924, 48.589184595973578 ], [ 7.745499770633391, 48.589049728771478 ], [ 7.745567493393228, 48.589051104456189 ], [ 7.745575600362876, 48.588871275336572 ], [ 7.745643322888462, 48.588872650977187 ], [ 7.745649399934314, 48.588737783752364 ], [ 7.745717122285133, 48.588739159350048 ], [ 7.745723199120523, 48.588604292115008 ], [ 7.745790934826527, 48.588605667116518 ], [ 7.7457969970876, 48.588470791448543 ], [ 7.745864732618792, 48.588472166407108 ], [ 7.745870809033232, 48.588337299151604 ], [ 7.745938530859736, 48.588338674620445 ], [ 7.74594663641193, 48.588158845429625 ], [ 7.746014358004192, 48.588160220854363 ], [ 7.746018404709008, 48.58807031550468 ], [ 7.745950683235674, 48.588068940082252 ], [ 7.745954729211268, 48.587979025755956 ], [ 7.746022450565659, 48.587980401176075 ], [ 7.746030555766022, 48.587800571956606 ], [ 7.746098276886173, 48.587801947332615 ], [ 7.74610435260518, 48.587667080032951 ], [ 7.746172073550571, 48.587668455366014 ], [ 7.746178149059133, 48.587533588056125 ], [ 7.746245883359427, 48.587534962792986 ], [ 7.746249928773841, 48.587445048439449 ], [ 7.746385383617782, 48.587447798343376 ], [ 7.746387399018895, 48.587402836951838 ], [ 7.746455133151659, 48.587404211566806 ], [ 7.746457149323744, 48.587359259149295 ], [ 7.746524883400674, 48.58736063372362 ], [ 7.746530944412813, 48.587225766933933 ], [ 7.746598678314944, 48.587227141465306 ], [ 7.746604751812202, 48.587092265136143 ], [ 7.746672472009984, 48.587093640177883 ], [ 7.746674501508348, 48.587048687198354 ], [ 7.746742221650309, 48.587050062199481 ], [ 7.7467442502516, 48.587005100242102 ], [ 7.746811970337725, 48.587006475202607 ], [ 7.746820059912541, 48.586826655395463 ], [ 7.746887793293921, 48.586828029758514 ], [ 7.746891837524011, 48.586738115360163 ], [ 7.746959557260622, 48.586739490234798 ], [ 7.746961585658546, 48.586694528268687 ], [ 7.747029305339324, 48.586695903102694 ], [ 7.747031334508299, 48.586650950110617 ], [ 7.747099054133256, 48.58665232490398 ], [ 7.747101082405098, 48.586607362934075 ], [ 7.747168801974222, 48.586608737686817 ], [ 7.747172846527106, 48.586518832247663 ], [ 7.747105127076908, 48.586517457497209 ], [ 7.747111199988529, 48.586382590083701 ], [ 7.747043480720365, 48.58638121529728 ], [ 7.747047524641446, 48.586291300879338 ], [ 7.746979791966528, 48.586289926609112 ], [ 7.746983849521654, 48.586200011637118 ], [ 7.746848397949958, 48.586197262429557 ], [ 7.746842324367395, 48.586332129838141 ], [ 7.746774606007307, 48.58633076387094 ], [ 7.746770547239935, 48.586420669855549 ], [ 7.746702827930513, 48.586419294870623 ], [ 7.746696754771787, 48.586554171236969 ], [ 7.746629035287595, 48.586552796209112 ], [ 7.74662296108441, 48.586687663589302 ], [ 7.746555241425464, 48.586686288518514 ], [ 7.746551196607771, 48.58677620290679 ], [ 7.746483463304067, 48.586774828347529 ], [ 7.746481447178145, 48.586819780774775 ], [ 7.746345993992188, 48.586817030982189 ], [ 7.746337890056707, 48.586996860286163 ], [ 7.746405623650519, 48.586998234930178 ], [ 7.74640359391785, 48.587043187905813 ], [ 7.746335873794093, 48.587041812707355 ], [ 7.746329798759829, 48.587176680048941 ], [ 7.746262079295281, 48.587175313783469 ], [ 7.746256004050577, 48.587310181114823 ], [ 7.746188270047687, 48.587308806383753 ], [ 7.746180178175448, 48.58748862611629 ], [ 7.746112443938285, 48.587487251341109 ], [ 7.74610638262561, 48.587622127072443 ], [ 7.746038648213635, 48.587620752254317 ], [ 7.746032572326882, 48.587755619552773 ], [ 7.745964851269834, 48.587754244138438 ], [ 7.745958775172634, 48.587889111426662 ], [ 7.745891053940828, 48.587887735969403 ], [ 7.745884977633173, 48.588022603247396 ], [ 7.745817256226602, 48.588021227747191 ], [ 7.745811180542405, 48.58815610399089 ], [ 7.74574344543122, 48.588154729000969 ], [ 7.74573535186127, 48.588334548648746 ], [ 7.745667630045689, 48.5883331730615 ], [ 7.745661553095985, 48.588468040306566 ], [ 7.74559381840959, 48.588466674205506 ], [ 7.745587754779347, 48.588601540887161 ], [ 7.745520019084273, 48.588600165767225 ], [ 7.745511924658318, 48.588779985371097 ], [ 7.74544418872896, 48.588778610207044 ], [ 7.745438111970991, 48.588913486395107 ], [ 7.745370389396854, 48.588912110634929 ], [ 7.745364311594572, 48.589046977836823 ], [ 7.745296588845664, 48.5890456020337 ], [ 7.745294558057006, 48.58909055495743 ], [ 7.745226835252276, 48.589089179113685 ], [ 7.74521872702184, 48.589269008195096 ], [ 7.745151003982858, 48.589267632307248 ], [ 7.745144925559833, 48.589402499480698 ], [ 7.745077202346081, 48.589401123549912 ], [ 7.745069093540082, 48.589580952601032 ], [ 7.745001370092077, 48.589579576626129 ], [ 7.744995291237409, 48.58971444377687 ], [ 7.744927567614628, 48.589713067759028 ], [ 7.744921488549481, 48.589847934899517 ], [ 7.744919458233056, 48.589892896779837 ], [ 7.744851734376019, 48.589891520717899 ], [ 7.744847686310065, 48.589981434944931 ], [ 7.744779948807395, 48.589980059394314 ], [ 7.744777931057889, 48.590025011741012 ], [ 7.745048840737331, 48.590030515370628 ], [ 7.745054919488361, 48.589895648232201 ], [ 7.745122642522515, 48.589897015199803 ], [ 7.745128721063071, 48.589762148051129 ], [ 7.745196458286516, 48.589763523398567 ], [ 7.745202523086331, 48.589628656792819 ], [ 7.745270260134965, 48.589630032097311 ], [ 7.745278354711263, 48.589450203588434 ], [ 7.745346091525593, 48.589451578848809 ] ] ], [ [ [ 7.744787210980848, 48.609373964445169 ], [ 7.744793292721917, 48.609239098252196 ], [ 7.744725543241461, 48.609237722126238 ], [ 7.744657780229226, 48.609236346513875 ], [ 7.744653730290475, 48.609326260112901 ], [ 7.744721479886329, 48.609327636280668 ], [ 7.744719461321836, 48.609372588315722 ], [ 7.744787210980848, 48.609373964445169 ] ] ], [ [ [ 7.747910773836737, 48.585183874726489 ], [ 7.747914829667597, 48.585093959686894 ], [ 7.747982547254949, 48.585095333966173 ], [ 7.747986589423645, 48.585005419474747 ], [ 7.748054320424685, 48.585006793158762 ], [ 7.748060377125304, 48.58487192617725 ], [ 7.747992659831627, 48.584870551943226 ], [ 7.74799063241236, 48.584915513956254 ], [ 7.747922915062849, 48.584914139681594 ], [ 7.747920886746327, 48.584959092716801 ], [ 7.747853169340998, 48.584957718401526 ], [ 7.747849126941543, 48.585047632889818 ], [ 7.747781395891932, 48.585046259086226 ], [ 7.747779380974801, 48.585091211563409 ], [ 7.747711663398364, 48.585089837165725 ], [ 7.747709635723408, 48.585134799170383 ], [ 7.747641918091141, 48.585133424732085 ], [ 7.747639889518973, 48.585178377758908 ], [ 7.747572171830884, 48.585177003279988 ], [ 7.747570144029854, 48.585221965280823 ], [ 7.747502426285937, 48.585220590761281 ], [ 7.747498369720087, 48.585310505782473 ], [ 7.74743065186088, 48.585309131221138 ], [ 7.747428623096074, 48.58535408424148 ], [ 7.747360905181049, 48.58535270963953 ], [ 7.747358890716434, 48.5853976710805 ], [ 7.747291159216486, 48.585396296991327 ], [ 7.747281043453074, 48.585621078911537 ], [ 7.747484210963519, 48.58562519320887 ], [ 7.747488254884246, 48.58553528772751 ], [ 7.747555986573533, 48.585536661701724 ], [ 7.747560029526934, 48.585446747239146 ], [ 7.747627747571807, 48.585448121725001 ], [ 7.747629775331171, 48.585403159726745 ], [ 7.747697493320214, 48.585404534171992 ], [ 7.747701549543485, 48.585314619146843 ], [ 7.747769267417239, 48.585315993550303 ], [ 7.747773310812483, 48.585226088049218 ], [ 7.747841027736746, 48.585227453434968 ], [ 7.747843056134093, 48.585182500405431 ], [ 7.747910773836737, 48.585183874726489 ] ] ], [ [ [ 7.746922190341471, 48.586063769910936 ], [ 7.746918146218056, 48.586153684331734 ], [ 7.746985865181613, 48.586155059191327 ], [ 7.746989922715366, 48.586065144214828 ], [ 7.746922190341471, 48.586063769910936 ] ] ], [ [ [ 7.746560271464825, 48.604640261491546 ], [ 7.746492528030419, 48.604638886392998 ], [ 7.746490498508162, 48.604683848063722 ], [ 7.746558242002085, 48.604685223163429 ], [ 7.746560271464825, 48.604640261491546 ] ] ], [ [ [ 7.748235691799084, 48.608094000653558 ], [ 7.748239749710594, 48.608004095312303 ], [ 7.748171988238903, 48.608002721747603 ], [ 7.748167943743427, 48.60809262653305 ], [ 7.748235691799084, 48.608094000653558 ] ] ], [ [ [ 7.748094110109575, 48.608226128323949 ], [ 7.748161871875271, 48.608227501933925 ], [ 7.748167943743427, 48.60809262653305 ], [ 7.74810018299096, 48.608091261902395 ], [ 7.748094110109575, 48.608226128323949 ] ] ], [ [ [ 7.748088050731315, 48.608360994185162 ], [ 7.748094110109575, 48.608226128323949 ], [ 7.748026361882645, 48.608224754121004 ], [ 7.748020288790679, 48.608359620532227 ], [ 7.748088050731315, 48.608360994185162 ] ] ], [ [ [ 7.747942422990052, 48.608583026424789 ], [ 7.747946467086283, 48.608493112687221 ], [ 7.748014215666669, 48.608494486936586 ], [ 7.748020288790679, 48.608359620532227 ], [ 7.747952540388838, 48.608358246286329 ], [ 7.747948482778775, 48.608448160581936 ], [ 7.747880734261544, 48.608446786294238 ], [ 7.747874660759051, 48.608581652687079 ], [ 7.747942422990052, 48.608583026424789 ] ] ], [ [ [ 7.747729031462557, 48.608803684641785 ], [ 7.747796780448644, 48.608805059017705 ], [ 7.747800838353825, 48.608715144738923 ], [ 7.747868587224517, 48.608716519073056 ], [ 7.747874660759051, 48.608581652687079 ], [ 7.747806912066911, 48.60858027835642 ], [ 7.747802854183114, 48.608670192639778 ], [ 7.747735105375579, 48.608668818267319 ], [ 7.747729031462557, 48.608803684641785 ] ] ], [ [ [ 7.747573281747343, 48.609250496448631 ], [ 7.747569223399467, 48.609340410702124 ], [ 7.74763698662792, 48.609341784617484 ], [ 7.747641031321332, 48.609251870915095 ], [ 7.747573281747343, 48.609250496448631 ] ] ], [ [ [ 7.747491354134031, 48.609563816213694 ], [ 7.747485279471675, 48.609698682531949 ], [ 7.747553029637218, 48.60970005704948 ], [ 7.747559104121013, 48.609565190727743 ], [ 7.747491354134031, 48.609563816213694 ] ] ], [ [ [ 7.74727281821932, 48.611404251730171 ], [ 7.747205066637407, 48.611402886026042 ], [ 7.747186839632884, 48.611807484647024 ], [ 7.747254592585051, 48.611808859337422 ], [ 7.74727281821932, 48.611404251730171 ] ] ], [ [ [ 7.747296028264276, 48.612394659754372 ], [ 7.747228274534634, 48.612393285088409 ], [ 7.747216123117384, 48.612663017415294 ], [ 7.747283877204178, 48.612664392088199 ], [ 7.747296028264276, 48.612394659754372 ] ] ], [ [ [ 7.748502503446042, 48.614218988010343 ], [ 7.74863802935362, 48.614221735262333 ], [ 7.748773554440917, 48.61422447338051 ], [ 7.748775569632119, 48.614179521353861 ], [ 7.748640057365752, 48.614176773708593 ], [ 7.74850453157726, 48.614174026458926 ], [ 7.747420340165129, 48.614152051197074 ], [ 7.747418311081219, 48.614197012729939 ], [ 7.747350554959519, 48.614195638136124 ], [ 7.747348524977906, 48.614240590691217 ], [ 7.74782285893317, 48.614250210366443 ], [ 7.748026154637724, 48.614254332096685 ], [ 7.748028169652596, 48.614209371107634 ], [ 7.748502503446042, 48.614218988010343 ] ] ], [ [ [ 7.751586120365738, 48.56824931010074 ], [ 7.751518424976523, 48.568247937913334 ], [ 7.751516400479498, 48.568292891273551 ], [ 7.751584095928131, 48.5682942634621 ], [ 7.751586120365738, 48.56824931010074 ] ] ], [ [ [ 7.751342656090274, 48.56914432781452 ], [ 7.751344667248898, 48.569099375024514 ], [ 7.751276970741495, 48.569098002696812 ], [ 7.751274945998699, 48.569142956039528 ], [ 7.751342656090274, 48.56914432781452 ] ] ], [ [ [ 7.74979978126612, 48.574827762942057 ], [ 7.749797768524893, 48.574872715615513 ], [ 7.7497300508934, 48.574871342942799 ], [ 7.749728038923566, 48.574916304590317 ], [ 7.749660321236246, 48.574914931876982 ], [ 7.749656282806371, 48.575004846745209 ], [ 7.749723987086278, 48.575006220014522 ], [ 7.749721974271433, 48.575051172683857 ], [ 7.749789678614412, 48.575052545914886 ], [ 7.749785640401019, 48.575142460783283 ], [ 7.749853344866511, 48.575143833977144 ], [ 7.749867485315534, 48.574829136127839 ], [ 7.74979978126612, 48.574827762942057 ] ] ], [ [ [ 7.75137337930515, 48.57751449180774 ], [ 7.751305658134502, 48.577513120054661 ], [ 7.751303646610836, 48.577558072711945 ], [ 7.751371354313967, 48.577559445020057 ], [ 7.75137337930515, 48.57751449180774 ] ] ], [ [ [ 7.750998458865886, 48.578316847544393 ], [ 7.751066181092256, 48.578318219476131 ], [ 7.751070217305644, 48.578228304663227 ], [ 7.751002509560002, 48.578226941155883 ], [ 7.751004520539929, 48.578181979538421 ], [ 7.750936812022709, 48.578180607016847 ], [ 7.750932775578609, 48.578270521826624 ], [ 7.751000484214725, 48.578271894350493 ], [ 7.750998458865886, 48.578316847544393 ] ] ], [ [ [ 7.751316836188828, 48.578773274114013 ], [ 7.751249126880625, 48.578771901774715 ], [ 7.751247101730483, 48.578816854965055 ], [ 7.751314824625434, 48.578818226751629 ], [ 7.751316836188828, 48.578773274114013 ] ] ], [ [ [ 7.751374462560317, 48.578999428659849 ], [ 7.751376473243702, 48.578954467048142 ], [ 7.75130876369408, 48.578953094743696 ], [ 7.751306739423886, 48.578998056908134 ], [ 7.751374462560317, 48.578999428659849 ] ] ], [ [ [ 7.751239029818437, 48.578996684563073 ], [ 7.751237004650523, 48.579041637749668 ], [ 7.751304727842782, 48.579043009542012 ], [ 7.751306739423886, 48.578998056908134 ], [ 7.751239029818437, 48.578996684563073 ] ] ], [ [ [ 7.751237004650523, 48.579041637749668 ], [ 7.751169294989264, 48.579040265363993 ], [ 7.751165258885955, 48.579130180154742 ], [ 7.751232968666114, 48.579131552542719 ], [ 7.751237004650523, 48.579041637749668 ] ] ], [ [ [ 7.751275373665636, 48.603835863955894 ], [ 7.751273348380985, 48.60388082572296 ], [ 7.75113784974096, 48.603878081532486 ], [ 7.751135837032566, 48.603923033766804 ], [ 7.751339078409607, 48.603927150273684 ], [ 7.751341090104356, 48.603882189060066 ], [ 7.751476588766172, 48.603884933013646 ], [ 7.751478614707421, 48.603839980218929 ], [ 7.751614113264763, 48.603842724012246 ], [ 7.751616124714343, 48.60379776279251 ], [ 7.751751623167191, 48.603800506425593 ], [ 7.751753648863293, 48.603755553624723 ], [ 7.751550394601052, 48.603751438396301 ], [ 7.751548382260331, 48.603796390639801 ], [ 7.751412884664438, 48.603793655745662 ], [ 7.751410858667239, 48.603838608539967 ], [ 7.751275373665636, 48.603835863955894 ] ] ], [ [ [ 7.751135837032566, 48.603923033766804 ], [ 7.751000338288068, 48.603920289416088 ], [ 7.750998312758226, 48.603965251177009 ], [ 7.75113381078667, 48.603967986554203 ], [ 7.751135837032566, 48.603923033766804 ] ] ], [ [ [ 7.749302585839883, 48.603975902760894 ], [ 7.749304613696038, 48.603930950005548 ], [ 7.749236871127631, 48.603929576505884 ], [ 7.749234843211974, 48.603974529260071 ], [ 7.749302585839883, 48.603975902760894 ] ] ], [ [ [ 7.749507854122256, 48.603935060738159 ], [ 7.749505840813411, 48.60398002191917 ], [ 7.75011556449362, 48.603992369947022 ], [ 7.750117591635685, 48.603947417177757 ], [ 7.749507854122256, 48.603935060738159 ] ] ], [ [ [ 7.748961831880213, 48.604013997140257 ], [ 7.749232816127511, 48.604019490989337 ], [ 7.749234843211974, 48.603974529260071 ], [ 7.748963846503473, 48.603969044945067 ], [ 7.748961831880213, 48.604013997140257 ] ] ], [ [ [ 7.750587777169264, 48.604046931146314 ], [ 7.75085877529972, 48.604052420651321 ], [ 7.750860800955716, 48.604007458894223 ], [ 7.750996299923725, 48.604010203407498 ], [ 7.750998312758226, 48.603965251177009 ], [ 7.750795071257175, 48.603961134074424 ], [ 7.750793044710181, 48.604006086855257 ], [ 7.75058980389834, 48.604001978369702 ], [ 7.750587777169264, 48.604046931146314 ] ] ], [ [ [ 7.748961831880213, 48.604013997140257 ], [ 7.748690834157155, 48.604008503213024 ], [ 7.748688820126989, 48.604053464378701 ], [ 7.748959803719404, 48.604058949888277 ], [ 7.748961831880213, 48.604013997140257 ] ] ], [ [ [ 7.748344007782622, 48.604181462429281 ], [ 7.748346022955642, 48.604136510247486 ], [ 7.748481522130589, 48.604139257691855 ], [ 7.748483549880443, 48.604094295977617 ], [ 7.748619048950906, 48.604097043261724 ], [ 7.748621063878795, 48.604052091073811 ], [ 7.748417822224088, 48.60404796981512 ], [ 7.748415793583656, 48.6040929225531 ], [ 7.748280308069055, 48.604090174478564 ], [ 7.748278280140648, 48.604135136189328 ], [ 7.748142780987544, 48.604132388508049 ], [ 7.748140752101955, 48.604177341239868 ], [ 7.748344007782622, 48.604181462429281 ] ] ], [ [ [ 7.750374429523186, 48.604267594024535 ], [ 7.75037240259423, 48.604312546793096 ], [ 7.750440159234581, 48.6043139190771 ], [ 7.750507902344513, 48.604315291875352 ], [ 7.750511942426792, 48.60422538688659 ], [ 7.750579698120386, 48.60422675011344 ], [ 7.750583738069428, 48.604136845119314 ], [ 7.750515995193883, 48.604135472365151 ], [ 7.750380495919692, 48.604132727292161 ], [ 7.750378469001417, 48.604177680063032 ], [ 7.750242983991726, 48.604174943251884 ], [ 7.750240956950881, 48.60421989601965 ], [ 7.750308699930891, 48.60422126893404 ], [ 7.750306686480033, 48.604266221148464 ], [ 7.750374429523186, 48.604267594024535 ] ] ], [ [ [ 7.750961938165295, 48.604774460132674 ], [ 7.750894180900644, 48.604773088153031 ], [ 7.750892167942792, 48.604818040368706 ], [ 7.750959911732771, 48.604819412903318 ], [ 7.750961938165295, 48.604774460132674 ] ] ], [ [ [ 7.751146989606651, 48.605183177148 ], [ 7.751144976854915, 48.605228129361429 ], [ 7.751142951400454, 48.605273091103776 ], [ 7.751210694964946, 48.605274454516184 ], [ 7.751208683100757, 48.60531941570509 ], [ 7.751206656863568, 48.605364368471243 ], [ 7.751204631457949, 48.605409330212467 ], [ 7.751272389574078, 48.60541070201085 ], [ 7.751270363389282, 48.605455654776641 ], [ 7.75126835073529, 48.605500606987817 ], [ 7.751336095439726, 48.605501979302872 ], [ 7.751330031401386, 48.605636846018847 ], [ 7.751397776287988, 48.605638218297884 ], [ 7.751395764573997, 48.60568317948416 ], [ 7.751393738486875, 48.605728132247691 ], [ 7.751461497030562, 48.605729503935699 ], [ 7.751459470999395, 48.605774456699642 ], [ 7.751457445799848, 48.605819418438656 ], [ 7.751389700671555, 48.605818046194464 ], [ 7.751385662842039, 48.605907960138197 ], [ 7.751317904063889, 48.605906588406086 ], [ 7.751313865265958, 48.605996493368622 ], [ 7.751381610628653, 48.60599786565691 ], [ 7.751383636737127, 48.605952912897926 ], [ 7.751451382043948, 48.605954285145572 ], [ 7.751455433296014, 48.605864370647197 ], [ 7.751523178487447, 48.605865742853048 ], [ 7.751525204466221, 48.605820790089481 ], [ 7.751527216071803, 48.605775828903184 ], [ 7.75153126801156, 48.605685923372221 ], [ 7.751463509523754, 48.605684551724885 ], [ 7.751465534712626, 48.605639589983575 ], [ 7.751467547198732, 48.605594637771233 ], [ 7.751399802367999, 48.605593265532832 ], [ 7.751405866217135, 48.605458398811102 ], [ 7.751338121568566, 48.605457026536683 ], [ 7.751340133324348, 48.605412065347764 ], [ 7.751342159446078, 48.605367112580048 ], [ 7.75127440138584, 48.605365740822322 ], [ 7.751276427563522, 48.60532078805501 ], [ 7.751280465538766, 48.605230874096122 ], [ 7.751212721195023, 48.605229501748518 ], [ 7.751214747421535, 48.605184548980077 ], [ 7.751216759275086, 48.605139587788912 ], [ 7.751149015054002, 48.605138215404125 ], [ 7.751153054074, 48.605048310419612 ], [ 7.751155079510675, 48.605003348673456 ], [ 7.751087321937518, 48.605001976806513 ], [ 7.751091374589444, 48.604912071265908 ], [ 7.751093386540759, 48.604867110072462 ], [ 7.751025642684003, 48.604865737615668 ], [ 7.751027669060574, 48.604820784844627 ], [ 7.750959911732771, 48.604819412903318 ], [ 7.750957885296679, 48.604864365673201 ], [ 7.750955873226322, 48.60490932686433 ], [ 7.750953846783116, 48.604954279632693 ], [ 7.751021604289484, 48.604955651577463 ], [ 7.751019577902233, 48.60500060434623 ], [ 7.751017552346514, 48.605045566090077 ], [ 7.751085309975562, 48.605046937997663 ], [ 7.751081257302282, 48.605136843533707 ], [ 7.751079245329687, 48.605181804722577 ], [ 7.751146989606651, 48.605183177148 ] ] ], [ [ [ 7.751309827288986, 48.606086407303948 ], [ 7.751313865265958, 48.605996493368622 ], [ 7.75124612074205, 48.605995130016687 ], [ 7.751242068276383, 48.606085035527734 ], [ 7.751309827288986, 48.606086407303948 ] ] ], [ [ [ 7.751242068276383, 48.606085035527734 ], [ 7.751174322801937, 48.606083663158159 ], [ 7.751172297339388, 48.606128624887219 ], [ 7.751240056407887, 48.606129996704084 ], [ 7.751242068276383, 48.606085035527734 ] ] ], [ [ [ 7.751290854960804, 48.614050469591625 ], [ 7.751494135778486, 48.614054576836637 ], [ 7.751496162107329, 48.614009624206197 ], [ 7.751292867096334, 48.614005508542732 ], [ 7.751290854960804, 48.614050469591625 ] ] ], [ [ [ 7.751153302734719, 48.614092678055457 ], [ 7.751288828449808, 48.614095422217822 ], [ 7.751290854960804, 48.614050469591625 ], [ 7.751155329364781, 48.614047725431597 ], [ 7.751019803783306, 48.614044981113594 ], [ 7.750748752664008, 48.614039492003656 ], [ 7.750746740048591, 48.614084453042601 ], [ 7.751017777034183, 48.614089933735144 ], [ 7.751153302734719, 48.614092678055457 ] ] ], [ [ [ 7.750272407081419, 48.61407484529483 ], [ 7.750270380509005, 48.614119806878669 ], [ 7.750676956936311, 48.614128033003325 ], [ 7.750678970449999, 48.614083080942116 ], [ 7.750272407081419, 48.61407484529483 ] ] ], [ [ [ 7.749524995969702, 48.61410470522511 ], [ 7.749457240748689, 48.614103340834717 ], [ 7.749455212623232, 48.61414829342808 ], [ 7.749522982275419, 48.614149666241801 ], [ 7.749524995969702, 48.61410470522511 ] ] ], [ [ [ 7.748845367972247, 48.614135941981523 ], [ 7.748843339307451, 48.614180894563681 ], [ 7.748911095449736, 48.614182268287593 ], [ 7.74891312322014, 48.614137306728452 ], [ 7.748845367972247, 48.614135941981523 ] ] ], [ [ [ 7.752283085607687, 48.564798603816797 ], [ 7.752266939072689, 48.565158256480892 ], [ 7.752334630394537, 48.565159628233573 ], [ 7.752350776454203, 48.564799975560241 ], [ 7.752283085607687, 48.564798603816797 ] ] ], [ [ [ 7.752129533438475, 48.56520047525229 ], [ 7.75208716045285, 48.566144563706359 ], [ 7.75215485307464, 48.566145935563327 ], [ 7.752197224812488, 48.565201847085021 ], [ 7.752129533438475, 48.56520047525229 ] ] ], [ [ [ 7.752703177719017, 48.575066551614114 ], [ 7.752705201441303, 48.575021598339383 ], [ 7.752231243803336, 48.57501199789462 ], [ 7.752229220499792, 48.575056960137182 ], [ 7.752432346455828, 48.575061065798664 ], [ 7.752500050884604, 48.575062437450221 ], [ 7.752498041341621, 48.575107399142667 ], [ 7.752904294564885, 48.575115618146299 ], [ 7.7529063045861, 48.575070665422871 ], [ 7.752838600135541, 48.575069294008067 ], [ 7.752703177719017, 48.575066551614114 ] ] ], [ [ [ 7.752904294564885, 48.575115618146299 ], [ 7.752902271013818, 48.575160571423027 ], [ 7.753173116380466, 48.575166055588774 ], [ 7.753175126167458, 48.57512110286148 ], [ 7.752904294564885, 48.575115618146299 ] ] ], [ [ [ 7.752062612435316, 48.577258456890384 ], [ 7.752060588894719, 48.577303419094662 ], [ 7.752128309808015, 48.577304790407815 ], [ 7.752196016363198, 48.577306153259549 ], [ 7.752193992937963, 48.577351115465412 ], [ 7.752261713917969, 48.577352486700768 ], [ 7.752329421374698, 48.577353858450671 ], [ 7.752327397229955, 48.57739881168218 ], [ 7.752530546854091, 48.577402925590555 ], [ 7.752532556458678, 48.577357963933657 ], [ 7.752464848991067, 48.577356592302145 ], [ 7.752397128835064, 48.577355230161096 ], [ 7.752399152081929, 48.577310267951788 ], [ 7.752331444681019, 48.577308896242506 ], [ 7.752263723756845, 48.57730752504775 ], [ 7.75226574795393, 48.577262571815915 ], [ 7.752198040619719, 48.577261200028872 ], [ 7.752200051345816, 48.577216247351444 ], [ 7.752132344074679, 48.577214875526082 ], [ 7.752134354021846, 48.577169913873135 ], [ 7.752066647648618, 48.577168550985398 ], [ 7.752068671178551, 48.577123588778896 ], [ 7.752136378327164, 48.577124960641392 ], [ 7.752142436860124, 48.576990092519736 ], [ 7.752210143834036, 48.576991464339308 ], [ 7.752216202156721, 48.576856596207513 ], [ 7.752283908121081, 48.576857959008244 ], [ 7.752291990384394, 48.576678137624796 ], [ 7.752224270296232, 48.576676766406749 ], [ 7.752222259612623, 48.576721719093108 ], [ 7.752154539468641, 48.576720347834438 ], [ 7.752152529556877, 48.576765309494817 ], [ 7.75208480935706, 48.576763938195512 ], [ 7.752082798547483, 48.576808890878084 ], [ 7.752015078291849, 48.576807519538171 ], [ 7.752013068254093, 48.576852481194777 ], [ 7.751945361469405, 48.576851109260296 ], [ 7.751943337007076, 48.576896062493027 ], [ 7.751875630166581, 48.576894690517918 ], [ 7.75187158194716, 48.576984605954763 ], [ 7.751803874991401, 48.576983233937881 ], [ 7.751801851234296, 48.577028196141995 ], [ 7.75173414422272, 48.577026824084484 ], [ 7.751732119567844, 48.577071777310785 ], [ 7.751664412500456, 48.577070405212687 ], [ 7.751662402144183, 48.577115366859069 ], [ 7.751594681494129, 48.57711399527426 ], [ 7.751588621502457, 48.577248863361504 ], [ 7.751520914204553, 48.577247491179861 ], [ 7.751516878860682, 48.577337406039341 ], [ 7.751449171447517, 48.577336033815932 ], [ 7.751447146529997, 48.577380987032377 ], [ 7.751379439895723, 48.577379623744285 ], [ 7.75137337930515, 48.57751449180774 ], [ 7.75144108695247, 48.577515864075217 ], [ 7.751443111045938, 48.577470901885079 ], [ 7.751510818637438, 48.577472274111955 ], [ 7.751512843502624, 48.577427320895829 ], [ 7.751580551038314, 48.577428693082076 ], [ 7.751582575005761, 48.577383730888144 ], [ 7.751650282485629, 48.577385103033791 ], [ 7.75165230722482, 48.577340149813857 ], [ 7.751787722076571, 48.577342893984451 ], [ 7.751789745858545, 48.577297931785544 ], [ 7.75192517413282, 48.577300675242057 ], [ 7.751927185100232, 48.577255722569959 ], [ 7.752062612435316, 48.577258456890384 ] ] ], [ [ [ 7.752695279853938, 48.591850385279024 ], [ 7.752693256292202, 48.591895347262998 ], [ 7.752625529574723, 48.591893975732162 ], [ 7.752621494182055, 48.591983881189819 ], [ 7.752619470550166, 48.592028843170397 ], [ 7.752617459610357, 48.592073795620337 ], [ 7.752685186565747, 48.592075167155784 ], [ 7.752683162986242, 48.592120129136013 ], [ 7.752681152098827, 48.592165081585598 ], [ 7.752748879176812, 48.592166453083884 ], [ 7.752746868345336, 48.592211405533874 ], [ 7.752814595486426, 48.592212776993854 ], [ 7.752806513440834, 48.592392606404708 ], [ 7.75273878606182, 48.592391234940095 ], [ 7.7527347516642, 48.592481149361689 ], [ 7.752730716417202, 48.592571054804395 ], [ 7.752724658425008, 48.592705931191567 ], [ 7.752792385385188, 48.592707293688377 ], [ 7.752798444034134, 48.592572426273613 ], [ 7.752866171654699, 48.592573797703352 ], [ 7.752868195926474, 48.59252884470304 ], [ 7.75287828849985, 48.592304062846573 ], [ 7.752946015767167, 48.592305434229928 ], [ 7.752948039122918, 48.592260472248078 ], [ 7.753015766334379, 48.592261843590791 ], [ 7.753035963520583, 48.591812279236741 ], [ 7.753103690140879, 48.591813650528451 ], [ 7.753109747863044, 48.591678783054689 ], [ 7.753042007890491, 48.591677412320514 ], [ 7.752974281452259, 48.591676040992795 ], [ 7.752972258142699, 48.591721002984436 ], [ 7.752904531648612, 48.591719631616094 ], [ 7.752902507440802, 48.591764584629949 ], [ 7.752834780890872, 48.591763213220986 ], [ 7.752832757455224, 48.59180817520879 ], [ 7.752765030849441, 48.591806803759205 ], [ 7.752763006515566, 48.591851756769231 ], [ 7.752695279853938, 48.591850385279024 ] ] ], [ [ [ 7.752634718793919, 48.59319907625747 ], [ 7.752636729762803, 48.593154123825201 ], [ 7.752704470845258, 48.593155485818997 ], [ 7.75270648175112, 48.593110533384824 ], [ 7.752712540674373, 48.592975665993848 ], [ 7.752644812525737, 48.592974294474764 ], [ 7.752577070849699, 48.592972923470242 ], [ 7.752509342708327, 48.592971551872218 ], [ 7.752507318938764, 48.593016513835089 ], [ 7.7525750598355, 48.593017875904387 ], [ 7.752571011569527, 48.593107790854283 ], [ 7.752566976820409, 48.593197705247171 ], [ 7.752634718793919, 48.59319907625747 ] ] ], [ [ [ 7.754547446478862, 48.603452081761411 ], [ 7.75455147855453, 48.603362167628724 ], [ 7.754280498055643, 48.603356695152421 ], [ 7.754278474596835, 48.603401648003704 ], [ 7.753194522655453, 48.603379725943732 ], [ 7.753192499076437, 48.603424687751577 ], [ 7.752989259547447, 48.603420574484389 ], [ 7.752987234950909, 48.603465527312167 ], [ 7.753461470008494, 48.603475124021585 ], [ 7.753463493352988, 48.603430162209868 ], [ 7.754547446478862, 48.603452081761411 ] ] ], [ [ [ 7.752987234950909, 48.603465527312167 ], [ 7.752851751688664, 48.603462793540778 ], [ 7.752849726969563, 48.603507746365501 ], [ 7.752985224720044, 48.603510488560971 ], [ 7.752987234950909, 48.603465527312167 ] ] ], [ [ [ 7.752510989423864, 48.603500889908823 ], [ 7.752508965238998, 48.603545851702826 ], [ 7.752576720920691, 48.603547222741874 ], [ 7.752578731512206, 48.603502261500722 ], [ 7.752510989423864, 48.603500889908823 ] ] ], [ [ [ 7.752439198011523, 48.603589432886515 ], [ 7.752441223094777, 48.603544480070283 ], [ 7.752305725283398, 48.603541737240739 ], [ 7.752303700916424, 48.603586699030515 ], [ 7.752439198011523, 48.603589432886515 ] ] ], [ [ [ 7.752166191209557, 48.603628908297608 ], [ 7.752301689244453, 48.603631651289696 ], [ 7.752303700916424, 48.603586699030515 ], [ 7.752168216534394, 48.603583955486769 ], [ 7.752166191209557, 48.603628908297608 ] ] ], [ [ [ 7.752164165881162, 48.603673861107708 ], [ 7.752166191209557, 48.603628908297608 ], [ 7.752030693189202, 48.603626165147595 ], [ 7.752028682110913, 48.603671126377264 ], [ 7.752164165881162, 48.603673861107708 ] ] ], [ [ [ 7.751893183986057, 48.603668383066996 ], [ 7.751891158416081, 48.603713335871703 ], [ 7.752026656659954, 48.603716079184274 ], [ 7.752028682110913, 48.603671126377264 ], [ 7.751893183986057, 48.603668383066996 ] ] ], [ [ [ 7.751891158416081, 48.603713335871703 ], [ 7.751755660186748, 48.603710592401185 ], [ 7.751753648863293, 48.603755553624723 ], [ 7.751889133677768, 48.603758297651467 ], [ 7.751891158416081, 48.603713335871703 ] ] ], [ [ [ 7.757918028219926, 48.494895318326066 ], [ 7.757916025740409, 48.494940272352025 ], [ 7.757713216951283, 48.494936176167506 ], [ 7.757711214290491, 48.494981130189323 ], [ 7.757643615532284, 48.494979761537621 ], [ 7.757641600138066, 48.495024725088349 ], [ 7.757574001324209, 48.495023356396104 ], [ 7.757571999372323, 48.495068319390377 ], [ 7.757504386997687, 48.495066951212195 ], [ 7.757500382130393, 48.495156868220249 ], [ 7.757703178270817, 48.495160965331223 ], [ 7.757705180945689, 48.495116011312149 ], [ 7.757840391499132, 48.495118738973524 ], [ 7.757842394051977, 48.495073784951472 ], [ 7.757909992939529, 48.495075153487306 ], [ 7.757977604501302, 48.495076512452933 ], [ 7.757979606932123, 48.495031558427911 ], [ 7.758047205767634, 48.495032926883795 ], [ 7.758114818111868, 48.495034294745601 ], [ 7.75811681958612, 48.494989331741451 ], [ 7.75818441836959, 48.494990700117398 ], [ 7.758319615947363, 48.494993436751074 ], [ 7.758321630745407, 48.494948473188103 ], [ 7.758389229480444, 48.494949841444701 ], [ 7.758391245050282, 48.494904886856006 ], [ 7.758458842895078, 48.49490624609593 ], [ 7.758460844897064, 48.494861292060101 ], [ 7.75852844352081, 48.494862660235611 ], [ 7.758530458130472, 48.494817696667091 ], [ 7.758598056698566, 48.494819064802051 ], [ 7.758600058575015, 48.494774110762542 ], [ 7.758397263059313, 48.494770006242952 ], [ 7.75839524833465, 48.494814969809838 ], [ 7.758192452673649, 48.494810864932219 ], [ 7.758190451272731, 48.494855827940256 ], [ 7.758055240559858, 48.494853091710581 ], [ 7.758053239036892, 48.494898054715648 ], [ 7.757918028219926, 48.494895318326066 ] ] ], [ [ [ 7.756662846406356, 48.569881920474309 ], [ 7.756730543259708, 48.569883280687129 ], [ 7.75673859526889, 48.569703459111331 ], [ 7.756806306248507, 48.569704827701479 ], [ 7.756814357127811, 48.569524997133357 ], [ 7.756882054348499, 48.569526366233951 ], [ 7.756890104933498, 48.569346535649409 ], [ 7.756957815444835, 48.569347904151414 ], [ 7.75696788547942, 48.569123120109069 ], [ 7.756832478579445, 48.569120382522605 ], [ 7.756820402430295, 48.569390128410205 ], [ 7.756752691866757, 48.569388759828129 ], [ 7.7567426208345, 48.569613543831046 ], [ 7.756674923502201, 48.569612174649244 ], [ 7.756662846406356, 48.569881920474309 ] ] ], [ [ [ 7.756846767435804, 48.576365267293617 ], [ 7.756779061166424, 48.576363898175728 ], [ 7.756781066996369, 48.576318936429082 ], [ 7.756713360790065, 48.576317567272881 ], [ 7.756715367511559, 48.576272614502514 ], [ 7.756647661368316, 48.576271245308 ], [ 7.756641614797331, 48.576406113698297 ], [ 7.756573908479386, 48.576404744460881 ], [ 7.756565855672218, 48.576584574580522 ], [ 7.756430429044979, 48.576581836532554 ], [ 7.756428409369895, 48.576626798823497 ], [ 7.756360702765589, 48.576625429461927 ], [ 7.756358682191934, 48.57667038277507 ], [ 7.756290975531814, 48.5766690133729 ], [ 7.75628896925742, 48.576713975105577 ], [ 7.756221249014779, 48.576712606217235 ], [ 7.756219241841852, 48.576757558972147 ], [ 7.756151521543382, 48.576756190043191 ], [ 7.756083815610766, 48.576754829496231 ], [ 7.756081794788701, 48.576799782802517 ], [ 7.756014087964735, 48.57679841323904 ], [ 7.756012067079681, 48.576843366543436 ], [ 7.7559443610354, 48.576842005915239 ], [ 7.755942340087353, 48.576886959217731 ], [ 7.755874633151749, 48.576885589573038 ], [ 7.755872612140706, 48.576930542873633 ], [ 7.755804905984763, 48.576929182164228 ], [ 7.755737198996958, 48.576927812439465 ], [ 7.755735177863488, 48.576972765736997 ], [ 7.755733170253247, 48.577017718479404 ], [ 7.755800877359932, 48.57701908820647 ], [ 7.755868584470242, 48.577020457894079 ], [ 7.755870605488371, 48.576975504594976 ], [ 7.756006033127758, 48.576978243295102 ], [ 7.756008039661178, 48.576933281571456 ], [ 7.756075760190225, 48.576934650583972 ], [ 7.756077767496178, 48.576889697834332 ], [ 7.756145487969402, 48.576891066806219 ], [ 7.756147494376843, 48.576846105078808 ], [ 7.756282921688505, 48.576848843456297 ], [ 7.756284928809059, 48.576803890701726 ], [ 7.75635264833867, 48.57680525057701 ], [ 7.756354655396247, 48.576760297820563 ], [ 7.756490082491848, 48.576763035956674 ], [ 7.756492102118109, 48.576718073666818 ], [ 7.75655980884854, 48.57671944295177 ], [ 7.75656181572072, 48.576674490190364 ], [ 7.756629535922022, 48.576675858880222 ], [ 7.756631541895611, 48.576630897141058 ], [ 7.757173234691688, 48.576641839026557 ], [ 7.75717525454847, 48.576596885698812 ], [ 7.757107534437114, 48.576595517327 ], [ 7.757109554349796, 48.576550563999646 ], [ 7.757041847828154, 48.576549195035 ], [ 7.757043853434415, 48.576504233286727 ], [ 7.75697614781152, 48.576502873259628 ], [ 7.756978153473704, 48.576457911511746 ], [ 7.756910447078199, 48.576456542470481 ], [ 7.756912467158578, 48.576411589144378 ], [ 7.756844747299525, 48.576410220619316 ], [ 7.756846767435804, 48.576365267293617 ] ] ], [ [ [ 7.756438147161786, 48.58094674013654 ], [ 7.756440166998874, 48.580901777913581 ], [ 7.756372441208248, 48.580900409115365 ], [ 7.75633818882342, 48.581664673144843 ], [ 7.75640591562498, 48.581666041962642 ], [ 7.756411949911154, 48.581531174387969 ], [ 7.756479676537943, 48.581532543162844 ], [ 7.756505873015507, 48.580948108896422 ], [ 7.756438147161786, 48.58094674013654 ] ] ], [ [ [ 7.757294306392638, 48.58150399861448 ], [ 7.757296312807073, 48.581459045915878 ], [ 7.757228599783685, 48.58145767706241 ], [ 7.757160886763923, 48.581456308169464 ], [ 7.757156847473587, 48.58154622364632 ], [ 7.757089134338533, 48.581544854711602 ], [ 7.757087114210696, 48.581589807959823 ], [ 7.757222554131302, 48.581592545237527 ], [ 7.757224573304428, 48.581547583011137 ], [ 7.757292286446714, 48.581548951866907 ], [ 7.757359999592623, 48.581550320683235 ], [ 7.757362019479098, 48.581505367429642 ], [ 7.757294306392638, 48.58150399861448 ] ] ], [ [ [ 7.758033160296361, 48.581653910430845 ], [ 7.75810087360103, 48.581655278815376 ], [ 7.758098867885927, 48.581700231524771 ], [ 7.758166581253667, 48.581701599870989 ], [ 7.758168600437301, 48.581656646605779 ], [ 7.758170605253454, 48.581611684918627 ], [ 7.758102892004628, 48.581610316574718 ], [ 7.75789973958783, 48.581606220836711 ], [ 7.757897720169916, 48.581651174098063 ], [ 7.758033160296361, 48.581653910430845 ] ] ], [ [ [ 7.758350887987274, 48.583640204808482 ], [ 7.758352906249437, 48.583595242594896 ], [ 7.758285176841477, 48.583593874912857 ], [ 7.758287195995584, 48.583548921675522 ], [ 7.758219466650716, 48.583547553955157 ], [ 7.758223504231219, 48.583457638504711 ], [ 7.758155775008918, 48.58345627074717 ], [ 7.758159800001727, 48.583366364826574 ], [ 7.758092084430419, 48.583364996477215 ], [ 7.758094102909205, 48.583320034263764 ], [ 7.758026373872564, 48.583318666430742 ], [ 7.758030412610379, 48.58322875995561 ], [ 7.757962683696295, 48.583227392085419 ], [ 7.757964702283392, 48.583182429872046 ], [ 7.75789697343241, 48.583181061963529 ], [ 7.757901012386797, 48.583091155488539 ], [ 7.757833283658368, 48.58308978754286 ], [ 7.757837308353221, 48.582999872645956 ], [ 7.757769593275702, 48.582998504108502 ], [ 7.757773618075328, 48.582908589210923 ], [ 7.757705903120351, 48.582907220636308 ], [ 7.757707909228118, 48.582862267952784 ], [ 7.757640194336218, 48.582860899339835 ], [ 7.757644219352468, 48.582770984442384 ], [ 7.757576504583111, 48.582769615792287 ], [ 7.75758053054001, 48.58267970987 ], [ 7.757512815893183, 48.582678341182742 ], [ 7.75751482132579, 48.582633379523074 ], [ 7.757447107577906, 48.582632019773364 ], [ 7.757449126594686, 48.582587057559508 ], [ 7.757381398545789, 48.582585689350196 ], [ 7.757385423995288, 48.582495774453001 ], [ 7.757317710432996, 48.582494414627824 ], [ 7.757319729558084, 48.582449452414053 ], [ 7.757252001694838, 48.582448084129247 ], [ 7.757254021711669, 48.582403130891748 ], [ 7.757186307439704, 48.582401762014079 ], [ 7.757188313984259, 48.582356809331536 ], [ 7.757120599775369, 48.582355440415554 ], [ 7.757052872041928, 48.582354072014645 ], [ 7.757054891394258, 48.582309109803248 ], [ 7.756987178087853, 48.582307749785365 ], [ 7.756989183967942, 48.582262788128908 ], [ 7.75692146988884, 48.582261419096831 ], [ 7.756853755813367, 48.582260050025305 ], [ 7.756855762644603, 48.582215097346271 ], [ 7.756788048632205, 48.582213728236425 ], [ 7.756790055519367, 48.582168775557783 ], [ 7.756722341570046, 48.582167406409631 ], [ 7.75665462762435, 48.582166037222009 ], [ 7.756656634626888, 48.582121084544923 ], [ 7.756588920744266, 48.58211971531901 ], [ 7.756590926967032, 48.582074753666433 ], [ 7.756523213147501, 48.582073384402193 ], [ 7.756525233789986, 48.582028431171437 ], [ 7.756457506505436, 48.58202706242335 ], [ 7.756461547063012, 48.581937146986029 ], [ 7.756393819901022, 48.581935778200794 ], [ 7.75632610710638, 48.581934417797498 ], [ 7.756324086292619, 48.581979371026279 ], [ 7.756391813510456, 48.581980739852135 ], [ 7.756387772826863, 48.582070655285669 ], [ 7.756455500167267, 48.582072024074364 ], [ 7.756453479461782, 48.58211697730323 ], [ 7.756521206865272, 48.582118346053612 ], [ 7.756517166398254, 48.582208261487281 ], [ 7.756584893088613, 48.582209621224628 ], [ 7.756582873327096, 48.582254583429432 ], [ 7.756650587388084, 48.582255952658812 ], [ 7.756718314980855, 48.58225732129425 ], [ 7.756716294499006, 48.58230227452475 ], [ 7.756784022154867, 48.582303643121854 ], [ 7.756782001728928, 48.582348596352766 ], [ 7.756849715919698, 48.582349965466058 ], [ 7.756917443642268, 48.582351333985365 ], [ 7.756915423331701, 48.582396287217854 ], [ 7.756983137589168, 48.582397656253377 ], [ 7.756981131698475, 48.582442617907596 ], [ 7.757048846019032, 48.582443986904813 ], [ 7.75711657387142, 48.582445355308018 ], [ 7.757114553732135, 48.582490308542475 ], [ 7.757182268119392, 48.582491677461903 ], [ 7.757180261564233, 48.582536630142208 ], [ 7.75724797601457, 48.582537999023337 ], [ 7.757245955987101, 48.582582952258605 ], [ 7.757313684028749, 48.582584320546864 ], [ 7.757311664893026, 48.582629282758397 ], [ 7.757379392997777, 48.582630651008323 ], [ 7.757377373082139, 48.582675604244415 ], [ 7.757445087721718, 48.582676973010599 ], [ 7.757443081390254, 48.582721925692525 ], [ 7.75737535316295, 48.582720557479767 ], [ 7.757367302179018, 48.582900387256231 ], [ 7.757435017115893, 48.5829017560282 ], [ 7.757430991721619, 48.582991670914268 ], [ 7.757498720309378, 48.582993039094461 ], [ 7.757496700484293, 48.583037992326886 ], [ 7.75756441560679, 48.583039361023367 ], [ 7.757560390429139, 48.583129275909577 ], [ 7.757628119202557, 48.583130644014275 ], [ 7.757626099485758, 48.583175597246779 ], [ 7.757693814793872, 48.583176965867779 ], [ 7.757689789832854, 48.583266880754103 ], [ 7.757757518791927, 48.583268248783327 ], [ 7.757755499183411, 48.583313202015908 ], [ 7.757823214677152, 48.583314570561427 ], [ 7.757819189932761, 48.583404485447872 ], [ 7.757886904713102, 48.58340584498039 ], [ 7.757884899577263, 48.583450806634254 ], [ 7.757952615256625, 48.583452175104306 ], [ 7.75794859072887, 48.583542089990871 ], [ 7.758016305694808, 48.583543449447909 ], [ 7.758014300667316, 48.583588411101822 ], [ 7.758082016532303, 48.583589779496414 ], [ 7.7580779913852, 48.583679685407247 ], [ 7.758145707372721, 48.583681053764678 ], [ 7.758143702453578, 48.583726015418641 ], [ 7.758211418504189, 48.583727383737752 ], [ 7.758209412804987, 48.583772336416274 ], [ 7.758277128918674, 48.583773704697066 ], [ 7.758275109746844, 48.583818657930657 ], [ 7.758342839452167, 48.583820025618451 ], [ 7.758338802052829, 48.58390994106157 ], [ 7.758406531880723, 48.583911308712203 ], [ 7.758404512817186, 48.583956261945879 ], [ 7.758472242708167, 48.583957629558185 ], [ 7.758468205525439, 48.584047545001425 ], [ 7.75853593553899, 48.58404891257657 ], [ 7.758603652027555, 48.584050280666951 ], [ 7.758601646660386, 48.584095233347114 ], [ 7.758669363212028, 48.584096601399182 ], [ 7.75866734437216, 48.584141554634478 ], [ 7.758735074515519, 48.584142922093498 ], [ 7.758731051308835, 48.584232836985279 ], [ 7.758798768046105, 48.584234204961867 ], [ 7.758796749314528, 48.584279158197226 ], [ 7.758864479643547, 48.584280525580766 ], [ 7.758862461804022, 48.584325487792377 ], [ 7.758930177831322, 48.584326846716507 ], [ 7.75892817357641, 48.584371808373781 ], [ 7.75899589050293, 48.584373176235431 ], [ 7.75899388546781, 48.584418128917257 ], [ 7.758991867736607, 48.584463091128939 ], [ 7.759059583949507, 48.584464449977574 ], [ 7.759057579802953, 48.584509411634897 ], [ 7.759125296915099, 48.58451077942108 ], [ 7.759123278459573, 48.584555732657719 ], [ 7.759191009163536, 48.584557099850798 ], [ 7.759188990763933, 48.58460205308787 ], [ 7.759256721530989, 48.584603420242615 ], [ 7.75925470402351, 48.584648382455931 ], [ 7.759252685676282, 48.584693335692663 ], [ 7.759320416565909, 48.584694702810239 ], [ 7.759318398274602, 48.584739656047354 ], [ 7.759386129227323, 48.584741023126618 ], [ 7.759382093589238, 48.584830938576786 ], [ 7.759449824664533, 48.584832305618889 ], [ 7.759447806481523, 48.584877258856082 ], [ 7.759515537619909, 48.584878625859844 ], [ 7.759511502198447, 48.584968541310133 ], [ 7.759579233459407, 48.584969908276726 ], [ 7.759577215384702, 48.585014861513997 ], [ 7.75964494670875, 48.585016228442264 ], [ 7.759642929526247, 48.585061190655757 ], [ 7.759710646548241, 48.585062549124736 ], [ 7.759706624984137, 48.585152464021121 ], [ 7.759774342964961, 48.585153831428755 ], [ 7.759772338583372, 48.585198784111633 ], [ 7.759840056627274, 48.585200151480947 ], [ 7.759838053137937, 48.585245113140054 ], [ 7.759905771244934, 48.585246480471056 ], [ 7.75997348851921, 48.585247838786763 ], [ 7.759971485145295, 48.585292800447412 ], [ 7.760039203318991, 48.585294167700624 ], [ 7.760106921496306, 48.58529553491438 ], [ 7.760104917401446, 48.585340487600767 ], [ 7.760172635641841, 48.585341854776203 ], [ 7.760170631602917, 48.58538680746296 ], [ 7.760238349906392, 48.585388174600077 ], [ 7.76030606821349, 48.585389541697737 ], [ 7.760304064289964, 48.58543449438605 ], [ 7.760371782660139, 48.585435861445383 ], [ 7.760439501033933, 48.585437228465267 ], [ 7.76043749806223, 48.585482190130953 ], [ 7.760505215662679, 48.585483548136665 ], [ 7.760572947632142, 48.585484914523818 ], [ 7.760570931246892, 48.585529876745994 ], [ 7.760638649750479, 48.585531243649783 ], [ 7.760706380950188, 48.585532600983299 ], [ 7.76070436468035, 48.585577563207032 ], [ 7.761178434498746, 48.585587119519396 ], [ 7.761180437659821, 48.585542166818414 ], [ 7.761248168888368, 48.585543523836158 ], [ 7.761244149989213, 48.585633438770479 ], [ 7.761379587310194, 48.585636171753826 ], [ 7.761447319505112, 48.585637537631271 ], [ 7.761445303045837, 48.585682490890377 ], [ 7.761919360446114, 48.585692044734756 ], [ 7.761987092729429, 48.585693410297559 ], [ 7.761985077579035, 48.585738372540952 ], [ 7.762188246734359, 48.585742461130359 ], [ 7.762255979091612, 48.585743826536408 ], [ 7.762253964175595, 48.585788788783681 ], [ 7.762389414654118, 48.585791511058972 ], [ 7.762457133552664, 48.585792876902893 ], [ 7.762455132340575, 48.585837838597698 ], [ 7.762522850465413, 48.585839195427511 ], [ 7.762520835780225, 48.585884157677889 ], [ 7.762588568333989, 48.58588552289001 ], [ 7.762586552867934, 48.585930476164975 ], [ 7.762654285484792, 48.58593184133877 ], [ 7.762722004576198, 48.585933207028283 ], [ 7.762719989225536, 48.585978160304812 ], [ 7.762787721909095, 48.585979525400802 ], [ 7.762855441067196, 48.585980891012532 ], [ 7.762851424959073, 48.586070805988555 ], [ 7.762783705682036, 48.58606944037453 ], [ 7.762779675911735, 48.586159355900463 ], [ 7.762847408836831, 48.58616072096158 ], [ 7.762843378334459, 48.586250627511014 ], [ 7.762775658819563, 48.586249261892391 ], [ 7.762773657869609, 48.586294223585426 ], [ 7.762705924769695, 48.586292858481386 ], [ 7.762703922919904, 48.586337811196735 ], [ 7.762771642550121, 48.58633917685713 ], [ 7.762767626266553, 48.586429091818871 ], [ 7.763106251288038, 48.58643590945406 ], [ 7.763173971058873, 48.586437274879941 ], [ 7.76317195692249, 48.58648223713211 ], [ 7.763239690285619, 48.586483601964424 ], [ 7.763237675368249, 48.586528555241195 ], [ 7.76330540879447, 48.586529920035197 ], [ 7.76337312869509, 48.586531285344961 ], [ 7.763371113893116, 48.586576238623287 ], [ 7.763506567353349, 48.58657896857148 ], [ 7.763574287324276, 48.586580333764012 ], [ 7.763566256690114, 48.586760154748873 ], [ 7.763633976902521, 48.586761519906531 ], [ 7.763631976687022, 48.586806481606224 ], [ 7.763699696125499, 48.586807837749767 ], [ 7.763697695965958, 48.586852799449851 ], [ 7.763765416304537, 48.58685416453087 ], [ 7.763763401834613, 48.58689911781088 ], [ 7.763831135765576, 48.586900482298262 ], [ 7.763827121300439, 48.586990397278797 ], [ 7.763894841824646, 48.586991762284327 ], [ 7.76389282746305, 48.587036715564381 ], [ 7.763960561579682, 48.58703807997626 ], [ 7.763958547274026, 48.587083033256732 ], [ 7.764026267924393, 48.587084398185624 ], [ 7.764024268041108, 48.587129359886944 ], [ 7.764091987917468, 48.587130715801727 ], [ 7.764089988090144, 48.587175677503431 ], [ 7.764157708866677, 48.587177042355691 ], [ 7.764225428809706, 48.587178398192684 ], [ 7.764223429097818, 48.587223359895937 ], [ 7.764291149941047, 48.587224724670413 ], [ 7.764358884317275, 48.587226088850031 ], [ 7.764350842810683, 48.587405910403461 ], [ 7.764418563899011, 48.587407275103594 ], [ 7.764414550426753, 48.587497190088307 ], [ 7.764482285167095, 48.587498554195875 ], [ 7.764480271301841, 48.58754350747806 ], [ 7.764547992575802, 48.587544872102704 ], [ 7.764545992295955, 48.587589824829891 ], [ 7.764613713632993, 48.587591189416223 ], [ 7.764611714246289, 48.58763615111959 ], [ 7.764679435646418, 48.587637515667602 ], [ 7.764675421777488, 48.58772742167821 ], [ 7.764743143300164, 48.587728786189039 ], [ 7.764741144021856, 48.587773747892442 ], [ 7.76480886477039, 48.587775103389177 ], [ 7.764806852018505, 48.587820065648415 ], [ 7.764874587196892, 48.587821429527168 ], [ 7.764872573663711, 48.587866382811015 ], [ 7.764940308905189, 48.58786774665144 ], [ 7.765008030620724, 48.587869111007841 ], [ 7.765006017202954, 48.587914064293251 ], [ 7.76507375251113, 48.587915428055865 ], [ 7.765141474293358, 48.587916792334482 ], [ 7.765139460990993, 48.587961745621456 ], [ 7.765207196365877, 48.587963109306266 ], [ 7.765201170982892, 48.588097977586415 ], [ 7.765268893010223, 48.588099341790688 ], [ 7.765264880978507, 48.588189256782769 ], [ 7.765332616658028, 48.588190620394379 ], [ 7.765330603512879, 48.588235573680301 ], [ 7.765398325725847, 48.588236937809079 ], [ 7.765394313910877, 48.588326852801245 ], [ 7.765462049776073, 48.588328216337345 ], [ 7.765460036739265, 48.588373169623324 ], [ 7.765527759137874, 48.588374533676614 ], [ 7.765525760524054, 48.588419495383249 ], [ 7.765593482148374, 48.588420850422438 ], [ 7.765591483590518, 48.588465812129471 ], [ 7.765659206115294, 48.588467176106114 ], [ 7.765655193903494, 48.588557082124183 ], [ 7.765722916550817, 48.588558446063651 ], [ 7.765790639201754, 48.58855980996367 ], [ 7.765788640811783, 48.588604771671868 ], [ 7.765991821656987, 48.588608853607177 ], [ 7.765993834235682, 48.588563900315727 ], [ 7.765926098044186, 48.588562537089707 ], [ 7.765928109841384, 48.588517574822895 ], [ 7.765860374550422, 48.588516220534324 ], [ 7.765862386403573, 48.588471258267901 ], [ 7.765794663867972, 48.588469894409656 ], [ 7.765796663084791, 48.588424941674987 ], [ 7.765728940612267, 48.588423577778421 ], [ 7.765730939885041, 48.588378625044129 ], [ 7.765663217475599, 48.588377261109244 ], [ 7.765667228821802, 48.588287346109389 ], [ 7.765599506534917, 48.588285982137343 ], [ 7.765601519445715, 48.588241028847563 ], [ 7.765533783692267, 48.58823966539272 ], [ 7.765535796659002, 48.588194712103338 ], [ 7.765468060968644, 48.588193348610169 ], [ 7.76547007315397, 48.588148386345416 ], [ 7.765402351056334, 48.588147022258397 ], [ 7.76540636368041, 48.588057116236008 ], [ 7.765338628175727, 48.58805575266733 ], [ 7.765342653596899, 48.587965837112954 ], [ 7.765274918214794, 48.587964473507093 ], [ 7.765276931398214, 48.587919520217824 ], [ 7.765209196079202, 48.587918156573636 ], [ 7.765211208481258, 48.587873194308997 ], [ 7.765143487592187, 48.58787183904677 ], [ 7.765145486520647, 48.587826877337996 ], [ 7.765077764857359, 48.587825513061674 ], [ 7.765079764679062, 48.587780560329101 ], [ 7.765012043078857, 48.587779196014452 ], [ 7.765014056486022, 48.587734242726796 ], [ 7.764946321419382, 48.587732878929295 ], [ 7.764948334045233, 48.587687916666248 ], [ 7.764880613408439, 48.587686561250763 ], [ 7.764882612560736, 48.587641599543559 ], [ 7.764814891149782, 48.587640235113959 ], [ 7.764816891195271, 48.587595282382956 ], [ 7.764749169847393, 48.587593917915036 ], [ 7.764753182738999, 48.587504002921833 ], [ 7.764685461513676, 48.587502638416744 ], [ 7.764687461667537, 48.587457685685777 ], [ 7.764619740505291, 48.587456321142362 ], [ 7.764621754244539, 48.58741136785639 ], [ 7.764554019615937, 48.587410003830058 ], [ 7.764556032573941, 48.587365041568681 ], [ 7.76448829884561, 48.587363686479819 ], [ 7.764492325707144, 48.58727377093291 ], [ 7.764424591264212, 48.58727240683109 ], [ 7.764428604701175, 48.587182491838881 ], [ 7.764360883910198, 48.587181127144497 ], [ 7.764362897866111, 48.587136173858617 ], [ 7.76429516360885, 48.587134809681302 ], [ 7.764297177620699, 48.587089856395828 ], [ 7.764229456955878, 48.58708849162479 ], [ 7.764231456657197, 48.587043529919306 ], [ 7.764163736055467, 48.587042165109963 ], [ 7.764165736649848, 48.586997212380659 ], [ 7.764098016111195, 48.58699584753299 ], [ 7.764100030290842, 48.58695089424873 ], [ 7.764032296285948, 48.586949529918087 ], [ 7.764034310521532, 48.586904576634232 ], [ 7.763966576579727, 48.58690321226527 ], [ 7.763970604322156, 48.586813296721814 ], [ 7.763902870502928, 48.586811932315676 ], [ 7.76390488484684, 48.586766979031879 ], [ 7.763837151090706, 48.586765614587414 ], [ 7.763839164653509, 48.586720652328218 ], [ 7.763771444489732, 48.586719287290109 ], [ 7.763775459868497, 48.586629381278684 ], [ 7.763707739827262, 48.58662801620342 ], [ 7.763711754473819, 48.586538101215481 ], [ 7.763644021025926, 48.586536736658353 ], [ 7.763658079777152, 48.586222038395356 ], [ 7.763725812808691, 48.586223402944455 ], [ 7.763733842797649, 48.586043581914488 ], [ 7.763666123533103, 48.586042216814683 ], [ 7.763664109007891, 48.586087170105841 ], [ 7.763325486220816, 48.586080354095394 ], [ 7.76332348492384, 48.586125306824798 ], [ 7.763255752032936, 48.586123942041141 ], [ 7.763257766918485, 48.586078988757642 ], [ 7.763190047619764, 48.586077623380412 ], [ 7.763122314795567, 48.586076258518965 ], [ 7.763124329796504, 48.586031305237029 ], [ 7.76305661056448, 48.586029939782009 ], [ 7.763058612092268, 48.585984987055703 ], [ 7.76299089292332, 48.58598362156237 ], [ 7.762994908779429, 48.585893706578773 ], [ 7.762927189733033, 48.585892341048257 ], [ 7.762929191369177, 48.585847388322009 ], [ 7.762861472385857, 48.585846022753195 ], [ 7.762865488458669, 48.585756107769704 ], [ 7.762797769597898, 48.585754742163722 ], [ 7.762799771342396, 48.585709789437495 ], [ 7.762732052544705, 48.585708423793193 ], [ 7.762734053508313, 48.58566346209156 ], [ 7.762666335610525, 48.58566210538477 ], [ 7.762668350159071, 48.585617143128331 ], [ 7.762600617958562, 48.585615777962587 ], [ 7.76246518146314, 48.58561305537814 ], [ 7.762467182657602, 48.585568093679591 ], [ 7.762399464056386, 48.585566727841417 ], [ 7.762128563466455, 48.585561274180094 ], [ 7.762130578483745, 48.5855163119314 ], [ 7.762062860796781, 48.585514954872856 ], [ 7.761859691718464, 48.585510857088082 ], [ 7.761861694277838, 48.585465904374153 ], [ 7.761793975828081, 48.585464538183075 ], [ 7.761590806971562, 48.585460439928127 ], [ 7.761592809765267, 48.585415487218036 ], [ 7.76152509138944, 48.58541412087024 ], [ 7.761321922754725, 48.585410022145091 ], [ 7.761323925782762, 48.585365069438858 ], [ 7.761256207480866, 48.585363702934345 ], [ 7.761258223257192, 48.58531874069763 ], [ 7.761190492326025, 48.585317383685656 ], [ 7.761122774090826, 48.585316017103359 ], [ 7.761124776453659, 48.585271055423227 ], [ 7.761057058281547, 48.585269688802619 ], [ 7.761061078317537, 48.585179782839049 ], [ 7.760993360267964, 48.585178416181265 ], [ 7.760995362739164, 48.585133454501175 ], [ 7.76092764558919, 48.585132096780924 ], [ 7.760931665005323, 48.585042181841622 ], [ 7.760999396401735, 48.585043547980426 ], [ 7.761001398862351, 48.584998586298092 ], [ 7.761069130202892, 48.584999952396274 ], [ 7.761075152587024, 48.584865084737999 ], [ 7.761142883752763, 48.584866450793271 ], [ 7.761150921772445, 48.584686620879957 ], [ 7.761218652703895, 48.58468798689114 ], [ 7.761224674657053, 48.584553119210291 ], [ 7.761292405413701, 48.584554485178529 ], [ 7.761296424143261, 48.584464570208318 ], [ 7.76136414125588, 48.584465936689824 ], [ 7.761366156901954, 48.584420974437009 ], [ 7.761433873958721, 48.584422340877914 ], [ 7.761437892429223, 48.584332425898609 ], [ 7.761505622899336, 48.584333791742694 ], [ 7.761509642073354, 48.584243885733926 ], [ 7.761577358062911, 48.584245243115475 ], [ 7.761579374349471, 48.584200289831287 ], [ 7.76164709111978, 48.584201656148039 ], [ 7.761651109198151, 48.584111741154366 ], [ 7.761583392546766, 48.584110374839916 ], [ 7.761589426998803, 48.583975506557657 ], [ 7.761521697000859, 48.583974140762251 ], [ 7.761525728810311, 48.583884225210667 ], [ 7.761457998934933, 48.583882859378079 ], [ 7.761462018157228, 48.583792953356685 ], [ 7.761394301932919, 48.583791586931895 ], [ 7.761398320423428, 48.583701671933973 ], [ 7.761330604321663, 48.583700305472007 ], [ 7.761332607275121, 48.583655352738525 ], [ 7.761264891236424, 48.583653986238239 ], [ 7.761266906937744, 48.583609023974283 ], [ 7.761199178270197, 48.58360766696655 ], [ 7.761131462298198, 48.583606300388496 ], [ 7.761133464586466, 48.583561338681129 ], [ 7.761065748677551, 48.583559972064741 ], [ 7.761067765386711, 48.583515018778577 ], [ 7.760932320170203, 48.583512285984753 ], [ 7.760930304178602, 48.583557248244439 ], [ 7.760862588280529, 48.583555881509675 ], [ 7.760856551961597, 48.583690749774128 ], [ 7.760924281566542, 48.583692115957355 ], [ 7.760922264724303, 48.583737069238218 ], [ 7.760989980863829, 48.583738435938116 ], [ 7.761057710535475, 48.58373980204356 ], [ 7.761055693808615, 48.583784755325986 ], [ 7.761123423543346, 48.583786121393089 ], [ 7.761119391034451, 48.583876036933837 ], [ 7.761187120891748, 48.583877402963793 ], [ 7.761185104273192, 48.583922356246262 ], [ 7.761181085390552, 48.58401227122981 ], [ 7.761248801901314, 48.584013637778753 ], [ 7.761238747747623, 48.58423842101989 ], [ 7.761171030939551, 48.584237054465213 ], [ 7.76116901512921, 48.584282016717552 ], [ 7.761101298265289, 48.584280650122253 ], [ 7.761099281555408, 48.584325603396856 ], [ 7.761031564635646, 48.584324236760928 ], [ 7.761027545451534, 48.584414151726435 ], [ 7.760959828416462, 48.584412785048748 ], [ 7.760957812413545, 48.584457747294636 ], [ 7.760953792252797, 48.584547653277525 ], [ 7.760886061514245, 48.584546287111912 ], [ 7.760882042056914, 48.584636202065347 ], [ 7.760880039505571, 48.584681163751362 ], [ 7.760812308592198, 48.584679797542819 ], [ 7.760808288994731, 48.584769712489475 ], [ 7.760806285536852, 48.584814665196276 ], [ 7.760738554448674, 48.584813298944816 ], [ 7.760726495193458, 48.585083043755425 ], [ 7.760658763752039, 48.58508167745758 ], [ 7.760650723103532, 48.58526149833596 ], [ 7.760583004956739, 48.585260131439092 ], [ 7.760585008628293, 48.585215178743205 ], [ 7.760517290544583, 48.585213811808011 ], [ 7.760449558935596, 48.585212445388294 ], [ 7.760451576251444, 48.585167492139014 ], [ 7.760383858234431, 48.585166125126044 ], [ 7.760316126692151, 48.585164758628537 ], [ 7.760318144123386, 48.585119805380813 ], [ 7.760250426173068, 48.58511843829006 ], [ 7.760182694697501, 48.585117071714755 ], [ 7.760184712244119, 48.585072118468609 ], [ 7.760116980831642, 48.585070751854971 ], [ 7.76011899759782, 48.585025789633384 ], [ 7.760051279777297, 48.585024422426542 ], [ 7.760053283906915, 48.584979469736084 ], [ 7.75998556614947, 48.584978102490936 ], [ 7.75998758386385, 48.584933149245984 ], [ 7.759919852640651, 48.584931782517387 ], [ 7.759921869574636, 48.584886820297029 ], [ 7.759854139250855, 48.584885462505937 ], [ 7.759856156240771, 48.584840500285971 ], [ 7.759788438672574, 48.584839132925872 ], [ 7.759790443025923, 48.584794180237012 ], [ 7.759722725520807, 48.584792812838593 ], [ 7.759726747028331, 48.584702897930235 ], [ 7.759659029645765, 48.584701530494648 ], [ 7.759661034107447, 48.584656577805838 ], [ 7.759593316787961, 48.584655210331938 ], [ 7.759595321305579, 48.584610257643533 ], [ 7.759527604049169, 48.584608890131314 ], [ 7.759529621315205, 48.584563927912633 ], [ 7.759461890593149, 48.584562560916929 ], [ 7.759465913377317, 48.584472654986136 ], [ 7.759398196306532, 48.584471287398443 ], [ 7.759400213680895, 48.584426325179827 ], [ 7.759332483980715, 48.584424967084473 ], [ 7.759336519673974, 48.584335051623164 ], [ 7.759268789260141, 48.584333684514796 ], [ 7.759270806742826, 48.584288722296257 ], [ 7.75920307722828, 48.584287364125395 ], [ 7.759205094766899, 48.584242401907254 ], [ 7.759137378007912, 48.584241034167462 ], [ 7.759139382909987, 48.584196081480357 ], [ 7.759071666214078, 48.584194713702232 ], [ 7.759073671172086, 48.584149761015539 ], [ 7.759005954539256, 48.584148393199108 ], [ 7.759007972245662, 48.584103430982182 ], [ 7.7589402421473, 48.584102063682202 ], [ 7.758942260745784, 48.584057110441542 ], [ 7.758874544239124, 48.584055742548493 ], [ 7.758806814207473, 48.584054375170723 ], [ 7.758808832921329, 48.584009421931611 ], [ 7.758741102952774, 48.584008054515508 ], [ 7.758743121722552, 48.583963101276829 ], [ 7.758675405345671, 48.583961733267685 ], [ 7.758677409806693, 48.583916771608259 ], [ 7.75860969432898, 48.583915412536662 ], [ 7.758613717724017, 48.583825497639019 ], [ 7.758546001532759, 48.583824129554408 ], [ 7.758548006102133, 48.583779167895045 ], [ 7.758480290810021, 48.583777808747961 ], [ 7.758484314421699, 48.583687893850446 ], [ 7.758416598416068, 48.583686525690354 ], [ 7.758418603093791, 48.583641564031041 ], [ 7.758350887987274, 48.583640204808482 ] ] ], [ [ [ 7.755676727208264, 48.585836054306085 ], [ 7.755672684963073, 48.585925969592587 ], [ 7.755740417389162, 48.585927338796232 ], [ 7.755736387942266, 48.586017244551805 ], [ 7.755804106961764, 48.586018614272653 ], [ 7.755800078455253, 48.586108529003411 ], [ 7.755867797597313, 48.586109898687099 ], [ 7.755865776215797, 48.586154851841769 ], [ 7.75586376919557, 48.58619981341716 ], [ 7.755931488460192, 48.586201183063707 ], [ 7.755929480660263, 48.586246135663615 ], [ 7.755997199987975, 48.586247505271842 ], [ 7.756005256315696, 48.586067675802504 ], [ 7.755937537225857, 48.586066306198894 ], [ 7.755939558540805, 48.586021353041566 ], [ 7.755941566323053, 48.5859764004379 ], [ 7.755873847355763, 48.58597503079713 ], [ 7.755875854358309, 48.585930069218001 ], [ 7.755877875722083, 48.585885116059593 ], [ 7.755810156877352, 48.585883746381654 ], [ 7.755812164767923, 48.585838793778038 ], [ 7.755816193231946, 48.585748879038313 ], [ 7.755748474569235, 48.585747509324371 ], [ 7.755752503138027, 48.58565759458395 ], [ 7.755684784597877, 48.585656224832853 ], [ 7.755617066061353, 48.585654855042286 ], [ 7.755619074112633, 48.585609902438378 ], [ 7.755483623640328, 48.585607163295506 ], [ 7.755481616305675, 48.585652124872979 ], [ 7.755549333999387, 48.585653485766628 ], [ 7.755545305073773, 48.585743400500128 ], [ 7.755613023725603, 48.585744770332468 ], [ 7.755608994904757, 48.585834685065286 ], [ 7.755676727208264, 48.585836054306085 ] ] ], [ [ [ 7.754877311641679, 48.587034823370885 ], [ 7.754875302882549, 48.587079775939351 ], [ 7.754943023285742, 48.587081146161495 ], [ 7.754936970942071, 48.587216013950304 ], [ 7.755004705056781, 48.587217383582143 ], [ 7.755014787192801, 48.586992601117409 ], [ 7.754947053375487, 48.586991231491346 ], [ 7.754945045514847, 48.587036193037576 ], [ 7.754877311641679, 48.587034823370885 ] ] ], [ [ [ 7.756205238363966, 48.592191329708818 ], [ 7.756272965571141, 48.592192699153443 ], [ 7.756277007256287, 48.592102784045487 ], [ 7.756209266637311, 48.5921014151576 ], [ 7.756073799776766, 48.592098685684782 ], [ 7.756071791870397, 48.592143638193342 ], [ 7.756139519010843, 48.592145007715757 ], [ 7.756207259685694, 48.592146376644273 ], [ 7.756205238363966, 48.592191329708818 ] ] ], [ [ [ 7.756338685106418, 48.592239021070256 ], [ 7.756332636668622, 48.592373897661233 ], [ 7.756468104271955, 48.592376626832085 ], [ 7.756535831731551, 48.592377996123446 ], [ 7.756533825056176, 48.592422957611362 ], [ 7.756669292800193, 48.592425686547649 ], [ 7.756671300192461, 48.592380734033291 ], [ 7.756603572725612, 48.592379364820864 ], [ 7.756607600313454, 48.592289450261838 ], [ 7.756539872969192, 48.592288081012263 ], [ 7.756472132933588, 48.592286721253522 ], [ 7.756474153188652, 48.592241759210019 ], [ 7.756338685106418, 48.592239021070256 ] ] ], [ [ [ 7.755023703676468, 48.603416710266828 ], [ 7.755159187768464, 48.603419450482718 ], [ 7.755161209617903, 48.603374488640569 ], [ 7.75563544423892, 48.603384076481454 ], [ 7.75563745213443, 48.603339115184816 ], [ 7.755569710180233, 48.603337745375278 ], [ 7.754824495624387, 48.603322686057773 ], [ 7.754822473480916, 48.603367647894899 ], [ 7.75468697601046, 48.603364907840785 ], [ 7.75468496644246, 48.603409860144772 ], [ 7.754617210886284, 48.603408490334466 ], [ 7.754615202090933, 48.603453451612353 ], [ 7.754750686258391, 48.603456192304314 ], [ 7.75481844188135, 48.603457562036795 ], [ 7.754816418891486, 48.603502514895844 ], [ 7.755019658893098, 48.603506624968418 ], [ 7.755023703676468, 48.603416710266828 ] ] ], [ [ [ 7.755180140326744, 48.619573708552252 ], [ 7.755112363331522, 48.619572339038534 ], [ 7.755104297745806, 48.619752157312163 ], [ 7.755172061441148, 48.619753527384809 ], [ 7.755180140326744, 48.619573708552252 ] ] ], [ [ [ 7.755203506459284, 48.620564103086494 ], [ 7.755191395185305, 48.620833835446781 ], [ 7.755171205489171, 48.621283395487588 ], [ 7.75523898475484, 48.621284764966155 ], [ 7.755243017020752, 48.621194851388424 ], [ 7.755310796170932, 48.621196220825176 ], [ 7.755312805887827, 48.621151268799032 ], [ 7.755245040335667, 48.621149898809122 ], [ 7.75524705010857, 48.621104946783362 ], [ 7.755314828303531, 48.621106307242052 ], [ 7.755326938990708, 48.620836574895641 ], [ 7.755328948679264, 48.620791622863344 ], [ 7.755396727297053, 48.620792992250223 ], [ 7.755400759246687, 48.620703078650934 ], [ 7.755332994286365, 48.620701708712048 ], [ 7.755335003964295, 48.620656756677441 ], [ 7.755402782403409, 48.620658126060846 ], [ 7.755406814331753, 48.620568212456938 ], [ 7.755339049550066, 48.620566842521512 ], [ 7.755353168791557, 48.620252149102392 ], [ 7.755285404430328, 48.620250779135539 ], [ 7.755295491847573, 48.620025999307614 ], [ 7.755227727787703, 48.620024629307039 ], [ 7.755239838678223, 48.619754896863626 ], [ 7.755172061441148, 48.619753527384809 ], [ 7.75515591787369, 48.620113173434447 ], [ 7.755223682049022, 48.620114543476816 ], [ 7.755203506459284, 48.620564103086494 ] ] ], [ [ [ 7.755196595630398, 48.622228836847 ], [ 7.755264362611722, 48.622230206864607 ], [ 7.755306750485644, 48.621286134959526 ], [ 7.75523898475484, 48.621284764966155 ], [ 7.755196595630398, 48.622228836847 ] ] ], [ [ [ 7.755076334215274, 48.623396318413299 ], [ 7.755144116280358, 48.62339768794611 ], [ 7.755168339578421, 48.622858214735338 ], [ 7.755100558228108, 48.62285684521639 ], [ 7.755076334215274, 48.623396318413299 ] ] ], [ [ [ 7.755008565692884, 48.623394948286709 ], [ 7.755006542917204, 48.623439909800879 ], [ 7.755074324202126, 48.623441270398594 ], [ 7.755076334215274, 48.623396318413299 ], [ 7.755008565692884, 48.623394948286709 ] ] ], [ [ [ 7.771994688143613, 48.574060394790742 ], [ 7.771926970994562, 48.57405903505547 ], [ 7.771924978563736, 48.57410399709827 ], [ 7.771992681408145, 48.574105348415166 ], [ 7.771994688143613, 48.574060394790742 ] ] ], [ [ [ 7.7711801850267, 48.574089042475265 ], [ 7.771176184482636, 48.574178958113954 ], [ 7.771514729542002, 48.574185751276225 ], [ 7.77151672317473, 48.57414079821752 ], [ 7.771449019457808, 48.574139437647489 ], [ 7.77145101314647, 48.574094484589196 ], [ 7.7711801850267, 48.574089042475265 ] ] ], [ [ [ 7.770050590985965, 48.584235718851403 ], [ 7.770186038604256, 48.584238441016161 ], [ 7.770188046486878, 48.584193478607013 ], [ 7.770255763477694, 48.584194839907077 ], [ 7.770257772135441, 48.584149886471792 ], [ 7.770325489070402, 48.584151247731242 ], [ 7.770327496827022, 48.584106285318292 ], [ 7.770395213706117, 48.584107646537142 ], [ 7.770397208709403, 48.584062693654147 ], [ 7.770464938222966, 48.584064045300522 ], [ 7.770466933163275, 48.584019092415659 ], [ 7.770602380230104, 48.584021814095323 ], [ 7.770604387738254, 48.583976851675551 ], [ 7.770672104453367, 48.583978212733093 ], [ 7.770674112736718, 48.583933259287186 ], [ 7.770741829395977, 48.583934620304106 ], [ 7.770743836778129, 48.583889657880547 ], [ 7.770811553381521, 48.58389101885686 ], [ 7.770813548010474, 48.583846065963314 ], [ 7.770948993799335, 48.583848778263366 ], [ 7.770951001834264, 48.583803824810616 ], [ 7.77101871832954, 48.58380518566625 ], [ 7.771020725463229, 48.583760223235856 ], [ 7.771088441902639, 48.583761584050883 ], [ 7.771090449811597, 48.58371663059436 ], [ 7.77115816619515, 48.583717991368772 ], [ 7.771160173202845, 48.583673028934584 ], [ 7.771227889530532, 48.583674389668374 ], [ 7.771229897313519, 48.583629436208064 ], [ 7.771297612747051, 48.583630787925493 ], [ 7.771299606938701, 48.583585835019456 ], [ 7.771435052902589, 48.583588555728973 ], [ 7.771437059661819, 48.583543593287956 ], [ 7.771504775825522, 48.583544953860468 ], [ 7.771506783360097, 48.583500000393308 ], [ 7.771574499467945, 48.583501360925204 ], [ 7.771576506101185, 48.583456398480394 ], [ 7.771711938208751, 48.583459119423509 ], [ 7.771713944719526, 48.583414156975657 ], [ 7.771781660719244, 48.583415517386868 ], [ 7.771783668005404, 48.583370563912887 ], [ 7.771851383949267, 48.583371924283483 ], [ 7.771853390334052, 48.583326961831851 ], [ 7.771921106222048, 48.58332832216184 ], [ 7.771923113382238, 48.583283368684071 ], [ 7.77199082921438, 48.58328472897346 ], [ 7.771992835473175, 48.583239766518041 ], [ 7.772060551249449, 48.583241126766808 ], [ 7.772062544755433, 48.583196173841522 ], [ 7.771859384087541, 48.583192093536503 ], [ 7.77185739124157, 48.583237055434104 ], [ 7.771789661947833, 48.583235695623188 ], [ 7.771787668200496, 48.583280648543166 ], [ 7.771719952379159, 48.58327928813538 ], [ 7.771717945878956, 48.58332425058547 ], [ 7.771650230001756, 48.58332289013709 ], [ 7.771648222600198, 48.58336784360953 ], [ 7.771512778047728, 48.583365132124037 ], [ 7.771510784052019, 48.583410085037208 ], [ 7.771443054538396, 48.583408725024363 ], [ 7.771441061318036, 48.583453686911405 ], [ 7.771373331748535, 48.583452326857923 ], [ 7.77137133762688, 48.583497279767329 ], [ 7.771303621529839, 48.583495919117041 ], [ 7.771301614655183, 48.583540881556502 ], [ 7.771233898502273, 48.583539520865607 ], [ 7.771231890726334, 48.583584474327409 ], [ 7.771164174517573, 48.5835831135959 ], [ 7.771162167516926, 48.583628076031587 ], [ 7.771026721462907, 48.583625355004045 ], [ 7.771024727029901, 48.583670307904747 ], [ 7.770957011551263, 48.583668956028312 ], [ 7.770955003526907, 48.583713909483308 ], [ 7.770887287154162, 48.583712548590491 ], [ 7.770885279905053, 48.583757511019343 ], [ 7.77081756347644, 48.583756150085918 ], [ 7.770815555326112, 48.583801103537112 ], [ 7.770747838841644, 48.583799742563087 ], [ 7.770745831466539, 48.583844704988138 ], [ 7.770678114926207, 48.583843343973491 ], [ 7.770676106649906, 48.583888297420891 ], [ 7.770540660770872, 48.583885584802808 ], [ 7.770538665900562, 48.583930537691053 ], [ 7.770470949252115, 48.583929176555728 ], [ 7.77046894162854, 48.583974138973943 ], [ 7.770401224924226, 48.583972777798017 ], [ 7.770399216399505, 48.584017731238575 ], [ 7.770331499639337, 48.584016370022027 ], [ 7.770329491889766, 48.584061332436455 ], [ 7.770261775073729, 48.584059971179308 ], [ 7.770259766423033, 48.584104924616071 ], [ 7.770192049551145, 48.584103563318308 ], [ 7.770190041675575, 48.584148525728942 ], [ 7.770054594295161, 48.584145803568774 ], [ 7.77005259982563, 48.584190765420324 ], [ 7.769984882845615, 48.584189404001862 ], [ 7.769982873946492, 48.584234357431804 ], [ 7.769915156910624, 48.584232995972741 ], [ 7.769913148786581, 48.584277958376532 ], [ 7.76977770107817, 48.584275235893735 ], [ 7.769775705522161, 48.584320188762725 ], [ 7.769640258547263, 48.584317475095517 ], [ 7.769638262868818, 48.584362427961466 ], [ 7.769570532144, 48.584361066857639 ], [ 7.769568537240586, 48.584406028697465 ], [ 7.769433089211393, 48.584403305813098 ], [ 7.769431079818932, 48.584448259230101 ], [ 7.769295646051792, 48.584445544605366 ], [ 7.769293636536886, 48.584490498019328 ], [ 7.769225919180268, 48.58448913615873 ], [ 7.769223910440321, 48.584534098546555 ], [ 7.76949479281692, 48.584539536225009 ], [ 7.769496802156973, 48.58449458280834 ], [ 7.769564518689998, 48.584495935535315 ], [ 7.769566527967057, 48.584450982116763 ], [ 7.769701976129602, 48.584453704845544 ], [ 7.769703970917583, 48.584408743004175 ], [ 7.769771701709078, 48.584410104030212 ], [ 7.769773697272115, 48.584365151162736 ], [ 7.769841428007745, 48.584366512148137 ], [ 7.769843422669749, 48.584321550303002 ], [ 7.769978870504294, 48.584324272709161 ], [ 7.769980865043838, 48.584279310860978 ], [ 7.770048595671318, 48.584280671725686 ], [ 7.770050590985965, 48.584235718851403 ] ] ], [ [ [ 7.769156193027844, 48.58453273664535 ], [ 7.769088462090348, 48.584531375260624 ], [ 7.769086465918622, 48.584576328113705 ], [ 7.769154183386955, 48.584577690055518 ], [ 7.769156193027844, 48.58453273664535 ] ] ], [ [ [ 7.767781702353613, 48.584955088669844 ], [ 7.767713970893453, 48.584953726484166 ], [ 7.767711973497297, 48.584998679306935 ], [ 7.767779691488165, 48.585000042049543 ], [ 7.767781702353613, 48.584955088669844 ] ] ], [ [ [ 7.76764224535982, 48.585042278877296 ], [ 7.767644241981276, 48.584997317080635 ], [ 7.767508806855236, 48.584994600373889 ], [ 7.767506795748405, 48.585039553748231 ], [ 7.76764224535982, 48.585042278877296 ] ] ], [ [ [ 7.766478917122972, 48.585288872753061 ], [ 7.766476918628316, 48.58533382554927 ], [ 7.766273750753586, 48.585329744457383 ], [ 7.766271738548146, 48.58537469780503 ], [ 7.766136288129505, 48.5853719710788 ], [ 7.766134290167913, 48.585416932843593 ], [ 7.765998839644752, 48.5854142059572 ], [ 7.765996827194384, 48.58545915929875 ], [ 7.765793658860143, 48.585455077367676 ], [ 7.765791659756762, 48.585500030149461 ], [ 7.76565620986916, 48.585497311839568 ], [ 7.765654197114404, 48.585542265173864 ], [ 7.765518759813881, 48.585539537172451 ], [ 7.765516747773981, 48.585584499479488 ], [ 7.765381296840016, 48.58558177187345 ], [ 7.765379297369281, 48.585626724646126 ], [ 7.765243847168099, 48.585624005855699 ], [ 7.765241834045951, 48.585668959180843 ], [ 7.765106396431952, 48.585666230698955 ], [ 7.765104384024593, 48.58571119299684 ], [ 7.764901213923291, 48.58570710053003 ], [ 7.764899200496746, 48.585752053847905 ], [ 7.764763763518198, 48.585749333942566 ], [ 7.76476174996919, 48.5857942872574 ], [ 7.76462629851995, 48.585791558771511 ], [ 7.764624299214653, 48.585836520503683 ], [ 7.764421128653961, 48.58583242719768 ], [ 7.764419115637684, 48.585877389481062 ], [ 7.764283663986659, 48.58587466059587 ], [ 7.764281663539824, 48.585919613345027 ], [ 7.764213930895739, 48.585918249119757 ], [ 7.7642099171806, 48.586008164144708 ], [ 7.764345369181232, 48.586010893115727 ], [ 7.764347383104705, 48.585965939811551 ], [ 7.764482820634653, 48.585968660201964 ], [ 7.764484834435666, 48.585923706894739 ], [ 7.764620286227305, 48.585926435545382 ], [ 7.764622285539644, 48.585881473814716 ], [ 7.764757737226778, 48.585884202305188 ], [ 7.764759750782851, 48.585839248991853 ], [ 7.764895187999272, 48.585841968901789 ], [ 7.764897201432882, 48.585797015585399 ], [ 7.765032652911024, 48.585799743755523 ], [ 7.76503465185593, 48.585754782015734 ], [ 7.76517010322956, 48.585757510025672 ], [ 7.765172102051996, 48.585712548282864 ], [ 7.76530755332112, 48.585715276132639 ], [ 7.765309566387333, 48.585670322807083 ], [ 7.765445017551968, 48.585673050496666 ], [ 7.765447016129448, 48.585628088747789 ], [ 7.765582467189573, 48.585630816277202 ], [ 7.765584465644583, 48.585585854525284 ], [ 7.765787635318942, 48.5855899457977 ], [ 7.765789647958306, 48.585544992461855 ], [ 7.765925097979255, 48.585547710616169 ], [ 7.765927096967229, 48.585502757832849 ], [ 7.76606254772106, 48.585505484802781 ], [ 7.766064559278076, 48.585460522485036 ], [ 7.766199996398489, 48.585463249850392 ], [ 7.766202008670461, 48.585418296505395 ], [ 7.766472895408173, 48.585423741226506 ], [ 7.766474907438753, 48.585378787876166 ], [ 7.76667807552433, 48.585382868616279 ], [ 7.766680087372978, 48.585337915261718 ], [ 7.766815523364023, 48.585340632934006 ], [ 7.766817535090215, 48.585295679576397 ], [ 7.767020703710596, 48.585299768693396 ], [ 7.767022714417282, 48.585254806355806 ], [ 7.76709043272887, 48.585256169499949 ], [ 7.767092444210141, 48.585211216136237 ], [ 7.767227879887615, 48.585213933328063 ], [ 7.767229891246425, 48.58516897996131 ], [ 7.767297609449914, 48.585170342984753 ], [ 7.767299619908106, 48.585125380640328 ], [ 7.767367338055727, 48.585126743623171 ], [ 7.767369349288548, 48.585081790252623 ], [ 7.767504785475697, 48.585084516097602 ], [ 7.767506795748405, 48.585039553748231 ], [ 7.767303628960357, 48.585035474456511 ], [ 7.767301617671598, 48.585080427826654 ], [ 7.7671661815061, 48.585077701744872 ], [ 7.767164170932488, 48.585122664087763 ], [ 7.767028721133681, 48.585119938401512 ], [ 7.767026723128812, 48.585164891209871 ], [ 7.766823555881225, 48.585160811079 ], [ 7.766821544165625, 48.58520576443884 ], [ 7.766686095002542, 48.585203047329102 ], [ 7.766684096693317, 48.58524800013025 ], [ 7.766548646588196, 48.585245273884546 ], [ 7.766546648994018, 48.585290235658427 ], [ 7.766478917122972, 48.585288872753061 ] ] ], [ [ [ 7.765989809912209, 48.588653815873634 ], [ 7.76605754538882, 48.588655170086703 ], [ 7.766059544381838, 48.588610217350443 ], [ 7.765991821656987, 48.588608853607177 ], [ 7.765989809912209, 48.588653815873634 ] ] ], [ [ [ 7.768057290819515, 48.589415334665766 ], [ 7.76805930077674, 48.589370372375647 ], [ 7.768127024565019, 48.589371734913733 ], [ 7.768129035297065, 48.589326781597478 ], [ 7.768196758191635, 48.589328135119196 ], [ 7.768198768860676, 48.589283181801022 ], [ 7.76826649253722, 48.589284544257886 ], [ 7.768268502305396, 48.589239581962062 ], [ 7.768403963080225, 48.589242306199225 ], [ 7.768405960033911, 48.589197353431963 ], [ 7.768473697132192, 48.589198715212248 ], [ 7.768475693184992, 48.58915375346735 ], [ 7.768543416697537, 48.589155115762885 ], [ 7.768545427055094, 48.589110162435979 ], [ 7.768613150511774, 48.589111524690907 ], [ 7.768615159968406, 48.589066562386328 ], [ 7.768682883369217, 48.589067924600634 ], [ 7.768684893600768, 48.589022971269934 ], [ 7.768820352986126, 48.589025686046192 ], [ 7.768822349565391, 48.588980733268329 ], [ 7.76889008638787, 48.588982094806035 ], [ 7.768892082066178, 48.588937133050521 ], [ 7.76895981883277, 48.588938494547591 ], [ 7.768961815286054, 48.588893541765962 ], [ 7.769029551996777, 48.588894903222418 ], [ 7.769031547549083, 48.588849941463124 ], [ 7.769167007332591, 48.588852664811249 ], [ 7.769169017130178, 48.588807711468739 ], [ 7.769236739364965, 48.588809064384648 ], [ 7.769238735569813, 48.588764111596205 ], [ 7.769306472116494, 48.588765472891303 ], [ 7.769308467420311, 48.588720511125196 ], [ 7.769376203911106, 48.588721872379679 ], [ 7.769378199989974, 48.588676919587442 ], [ 7.769445936424892, 48.588678280801311 ], [ 7.769447931602714, 48.588633319031416 ], [ 7.769583390834677, 48.588636041894418 ], [ 7.769585400257792, 48.588591088541243 ], [ 7.769653122216769, 48.588592441214622 ], [ 7.769655131576886, 48.588547487859579 ], [ 7.769722854318079, 48.588548849468097 ], [ 7.769724863615194, 48.588503896111135 ], [ 7.769792585462408, 48.588505248703285 ], [ 7.769794594696527, 48.58846029534444 ], [ 7.769862317325984, 48.588461656871736 ], [ 7.769868330460986, 48.588326788367496 ], [ 7.769800594480326, 48.588325427399674 ], [ 7.769802602862222, 48.588280465062056 ], [ 7.76973486778276, 48.588279113031653 ], [ 7.769732872032889, 48.588324065836353 ], [ 7.769665149589058, 48.588322704233555 ], [ 7.769663140246575, 48.588367657592364 ], [ 7.769595418584963, 48.588366304924712 ], [ 7.769593409179484, 48.588411258281617 ], [ 7.769525686623916, 48.588409896597597 ], [ 7.769523677993504, 48.588454858928358 ], [ 7.769455955382063, 48.588453497203723 ], [ 7.769451950683311, 48.588543412328967 ], [ 7.769384214426845, 48.588542051118544 ], [ 7.769382218358529, 48.58858700391302 ], [ 7.769314482046187, 48.58858564266199 ], [ 7.769312486752913, 48.588630604430342 ], [ 7.769244750384688, 48.588629243138669 ], [ 7.769242754190392, 48.588674195929386 ], [ 7.76917501776629, 48.588672834597084 ], [ 7.769173022347016, 48.588717796361642 ], [ 7.769037562920381, 48.58871507302041 ], [ 7.769035553010896, 48.588760026362131 ], [ 7.76896783084636, 48.58875867332894 ], [ 7.768965820873875, 48.588803626668749 ], [ 7.76889809781549, 48.58880226461919 ], [ 7.768896088617963, 48.588847226932856 ], [ 7.768760642393052, 48.588844502713059 ], [ 7.768758632235094, 48.588889456047923 ], [ 7.768690909068577, 48.588888093877664 ], [ 7.768688899685545, 48.588933056186391 ], [ 7.768621176463158, 48.588931693975518 ], [ 7.768619166179193, 48.588976647306573 ], [ 7.768551442900942, 48.588975285055085 ], [ 7.768549433391882, 48.589020247360011 ], [ 7.76848171005776, 48.589018885067908 ], [ 7.768479699647789, 48.589063838395177 ], [ 7.768344253709297, 48.589061122666038 ], [ 7.768342243176855, 48.589106075990259 ], [ 7.768274519734604, 48.589104713577456 ], [ 7.768272509977018, 48.589149675875525 ], [ 7.768204786478893, 48.589148313422115 ], [ 7.768202775820442, 48.589193266742505 ], [ 7.768135052266456, 48.589191904248487 ], [ 7.768133042382841, 48.589236866542763 ], [ 7.767997581636851, 48.58923414198982 ], [ 7.767995584322799, 48.589279094749457 ], [ 7.7679278479686, 48.589277741666301 ], [ 7.767925850591557, 48.589322694424055 ], [ 7.767858126873571, 48.589321331768716 ], [ 7.767856116741426, 48.589366294056134 ], [ 7.767788392967566, 48.58936493136018 ], [ 7.767786381934624, 48.589409884669941 ], [ 7.767718658104902, 48.589408521933358 ], [ 7.76771664784672, 48.589453484216982 ], [ 7.767648923961128, 48.589452121439777 ], [ 7.767646912802176, 48.589497074745736 ], [ 7.767579188860722, 48.589495711927924 ], [ 7.767573170389718, 48.589630589233614 ], [ 7.767505446273437, 48.589629226372892 ], [ 7.767503434981414, 48.589674179673565 ], [ 7.767367973110737, 48.589671454387144 ], [ 7.767369984521714, 48.589626501088787 ], [ 7.767302246886273, 48.589625138665397 ], [ 7.767304258353195, 48.589580185367431 ], [ 7.767236534310824, 48.589578822349971 ], [ 7.767033348675382, 48.589574733616509 ], [ 7.767037357706806, 48.589484818607467 ], [ 7.766969621105505, 48.589483464965895 ], [ 7.766973643771737, 48.589393549400477 ], [ 7.766905906455376, 48.589392186745947 ], [ 7.766909915696531, 48.589302271735498 ], [ 7.766842192032662, 48.589300908488113 ], [ 7.766844203891184, 48.589255955192961 ], [ 7.766776466760494, 48.589254592462922 ], [ 7.766778478674963, 48.58920963916816 ], [ 7.766710741607366, 48.589208276399795 ], [ 7.766643018073266, 48.589206913036278 ], [ 7.766645030103147, 48.589161959743087 ], [ 7.766577293102253, 48.58916059689691 ], [ 7.766581302902955, 48.589070681890441 ], [ 7.766513579554495, 48.589069318451436 ], [ 7.76651559169273, 48.589024365158288 ], [ 7.76644785487751, 48.589023002236601 ], [ 7.76644986623415, 48.588978039968076 ], [ 7.766382130319559, 48.58897668598383 ], [ 7.766384141732157, 48.588931723715696 ], [ 7.766316418572949, 48.588930360161733 ], [ 7.766318417349197, 48.588885407425408 ], [ 7.766250694253067, 48.588884043833119 ], [ 7.766252706615067, 48.588839090541576 ], [ 7.766184970052221, 48.588837727466576 ], [ 7.766188980517306, 48.588747812463353 ], [ 7.766121257606819, 48.588746448795582 ], [ 7.766123270077165, 48.58870149550409 ], [ 7.766055533699996, 48.58870013235358 ], [ 7.766047511456539, 48.588879953375049 ], [ 7.766115234541838, 48.588881317085743 ], [ 7.766111223936635, 48.588971232082152 ], [ 7.766178947144495, 48.588972595755685 ], [ 7.76617694824226, 48.589017548488229 ], [ 7.766244671513193, 48.589018912123429 ], [ 7.766242673504416, 48.589063873832139 ], [ 7.76631039600093, 48.589065228453251 ], [ 7.766308384518254, 48.589110190717967 ], [ 7.766376121445224, 48.589111553720905 ], [ 7.766374109180978, 48.589156507010252 ], [ 7.766441846171043, 48.589157869974855 ], [ 7.766439833962741, 48.5892028232646 ], [ 7.766507557486007, 48.589204186746514 ], [ 7.76650555970109, 48.589249148456801 ], [ 7.766573282449889, 48.589250502924614 ], [ 7.76657128472094, 48.589295464635292 ], [ 7.76663900837038, 48.589296828040553 ], [ 7.76670673202343, 48.58929819140635 ], [ 7.766704733572341, 48.589343144142802 ], [ 7.766772457288473, 48.589344507470273 ], [ 7.766840181008212, 48.589345870758287 ], [ 7.766834173298347, 48.589480738501415 ], [ 7.76690189720012, 48.58948210175339 ], [ 7.766893877809697, 48.589661922783506 ], [ 7.766961601952975, 48.589663286000615 ], [ 7.766953583581697, 48.589843115999074 ], [ 7.76688584567046, 48.589841753333076 ], [ 7.766883847355559, 48.589886706063929 ], [ 7.766816110226069, 48.589885352333077 ], [ 7.766814111848173, 48.589930305062062 ], [ 7.766746373825177, 48.589928942314799 ], [ 7.766744375384286, 48.589973895041879 ], [ 7.766608913597835, 48.589971177846763 ], [ 7.766606901504373, 48.590016131126454 ], [ 7.766539176903332, 48.590014767702819 ], [ 7.766537179114549, 48.590059729400757 ], [ 7.766469440927523, 48.590058366492151 ], [ 7.766467442238172, 48.59010331921241 ], [ 7.766399703995272, 48.590101956263162 ], [ 7.766397706080472, 48.590146917957306 ], [ 7.766262243016651, 48.590144191382507 ], [ 7.766260230611685, 48.590189144653451 ], [ 7.766192506628303, 48.590187790003654 ], [ 7.766190494160329, 48.590232743272686 ], [ 7.766122769283561, 48.5902313796065 ], [ 7.766120757590074, 48.590276341849403 ], [ 7.766053032657434, 48.59027497814261 ], [ 7.766051020063441, 48.590319931407848 ], [ 7.76598329507494, 48.590318567660425 ], [ 7.765981283255412, 48.590363529899527 ], [ 7.765913558211039, 48.59036216611149 ], [ 7.765909547135164, 48.590452081053805 ], [ 7.766045010158168, 48.590454799063643 ], [ 7.766047009232542, 48.590409846356238 ], [ 7.76611474787382, 48.590411209510904 ], [ 7.766116746047691, 48.590366247825834 ], [ 7.766184484633088, 48.590367610939872 ], [ 7.766186483581462, 48.590322658228679 ], [ 7.766254208580802, 48.590324021857697 ], [ 7.766256220158842, 48.590279059613238 ], [ 7.766391683579552, 48.590281786194936 ], [ 7.766393682342462, 48.590236833478819 ], [ 7.766461419926276, 48.590238187455718 ], [ 7.76646341862619, 48.590193234737711 ], [ 7.766531156991682, 48.590194597649763 ], [ 7.766533154791028, 48.590149635954084 ], [ 7.76660089310063, 48.590150998825528 ], [ 7.76660289167455, 48.590106046103713 ], [ 7.7667383546555, 48.590108772281496 ], [ 7.766740365799458, 48.590063810025235 ], [ 7.766808090470801, 48.590065173331595 ], [ 7.766810102389357, 48.59002022004919 ], [ 7.766877827004842, 48.590021583314936 ], [ 7.766879824492674, 48.58997662161056 ], [ 7.766947562582369, 48.589977984280004 ], [ 7.766949560844837, 48.589933031549485 ], [ 7.767085022548354, 48.589935748347585 ], [ 7.767087034218417, 48.589890795058331 ], [ 7.767154758669901, 48.589892158162755 ], [ 7.767152760589383, 48.589937110897445 ], [ 7.767220485103947, 48.589938473963549 ], [ 7.767218473549303, 48.58998342725436 ], [ 7.767286211657037, 48.589984789726415 ], [ 7.767353936238291, 48.589986152714729 ], [ 7.767351939166876, 48.590031114427106 ], [ 7.767419662973499, 48.590032468401319 ], [ 7.767417652427946, 48.590077430669851 ], [ 7.767485390665483, 48.590078793025775 ], [ 7.767483379338152, 48.590123746318923 ], [ 7.767551104108662, 48.590125109192257 ], [ 7.767618842412903, 48.590126471470363 ], [ 7.76761483435345, 48.590216386479028 ], [ 7.767682558412362, 48.590217740299956 ], [ 7.767680548090637, 48.590262702570065 ], [ 7.76774828658056, 48.590264064772668 ], [ 7.767746275477012, 48.590309018067416 ], [ 7.767814014030023, 48.590310380231678 ], [ 7.767812002982425, 48.590355333526844 ], [ 7.76787972806835, 48.590356696208559 ], [ 7.767877731444691, 48.590401657924083 ], [ 7.767945455755886, 48.590403011591711 ], [ 7.767943459188198, 48.590447973307633 ], [ 7.768011184400298, 48.590449335912702 ], [ 7.768007177005301, 48.590539250924607 ], [ 7.768074901502118, 48.59054060451674 ], [ 7.768072905042856, 48.590585566232683 ], [ 7.768140630440604, 48.590586928762249 ], [ 7.768138619669206, 48.590631882058652 ], [ 7.768206358660283, 48.59063324399407 ], [ 7.768204347944834, 48.59067819729087 ], [ 7.768272073468745, 48.590679559743798 ], [ 7.768268066514364, 48.590769474757359 ], [ 7.768335805691123, 48.590770836617267 ], [ 7.768333795084045, 48.590815789914117 ], [ 7.768401520793603, 48.590817152291542 ], [ 7.768399523772768, 48.590862105032926 ], [ 7.768467249545405, 48.590863467372031 ], [ 7.768465253418457, 48.590908429089566 ], [ 7.768532979254189, 48.590909791390345 ], [ 7.768530968814954, 48.590954744688382 ], [ 7.768598708244093, 48.59095610639497 ], [ 7.76859470184229, 48.591046021410968 ], [ 7.768662427025711, 48.591047374660505 ], [ 7.768660417532804, 48.591092336934345 ], [ 7.768728157147631, 48.591093698565409 ], [ 7.768726146872714, 48.591138651863886 ], [ 7.768793873020259, 48.59114001401251 ], [ 7.768789866947162, 48.591229929029389 ], [ 7.768857606747672, 48.591231290584929 ], [ 7.768855596581131, 48.591276243883463 ], [ 7.768923336444733, 48.591277605400684 ], [ 7.768919317058027, 48.591367520973542 ], [ 7.768987057044225, 48.591368882453573 ], [ 7.76898305045481, 48.591458788494052 ], [ 7.769050777033128, 48.591460150492821 ], [ 7.769048767865413, 48.591505112766782 ], [ 7.769116507199245, 48.591506465195557 ], [ 7.76911248813417, 48.591596380767797 ], [ 7.769180228428628, 48.591597742135114 ], [ 7.769176222998922, 48.5916876571507 ], [ 7.769243949885462, 48.591689019036785 ], [ 7.769241940040509, 48.591733972334723 ], [ 7.769309680520656, 48.591735333626517 ], [ 7.769305675307762, 48.591825248642174 ], [ 7.769373402379955, 48.591826610452756 ], [ 7.769369396433841, 48.591916516491956 ], [ 7.76943712362859, 48.591917878265363 ], [ 7.769433118625457, 48.592007793279585 ], [ 7.769500845942779, 48.592009155015816 ], [ 7.769498849841655, 48.592054107757086 ], [ 7.769566577222058, 48.592055469454984 ], [ 7.769634318136677, 48.592056830557411 ], [ 7.769632308620391, 48.592101783856215 ], [ 7.769700036067483, 48.592103145476329 ], [ 7.769698040975931, 48.592148107195243 ], [ 7.769833508692354, 48.592150820787566 ], [ 7.769835504503101, 48.592105868042097 ], [ 7.769767777048799, 48.592104506500938 ], [ 7.769769772915512, 48.592059553755853 ], [ 7.769702045524292, 48.592058192176381 ], [ 7.76970405497757, 48.592013238875666 ], [ 7.769636314118837, 48.592011877813867 ], [ 7.769640318765052, 48.59192196279276 ], [ 7.769572591559483, 48.591920601137772 ], [ 7.769574601121141, 48.591875647837114 ], [ 7.769506860448094, 48.591874286699792 ], [ 7.769510865311127, 48.591784371678756 ], [ 7.769443138291211, 48.591783009948259 ], [ 7.769447143259125, 48.591693094926519 ], [ 7.76937941636178, 48.591691733158839 ], [ 7.76938342227267, 48.591601827112122 ], [ 7.769315695497881, 48.59160046530728 ], [ 7.769319700675555, 48.591510550284092 ], [ 7.769251960492868, 48.591509188998032 ], [ 7.769253970320181, 48.59146423569635 ], [ 7.769186243731042, 48.591462873816006 ], [ 7.769190249125526, 48.591372958792903 ], [ 7.769122509128522, 48.591371597431305 ], [ 7.769124519064212, 48.591326644129673 ], [ 7.769056792660719, 48.591325282173813 ], [ 7.769058789121939, 48.591280329428521 ], [ 7.768991062781533, 48.591278967434341 ], [ 7.768995068504754, 48.591189052412098 ], [ 7.768927342286916, 48.591187690380735 ], [ 7.768929338856543, 48.591142737635458 ], [ 7.768861612701784, 48.591141375565776 ], [ 7.76886360848938, 48.59109641384515 ], [ 7.7687958832357, 48.591095060712895 ], [ 7.768799889287656, 48.591005145691518 ], [ 7.768732163318546, 48.591003783546313 ], [ 7.768734173582872, 48.590958830245569 ], [ 7.768666434146517, 48.590957468617958 ], [ 7.768670440415273, 48.590867553596652 ], [ 7.768602714631812, 48.590866191375966 ], [ 7.768604725004507, 48.590821238075272 ], [ 7.768536985753835, 48.590819876372137 ], [ 7.768538995344545, 48.590774914096087 ], [ 7.768471256994897, 48.590773561330359 ], [ 7.768473266641577, 48.590728599054707 ], [ 7.768405541047366, 48.590727236719054 ], [ 7.768407538057647, 48.590682283975411 ], [ 7.768339812526522, 48.590680921601418 ], [ 7.768341809592764, 48.590635968858173 ], [ 7.76827408412472, 48.590634606445867 ], [ 7.768276093939273, 48.590589644171402 ], [ 7.768208355004087, 48.590588282276599 ], [ 7.768212362887119, 48.590498376235089 ], [ 7.768144637604721, 48.590497013747282 ], [ 7.768146647527665, 48.590452051472866 ], [ 7.76807890961601, 48.5904506984783 ], [ 7.768080919594916, 48.590405736204303 ], [ 7.768013194438691, 48.590404373639835 ], [ 7.768017202650377, 48.590314467599192 ], [ 7.767949464086538, 48.590313105553363 ], [ 7.767951474173837, 48.590268143279403 ], [ 7.767883735673103, 48.590266781195233 ], [ 7.767885746654171, 48.590221827897437 ], [ 7.767818021746673, 48.590220465219147 ], [ 7.767822029449237, 48.590130550203625 ], [ 7.767754305502086, 48.590129196463934 ], [ 7.767756302223613, 48.590084234746193 ], [ 7.767688577501761, 48.590082871992394 ], [ 7.767696594164131, 48.589903050934268 ], [ 7.767628869683782, 48.589901688145609 ], [ 7.767630866506697, 48.58985672642639 ], [ 7.767563142927188, 48.589855372575165 ], [ 7.767571159157165, 48.589675542535439 ], [ 7.767638896866524, 48.589676904802083 ], [ 7.767640893671848, 48.589631943079112 ], [ 7.767708631325325, 48.589633305305128 ], [ 7.767712639174184, 48.589543390274663 ], [ 7.767780363182327, 48.589544753014692 ], [ 7.767782374225863, 48.589499799707191 ], [ 7.767850098178145, 48.589501162406584 ], [ 7.767852108320883, 48.589456200121418 ], [ 7.767987556117305, 48.589458925399533 ], [ 7.767989566975359, 48.589413972087058 ], [ 7.768057290819515, 48.589415334665766 ] ] ], [ [ [ 7.765425393485161, 48.590667318175271 ], [ 7.765357668890717, 48.590665963039221 ], [ 7.76528992993221, 48.590664599443407 ], [ 7.76528793018246, 48.590709552133717 ], [ 7.76535565567015, 48.590710916286177 ], [ 7.76535365597636, 48.590755868976892 ], [ 7.765421381527138, 48.590757233091018 ], [ 7.765425393485161, 48.590667318175271 ] ] ], [ [ [ 7.765218192192686, 48.590753150161483 ], [ 7.765220204698383, 48.5907081879418 ], [ 7.765152465687619, 48.590706824265887 ], [ 7.765150466652735, 48.590751785928944 ], [ 7.765218192192686, 48.590753150161483 ] ] ], [ [ [ 7.765080727650861, 48.590795374897787 ], [ 7.765148453246672, 48.590796739170941 ], [ 7.765150466652735, 48.590751785928944 ], [ 7.765082727586084, 48.590750422212402 ], [ 7.765080727650861, 48.590795374897787 ] ] ], [ [ [ 7.764939237370012, 48.590927523895765 ], [ 7.765006963137038, 48.590928888251305 ], [ 7.765010989367434, 48.590838972799887 ], [ 7.765078715019117, 48.590840337113676 ], [ 7.765080727650861, 48.590795374897787 ], [ 7.765012989365657, 48.590794020116405 ], [ 7.764945263777058, 48.590792655764311 ], [ 7.764943250189027, 48.590837609002094 ], [ 7.76487552454457, 48.590836244609378 ], [ 7.76487351173082, 48.590881206821052 ], [ 7.764941250127804, 48.590882561683692 ], [ 7.764939237370012, 48.590927523895765 ] ] ], [ [ [ 7.764805786030493, 48.590879842387722 ], [ 7.764803772316433, 48.59092479562171 ], [ 7.764871511606597, 48.590926159500739 ], [ 7.76487351173082, 48.590881206821052 ], [ 7.764805786030493, 48.590879842387722 ] ] ], [ [ [ 7.763558509902288, 48.591484693117415 ], [ 7.763693975535324, 48.591487413866631 ], [ 7.763695976716482, 48.591442461216147 ], [ 7.76383144308209, 48.591445190780973 ], [ 7.763833456834151, 48.591400228596335 ], [ 7.763968909564736, 48.591402958556294 ], [ 7.763970924031423, 48.591358005344389 ], [ 7.76410638935084, 48.591360725613022 ], [ 7.764108390164553, 48.591315772953422 ], [ 7.764176129954009, 48.591317137237596 ], [ 7.76417813070472, 48.591272184576106 ], [ 7.764313595807844, 48.591274904603289 ], [ 7.764315609966526, 48.591229951383383 ], [ 7.764451062271877, 48.591232680781552 ], [ 7.764453075470845, 48.591187718582795 ], [ 7.764520801569456, 48.591189083221529 ], [ 7.764522815542635, 48.59114412999665 ], [ 7.764590541585387, 48.591145494594763 ], [ 7.764594555034531, 48.591055579720084 ], [ 7.764459103190563, 48.591052850489 ], [ 7.764457089164978, 48.591097803714213 ], [ 7.764321624523309, 48.591095083854107 ], [ 7.764319623905648, 48.591140036520891 ], [ 7.764251884346929, 48.591138672320284 ], [ 7.764249884503455, 48.591183633960945 ], [ 7.764114418808302, 48.591180904883629 ], [ 7.764112404474714, 48.591225858100835 ], [ 7.764044678338306, 48.591224493224132 ], [ 7.764042664778857, 48.591269455415222 ], [ 7.763907212397907, 48.591266725541097 ], [ 7.763905197878817, 48.591311678753343 ], [ 7.763837472471408, 48.591310322731715 ], [ 7.763835457889302, 48.591355275942071 ], [ 7.763699991761638, 48.591352546381856 ], [ 7.763697991424622, 48.591397508009607 ], [ 7.763562525192433, 48.591394778289207 ], [ 7.763560523895843, 48.591439730938141 ], [ 7.763425058396208, 48.591437010033324 ], [ 7.763423043446615, 48.591481963234514 ], [ 7.763287577005409, 48.591479233193688 ], [ 7.763285576300873, 48.591524194812337 ], [ 7.763150109755141, 48.591521464611333 ], [ 7.763148094560557, 48.591566417806384 ], [ 7.763012642277853, 48.591563695865737 ], [ 7.763010626960777, 48.59160864905774 ], [ 7.762875160206027, 48.591605918536345 ], [ 7.762873159133973, 48.59165088014587 ], [ 7.762737692274708, 48.591648149464262 ], [ 7.762731659945397, 48.591783017440271 ], [ 7.762799400316984, 48.591784382526662 ], [ 7.762801401459104, 48.59173942092054 ], [ 7.762869141774805, 48.591740785966294 ], [ 7.762871143690862, 48.59169583333405 ], [ 7.76300661068356, 48.591698563860049 ], [ 7.763008611640158, 48.591653602248996 ], [ 7.763144078528332, 48.591656332614811 ], [ 7.763146093729993, 48.591611379421245 ], [ 7.763281559676642, 48.591614100651064 ], [ 7.763283561225247, 48.591569148009704 ], [ 7.763419027904405, 48.59157187805512 ], [ 7.763421042024017, 48.591526915879655 ], [ 7.763556495068116, 48.59152964632014 ], [ 7.763558509902288, 48.591484693117415 ] ] ], [ [ [ 7.762247494689866, 48.591998249641726 ], [ 7.762315221802935, 48.591999615565356 ], [ 7.762317236909791, 48.591954653415847 ], [ 7.762249497162397, 48.591953297024304 ], [ 7.762251512325213, 48.591908334875193 ], [ 7.762183771804073, 48.591906969469527 ], [ 7.762185787859677, 48.591862016296609 ], [ 7.762118060932285, 48.591860650297498 ], [ 7.762112026943913, 48.59199551823118 ], [ 7.762179754049743, 48.591996884233751 ], [ 7.762177751514203, 48.592041836849269 ], [ 7.76224547868313, 48.592043202813521 ], [ 7.762247494689866, 48.591998249641726 ] ] ], [ [ [ 7.761358923795471, 48.592160330813158 ], [ 7.761223469198387, 48.592157597812019 ], [ 7.761221453121959, 48.592202559939324 ], [ 7.761085984889637, 48.592199827333005 ], [ 7.761083981384779, 48.592244779926446 ], [ 7.761016241285829, 48.592243422816232 ], [ 7.761014237717961, 48.592288375407762 ], [ 7.76094649672649, 48.592287009281108 ], [ 7.760878769269405, 48.592285642560007 ], [ 7.760876752884889, 48.592330604679276 ], [ 7.760809025371937, 48.592329237917539 ], [ 7.760807008087784, 48.592374191059108 ], [ 7.76067155295378, 48.592371457414927 ], [ 7.760669536383709, 48.592416419529236 ], [ 7.760601808762651, 48.592415052646786 ], [ 7.760599791292974, 48.592460005783394 ], [ 7.760532063616057, 48.592458638860307 ], [ 7.760530046919919, 48.592503600970815 ], [ 7.760462319187135, 48.592502234007121 ], [ 7.760460301591412, 48.592547187139921 ], [ 7.760392573802773, 48.592545820135598 ], [ 7.760390556980563, 48.592590782242283 ], [ 7.760255087764316, 48.592588048667849 ], [ 7.760253083513923, 48.592633001240756 ], [ 7.760185342922815, 48.592631643646449 ], [ 7.760183338609409, 48.592676596217451 ], [ 7.760047869176931, 48.592673862401561 ], [ 7.760045852046625, 48.592718824500231 ], [ 7.759978124041769, 48.592717457254487 ], [ 7.759976106011958, 48.592762410375421 ], [ 7.759840649894154, 48.592759675763205 ], [ 7.759838632578286, 48.592804637856901 ], [ 7.759703162825072, 48.592801903639341 ], [ 7.759701158081174, 48.59284685619933 ], [ 7.759633416385058, 48.592845489307599 ], [ 7.75963141241455, 48.592890450841494 ], [ 7.759495942445111, 48.592887716382485 ], [ 7.759493924821141, 48.592932678468145 ], [ 7.759426196547833, 48.59293131090088 ], [ 7.759424178024453, 48.592976264008826 ], [ 7.759288721369752, 48.592973528753561 ], [ 7.759286703560218, 48.59301849083424 ], [ 7.759218975178809, 48.593017123146254 ], [ 7.759216956469901, 48.593062076249225 ], [ 7.759149228032639, 48.593060708520618 ], [ 7.759147210097028, 48.593105670597495 ], [ 7.759079481603897, 48.593104302828259 ], [ 7.759077462768937, 48.593149255927415 ], [ 7.758941992143578, 48.593146520822962 ], [ 7.758939987553413, 48.593191482340124 ], [ 7.758872245421156, 48.593190115004923 ], [ 7.758870239931688, 48.593235067544363 ], [ 7.758802497743567, 48.593233700168518 ], [ 7.758798473940277, 48.593323614773411 ], [ 7.758730745167848, 48.593322246801058 ], [ 7.758728726854006, 48.593367208866496 ], [ 7.758660998025707, 48.593365840853508 ], [ 7.758656960432149, 48.593455756004012 ], [ 7.758589231488505, 48.593454387949244 ], [ 7.758585207292903, 48.593544302539712 ], [ 7.758517478233916, 48.593542934443171 ], [ 7.758515458887643, 48.593587887525565 ], [ 7.75871865978505, 48.593591991145502 ], [ 7.758722683749779, 48.59350207655195 ], [ 7.758790426291258, 48.593503443974186 ], [ 7.758792431025136, 48.593458482464577 ], [ 7.758860173510731, 48.593459849846177 ], [ 7.758862179017862, 48.593414897310495 ], [ 7.758929921447594, 48.593416264651466 ], [ 7.758933945027069, 48.593326350044983 ], [ 7.759001673810367, 48.593327717898916 ], [ 7.759003691882691, 48.593282755828106 ], [ 7.759071420610123, 48.593284123641439 ], [ 7.759073439455716, 48.593239170544521 ], [ 7.759141168127292, 48.593240538317218 ], [ 7.759143186073536, 48.5931955762426 ], [ 7.759210914689247, 48.593196943974668 ], [ 7.759212933408788, 48.593151990873956 ], [ 7.759280661968639, 48.593153358565395 ], [ 7.759282679788805, 48.593108396486969 ], [ 7.759350408292796, 48.593109764137793 ], [ 7.759352426886284, 48.593064811033251 ], [ 7.759420155334412, 48.593066178643468 ], [ 7.759422173028503, 48.593021216561205 ], [ 7.759557629816652, 48.593023951660889 ], [ 7.75955964822461, 48.592978998551395 ], [ 7.759627376564637, 48.592980366040884 ], [ 7.759629394073165, 48.592935403953661 ], [ 7.759764864176057, 48.592938138257075 ], [ 7.759766868867539, 48.592893185697442 ], [ 7.759834610630402, 48.592894552511368 ], [ 7.759836614422429, 48.592849590974033 ], [ 7.759972084309092, 48.592852325035992 ], [ 7.759974101509518, 48.592807362940754 ], [ 7.760041829633331, 48.5928087301888 ], [ 7.760043847607196, 48.592763777067447 ], [ 7.760179303746727, 48.592766511442839 ], [ 7.760181320761593, 48.592721549342613 ], [ 7.760316790327517, 48.592724283002916 ], [ 7.760318794525493, 48.592679330430343 ], [ 7.760386536019841, 48.59268069692267 ], [ 7.760388539318272, 48.592635735372419 ], [ 7.760524008667962, 48.59263846879125 ], [ 7.760526026211291, 48.592593515658827 ], [ 7.76079695034873, 48.592598973597319 ], [ 7.760798967650589, 48.592554020459509 ], [ 7.760866695460949, 48.592555387227002 ], [ 7.760868711863169, 48.592510425111485 ], [ 7.760936439617662, 48.592511791838355 ], [ 7.761004180906596, 48.592513157970764 ], [ 7.76100618449211, 48.592468205382978 ], [ 7.761073924888525, 48.592469562498955 ], [ 7.761141652594386, 48.592470929106241 ], [ 7.761143669588212, 48.592425975960403 ], [ 7.761211397238216, 48.592427342527088 ], [ 7.761213413332348, 48.592382380403556 ], [ 7.761348868524236, 48.592385113416192 ], [ 7.761350885332543, 48.592340160265401 ], [ 7.76141861287444, 48.592341526711358 ], [ 7.761420628783016, 48.592296564582853 ], [ 7.761488356269044, 48.592297930988195 ], [ 7.761490372951307, 48.592252977833581 ], [ 7.761558100381477, 48.592254344198309 ], [ 7.761560116163989, 48.592209382066002 ], [ 7.761627843538289, 48.592210748390102 ], [ 7.761629860094509, 48.592165795231672 ], [ 7.76156211924896, 48.5921644294638 ], [ 7.761564135024392, 48.592119467329979 ], [ 7.761360940586072, 48.592115377658594 ], [ 7.761358923795471, 48.592160330813158 ] ] ], [ [ [ 7.769831500185641, 48.592195783064057 ], [ 7.769827495854101, 48.59228569808301 ], [ 7.769759754631197, 48.592284337093275 ], [ 7.769755750166587, 48.592374252106936 ], [ 7.769823490670296, 48.592375604123212 ], [ 7.769891218485089, 48.592376965631772 ], [ 7.76988921002023, 48.592421927905647 ], [ 7.76995695142882, 48.592423288819845 ], [ 7.769960955543538, 48.592333373800827 ], [ 7.769893227784614, 48.592332012332882 ], [ 7.769899227762515, 48.592197144568026 ], [ 7.769831500185641, 48.592195783064057 ] ] ], [ [ [ 7.760928478441429, 48.606325681391617 ], [ 7.761063969720951, 48.606328405746957 ], [ 7.761065987329742, 48.606283452824925 ], [ 7.760998227794784, 48.60628208673527 ], [ 7.761000245459551, 48.606237133813607 ], [ 7.760932499522192, 48.606235767130627 ], [ 7.760928478441429, 48.606325681391617 ] ] ], [ [ [ 7.761390665479909, 48.606604971110997 ], [ 7.761388648143893, 48.606649924033484 ], [ 7.761524154678701, 48.606652656272892 ], [ 7.761526158361138, 48.606607703903151 ], [ 7.761458411918713, 48.606606337526813 ], [ 7.761460429191674, 48.606561384602429 ], [ 7.761392669277843, 48.606560018742805 ], [ 7.76139468576984, 48.606515056843044 ], [ 7.761326925919163, 48.606513690945064 ], [ 7.76132290551018, 48.606603605210736 ], [ 7.761390665479909, 48.606604971110997 ] ] ], [ [ [ 7.761785098052584, 48.606882902309856 ], [ 7.761787114212215, 48.606837940408511 ], [ 7.761719353923143, 48.606836574739432 ], [ 7.761717351238596, 48.606881536084543 ], [ 7.761785098052584, 48.606882902309856 ] ] ], [ [ [ 7.761918588344884, 48.60693058701407 ], [ 7.761850841464143, 48.606929220866583 ], [ 7.761852858404812, 48.606884267940586 ], [ 7.761785098052584, 48.606882902309856 ], [ 7.761781077583298, 48.60697280760369 ], [ 7.761848824519928, 48.606974173791798 ], [ 7.761846821943845, 48.607019135136937 ], [ 7.761914568943619, 48.607020501286726 ], [ 7.761918588344884, 48.60693058701407 ] ] ], [ [ [ 7.762113803603957, 48.607114504244834 ], [ 7.762111800418323, 48.607159456616515 ], [ 7.762179547611107, 48.607160822611817 ], [ 7.762181564271906, 48.607115869683881 ], [ 7.762113803603957, 48.607114504244834 ] ] ], [ [ [ 7.762243275966108, 48.607252102844171 ], [ 7.762245292574474, 48.607207149916597 ], [ 7.76217753178385, 48.607205784514761 ], [ 7.762175528650668, 48.607250736886058 ], [ 7.762243275966108, 48.607252102844171 ] ] ], [ [ [ 7.762243275966108, 48.607252102844171 ], [ 7.762239257110566, 48.607342017117659 ], [ 7.762374765525107, 48.607344748364909 ], [ 7.762376767649677, 48.607299787015961 ], [ 7.762309020267485, 48.607298421135646 ], [ 7.762311023285166, 48.607253468762813 ], [ 7.762243275966108, 48.607252102844171 ] ] ], [ [ [ 7.762767206525174, 48.607667628525682 ], [ 7.762771224477847, 48.607577714244485 ], [ 7.762703476716847, 48.607576348594179 ], [ 7.762705479398603, 48.607531396219038 ], [ 7.762637731700735, 48.607530030530391 ], [ 7.762639733601311, 48.607485069179909 ], [ 7.762571985966587, 48.607483703452935 ], [ 7.762567967670918, 48.607573617730296 ], [ 7.762635715424678, 48.607574983459571 ], [ 7.762633712679875, 48.60761993583278 ], [ 7.762701460496767, 48.607621301523743 ], [ 7.762699445110329, 48.607666263428278 ], [ 7.762767206525174, 48.607667628525682 ] ] ], [ [ [ 7.762902714993694, 48.607670350181493 ], [ 7.762767206525174, 48.607667628525682 ], [ 7.762765190357529, 48.607712581454862 ], [ 7.762832951835522, 48.60771394651394 ], [ 7.762830935723851, 48.607758899443517 ], [ 7.762898683730147, 48.607760265019458 ], [ 7.762896682046518, 48.607805226369955 ], [ 7.762964429278726, 48.607806582931836 ], [ 7.762968447732708, 48.60771667762404 ], [ 7.762900699782304, 48.607715312088729 ], [ 7.762902714993694, 48.607670350181493 ] ] ], [ [ [ 7.762962414116236, 48.607851544837935 ], [ 7.763030175783669, 48.607852909781975 ], [ 7.763032177351771, 48.607807948429944 ], [ 7.762964429278726, 48.607806582931836 ], [ 7.762962414116236, 48.607851544837935 ] ] ], [ [ [ 7.763095921570502, 48.607899227618432 ], [ 7.763097923919859, 48.607854275241763 ], [ 7.763030175783669, 48.607852909781975 ], [ 7.763026157427527, 48.60794281508749 ], [ 7.763093905682741, 48.607944180549573 ], [ 7.763091890628695, 48.607989142455693 ], [ 7.763159652481946, 48.607990507324203 ], [ 7.763157636646621, 48.608035460254975 ], [ 7.763293146948124, 48.608038190431081 ], [ 7.763295161827118, 48.607993228522275 ], [ 7.76322739996664, 48.607991863732742 ], [ 7.763229415738907, 48.607946910800059 ], [ 7.763161653941574, 48.607945545972171 ], [ 7.763163669769822, 48.607900593039886 ], [ 7.763095921570502, 48.607899227618432 ] ] ], [ [ [ 7.763556120018557, 48.608223470473007 ], [ 7.763488371380913, 48.608222105280412 ], [ 7.763486355825481, 48.608267058213151 ], [ 7.763554104522637, 48.608268423406891 ], [ 7.763556120018557, 48.608223470473007 ] ] ], [ [ [ 7.763550087892496, 48.608358337692813 ], [ 7.763685599070735, 48.608361067411145 ], [ 7.763687613617319, 48.608316105500755 ], [ 7.763619851318437, 48.608314740940131 ], [ 7.763621866758376, 48.60826978800587 ], [ 7.763554104522637, 48.608268423406891 ], [ 7.763550087892496, 48.608358337692813 ] ] ], [ [ [ 7.765458735115407, 48.60965664398902 ], [ 7.765460735456077, 48.609611691600122 ], [ 7.765528499523067, 48.609613055087131 ], [ 7.765530498962979, 48.609568093720604 ], [ 7.76546274932852, 48.609566738654941 ], [ 7.765464762359721, 48.609521776733281 ], [ 7.765329248010001, 48.609519049089869 ], [ 7.765327234859734, 48.609564011009226 ], [ 7.765259484398409, 48.609562646849405 ], [ 7.765257470347402, 48.609607599791126 ], [ 7.765325234403547, 48.609608963396603 ], [ 7.765323221246209, 48.60965392531444 ], [ 7.765458735115407, 48.60965664398902 ] ] ], [ [ [ 7.767438767314178, 48.612396248455667 ], [ 7.767371013043107, 48.612394885527706 ], [ 7.767369000737221, 48.612439838460055 ], [ 7.767233479388901, 48.612437122014811 ], [ 7.767231466960418, 48.612482074944104 ], [ 7.767095958205443, 48.612479348807184 ], [ 7.767093946492409, 48.612524310709119 ], [ 7.767500512927939, 48.612532478010046 ], [ 7.767504522938048, 48.61244256372305 ], [ 7.767436755067816, 48.612441201389174 ], [ 7.767438767314178, 48.612396248455667 ] ] ], [ [ [ 7.778090294271161, 48.575667445803191 ], [ 7.778157999347191, 48.575668793526532 ], [ 7.778156012329817, 48.575713755650746 ], [ 7.778223718308253, 48.575715112311499 ], [ 7.778227706586156, 48.575625196478804 ], [ 7.778160000726611, 48.575623839820317 ], [ 7.778162002102518, 48.575578886113362 ], [ 7.778094282779845, 48.57557752997355 ], [ 7.778090294271161, 48.575667445803191 ] ] ], [ [ [ 7.778289436548915, 48.57576142208282 ], [ 7.778291436977073, 48.575716459400077 ], [ 7.778223718308253, 48.575715112311499 ], [ 7.778221730507453, 48.575760065460379 ], [ 7.778289436548915, 48.57576142208282 ] ] ], [ [ [ 7.778289436548915, 48.57576142208282 ], [ 7.778287448804061, 48.575806375232098 ], [ 7.778355154908559, 48.575807731816219 ], [ 7.778357142593975, 48.575762778665812 ], [ 7.778289436548915, 48.57576142208282 ] ] ], [ [ [ 7.778418873067397, 48.575899004194511 ], [ 7.778422861016645, 48.575809088360884 ], [ 7.778355154908559, 48.575807731816219 ], [ 7.778351166840418, 48.575897647647558 ], [ 7.778418873067397, 48.575899004194511 ] ] ], [ [ [ 7.778486579297962, 48.575900360702001 ], [ 7.778418873067397, 48.575899004194511 ], [ 7.77841688543093, 48.575943957343831 ], [ 7.778484591720935, 48.575945313852451 ], [ 7.778486579297962, 48.575900360702001 ] ] ], [ [ [ 7.778618016850077, 48.575992979903347 ], [ 7.778550310493451, 48.575991623472497 ], [ 7.778552298014532, 48.575946670321635 ], [ 7.778484591720935, 48.575945313852451 ], [ 7.778480603869565, 48.57603522968391 ], [ 7.778548310282051, 48.576036586155368 ], [ 7.778546322753975, 48.576081539304738 ], [ 7.778614029229493, 48.576082895737876 ], [ 7.778618016850077, 48.575992979903347 ] ] ], [ [ [ 7.778679748295908, 48.576129205282449 ], [ 7.7786817357086, 48.576084252131565 ], [ 7.778614029229493, 48.576082895737876 ], [ 7.778612028231065, 48.576127849444696 ], [ 7.778679748295908, 48.576129205282449 ] ] ], [ [ [ 7.778747454838047, 48.576130561637804 ], [ 7.778679748295908, 48.576129205282449 ], [ 7.778675760773203, 48.576219121114825 ], [ 7.778743467434233, 48.576220477472461 ], [ 7.778747454838047, 48.576130561637804 ] ] ], [ [ [ 7.778741466544163, 48.576265431179344 ], [ 7.778809186794555, 48.576266786941595 ], [ 7.778811173259355, 48.576221824814908 ], [ 7.778743467434233, 48.576220477472461 ], [ 7.778741466544163, 48.576265431179344 ] ] ], [ [ [ 7.778809186794555, 48.576266786941595 ], [ 7.778807185960419, 48.576311740648869 ], [ 7.778874906273855, 48.5763130963728 ], [ 7.778876893522207, 48.576268143221455 ], [ 7.778809186794555, 48.576266786941595 ] ] ], [ [ [ 7.778872906335164, 48.576358059056219 ], [ 7.778870905553449, 48.576403012763159 ], [ 7.778938625989394, 48.5764043684499 ], [ 7.778940612345778, 48.576359406323171 ], [ 7.778872906335164, 48.576358059056219 ] ] ], [ [ [ 7.779135772139544, 48.576543296960523 ], [ 7.779068065880426, 48.576541949807378 ], [ 7.779066065263003, 48.576586903514794 ], [ 7.779133785947539, 48.576588259087693 ], [ 7.779135772139544, 48.576543296960523 ] ] ], [ [ [ 7.779199492607207, 48.576634568887201 ], [ 7.779201493109246, 48.576589615178243 ], [ 7.779133785947539, 48.576588259087693 ], [ 7.779131785386058, 48.576633212795507 ], [ 7.779199492607207, 48.576634568887201 ] ] ], [ [ [ 7.77926721335837, 48.576635924382309 ], [ 7.779199492607207, 48.576634568887201 ], [ 7.7791955059586, 48.576724484721488 ], [ 7.779263226828682, 48.576725840218877 ], [ 7.77926721335837, 48.576635924382309 ] ] ], [ [ [ 7.77926122637556, 48.576770793926762 ], [ 7.779328933782226, 48.576772149942961 ], [ 7.779330934175905, 48.576727196233939 ], [ 7.779263226828682, 48.576725840218877 ], [ 7.77926122637556, 48.576770793926762 ] ] ], [ [ [ 7.779392668406034, 48.576863421199249 ], [ 7.77939665471894, 48.576773505362553 ], [ 7.779328933782226, 48.576772149942961 ], [ 7.779324947350401, 48.576862065777362 ], [ 7.779392668406034, 48.576863421199249 ] ] ], [ [ [ 7.77946037509915, 48.57686476816307 ], [ 7.779392668406034, 48.576863421199249 ], [ 7.779390668061273, 48.576908374907177 ], [ 7.779458375653456, 48.576909730847873 ], [ 7.77946037509915, 48.57686476816307 ] ] ], [ [ [ 7.779456388891127, 48.57695468399907 ], [ 7.779524096546338, 48.57695603990144 ], [ 7.779526096775722, 48.576911086191956 ], [ 7.779458375653456, 48.576909730847873 ], [ 7.779456388891127, 48.57695468399907 ] ] ], [ [ [ 7.779587831747432, 48.577047311044794 ], [ 7.779591817731649, 48.576957395207202 ], [ 7.779524096546338, 48.57695603990144 ], [ 7.779520110443202, 48.577045955736757 ], [ 7.779587831747432, 48.577047311044794 ] ] ], [ [ [ 7.779655538689058, 48.5770486578948 ], [ 7.779587831747432, 48.577047311044794 ], [ 7.77958583156697, 48.577092264753212 ], [ 7.779653539407702, 48.577093620580079 ], [ 7.779655538689058, 48.5770486578948 ] ] ], [ [ [ 7.779649553521347, 48.57718353641549 ], [ 7.779717260644889, 48.577184883229478 ], [ 7.779721260778561, 48.577094975810319 ], [ 7.779653539407702, 48.577093620580079 ], [ 7.779649553521347, 48.57718353641549 ] ] ], [ [ [ 7.77978298296528, 48.577231201107857 ], [ 7.779784982138248, 48.577186238422541 ], [ 7.779717260644889, 48.577184883229478 ], [ 7.779715274939034, 48.577229845356477 ], [ 7.77978298296528, 48.577231201107857 ] ] ], [ [ [ 7.77985070452169, 48.577232556262587 ], [ 7.77978298296528, 48.577231201107857 ], [ 7.779780996475704, 48.577276154259543 ], [ 7.779848704564981, 48.577277509972603 ], [ 7.77985070452169, 48.577232556262587 ] ] ], [ [ [ 7.779844719007323, 48.577367425808916 ], [ 7.779912427219087, 48.5773687814848 ], [ 7.779916412657845, 48.5772788656462 ], [ 7.779848704564981, 48.577277509972603 ], [ 7.779844719007323, 48.577367425808916 ] ] ], [ [ [ 7.779978149112705, 48.577415090274094 ], [ 7.779980148121328, 48.577370127588303 ], [ 7.779912427219087, 48.5773687814848 ], [ 7.779910440837911, 48.577413734636536 ], [ 7.779978149112705, 48.577415090274094 ] ] ], [ [ [ 7.779978149112705, 48.577415090274094 ], [ 7.779974163771843, 48.577505006110513 ], [ 7.78004187132939, 48.577506352735185 ], [ 7.780045857391087, 48.577416445872181 ], [ 7.779978149112705, 48.577415090274094 ] ] ], [ [ [ 7.780306747678663, 48.577646643184572 ], [ 7.780239039088699, 48.577645287738619 ], [ 7.780235054188442, 48.577735203576729 ], [ 7.780302762897309, 48.57773655902497 ], [ 7.780306747678663, 48.577646643184572 ] ] ], [ [ [ 7.780302762897309, 48.57773655902497 ], [ 7.780298778101946, 48.577826474862398 ], [ 7.780366486093505, 48.577827821297745 ], [ 7.780364500933289, 48.577872783425725 ], [ 7.780432209827674, 48.57787413879845 ], [ 7.780436194392226, 48.577784222957945 ], [ 7.780368485616742, 48.577782867587487 ], [ 7.780370471609761, 48.577737914433747 ], [ 7.780302762897309, 48.57773655902497 ] ] ], [ [ [ 7.780428224409306, 48.577964045660273 ], [ 7.780495933426167, 48.577965400995836 ], [ 7.780499917885824, 48.577875485156014 ], [ 7.780432209827674, 48.57787413879845 ], [ 7.780428224409306, 48.577964045660273 ] ] ], [ [ [ 7.780563655973375, 48.577966755734657 ], [ 7.780495933426167, 48.577965400995836 ], [ 7.780493948374382, 48.578010363123845 ], [ 7.780561656614453, 48.57801170944537 ], [ 7.780563655973375, 48.577966755734657 ] ] ], [ [ [ 7.780946019960439, 48.578514363246072 ], [ 7.780942036235108, 48.578604279081034 ], [ 7.781009745273038, 48.578605625141158 ], [ 7.781005761652605, 48.578695540975453 ], [ 7.781073485179888, 48.578696895416755 ], [ 7.781069488137407, 48.578786811807667 ], [ 7.781137211787204, 48.578788166211794 ], [ 7.781133228376601, 48.578878082044689 ], [ 7.781268648030845, 48.578880782878073 ], [ 7.781270646802471, 48.578835829168909 ], [ 7.781202936613026, 48.578834474285223 ], [ 7.781206919897715, 48.57874455844857 ], [ 7.781139196303799, 48.57874320408505 ], [ 7.781143179693413, 48.5786532882477 ], [ 7.781075470588887, 48.57865194226536 ], [ 7.781079454083404, 48.578562026427306 ], [ 7.781011744261419, 48.578560671432093 ], [ 7.781015727860837, 48.578470755593358 ], [ 7.780948018161344, 48.578469400560962 ], [ 7.780952002705568, 48.578379493697234 ], [ 7.780884279601685, 48.578378139184956 ], [ 7.780888276937769, 48.578288222787521 ], [ 7.780820553956398, 48.578286868238067 ], [ 7.780822553098577, 48.578241914527226 ], [ 7.780754830180251, 48.578240559939445 ], [ 7.780758814206297, 48.578150644099416 ], [ 7.780691104937296, 48.578149288917153 ], [ 7.780693104187846, 48.578104335206369 ], [ 7.78062538145508, 48.578102980543065 ], [ 7.780629365697933, 48.578013064703157 ], [ 7.780561656614453, 48.57801170944537 ], [ 7.780555673723078, 48.578146587967218 ], [ 7.780623395671882, 48.578147933695419 ], [ 7.780621397198221, 48.57819289638001 ], [ 7.780689120049914, 48.578194251045595 ], [ 7.78068512237113, 48.578284167439143 ], [ 7.780752844505464, 48.578285513091842 ], [ 7.780748860458421, 48.578375428927394 ], [ 7.78081657002826, 48.5783767840759 ], [ 7.780814570875557, 48.578421737784517 ], [ 7.780882294035306, 48.578423092337395 ], [ 7.780878310205076, 48.578513008173061 ], [ 7.780946019960439, 48.578514363246072 ] ] ], [ [ [ 7.782776298847075, 48.578505922689544 ], [ 7.782774302251643, 48.578550885405512 ], [ 7.782842024793989, 48.578552229840369 ], [ 7.782844008643313, 48.578507276656488 ], [ 7.782776298847075, 48.578505922689544 ] ] ], [ [ [ 7.781435931144242, 48.579694071809158 ], [ 7.78150365600483, 48.579695425999262 ], [ 7.781495689476482, 48.579875248654247 ], [ 7.781563401051254, 48.579876603366827 ], [ 7.781551452770493, 48.580146350797364 ], [ 7.781619164705584, 48.580147705477323 ], [ 7.781607215815496, 48.580417443912211 ], [ 7.781674928110896, 48.580418798559542 ], [ 7.781658996817086, 48.580778452765401 ], [ 7.781726709591716, 48.580779807382385 ], [ 7.781746622869404, 48.58033023736229 ], [ 7.78167891068933, 48.580328882756703 ], [ 7.781690859180694, 48.580059144306041 ], [ 7.78162314736093, 48.580057789667833 ], [ 7.781635095242952, 48.57978804222153 ], [ 7.781567383783504, 48.57978668755068 ], [ 7.78158133125976, 48.579471995355654 ], [ 7.781649041462996, 48.579473341042814 ], [ 7.781653024853374, 48.579383434186717 ], [ 7.781585313928995, 48.579382079526134 ], [ 7.781591294250125, 48.579247201009743 ], [ 7.781659004996135, 48.579248555666901 ], [ 7.781661003439105, 48.579203601956799 ], [ 7.781593279225467, 48.579202247858184 ], [ 7.781595277724383, 48.579157294148494 ], [ 7.78152755357379, 48.579155940011532 ], [ 7.781525568542491, 48.579200893162692 ], [ 7.781457857863102, 48.579199538427758 ], [ 7.781455860081786, 48.579244501110118 ], [ 7.781320425087758, 48.579241792076935 ], [ 7.781318440711102, 48.579286754198897 ], [ 7.781250716396448, 48.579285399900655 ], [ 7.781246733146628, 48.579375315721748 ], [ 7.781244747860049, 48.579420268864659 ], [ 7.781177023370589, 48.579418914523508 ], [ 7.781173039980845, 48.579508830337872 ], [ 7.78130847567405, 48.579511539542594 ], [ 7.781376186762449, 48.579512894364441 ], [ 7.781372202875451, 48.579602801206967 ], [ 7.781439927613517, 48.579604155434261 ], [ 7.781435931144242, 48.579694071809158 ] ] ], [ [ [ 7.781722727062195, 48.580869723172611 ], [ 7.781712763493303, 48.581094508426013 ], [ 7.781780476687717, 48.581095863011498 ], [ 7.781790439959325, 48.580871077752413 ], [ 7.781722727062195, 48.580869723172611 ] ] ], [ [ [ 7.778441292039877, 48.59524811347621 ], [ 7.778509037419257, 48.595249469404351 ], [ 7.77851501417797, 48.5951145923597 ], [ 7.778447282508424, 48.59511323587796 ], [ 7.778441292039877, 48.59524811347621 ] ] ], [ [ [ 7.778373560195443, 48.595246756951596 ], [ 7.778371558235802, 48.59529171035026 ], [ 7.778439303671089, 48.595293066319002 ], [ 7.778441292039877, 48.59524811347621 ], [ 7.778373560195443, 48.595246756951596 ] ] ], [ [ [ 7.779147625572589, 48.60835623775796 ], [ 7.77914363635926, 48.60844615257794 ], [ 7.779211385710417, 48.608447508647409 ], [ 7.779207396602096, 48.608537423466622 ], [ 7.779275158770648, 48.608538769966145 ], [ 7.77927115623247, 48.608628685341714 ], [ 7.779338919363783, 48.608630040779644 ], [ 7.779334930465507, 48.608719955597323 ], [ 7.779402680184567, 48.608721311555179 ], [ 7.779398690551169, 48.608811217396472 ], [ 7.779466440392851, 48.60881257331711 ], [ 7.779462451704607, 48.608902488133268 ], [ 7.779530201668927, 48.608903844016716 ], [ 7.7795262130857, 48.608993758832099 ], [ 7.779524225136239, 48.609038711472266 ], [ 7.779591975282716, 48.609040067319661 ], [ 7.77958997385427, 48.609085020517334 ], [ 7.779587986797499, 48.609129982132742 ], [ 7.779655737066614, 48.60913133794292 ], [ 7.779653749225689, 48.609176290583072 ], [ 7.779651747846227, 48.609221243779636 ], [ 7.77971949823797, 48.609222599552623 ], [ 7.77971751128976, 48.609267561167989 ], [ 7.779715509962788, 48.60931251436417 ], [ 7.779783274012236, 48.609313869542767 ], [ 7.779781272741274, 48.609358822739331 ], [ 7.779779272307006, 48.609403784910732 ], [ 7.779847035638893, 48.609405131076514 ], [ 7.779845035260648, 48.609450093248306 ], [ 7.77984304757377, 48.609495045886526 ], [ 7.779910798333422, 48.609496401547901 ], [ 7.779908797167445, 48.609541354743691 ], [ 7.779906810373321, 48.609586316357152 ], [ 7.779974561255612, 48.609587671981323 ], [ 7.779972573677274, 48.609632624619536 ], [ 7.779970573400533, 48.6096775867898 ], [ 7.780038323565202, 48.609678933401149 ], [ 7.780036336879643, 48.609723895014589 ], [ 7.780034335815143, 48.609768848208859 ], [ 7.780102100477889, 48.609770203201407 ], [ 7.780100099469399, 48.609815156396074 ], [ 7.78009809929767, 48.609860118565571 ], [ 7.780165864083078, 48.609861473520901 ], [ 7.780163863127084, 48.609906426715177 ], [ 7.780231627975618, 48.609907781632167 ], [ 7.780227627012435, 48.609997696996324 ], [ 7.780295391143322, 48.609999042900476 ], [ 7.780291403820402, 48.610088957706644 ], [ 7.780359155378994, 48.610090313106447 ], [ 7.780355168161099, 48.610180227911833 ], [ 7.780422919842334, 48.610181583274425 ], [ 7.780418932729467, 48.610271498079051 ], [ 7.780416931979943, 48.610316451271039 ], [ 7.780484697378663, 48.610317806040307 ], [ 7.780480710363821, 48.610407720842638 ], [ 7.780478709663287, 48.610452674033482 ], [ 7.780546461708845, 48.610454029323954 ], [ 7.780542474792012, 48.610543944123975 ], [ 7.780540487675849, 48.610588896756411 ], [ 7.780608239903573, 48.610590252010809 ], [ 7.780675992134887, 48.610591607225714 ], [ 7.780672004594745, 48.610681513050132 ], [ 7.780670018427518, 48.610726474658151 ], [ 7.780737770840998, 48.610727829836996 ], [ 7.780731783745223, 48.610862697823265 ], [ 7.780664031153169, 48.610861342640987 ], [ 7.780658043847225, 48.610996210616968 ], [ 7.780725796617855, 48.610997565802656 ], [ 7.780721809974041, 48.611087480591209 ], [ 7.780789576402843, 48.611088835182407 ], [ 7.780783589401454, 48.611223703153769 ], [ 7.780851342476902, 48.611225058266207 ], [ 7.78084735519572, 48.611314964076087 ], [ 7.780915108393804, 48.611316319151307 ], [ 7.780982875131063, 48.611317673629728 ], [ 7.780980875676928, 48.611362635790051 ], [ 7.781319668267517, 48.611369400291842 ], [ 7.781323667417392, 48.61127948493457 ], [ 7.781255900721728, 48.611278130654775 ], [ 7.781259886441073, 48.611188215854092 ], [ 7.781261886483504, 48.611143262661734 ], [ 7.781194119970045, 48.611141908345864 ], [ 7.781196120068492, 48.611096955153876 ], [ 7.781198119322937, 48.61105199298553 ], [ 7.781265872181811, 48.611053347856476 ], [ 7.781267872213704, 48.611008394661816 ], [ 7.781200105878856, 48.611007040349364 ], [ 7.781132353083092, 48.611005685440084 ], [ 7.781134339695039, 48.610960732804287 ], [ 7.781066586962392, 48.610959377856652 ], [ 7.781068586325373, 48.610914415688306 ], [ 7.781000820960827, 48.610913070235249 ], [ 7.781004820635784, 48.610823154874161 ], [ 7.780937054553445, 48.610821800408289 ], [ 7.780941040797982, 48.610731885603734 ], [ 7.780943041102919, 48.61068693240945 ], [ 7.780875275202782, 48.61068557790751 ], [ 7.780879275080747, 48.610595662543361 ], [ 7.780811509303274, 48.61059430800421 ], [ 7.780815495750875, 48.610504393196578 ], [ 7.780817496157305, 48.610459440000788 ], [ 7.780749744097388, 48.610458084868263 ], [ 7.780753730642999, 48.610368170058351 ], [ 7.780685966010782, 48.610366824421511 ], [ 7.780689966196753, 48.610276909053553 ], [ 7.780691952328972, 48.610231947437896 ], [ 7.780624201414236, 48.610230601207697 ], [ 7.780628188162903, 48.610140686394722 ], [ 7.780630187879421, 48.610095724220642 ], [ 7.780562423611572, 48.610094378511661 ], [ 7.78056442338412, 48.610049416337979 ], [ 7.780566410458268, 48.610004463696391 ], [ 7.780498659007953, 48.610003108417324 ], [ 7.780500659673353, 48.609958155218848 ], [ 7.78043289475092, 48.609956800458711 ], [ 7.780436895349895, 48.60986688508617 ], [ 7.780369130550127, 48.609865530288808 ], [ 7.780373117718923, 48.609775615472742 ], [ 7.780375118485805, 48.609730662272732 ], [ 7.780307353868232, 48.609729307439309 ], [ 7.780239602789423, 48.609727952009152 ], [ 7.780241603671837, 48.609682998810683 ], [ 7.780243590175289, 48.609638037193065 ], [ 7.780175840059406, 48.609636690701315 ], [ 7.780179827550295, 48.609546775884468 ], [ 7.780112076716754, 48.609545420379902 ], [ 7.780116064312665, 48.609455505562273 ], [ 7.780048300066666, 48.609454150577719 ], [ 7.780052302142957, 48.60936424417774 ], [ 7.779984538019608, 48.609362889155967 ], [ 7.779988525825581, 48.609272974336811 ], [ 7.77992077535995, 48.609271618720648 ], [ 7.779924763270944, 48.60918170390071 ], [ 7.779926764408809, 48.609136750698816 ], [ 7.779859000590315, 48.609135395603772 ], [ 7.779863002134319, 48.60904548022436 ], [ 7.779864989786174, 48.609000527578509 ], [ 7.779797239684853, 48.608999171890218 ], [ 7.779801227791856, 48.608909257065704 ], [ 7.779733477813174, 48.608907901340203 ], [ 7.779735465573563, 48.608862948694345 ], [ 7.779667715657989, 48.608861592930488 ], [ 7.779669703474395, 48.608816640284999 ], [ 7.779601953621934, 48.608815284482809 ], [ 7.779605942058037, 48.608725369659048 ], [ 7.779607943458365, 48.608680416455258 ], [ 7.779540180253155, 48.608679061174165 ], [ 7.779542181709489, 48.608634107970744 ], [ 7.779544182322148, 48.608589145790958 ], [ 7.779476419239598, 48.608587790472647 ], [ 7.779480408718876, 48.608497884621443 ], [ 7.779412659293824, 48.608496528708798 ], [ 7.779416648037969, 48.608406613881215 ], [ 7.779348898735555, 48.608405257931345 ], [ 7.779352887584712, 48.608315343103008 ], [ 7.779285138404934, 48.608313987115942 ], [ 7.779287126536428, 48.608269034468137 ], [ 7.779289128199209, 48.608224081262449 ], [ 7.779221365607273, 48.608222725795301 ], [ 7.779153616553715, 48.608221369731552 ], [ 7.779155618332015, 48.608176416527392 ], [ 7.779087855806797, 48.608175060982397 ], [ 7.779089856801033, 48.608130098803002 ], [ 7.779022094338946, 48.608128743219652 ], [ 7.77902010681994, 48.608173704840823 ], [ 7.778952344301905, 48.608172349216844 ], [ 7.778948354759489, 48.608262264036071 ], [ 7.779016117396587, 48.608263619662331 ], [ 7.779014115492216, 48.60830857286269 ], [ 7.779081864657628, 48.608309929007689 ], [ 7.779079876344069, 48.608354881651316 ], [ 7.779147625572589, 48.60835623775796 ] ] ], [ [ [ 7.789134488636421, 48.54501981361814 ], [ 7.78915034192225, 48.544660145523551 ], [ 7.789082677569145, 48.54465880419162 ], [ 7.789086644354003, 48.544568887023459 ], [ 7.789018979282422, 48.544567536678613 ], [ 7.78900311074361, 48.544927196349107 ], [ 7.789070776290174, 48.544928546703041 ], [ 7.789066809449573, 48.545018463859655 ], [ 7.789134488636421, 48.54501981361814 ] ] ], [ [ [ 7.789313685496724, 48.545563349313838 ], [ 7.789309732551735, 48.545653265901016 ], [ 7.789377399066127, 48.545654616075936 ], [ 7.789383342238792, 48.545519745120238 ], [ 7.789315675902523, 48.545518394948751 ], [ 7.789248009569821, 48.545517044737807 ], [ 7.789246019104648, 48.545561999101764 ], [ 7.789313685496724, 48.545563349313838 ] ] ], [ [ [ 7.789445065584091, 48.545655966211406 ], [ 7.789377399066127, 48.545654616075936 ], [ 7.789371442343979, 48.545789487583413 ], [ 7.789439122558232, 48.545790837163977 ], [ 7.789445065584091, 48.545655966211406 ] ] ], [ [ [ 7.78943515629782, 48.545880754306772 ], [ 7.789502823116229, 48.545882104408484 ], [ 7.789506789257887, 48.545792187263416 ], [ 7.789439122558232, 48.545790837163977 ], [ 7.78943515629782, 48.545880754306772 ] ] ], [ [ [ 7.789825306767343, 48.546248504412418 ], [ 7.789757639456093, 48.546247154498815 ], [ 7.789761605178441, 48.546157237356226 ], [ 7.789693937989518, 48.546155887405448 ], [ 7.789697904657601, 48.546065979237987 ], [ 7.789630237590989, 48.546064629250054 ], [ 7.789634190004771, 48.545974712664567 ], [ 7.789566523060482, 48.545973362639451 ], [ 7.789568513260186, 48.545928408276296 ], [ 7.789500832860636, 48.54592705877122 ], [ 7.789496866698066, 48.546016975911947 ], [ 7.789564547216394, 48.546018325419311 ], [ 7.789558590945004, 48.546153196919683 ], [ 7.789626271645063, 48.546154546390994 ], [ 7.789622305685202, 48.546244463529028 ], [ 7.789689972148413, 48.546245804545769 ], [ 7.789687982883945, 48.546290767881899 ], [ 7.789755663769304, 48.546292117277716 ], [ 7.789753673719814, 48.546337071638504 ], [ 7.789821341149817, 48.546338421554381 ], [ 7.789825306767343, 48.546248504412418 ] ] ], [ [ [ 7.790400657992064, 48.547024914278886 ], [ 7.790398668480516, 48.547069868639504 ], [ 7.790534018833979, 48.547072567120949 ], [ 7.790535994708287, 48.547027613316487 ], [ 7.790400657992064, 48.547024914278886 ] ] ], [ [ [ 7.790856517365927, 48.547438964112182 ], [ 7.790854542598361, 48.547483926891509 ], [ 7.790922210732294, 48.547485267189586 ], [ 7.790924199800204, 48.547440312826367 ], [ 7.790856517365927, 48.547438964112182 ] ] ], [ [ [ 7.794973509385984, 48.550850638698108 ], [ 7.794975494184645, 48.550805675341572 ], [ 7.794907808035603, 48.550804337966035 ], [ 7.79490583585507, 48.550849291786804 ], [ 7.794973509385984, 48.550850638698108 ] ] ], [ [ [ 7.79504118207853, 48.550851976594288 ], [ 7.794973509385984, 48.550850638698108 ], [ 7.794969552455745, 48.550940555874362 ], [ 7.79503722526707, 48.550941893772823 ], [ 7.79504118207853, 48.550851976594288 ] ] ], [ [ [ 7.795033268441706, 48.551031810948444 ], [ 7.795100955736773, 48.551033157226421 ], [ 7.795104912443334, 48.550943240048547 ], [ 7.79503722526707, 48.550941893772823 ], [ 7.795033268441706, 48.551031810948444 ] ] ], [ [ [ 7.795166644036087, 48.551079458404587 ], [ 7.795098970197559, 48.551078111605932 ], [ 7.795095013470133, 48.551168028779458 ], [ 7.795162687427438, 48.551169375580386 ], [ 7.795166644036087, 48.551079458404587 ] ] ], [ [ [ 7.79516071545669, 48.551214329399855 ], [ 7.795158730804889, 48.551259292753279 ], [ 7.795226418404079, 48.551260638958041 ], [ 7.79522838947694, 48.551215676162471 ], [ 7.79516071545669, 48.551214329399855 ] ] ], [ [ [ 7.795222461044465, 48.551350547154613 ], [ 7.795220476441621, 48.551395510506978 ], [ 7.795288164222574, 48.551396856675694 ], [ 7.79529013524644, 48.551351893881169 ], [ 7.795222461044465, 48.551350547154613 ] ] ], [ [ [ 7.795533152070214, 48.551986682086408 ], [ 7.795465477864569, 48.551985344477451 ], [ 7.795463506128318, 48.552030298289495 ], [ 7.79553118123538, 48.552031644875271 ], [ 7.795533152070214, 48.551986682086408 ] ] ], [ [ [ 7.79552523998648, 48.552166516404206 ], [ 7.795523268295737, 48.552211470214488 ], [ 7.795590943643917, 48.552212816765355 ], [ 7.795592928795054, 48.552167862394917 ], [ 7.79552523998648, 48.552166516404206 ] ] ], [ [ [ 7.791280552933996, 48.568551094977799 ], [ 7.791284517708786, 48.568461178473527 ], [ 7.791352227961665, 48.568462526928471 ], [ 7.791358167736569, 48.56832764795459 ], [ 7.791290472027677, 48.568326307920181 ], [ 7.791288482469646, 48.56837126196632 ], [ 7.791220785863326, 48.568369912915671 ], [ 7.791216820983612, 48.568459829420604 ], [ 7.791081414861359, 48.568457140730558 ], [ 7.791079438638717, 48.568502094212583 ], [ 7.791147135416192, 48.568503443345548 ], [ 7.79121483219723, 48.568504792439064 ], [ 7.791212856089963, 48.56854974592261 ], [ 7.791280552933996, 48.568551094977799 ] ] ], [ [ [ 7.791346273789707, 48.568597397478612 ], [ 7.79127857688268, 48.568596048461735 ], [ 7.791276588145271, 48.568641011479116 ], [ 7.791344297794341, 48.568642350962939 ], [ 7.791346273789707, 48.568597397478612 ] ] ], [ [ [ 7.791344297794341, 48.568642350962939 ], [ 7.791340333110565, 48.568732267463574 ], [ 7.791408030199444, 48.568733616444398 ], [ 7.791411994764365, 48.568643699941482 ], [ 7.791344297794341, 48.568642350962939 ] ] ], [ [ [ 7.787503375523127, 48.569690804783669 ], [ 7.787501396950167, 48.569735767161156 ], [ 7.787569095265465, 48.569737118378676 ], [ 7.787571087303488, 48.569692155441963 ], [ 7.787503375523127, 48.569690804783669 ] ] ], [ [ [ 7.786042849799063, 48.582800805321462 ], [ 7.785975134234977, 48.58279945322068 ], [ 7.785977115495646, 48.582754500050441 ], [ 7.785909399994595, 48.58275314791134 ], [ 7.785921325903362, 48.582483400280296 ], [ 7.78585361076266, 48.582482048108552 ], [ 7.785857586997392, 48.582392141203513 ], [ 7.78578987197918, 48.582390788994587 ], [ 7.785787877040164, 48.582435742725281 ], [ 7.785652434208483, 48.582433047720286 ], [ 7.785650452674941, 48.582478000890092 ], [ 7.785515008897836, 48.582475296749294 ], [ 7.785513028082661, 48.582520258891741 ], [ 7.785445299376049, 48.582518907039919 ], [ 7.785443318497911, 48.582563869180497 ], [ 7.785307874504396, 48.582561164798342 ], [ 7.785305879135149, 48.582606118518072 ], [ 7.785238164688999, 48.582604774963393 ], [ 7.785236169256793, 48.582649728681218 ], [ 7.785168453914024, 48.582648376110285 ], [ 7.785166472787536, 48.582693338244098 ], [ 7.785098743860917, 48.582691986190355 ], [ 7.785094767109837, 48.582781902035599 ], [ 7.78502705159584, 48.582780549382328 ], [ 7.785025055971248, 48.582825503093765 ], [ 7.784957340401372, 48.58282415039988 ], [ 7.784949386367563, 48.583003982069336 ], [ 7.785017102175285, 48.583005334767769 ], [ 7.785011129607226, 48.583140204306531 ], [ 7.785078859124992, 48.583141556411114 ], [ 7.78507488230401, 48.583231472241451 ], [ 7.785142598416202, 48.583232824866634 ], [ 7.785138620859438, 48.583322731720614 ], [ 7.785206337094126, 48.583324084308607 ], [ 7.785274053332397, 48.583325436857145 ], [ 7.785272071431756, 48.583370390006372 ], [ 7.78574611183156, 48.583379846657728 ], [ 7.785748106844099, 48.583334892942688 ], [ 7.785815822270162, 48.583336236199855 ], [ 7.785819797796863, 48.583246320347484 ], [ 7.785887527476508, 48.583247671980672 ], [ 7.785891502870289, 48.583157756123036 ], [ 7.785959218906485, 48.583159108272376 ], [ 7.785963194167359, 48.583069192409489 ], [ 7.786030923616265, 48.583070543959188 ], [ 7.786034898744214, 48.582980628091043 ], [ 7.78610261454972, 48.582981980156895 ], [ 7.786106589544768, 48.582892064283506 ], [ 7.786038874699065, 48.582890721195568 ], [ 7.786042849799063, 48.582800805321462 ] ] ], [ [ [ 7.79576629209212, 48.55284625774491 ], [ 7.795772232784741, 48.552711386235053 ], [ 7.795704543252654, 48.552710040349112 ], [ 7.795698616743859, 48.552844920272193 ], [ 7.79576629209212, 48.55284625774491 ] ] ], [ [ [ 7.795833981805979, 48.552847603594799 ], [ 7.79576629209212, 48.55284625774491 ], [ 7.795758380694657, 48.553026092025611 ], [ 7.795826070646135, 48.553027437880026 ], [ 7.795833981805979, 48.552847603594799 ] ] ], [ [ [ 7.795822115045366, 48.55311735501828 ], [ 7.79588979159919, 48.553118701394574 ], [ 7.795893747081169, 48.55302878425406 ], [ 7.795826070646135, 48.553027437880026 ], [ 7.795822115045366, 48.55311735501828 ] ] ], [ [ [ 7.796238522614112, 48.554430544978189 ], [ 7.796306213593454, 48.554431881576434 ], [ 7.796312139527011, 48.554297010671448 ], [ 7.796244461404031, 48.554295664541833 ], [ 7.796252372132028, 48.554115839282012 ], [ 7.796184694250183, 48.554114493117481 ], [ 7.796172828202066, 48.55438423548388 ], [ 7.796240506440282, 48.554385581655218 ], [ 7.796238522614112, 48.554430544978189 ] ] ], [ [ [ 7.811591167847959, 48.681982397355185 ], [ 7.811595211120488, 48.681985879172117 ], [ 7.811595352636644, 48.681982476473763 ], [ 7.811591167847959, 48.681982397355185 ] ] ], [ [ [ 7.811644593643404, 48.682028445171326 ], [ 7.811654103356926, 48.682036647378041 ], [ 7.811660741380604, 48.682040084892087 ], [ 7.811661238782694, 48.682028774538288 ], [ 7.811644593643404, 48.682028445171326 ] ] ], [ [ [ 7.811727124201222, 48.682075063589551 ], [ 7.81172698781414, 48.68207506022322 ], [ 7.811727117423421, 48.682075135951571 ], [ 7.811727124201222, 48.682075063589551 ] ] ], [ [ [ 7.812103263637198, 48.682569159557879 ], [ 7.812121408315285, 48.682589123093223 ], [ 7.812200307627882, 48.682676977982531 ], [ 7.812233936300075, 48.682714951803156 ], [ 7.812315025004496, 48.682806536341225 ], [ 7.812374149246621, 48.682807702521899 ], [ 7.812372173792124, 48.682852655048357 ], [ 7.812440036316828, 48.682853991155945 ], [ 7.812438060918556, 48.682898943682723 ], [ 7.812505923506517, 48.682900279751891 ], [ 7.812573772543819, 48.682901616342477 ], [ 7.812571797261463, 48.682946568870719 ], [ 7.812569836377058, 48.682991529812298 ], [ 7.812637685537305, 48.682992866365588 ], [ 7.81263572386195, 48.683037818332352 ], [ 7.812703573085445, 48.683039154847229 ], [ 7.812701611466326, 48.683084106814299 ], [ 7.812769460753064, 48.683085443290757 ], [ 7.812767485635911, 48.683130395819148 ], [ 7.812835348540168, 48.683131731696193 ], [ 7.812833374326479, 48.683176693200025 ], [ 7.812901236446752, 48.683178020063508 ], [ 7.812899262289302, 48.683222981567674 ], [ 7.812967124472824, 48.683224308392724 ], [ 7.813034973952848, 48.683225644714383 ], [ 7.813033013465651, 48.683270605658961 ], [ 7.813100862161647, 48.683271932967081 ], [ 7.813168725262775, 48.683273268649728 ], [ 7.813166751337226, 48.683318230156793 ], [ 7.813234613654314, 48.683319556825893 ], [ 7.813230665064905, 48.683409470864724 ], [ 7.813298528352267, 48.683410806471635 ], [ 7.813296553688394, 48.683455759003415 ], [ 7.813364417039012, 48.683457094571907 ], [ 7.81336244243137, 48.683502047103993 ], [ 7.813430305845244, 48.683503382634058 ], [ 7.813428332141179, 48.683548344141599 ], [ 7.813496181216583, 48.683549671219204 ], [ 7.813494221123134, 48.68359463216597 ], [ 7.813562071109143, 48.683595968180285 ], [ 7.813560110224576, 48.68364092015225 ], [ 7.813627960273831, 48.683642256128131 ], [ 7.813625999445502, 48.683687208100388 ], [ 7.813693849558003, 48.683688544037857 ], [ 7.81369188878592, 48.683733496010447 ], [ 7.813759738961664, 48.683734831909497 ], [ 7.81382760269538, 48.68373616720789 ], [ 7.813825628484806, 48.683781119743024 ], [ 7.813893478727345, 48.683782455564121 ], [ 7.813891518127437, 48.683827407538438 ], [ 7.813959368433221, 48.683828743321108 ], [ 7.813957408737001, 48.683873704270873 ], [ 7.814025258258587, 48.683875031040003 ], [ 7.81402329861862, 48.683919991990066 ], [ 7.814021324573255, 48.683964944525357 ], [ 7.814089175065241, 48.683966280232326 ], [ 7.814087214630592, 48.684011232206778 ], [ 7.814155065185819, 48.684012567875314 ], [ 7.814153105654897, 48.684057528825193 ], [ 7.814220955425883, 48.684058855480203 ], [ 7.814218995951218, 48.684103816430401 ], [ 7.814286845785436, 48.68410514304697 ], [ 7.814354710025224, 48.68410647803794 ], [ 7.814352737111999, 48.68415143955076 ], [ 7.814350763347783, 48.684196392087642 ], [ 7.814418627710545, 48.684197727041322 ], [ 7.81441469469319, 48.684287640528858 ], [ 7.814482544776822, 48.6842889670313 ], [ 7.814480571969135, 48.684333928543147 ], [ 7.81454843651813, 48.684335263421076 ], [ 7.814546462919132, 48.684380215958114 ], [ 7.814614327531381, 48.684381550797625 ], [ 7.814612353988617, 48.68442650333499 ], [ 7.814680218664122, 48.684427838136074 ], [ 7.814678245177589, 48.684472790673752 ], [ 7.814746109916352, 48.684474125436402 ], [ 7.814744136486052, 48.684519077974407 ], [ 7.814742163899873, 48.684564039486709 ], [ 7.814810028761613, 48.684565374212056 ], [ 7.814808055384072, 48.684610326749578 ], [ 7.814875920309071, 48.684611661436499 ], [ 7.81487394698776, 48.684656613974319 ], [ 7.814941811976017, 48.684657948622814 ], [ 7.814939838710941, 48.684702901160968 ], [ 7.815007690207787, 48.684704236332301 ], [ 7.815005730553611, 48.684749188309496 ], [ 7.815073582113702, 48.684750523442396 ], [ 7.815069650207347, 48.684840436933015 ], [ 7.815137515445095, 48.684841771467347 ], [ 7.815135542345246, 48.684886724005651 ], [ 7.81520340764625, 48.684888058501542 ], [ 7.815201434602636, 48.684933011040165 ], [ 7.815269286412173, 48.684934346058924 ], [ 7.815267327827214, 48.684979307011687 ], [ 7.815335178852304, 48.684980633016906 ], [ 7.815333220323604, 48.685025593969982 ], [ 7.815401071411925, 48.68502691993681 ], [ 7.815399112939481, 48.685071880890177 ], [ 7.815466964938768, 48.685073215793679 ], [ 7.815464992120081, 48.68511816833356 ], [ 7.815532857737385, 48.685119502637328 ], [ 7.815530884974934, 48.685164455177535 ], [ 7.815598750655495, 48.685165789442877 ], [ 7.815594819642154, 48.6852557029369 ], [ 7.815662671890888, 48.685257037726259 ], [ 7.815660699237434, 48.685301990266296 ], [ 7.815728565104236, 48.685303324455894 ], [ 7.815726592507016, 48.685348276996272 ], [ 7.815794458437074, 48.685349611147437 ], [ 7.815792485896092, 48.685394563688114 ], [ 7.815860351889408, 48.685395897800852 ], [ 7.815858379404662, 48.685440850341841 ], [ 7.815926245461233, 48.685442184416161 ], [ 7.815924273880547, 48.685487145932584 ], [ 7.815992125597692, 48.685488471554741 ], [ 7.815990167628116, 48.685533432510084 ], [ 7.816058020256339, 48.685534767068923 ], [ 7.816056061495182, 48.685579719049485 ], [ 7.816054089175672, 48.685624671590624 ], [ 7.816121955481744, 48.685626005550766 ], [ 7.81611998321847, 48.685670958092231 ], [ 7.8161878495878, 48.685672292013948 ], [ 7.816183906018127, 48.685762206071793 ], [ 7.816251772510437, 48.685763539956199 ], [ 7.81624980035617, 48.685808492497479 ], [ 7.816317666911734, 48.685809826343473 ], [ 7.816315694813706, 48.68585477888508 ], [ 7.816383561432528, 48.685856112692633 ], [ 7.816381590238644, 48.685901074209646 ], [ 7.816449442517849, 48.685902399565094 ], [ 7.816447484935185, 48.685947360521006 ], [ 7.816515337277624, 48.685948685838042 ], [ 7.816513379751222, 48.685993646794245 ], [ 7.816581233004842, 48.685994981047948 ], [ 7.816579261131753, 48.68603993359082 ], [ 7.816647128003624, 48.686041267244661 ], [ 7.816645156186778, 48.686086219787846 ], [ 7.816643198769441, 48.686131180743885 ], [ 7.816711051361296, 48.686132505946766 ], [ 7.816709094000224, 48.686177466903104 ], [ 7.816776947503292, 48.686178801042651 ], [ 7.816774989350503, 48.686223753024223 ], [ 7.81684284291682, 48.686225087125344 ], [ 7.816840871265218, 48.686270039668685 ], [ 7.816908738449843, 48.686271373169923 ], [ 7.816906766854483, 48.686316325713577 ], [ 7.816974634102369, 48.686317659176382 ], [ 7.816972662563246, 48.686362611720348 ], [ 7.817040529874393, 48.686363945144727 ], [ 7.817038559239544, 48.686408906664106 ], [ 7.817106425765912, 48.686410231074959 ], [ 7.817104455187317, 48.686455192594643 ], [ 7.817172321776933, 48.68645651696707 ], [ 7.817170351254591, 48.686501478487081 ], [ 7.817238205200399, 48.686502812357674 ], [ 7.817236247441364, 48.686547764341405 ], [ 7.81730410145042, 48.686549098173579 ], [ 7.817302143747637, 48.686594050157595 ], [ 7.817300173334329, 48.686639011677428 ], [ 7.817368040173411, 48.686640335935692 ], [ 7.81736409860774, 48.686730250000089 ], [ 7.817431966417886, 48.686731583196135 ], [ 7.817429995265509, 48.686776535740705 ], [ 7.817497863138914, 48.686777868898297 ], [ 7.817495892042783, 48.686822821443187 ], [ 7.817563759979445, 48.686824154562366 ], [ 7.817561789787686, 48.686869116082647 ], [ 7.817629643384261, 48.686870440749864 ], [ 7.817627686803972, 48.686915401708909 ], [ 7.817695541311936, 48.686916735312792 ], [ 7.817693583939757, 48.68696168729705 ], [ 7.81776143851097, 48.686963020862507 ], [ 7.817759481195046, 48.687007972847077 ], [ 7.81782733582951, 48.687009306374115 ], [ 7.817825365014578, 48.687054258920583 ], [ 7.817893233267547, 48.687055591847596 ], [ 7.817891262508862, 48.68710054439439 ], [ 7.817959130825087, 48.687101877282977 ], [ 7.81795716097085, 48.687146838805148 ], [ 7.81802502850213, 48.687148162680224 ], [ 7.818023058704149, 48.687193124202736 ], [ 7.818021088054479, 48.687238076749338 ], [ 7.818088956556951, 48.687239409562174 ], [ 7.818086985963528, 48.687284362109104 ], [ 7.818141521085917, 48.687285436397346 ], [ 7.818155209433465, 48.687277643061293 ], [ 7.818238062901213, 48.687230474605812 ], [ 7.818413464650473, 48.687155783544569 ], [ 7.818432577560869, 48.687147648274774 ], [ 7.81843416762382, 48.687111199105338 ], [ 7.818366299282793, 48.687109866493643 ], [ 7.818368268775239, 48.687064904963897 ], [ 7.81830040134575, 48.687063581288839 ], [ 7.818302370894449, 48.687018619759414 ], [ 7.818304341287947, 48.686973667204256 ], [ 7.818236473133165, 48.686972334516817 ], [ 7.818238443582904, 48.686927381961972 ], [ 7.81817057549138, 48.686926049236092 ], [ 7.818172545997363, 48.686881096681567 ], [ 7.818104677969097, 48.686879763917261 ], [ 7.818106647683099, 48.68683480238797 ], [ 7.818108618241855, 48.686789849832948 ], [ 7.818040750336575, 48.686788517031339 ], [ 7.818042720951574, 48.686743564476629 ], [ 7.817974853109548, 48.686742231636586 ], [ 7.817976823780793, 48.68669727908221 ], [ 7.817908956002028, 48.686695946203727 ], [ 7.81791092588132, 48.686650984674571 ], [ 7.817843059014004, 48.686649660732733 ], [ 7.817845028949555, 48.686604699203912 ], [ 7.817777175700623, 48.686603374662063 ], [ 7.817779132137289, 48.686558413695124 ], [ 7.817711278103437, 48.686557080139771 ], [ 7.817713235444523, 48.686512128148237 ], [ 7.817645381473918, 48.686510794554458 ], [ 7.817647338871252, 48.686465842563223 ], [ 7.817579484963894, 48.686464508931024 ], [ 7.817581455972582, 48.686419556378532 ], [ 7.817513588573375, 48.686418223269463 ], [ 7.817515559638299, 48.686373270717297 ], [ 7.817517516296569, 48.686328309750792 ], [ 7.817449662575417, 48.686326976042871 ], [ 7.817451633693111, 48.686282023490193 ], [ 7.817383766480147, 48.686280690305395 ], [ 7.817385737654084, 48.686235737753066 ], [ 7.817317870504375, 48.68623440452982 ], [ 7.817319841734554, 48.686189451977803 ], [ 7.8172519746481, 48.686188118716132 ], [ 7.817253945086459, 48.686143157189335 ], [ 7.817186078911326, 48.686141832864323 ], [ 7.817188049405936, 48.686096871337845 ], [ 7.81712018329405, 48.686095546974414 ], [ 7.81712215384491, 48.686050585448243 ], [ 7.81712412524034, 48.686005632896361 ], [ 7.817056258403383, 48.686004299520533 ], [ 7.81705822985505, 48.685959346968957 ], [ 7.816990363081353, 48.685958013554696 ], [ 7.816992333741247, 48.685913052028347 ], [ 7.816924467878822, 48.685911727550767 ], [ 7.816926438594965, 48.685866766024724 ], [ 7.816858586350742, 48.685865440947218 ], [ 7.816860543568183, 48.685820479982986 ], [ 7.816792690539214, 48.685819145891969 ], [ 7.816794648660895, 48.685774193903143 ], [ 7.816796620334049, 48.685729241352028 ], [ 7.816728753873102, 48.685727907785171 ], [ 7.816730724754531, 48.68568294625927 ], [ 7.816662859204805, 48.685681621629087 ], [ 7.816664830142484, 48.685636660103519 ], [ 7.816596977362964, 48.685635325898353 ], [ 7.816598935649934, 48.685590373909648 ], [ 7.816531082933659, 48.685589039666056 ], [ 7.81653304127688, 48.685544087677663 ], [ 7.816535013171515, 48.685499135127003 ], [ 7.816467147023322, 48.685497801407543 ], [ 7.816469118126279, 48.685452839882124 ], [ 7.816401266444109, 48.685451514537931 ], [ 7.816403224048465, 48.685406553574232 ], [ 7.816335371581636, 48.685405219216506 ], [ 7.816337330090145, 48.685360267228226 ], [ 7.816269477686559, 48.685358932832074 ], [ 7.816271436251316, 48.6853139808441 ], [ 7.816203583910979, 48.685312646409521 ], [ 7.816205556086788, 48.685267693860474 ], [ 7.816137690254894, 48.685266359948862 ], [ 7.81613966248694, 48.685221407400128 ], [ 7.816071796718301, 48.685220073450104 ], [ 7.816073768158742, 48.685175111926583 ], [ 7.816005903301198, 48.685173786913218 ], [ 7.816009847138938, 48.685083872841126 ], [ 7.815941981556535, 48.685082538815351 ], [ 7.815943953953816, 48.685037586266766 ], [ 7.815876088434665, 48.685036252202572 ], [ 7.815878060040384, 48.6849912906792 ], [ 7.815810195432293, 48.684989965551672 ], [ 7.815812167094256, 48.68494500402862 ], [ 7.815744302549415, 48.684943678862666 ], [ 7.815746274267625, 48.684898717339934 ], [ 7.81574824683014, 48.684853764791491 ], [ 7.815680381560484, 48.684852430613127 ], [ 7.815682354179235, 48.684807478065011 ], [ 7.815614488972836, 48.684806143848228 ], [ 7.815616460800066, 48.68476118232531 ], [ 7.815548596504678, 48.684759857045201 ], [ 7.815550568388156, 48.68471489552261 ], [ 7.815482704156008, 48.684713570204067 ], [ 7.815484676095737, 48.684668608681797 ], [ 7.815416824633768, 48.684667273788413 ], [ 7.815418783922806, 48.684622321802877 ], [ 7.815350932524086, 48.684620986871067 ], [ 7.815352891869368, 48.684576034885843 ], [ 7.81528504053389, 48.684574699915615 ], [ 7.815287013490036, 48.684529747369403 ], [ 7.81528897204041, 48.684484786408575 ], [ 7.815221120827888, 48.684483451401057 ], [ 7.815223080282198, 48.684438499415641 ], [ 7.81515522913292, 48.68443716436969 ], [ 7.815157188643476, 48.684392212384594 ], [ 7.815089337557443, 48.684390877300224 ], [ 7.815091297124242, 48.684345925315434 ], [ 7.81502344610145, 48.684344590192651 ], [ 7.815027378050997, 48.684254676686528 ], [ 7.814959527151157, 48.684253341526436 ], [ 7.814961486826984, 48.684208389541475 ], [ 7.814893635990393, 48.684207054342963 ], [ 7.814895609276986, 48.684162101797057 ], [ 7.814827744949115, 48.684160767121384 ], [ 7.814829718291942, 48.684115814575804 ], [ 7.814761854027328, 48.684114479861684 ], [ 7.814763826578792, 48.68406951834131 ], [ 7.814695963225025, 48.684068192563878 ], [ 7.814697935832736, 48.684023231043824 ], [ 7.81463007254221, 48.684021905227972 ], [ 7.814632045206167, 48.683976943708231 ], [ 7.814564181131328, 48.683975608878832 ], [ 7.814566154699082, 48.683930656334532 ], [ 7.814498290687503, 48.683929321466714 ], [ 7.814500264311487, 48.683884368922719 ], [ 7.814432413917618, 48.683883033455267 ], [ 7.814434374043378, 48.683838081472793 ], [ 7.814366523712755, 48.683836745966929 ], [ 7.81437045678021, 48.683746832465509 ], [ 7.814302606572538, 48.683745496922356 ], [ 7.814304566807317, 48.68370054493969 ], [ 7.814236716662888, 48.683699209358117 ], [ 7.814238676953911, 48.683654257375757 ], [ 7.814170826872722, 48.683652921755773 ], [ 7.814172787219989, 48.683607969773746 ], [ 7.814104937202049, 48.683606634115321 ], [ 7.814106896758084, 48.683561673158479 ], [ 7.814039047650856, 48.683560346436764 ], [ 7.814041020817509, 48.68351538491909 ], [ 7.813973157371707, 48.683514049744986 ], [ 7.813975131442045, 48.683469097202739 ], [ 7.813907268059499, 48.683467761990201 ], [ 7.813909242186067, 48.683422809448295 ], [ 7.813841378866772, 48.683421474197338 ], [ 7.813843353049571, 48.683376521655738 ], [ 7.813775489793533, 48.683375186366334 ], [ 7.813777464032559, 48.683330233825075 ], [ 7.813709614394094, 48.683328897936143 ], [ 7.813711574287638, 48.683283936981169 ], [ 7.813643725559814, 48.68328261002894 ], [ 7.813645685509609, 48.683237649074307 ], [ 7.813577835997644, 48.68323631310853 ], [ 7.813579796851062, 48.683191361129303 ], [ 7.813511947402342, 48.683190025125121 ], [ 7.813513921866271, 48.683145072585127 ], [ 7.813446058926522, 48.683143737103606 ], [ 7.813448033446678, 48.683098784563931 ], [ 7.813380170570186, 48.683097449043984 ], [ 7.813382145146568, 48.683052496504622 ], [ 7.813314282333333, 48.683051160946263 ], [ 7.813316256118622, 48.683006199432107 ], [ 7.813248394215964, 48.683004872810429 ], [ 7.813250368057492, 48.682959911296606 ], [ 7.813182505370779, 48.682958575661374 ], [ 7.813184480115844, 48.682913623122985 ], [ 7.8131166310466, 48.682912286888289 ], [ 7.813048769273966, 48.682910960150217 ], [ 7.813050743287675, 48.682865998638142 ], [ 7.812982880731028, 48.682864662886523 ], [ 7.812984855648235, 48.682819710349911 ], [ 7.812916993154842, 48.682818374559851 ], [ 7.812918968128276, 48.682773422023558 ], [ 7.812851105698135, 48.682772086195072 ], [ 7.812783256825729, 48.682770749766036 ], [ 7.812785231915079, 48.682725797231186 ], [ 7.812717369551749, 48.682724461324732 ], [ 7.812719344697329, 48.682679508790201 ], [ 7.812651482397253, 48.682678172845328 ], [ 7.81265345675186, 48.68263321133599 ], [ 7.812585595362239, 48.682631884327826 ], [ 7.812587569773081, 48.6825869228188 ], [ 7.8125197084467, 48.682585595772196 ], [ 7.812521682913784, 48.682540634263518 ], [ 7.812453820803484, 48.682539298203352 ], [ 7.81238597309801, 48.682537970517807 ], [ 7.81238794768103, 48.682493009010564 ], [ 7.812320085637543, 48.682491672872423 ], [ 7.812322061123936, 48.682446720340643 ], [ 7.812254199143701, 48.68244538416409 ], [ 7.812256174686323, 48.682400431632622 ], [ 7.812188312769343, 48.682399095417644 ], [ 7.812190288368189, 48.682354142886481 ], [ 7.812122426514464, 48.682352806633077 ], [ 7.81212440132243, 48.68230784512712 ], [ 7.812056540379064, 48.682306517810424 ], [ 7.812058515243267, 48.682261556304773 ], [ 7.811990667917193, 48.682260228388756 ], [ 7.811992629283582, 48.682215267444342 ], [ 7.811924781173679, 48.682213930514749 ], [ 7.811926743443376, 48.682168978545789 ], [ 7.811858895396713, 48.682167641577784 ], [ 7.811860857722644, 48.682122689609137 ], [ 7.811793009739228, 48.682121352602721 ], [ 7.811786589374457, 48.682121230849646 ], [ 7.811792481862164, 48.682133348993631 ], [ 7.811808687912209, 48.682166655797296 ], [ 7.811824068897088, 48.68219828480521 ], [ 7.811884852142859, 48.682280618454875 ], [ 7.81204159018474, 48.682491385959565 ], [ 7.812103263637198, 48.682569159557879 ] ] ] ] } }
]
}
